code,nombre,name
03000000,"Productos de la agricultura, ganadería, pesca, silvicultura y productos afines.","Agricultural, farming, fishing, forestry and related products."
03100000,Productos de la agricultura y horticultura.,Agricultural and horticultural products.
03110000,"Cultivos, productos comerciales de jardinería y horticultura.","Crops, products of market gardening and horticulture."
03111000,Semillas,Seeds.
03111100,Soja.,Soya beans.
03111200,Cacahuetes.,Peanuts.
03111300,Semillas de girasol.,Sunflower seeds.
03111400,Semillas de algodón.,Cotton seeds.
03111500,Semillas de sésamo.,Sesame seeds.
03111600,Semillas de mostaza.,Mustard seeds.
03111700,Semillas de hortalizas.,Vegetable seeds.
03111800,Semillas de frutos.,Fruit seeds.
03111900,Semillas de flores.,Flower seeds.
03112000,Tabaco sin elaborar.,Unmanufactured tobacco.
03113000,Plantas utilizadas para la fabricación de azúcar.,Plants used for sugar manufacturing.
03113100,Remolacha azucarera.,Sugar beet.
03113200,Caña de azúcar.,Sugar cane.
03114000,Paja y plantas forrajeras.,Straw and forage.
03114100,Paja.,Straw.
03114200,Plantas forrajeras.,Forage.
03115000,Materias vegetales en bruto.,Raw vegetable materials.
03115100,Materias vegetales en bruto utilizadas en la fabricación de textiles.,Raw vegetable materials used in textile production.
03115110,Algodón.,Cotton.
03115120,Yute.,Jute.
03115130,Lino.,Flax.
03116000,Caucho y látex naturales y productos afines.,Natural rubber and latex and associated products.
03116100,Caucho natural.,Natural rubber.
03116200,Látex natural.,Natural latex.
03116300,Productos de látex.,Latex products.
03117000,Plantas utilizadas para usos específicos.,Plants used in specific fields.
03117100,"Plantas utilizadas en perfumería o farmacia, o en la elaboración de insecticidas o con fines análogos.","Plants used in perfumery or pharmacy, or for insecticidal or similar purposes."
03117110,Plantas utilizadas en perfumería.,Plants used in perfumery.
03117120,Plantas utilizadas en farmacia.,Plants used in pharmacy.
03117130,Plantas utilizadas en la elaboración de insecticidas.,Plants used for insecticidal purposes.
03117140,Plantas utilizadas en la elaboración de pesticidas o fungicidas o con fines análogos.,Plants used for fungicidal or similar purposes.
03117200,Semillas de plantas utilizadas para usos específicos.,Seeds of plants used in specific fields.
03120000,Productos de horticultura y viveros.,Horticultural and nursery products.
03121000,Productos de horticultura.,Horticultural products.
03121100,"Plantas vivas, bulbos, raíces y esquejes.","Live plants, bulbs, roots, cuttings and slips."
03121200,Flores cortadas.,Cut flowers.
03121210,Arreglos florales.,Floral arrangements.
03130000,Cultivos de especias y de plantas para bebidas.,Beverage and spice crops.
03131000,Cultivos de plantas para bebidas.,Beverage crops.
03131100,Café en grano.,Coffee beans.
03131200,Plantas de té.,Tea bushes.
03131300,Mate.,Maté.
03131400,Cacao en grano.,Cocoa beans.
03132000,Especias no manufacturadas.,Unprocessed spices.
03140000,Productos de origen animal y productos afines.,Animal products and related products.
03141000,Semen de toro.,Bulls’ semen.
03142000,Productos de origen animal.,Animal products.
03142100,Miel natural.,Natural honey.
03142200,Caracoles.,Snails.
03142300,Productos comestibles de origen animal.,Edible products of animal origin.
03142400,Ceras.,Waxes.
03142500,Huevos.,Eggs.
03143000,Productos de cultivo mixto.,Products of mixed farming.
03144000,Productos para la agricultura.,Agricultural supplies.
03200000,"Cereales, patatas, hortalizas, frutas y frutos de cáscara.","Cereals, potatoes, vegetables, fruits and nuts."
03210000,Cereales y patatas.,Cereals and potatoes.
03211000,Cereales.,Cereals.
03211100,Trigo.,Wheat.
03211110,Trigo duro.,Durum wheat.
03211120,Trigo blando.,Soft wheat.
03211200,Maíz.,Maize.
03211300,Arroz.,Rice.
03211400,Cebada.,Barley.
03211500,Centeno.,Rye.
03211600,Avena.,Oats.
03211700,Malta.,Malt.
03211900,Productos de granos.,Grain products.
03212000,Patatas y legumbres secas.,Potatoes and dried vegetables.
03212100,Patatas.,Potatoes.
03212200,Legumbres y hortalizas leguminosas secas.,Dried leguminous vegetables and pulses.
03212210,Leguminosas secas.,Dried leguminous vegetables.
03212211,Lentejas.,Lentils.
03212212,Garbanzos.,Chick peas.
03212213,Guisantes secos.,Dried peas.
03212220,Legumbres.,Pulses.
03220000,"Hortalizas, frutas y frutos de cáscara.","Vegetables, fruits and nuts."
03221000,Hortalizas.,Vegetables.
03221100,Hortalizas de raíz y tubérculo.,Root and tuber vegetables.
03221110,Hortalizas de raíz.,Root vegetables.
03221111,Remolachas.,Beetroot.
03221112,Zanahorias.,Carrots.
03221113,Cebollas.,Onions.
03221114,Nabos.,Turnips.
03221120,Hortalizas de tubérculo.,Tuber vegetables.
03221200,Frutos hortícolas.,Fruit vegetables.
03221210,Judías.,Beans.
03221211,Habas.,Broad beans.
03221212,Judías verdes.,Green beans.
03221213,Judías pintas.,Runner beans.
03221220,Guisantes.,Peas.
03221221,Guisantes de huerta.,Garden peas.
03221222,Guisantes mollares.,Mange-tout.
03221230,Pimientos.,Peppers.
03221240,Tomates.,Tomatoes.
03221250,Calabacines.,Courgettes.
03221260,Champiñones.,Mushrooms.
03221270,Pepinos.,Cucumbers.
03221300,Hortalizas de hoja.,Leaf vegetables.
03221310,Lechuga.,Lettuce.
03221320,Hojas para ensalada.,Salad leaves.
03221330,Alcachofas.,Artichokes.
03221340,Espinacas.,Spinach.
03221400,Coles.,Cabbage vegetables.
03221410,Repollos.,Cabbage.
03221420,Coliflores.,Cauliflower.
03221430,Brécoles.,Broccoli.
03221440,Coles de Bruselas.,Brussels sprouts.
03222000,Frutas y frutos de cáscara.,Fruit and nuts.
03222100,Frutas y frutos de cáscara tropicales.,Tropical fruit and nuts.
03222110,Frutas tropicales.,Tropical fruit.
03222111,Plátanos.,Bananas.
03222112,Piñas.,Pineapples.
03222113,Mangos.,Mangoes.
03222114,Dátiles.,Dates.
03222115,Pasas.,Raisins.
03222116,Higos.,Figs.
03222117,Aguacates.,Avocados.
03222118,Kiwis.,Kiwi fruit.
03222120,Cocos.,Coconuts.
03222200,Cítricos.,Citrus fruit.
03222210,Limones.,Lemons.
03222220,Naranjas.,Oranges.
03222230,Pomelos.,Grapefruit.
03222240,Naranjas tangerinas.,Tangerines.
03222250,Limas.,Limes.
03222300,Frutas no tropicales.,Non-tropical fruit.
03222310,Bayas.,Berry fruit.
03222311,Pasas de Corinto.,Currants.
03222312,Grosellas silvestres.,Gooseberries.
03222313,Fresas.,Strawberries.
03222314,Frambuesas.,Raspberries.
03222315,Arándanos.,Cranberries.
03222320,"Manzanas, peras y membrillos.","Apples, pears and quinces."
03222321,Manzanas.,Apples.
03222322,Peras.,Pears.
03222323,Membrillos.,Quinces.
03222330,Frutas de hueso.,Stone fruit.
03222331,Albaricoques.,Apricots.
03222332,Melocotones.,Peaches.
03222333,Cerezas.,Cherries.
03222334,Ciruelas.,Plums.
03222340,Uvas.,Grapes.
03222341,Uvas de mesa.,Table grapes.
03222342,Uvas de vino.,Wine grapes.
03222400,Aceitunas.,Olives.
03300000,"Productos de la ganadería, la caza y la pesca.","Farming, hunting and fishing products."
03310000,"Pescado, crustáceos y productos acuáticos.","Fish, crustaceans and aquatic products."
03311000,Pescado.,Fish.
03311100,Pescado plano.,Flat fish.
03311110,Lenguado.,Sole.
03311120,Solla.,Plaice.
03311200,Pescados de la familia del bacalao.,Fish of the cod family.
03311210,Bacalao.,Cod.
03311220,Abadejo.,Pollock.
03311230,Merluza.,Hake.
03311240,Eglefino.,Haddock.
03311300,Arenque.,Herring.
03311400,Atún.,Tuna.
03311500,Merlán.,Whiting.
03311600,Morralla.,Whitebait.
03311700,Salmón.,Salmon.
03312000,Crustáceos.,Crustaceans.
03312100,Ostras.,Oysters.
03312200,Moluscos.,Shellfish.
03312300,Invertebrados acuáticos.,Aquatic invertebrates.
03313000,Productos acuáticos.,Aquatic products.
03313100,Corales o productos similares.,Corals or similar products.
03313200,Esponjas naturales.,Natural sponges.
03313300,Algas marinas.,Seaweeds.
03313310,Algas.,Algae.
03320000,Ganado y animales pequeños.,"Cattle, livestock and small animals."
03321000,Ganado bovino.,Cattle.
03321100,Bovinos adultos.,Bovine cattle.
03321200,Terneros.,Calves.
03322000,Ganado no bovino.,Livestock.
03322100,Ovejas.,Sheep.
03322200,Cabras.,Goats.
03322300,Caballos.,Horses.
03323000,Cerdos.,Pigs.
03324000,Aves de corral vivas.,Live poultry.
03325000,Animales pequeños.,Small animals.
03325100,Conejos.,Rabbits.
03325200,Liebres.,Hares.
03330000,Productos de animales de granja.,Farm animal products.
03331000,Leche fresca de oveja y de cabra.,Fresh milk from sheep and goats.
03331100,Leche de oveja.,Sheep’s milk.
03331200,Leche de cabra.,Goats’ milk.
03332000,Lana y pelo de animales.,Wool and animal hair.
03332100,Lana de esquila.,Shorn wool.
03332200,Pelo de animal.,Animal hair.
03333000,Leche fresca de vaca.,Fresh cows’ milk.
03340000,Marcas auriculares para animales.,Animal ear tags.
03341000,Marcas auriculares para ganado bovino.,Bovine ear tags.
03400000,Productos de la silvicultura y de la explotación forestal.,Forestry and logging products.
03410000,Madera.,Wood.
03411000,Madera de coníferas.,Coniferous wood.
03412000,Madera de especies tropicales.,Tropical wood.
03413000,Madera para calefacción.,Fuel wood.
03414000,Madera en bruto.,Rough wood.
03415000,Madera blanda.,Softwood.
03416000,Residuos de madera.,Wood waste.
03417000,Madera de desecho.,Scrap wood.
03417100,Serrín.,Sawdust.
03418000,Troncos.,Logs.
03418100,Madera dura.,Hardwood.
03419000,Madera de construcción.,Timber.
03419100,Productos de madera.,Timber products.
03419200,Madera de mina.,Mining timber.
03420000,Gomas.,Gums.
03421000,Bálsamos.,Balsams.
03422000,Laca.,Lac.
03430000,Corcho.,Cork.
03431000,Corcho natural.,Natural cork.
03432000,Artículos de cestería.,Basketware.
03432100,Artículos de espartería.,Wickerwork.
03440000,Productos de la silvicultura.,Forestry products.
03441000,"Plantas, hierbas, musgos o líquenes para uso ornamental.","Ornamental plants, grasses, mosses or lichens."
03450000,Productos de vivero.,Tree-nursery products.
03451000,Plantas.,Plants.
03451100,Plantas para trasplantar.,Bedding plants.
03451200,Bulbos florales.,Flower bulbs.
03451300,Arbustos.,Shrubs.
03452000,Árboles.,Trees.
03460000,Pasta de celulosa.,Pulp.
03461000,Pasta de madera.,Wood pulp.
03461100,Pasta química de madera.,Chemical wood pulp.
09000000,"Derivados del petróleo, combustibles, electricidad y otras fuentes de energía.","Petroleum products, fuel, electricity and other sources of energy."
09100000,Combustibles.,Fuels.
09110000,Combustibles sólidos.,Solid fuels.
09111000,Carbón y combustibles derivados del carbón.,Coal and coal-based fuels.
09111100,Carbón.,Coal.
09111200,Combustibles derivados del carbón.,Coal-based fuels.
09111210,Antracita.,Hard coal.
09111220,Briquetas.,Briquettes.
09111300,Combustibles fósiles.,Fossil fuels.
09111400,Combustibles de madera.,Wood fuels.
09112000,Lignito y turba.,Lignite and peat.
09112100,Lignito.,Lignite.
09112200,Turba.,Peat.
09113000,Coque.,Coke.
09120000,Combustibles gaseosos.,Gaseous fuels.
09121000,"Gas de hulla, gas de red o gases similares.","Coal gas, mains gas or similar gases."
09121100,Gas de hulla o gases similares.,Coal gas or similar gases.
09121200,Gas de red.,Mains gas.
09122000,Propano y butano.,Propane and butane.
09122100,Gas propano.,Propane gas.
09122110,Gas propano licuado.,Liquefied propane gas.
09122200,Gas butano.,Butane gas.
09122210,Gas butano licuado.,Liquefied butane gas.
09123000,Gas natural.,Natural gas.
09130000,Petróleo y destilados.,Petroleum and distillates.
09131000,Queroseno de aviación.,Aviation kerosene.
09131100,Combustibles tipo queroseno para reactores.,Kerosene jet type fuels.
09132000,Gasolina.,Petrol.
09132100,Gasolina sin plomo.,Unleaded petrol.
09132200,Gasolina con plomo.,Leaded petrol.
09132300,Gasolina con etanol.,Petrol with ethanol.
09133000,Gas licuado del petróleo (GLP).,Liquefied Petroleum Gas (LPG).
09134000,Gasóleos.,Gas oils.
09134100,Gasoil.,Diesel oil.
09134200,Combustible para motores diésel.,Diesel fuel.
09134210,Combustible para motores diésel (0.2).,Diesel fuel (0.2).
09134220,Combustible para motores diésel (EN 590).,Diesel fuel (EN 590).
09134230,Biodiésel.,Biodiesel.
09134231,Biodiésel (B20).,Biodiesel (B20).
09134232,Biodiésel (B100).,Biodiesel (B100).
09135000,Aceites combustibles.,Fuel oils.
09135100,Petróleo para calefacción.,Heating oil.
09135110,Aceites combustibles con bajo contenido de azufre.,Low-sulphur combustible oils.
09200000,"Productos del petróleo, del carbón y de aceites minerales.","Petroleum, coal and oil products."
09210000,Preparados lubricantes.,Lubricating preparations.
09211000,Aceites lubricantes y agentes lubricantes.,Lubricating oils and lubricating agents.
09211100,Aceites para motores.,Motor oils.
09211200,Aceites para compresores.,Compressor lube oils.
09211300,Aceites para turbinas.,Turbine lube oils.
09211400,Aceites para engranajes.,Gear oils.
09211500,Aceites para reductores.,Reductor oils.
09211600,Aceites para sistemas hidráulicos y otros usos.,Oils for use in hydraulic systems and other purposes.
09211610,Líquidos para uso hidráulico.,Liquids for hydraulic purposes.
09211620,Aceites de desmoldado.,Mould release oils.
09211630,Aceites anticorrosión.,Anti-corrosion oils.
09211640,Aceites para aislamiento eléctrico.,Electrical insulating oils.
09211650,Líquidos de frenos.,Brake fluids.
09211700,Aceites blancos y parafinas líquidas.,White oils and liquid paraffin.
09211710,Aceites blancos.,White oils.
09211720,Parafinas líquidas.,Liquid paraffin.
09211800,Aceites de petróleo y preparados.,Petroleum oils and preparations.
09211810,Aceites ligeros.,Light oils.
09211820,Aceites de petróleo.,Petroleum oils.
09211900,Aceites lubricantes para motores de tracción.,Lubricating traction oils.
09220000,"Vaselina, ceras del petróleo y gasolinas especiales.","Petroleum jelly, waxes and special spirits."
09221000,Vaselina y ceras de petróleo.,Petroleum jelly and waxes.
09221100,Vaselina.,Petroleum jelly.
09221200,Parafina.,Paraffin wax.
09221300,Cera de petróleo.,Petroleum wax.
09221400,Residuos de petróleo.,Petroleum residues.
09222000,Gasolinas especiales.,Special spirits.
09222100,Trementina mineral.,White spirit.
09230000,Petróleo (crudo).,Petroleum (crude).
09240000,Productos derivados del carbón o de aceites minerales.,Oil and Coal-related products.
09241000,Esquistos bituminosos o petrolíferos.,Bituminous or oil shale.
09242000,Productos derivados del carbón.,Coal-related products.
09242100,Aceite de alquitrán.,Coal oil.
09300000,"Electricidad, calefacción, energías solar y nuclear.","Electricity, heating, solar and nuclear energy."
09310000,Electricidad.,Electricity.
09320000,"Vapor, agua caliente y productos afines.","Steam, hot water and associated products."
09321000,Agua caliente.,Hot water.
09322000,Vapor.,Steam.
09323000,Calefacción urbana.,District heating.
09324000,Calefacción a larga distancia.,Long-distance heating.
09330000,Energía solar.,Solar energy.
09331000,Placas solares.,Solar panels.
09331100,Captadores solares para la producción de calor.,Solar collectors for heat production.
09331200,Módulos solares fotovoltaicos.,Solar photovoltaic modules.
09332000,Instalación solar.,Solar installation.
09340000,Combustibles nucleares.,Nuclear fuels.
09341000,Uranio.,Uranium.
09342000,Plutonio.,Plutonium.
09343000,Materiales radiactivos.,Radioactive materials.
09344000,Radioisótopos.,Radio-isotopes.
14000000,"Productos de la minería, de metales de base y productos afines.","Mining, basic metals and related products."
14200000,Arena y arcilla.,Sand and clay.
14210000,"Grava, arena, piedras machacadas y agregados.","Gravel, sand, crushed stone and aggregates."
14211000,Arena.,Sand.
14211100,Arena natural.,Natural sand.
14212000,"Gránulos, gravilla, polvo de piedra, guijarros, grava, piedras partidas y machacadas, mezclas de piedra, mezclas arena-grava y demás agregados.","Granules, chippings, stone powder, pebbles, gravel, broken and crushed stone, stone mixtures, sand-gravel mixtures and other aggregates."
14212100,Guijarros y grava.,Pebbles and gravel.
14212110,Grava.,Pebbles.
14212120,Guijarros.,Gravel.
14212200,Agregados.,Aggregates.
14212210,Mezcla arena-grava.,Sand-gravel mix.
14212300,Piedra partida y machacada.,Broken and crushed stone.
14212310,Balasto.,Ballast.
14212320,Granito machacado.,Crushed granite.
14212330,Basalto machacado.,Crushed basalt.
14212400,Suelo.,Soil.
14212410,Tierra vegetal.,Topsoil.
14212420,Subsuelo.,Subsoil.
14212430,Gravilla.,Stone chippings.
14213000,"Macadán, macadán bituminoso y arenas bituminosas.","Macadam, tarmac and tar sands."
14213100,Macadán.,Macadam.
14213200,Macadán bituminoso.,Tarmac.
14213300,Arenas bituminosas.,Tar sands.
14220000,Arcilla y caolín.,Clay and kaolin.
14221000,Arcilla.,Clay.
14222000,Caolín.,Kaolin.
14300000,Minerales químicos y abonos minerales.,Chemical and fertiliser minerals.
14310000,Abonos minerales.,Fertiliser minerals.
14311000,"Calcio natural, fosfato aluminocálcico y sales de potasio natural en bruto.","Natural calcium, aluminium calcium phosphate and crude natural potassium salts."
14311100,Calcio natural.,Natural calcium.
14311200,Fosfatos aluminocálcicos.,Aluminium calcium phosphates.
14311300,Sales de potasio natural en bruto.,Crude natural potassium salts.
14312000,Piritas de hierro.,Iron pyrites.
14312100,Piritas de hierro sin tostar.,Unroasted iron pyrites.
14320000,Minerales químicos.,Chemical minerals.
14400000,Sal y cloruro de sodio puro.,Salt and pure sodium chloride.
14410000,Sal gema.,Rock salt.
14420000,Sal marina.,Sea salt.
14430000,Sal evaporada y cloruro de sodio puro.,Evaporated salt and pure sodium chloride.
14450000,Salmuera.,Salt in brine.
14500000,Productos relacionados con la explotación de minas y canteras.,Related mining and quarrying products.
14520000,Piedras preciosas y semipreciosas; piedra pómez; esmeril; abrasivos naturales; otros minerales y metales preciosos.,Precious and semi-precious stones; pumice stone; emery; natural abrasives; other minerals and precious metals.
14521000,Piedras preciosas y semipreciosas.,Precious and semi-precious stones.
14521100,Piedras preciosas.,Precious stones.
14521140,Polvillo o polvo de piedras preciosas.,Dust or powder of precious stones.
14521200,Piedras semipreciosas.,Semi-precious stones.
14521210,Polvillo o polvo de piedras semipreciosas.,Dust or powder of semi-precious stones.
14522000,Diamantes industriales; piedra pómez; esmeril; y otros abrasivos naturales.,Industrial diamonds; pumice stone; emery and other natural abrasives.
14522100,Piedra pómez.,Pumice stone.
14522200,Diamantes industriales.,Industrial diamonds.
14522300,Esmeril.,Emery.
14522400,Abrasivos naturales.,Natural abrasives.
14523000,"Minerales conexos, metales preciosos y productos afines.","Related minerals, precious metals and associated products."
14523100,Minerales.,Minerals.
14523200,Oro.,Gold.
14523300,Plata.,Silver.
14523400,Platino.,Platinum.
14600000,Minerales metálicos y aleaciones.,Metal ores and alloys.
14610000,Minerales metálicos.,Metal ores.
14611000,Minerales de hierro.,Iron ores.
14612000,Minerales metálicos no ferrosos.,Non-ferrous metal ores.
14612100,Minerales de cobre.,Copper ores.
14612200,Minerales de níquel.,Nickel ores.
14612300,Minerales de aluminio.,Aluminium ores.
14612400,Minerales de metales preciosos.,Precious-metal ores.
14612500,Minerales de plomo.,Lead ores.
14612600,Minerales de cinc.,Zinc ores.
14612700,Minerales de estaño.,Tin ores.
14613000,Minerales de uranio y torio.,Uranium and thorium ores.
14613100,Minerales de uranio.,Uranium ores.
14613200,Minerales de torio.,Thorium ores.
14614000,Minerales diversos.,Miscellaneous ores.
14620000,Aleaciones.,Alloys.
14621000,Ferroaleaciones.,Ferro-alloys.
14621100,Ferroaleaciones distintas de las de la CECA.,Non-ECSC ferro-alloys.
14621110,Ferromanganeso.,Ferro-manganese.
14621120,Ferrocromo.,Ferro-chromium.
14621130,Ferroníquel.,Ferro-nickel.
14622000,Acero.,Steel.
14630000,"Escoria y batiduras, desperdicios y desechos ferrosos.","Slag, dross, ferrous waste and scrap."
14700000,Metales comunes.,Basic metals.
14710000,"Hierro, plomo, zinc, estaño y cobre.","Iron, lead, zinc, tin and copper."
14711000,Hierro.,Iron.
14711100,Fundición en bruto.,Pig iron.
14712000,Plomo.,Lead.
14713000,Zinc.,Zinc.
14714000,Estaño.,Tin.
14715000,Cobre.,Copper.
14720000,"Aluminio, níquel, escandio, titanio y vanadio.","Aluminium, nickel, scandium, titanium and vanadium."
14721000,Aluminio.,Aluminium.
14721100,Óxido de aluminio.,Aluminium oxide.
14722000,Níquel.,Nickel.
14723000,Escandio.,Scandium.
14724000,Titanio.,Titanium.
14725000,Vanadio.,Vanadium.
14730000,"Cromo, manganeso, cobalto, itrio y circonio.","Chromium, manganese, cobalt, yttrium and zirconium."
14731000,Cromo.,Chromium.
14732000,Manganeso.,Manganese.
14733000,Cobalto.,Cobalt.
14734000,Itrio.,Yttrium.
14735000,Circonio.,Zirconium.
14740000,"Molibdeno, tecnecio, rutenio y rodio.","Molybdenum, technetium, ruthenium and rhodium."
14741000,Molibdeno.,Molybdenum.
14742000,Tecnecio.,Technetium.
14743000,Rutenio.,Ruthenium.
14744000,Rodio.,Rhodium.
14750000,"Cadmio, lutecio, hafnio, tantalio y wolframio.","Cadmium, lutetium, hafnium, tantalum and tungsten."
14751000,Cadmio.,Cadmium.
14752000,Lutecio.,Lutetium.
14753000,Hafnio.,Hafnium.
14754000,Tantalio.,Tantalum.
14755000,Wolframio.,Tungsten.
14760000,"Iridio, galio, indio, talio y bario.","Iridium, gallium, indium, thallium and barium."
14761000,Iridio.,Iridium.
14762000,Galio.,Gallium.
14763000,Indio.,Indium.
14764000,Talio.,Thallium.
14765000,Bario.,Barium.
14770000,"Cesio, estroncio, rubidio y calcio.","Caesium, strontium, rubidium and calcium."
14771000,Cesio.,Caesium.
14772000,Estroncio.,Strontium.
14773000,Rubidio.,Rubidium.
14774000,Calcio.,Calcium.
14780000,"Potasio, magnesio, sodio y litio.","Potassium, magnesium, sodium and lithium."
14781000,Potasio.,Potassium.
14782000,Magnesio.,Magnesium.
14783000,Sodio.,Sodium.
14784000,Litio.,Lithium.
14790000,"Niobio, osmio, renio y paladio.","Niobium, osmium, rhenium and palladium."
14791000,Niobio.,Niobium.
14792000,Osmio.,Osmium.
14793000,Renio.,Rhenium.
14794000,Paladio.,Palladium.
14800000,Productos minerales no metálicos diversos.,Miscellaneous non-metallic mineral products.
14810000,Productos abrasivos.,Abrasive products.
14811000,"Muelas, piedras y ruedas de amolar.","Millstones, grindstones and grinding wheels."
14811100,Muelas.,Millstones.
14811200,Piedras de amolar.,Grindstones.
14811300,Ruedas de amolar.,Grinding wheels.
14812000,Abrasivos en polvo o en grano.,Abrasive powder or grain.
14813000,Corindón artificial.,Artificial corundum.
14814000,Grafito artificial.,Artificial graphite.
14820000,Vidrio.,
14830000,Fibras de vidrio.,
14900000,Materias primas secundarias de recuperación.,Recovered secondary raw materials.
14910000,Materias primas metálicas secundarias de recuperación.,Recovered secondary metal raw materials.
14920000,Materias primas no metálicas secundarias de recuperación.,Recovered secondary non-metal raw materials.
14930000,Cenizas y residuos que contengan metales.,
15000000,"Alimentos, bebidas, tabaco y productos afines.","Food, beverages, tobacco and related products."
15100000,"Productos de origen animal, carne y productos cárnicos.","Animal products, meat and meat products."
15110000,Carne.,Meat.
15111000,Carne de bovino.,Bovine meat.
15111100,Carne de vaca.,Beef.
15111200,Carne de ternera.,Veal.
15112000,Aves de corral.,Poultry.
15112100,Aves de corral frescas.,Fresh poultry.
15112110,Gansos.,Geese.
15112120,Pavos.,Turkeys.
15112130,Pollos.,Chickens.
15112140,Patos.,Ducks.
15112300,Hígados de aves de corral.,Poultry livers.
15112310,Foie gras.,Foie gras.
15113000,Carne de cerdo.,Pork.
15114000,Despojos.,Offal.
15115000,Cordero y carnero.,Lamb and mutton.
15115100,Cordero.,Lamb.
15115200,Carnero.,Mutton.
15117000,Carne de cabra.,Goat meat.
15118000,"Carne de caballo, asno, mulo o burdégano.","Horse, ass, mule or hinny meat."
15118100,Carne de caballo.,Horsemeat.
15118900,"Carne de asno, mulo o burdégano.","Ass, mule or hinny meat."
15119000,Carnes diversas.,Various meats.
15119100,Carne de conejo.,Rabbit meat.
15119200,Carne de liebre.,Hare meat.
15119300,Caza.,Game.
15119400,Ancas de rana.,Frogs’ legs.
15119500,Palomas.,Pigeons.
15119600,Carne de pescado.,Fish meat.
15130000,Productos cárnicos.,Meat products.
15131000,Conservas y preparaciones cárnicas.,Meat preserves and preparations.
15131100,Productos a base de carne para embutidos.,Sausage-meat products.
15131110,Carne para embutidos.,Sausage meat.
15131120,Productos de charcutería.,Sausage products.
15131130,Embutidos.,Sausages.
15131134,Morcillas y otros embutidos de sangre.,Black pudding and other blood sausages.
15131135,Embutidos de carne de ave.,Poultry sausages.
15131200,"Carne seca, salada, ahumada o condimentada.","Dried, salted, smoked or seasoned meat."
15131210,Jamón ahumado.,Gammon.
15131220,Beicon.,Bacon.
15131230,Salami.,Salami.
15131300,Preparaciones a base de hígado.,Liver preparations.
15131310,Paté.,Pâté.
15131320,Preparaciones a base de hígado de ganso o de pato.,Preparations of goose or duck liver.
15131400,Productos a base de carne de cerdo.,Pork products.
15131410,Jamón.,Ham.
15131420,Albóndigas.,Meatballs.
15131490,Platos preparados con carne de cerdo.,Prepared pork dishes.
15131500,Productos de volatería.,Poultry products.
15131600,Productos a base de carne de vaca y de ternera.,Beef and veal products.
15131610,Albóndigas de carne de vaca.,Beef meatballs.
15131620,Carne picada de vaca.,Minced beef.
15131640,Hamburguesas de carne de vaca.,Beefburgers.
15131700,Preparaciones a base de carne.,Meat preparations.
15200000,Pescado preparado y en conserva.,Prepared and preserved fish.
15210000,"Filetes de pescado, hígados y huevas de pescado.","Fish fillets, fish livers and roe."
15211000,Filetes de pescado.,Fish fillets.
15211100,Filetes de pescado fresco.,Fresh fish fillets.
15212000,Huevas.,Fish roe.
15213000,Hígados de pescado.,Fish livers.
15220000,"Pescado, filetes de pescado y otros tipos de carne de pescado congelados.","Frozen fish, fish fillets and other fish meat."
15221000,Pescado congelado.,Frozen fish.
15229000,Productos congelados de pescados.,Frozen fish products.
15230000,Pescado seco o salado; en salmuera; ahumado.,Dried or salted fish; fish in brine; smoked fish.
15231000,Pescado seco.,Dried fish.
15232000,Pescado salado.,Salted fish.
15233000,Pescado en salmuera.,Fish in brine.
15234000,Pescado ahumado.,Smoked fish.
15235000,Conservas de pescado.,Preserved fish.
15240000,Pescado en conserva o en lata y otros pescados preparados o en conserva.,Canned or tinned fish and other prepared or preserved fish.
15241000,"Pescado empanado, en conserva o en lata.","Coated, canned or tinned fish."
15241100,Salmón en conserva.,Canned salmon.
15241200,Arenques preparados o en conserva.,Prepared or preserved herring.
15241300,Sardinas.,Sardines.
15241400,Atún en conserva.,Canned tuna.
15241500,Caballa.,Mackerel.
15241600,Anchoas.,Anchovies.
15241700,Palitos de pescado.,Fish fingers.
15241800,Preparaciones a base de pescado empanado.,Coated fish preparations.
15242000,Platos de pescado preparados.,Prepared fish dishes.
15243000,Preparaciones a base de pescado.,Preparations of fish.
15244000,Caviar y huevos de peces.,Caviar and fish eggs.
15244100,Caviar.,Caviar.
15244200,Huevos de peces.,Fish eggs.
15250000,Mariscos.,Seafood.
15251000,Crustáceos congelados.,Frozen crustaceans.
15252000,Crustáceos preparados o en conserva.,Prepared or preserved crustaceans.
15253000,Productos a base de moluscos.,Shellfish products.
15300000,"Frutas, legumbres y hortalizas y productos conexos.","Fruit, vegetables and related products."
15310000,Patatas y productos a base de patatas.,Potatoes and potato products.
15311000,Patatas congeladas.,Frozen potatoes.
15311100,Patatas fritas.,Chips or french fries.
15311200,"Patatas en dados, en rodajas y otras, congeladas.","Diced, sliced and other frozen potatoes."
15312000,Productos a base de patatas.,Potato products.
15312100,Puré de patatas instantáneo.,Instant mashed potatoes.
15312200,Patatas prefritas.,Part-fried potato chips.
15312300,Hojuelas de patatas.,Potato crisps.
15312310,Hojuelas de patatas condimentadas.,Flavoured potato crisps.
15312400,Aperitivos a base de patatas.,Potato snacks.
15312500,Croquetas de patatas.,Potato croquettes.
15313000,Patatas elaboradas.,Processed potatoes.
15320000,Zumos de frutas y hortalizas.,Fruit and vegetable juices.
15321000,Zumos de frutas.,Fruit juices.
15321100,Zumo de naranja.,Orange juice.
15321200,Zumo de pomelo.,Grapefruit juice.
15321300,Zumo de limón.,Lemon juice.
15321400,Zumo de piña.,Pineapple juice.
15321500,Zumo de uva.,Grape juice.
15321600,Zumo de manzana.,Apple juice.
15321700,Mezclas de zumos no concentrados.,Mixtures of unconcentrated juices.
15321800,Zumos concentrados.,Concentrated juices.
15322000,Zumos de hortalizas.,Vegetable juices.
15322100,Zumo de tomate.,Tomato juice.
15330000,Frutas y hortalizas elaboradas.,Processed fruit and vegetables.
15331000,Legumbres y hortalizas elaboradas.,Processed vegetables.
15331100,Legumbres y hortalizas frescas o congeladas.,Fresh or frozen vegetables.
15331110,Hortalizas de raíz elaboradas.,Processed root vegetables.
15331120,Hortalizas de tubérculo elaboradas.,Processed tuber vegetables.
15331130,"Judías, guisantes, pimientos, tomates y las demás legumbres y hortalizas.","Beans, peas, peppers, tomatoes and other vegetables."
15331131,Judías elaboradas.,Processed beans.
15331132,Guisantes elaborados.,Processed peas.
15331133,Guisantes partidos.,Split peas.
15331134,Tomates elaborados.,Processed tomatoes.
15331135,Setas elaboradas.,Processed mushrooms.
15331136,Pimientos elaborados.,Processed peppers.
15331137,Brotes de soja.,Soybean sprouts.
15331138,Trufas.,Truffles.
15331140,Hortalizas de hoja y coles.,Leaf and cabbage vegetables.
15331142,Repollos elaborados.,Processed cabbage.
15331150,Legumbres elaboradas.,Processed pulses.
15331170,Legumbres y hortalizas congeladas.,Frozen vegetables.
15331400,Legumbres y hortalizas en conserva y/o enlatadas.,Preserved and/or canned vegetables.
15331410,Judías en salsa de tomate.,Beans in tomato sauce.
15331411,"Judías blancas cocidas, en salsa de tomate.",Baked beans.
15331420,Tomates en conserva.,Preserved tomatoes.
15331423,Tomates enlatados.,Canned tomatoes.
15331425,Puré de tomate.,Tomato purée.
15331427,Puré de tomate concentrado.,Concentrated tomato purée.
15331428,Salsa de tomate.,Tomato sauce.
15331430,Champiñones enlatados.,Canned mushrooms.
15331450,Aceitunas elaboradas.,Processed olives.
15331460,Legumbres y hortalizas enlatadas.,Canned vegetables.
15331461,Coles fermentadas enlatadas.,Canned sauerkraut.
15331462,Guisantes enlatados.,Canned peas.
15331463,Alubias desvainadas enlatadas.,Canned shelled beans.
15331464,Judías verdes enteras enlatadas.,Canned whole beans.
15331465,Espárragos enlatados.,Canned asparagus.
15331466,Aceitunas enlatadas.,Canned olives.
15331470,Maíz dulce.,Sweet corn.
15331480,Legumbres y hortalizas conservadas provisionalmente.,Provisionally preserved vegetables.
15331500,Hortalizas en vinagre.,Vegetables preserved in vinegar.
15332000,Frutas y frutos de cáscara elaborados.,Processed fruit and nuts.
15332100,Frutas elaboradas.,Processed fruit.
15332140,Manzanas elaboradas.,Processed apples.
15332150,Peras elaboradas.,Processed pears.
15332160,Plátanos elaborados.,Processed bananas.
15332170,Ruibarbo.,Rhubarb.
15332180,Melones.,Melons.
15332200,Compotas y mermeladas; jaleas de fruta; purés y pastas de fruta o de frutos de cáscara.,Jams and marmalades; fruit jellies; fruit or nut purée and pastes.
15332230,Mermeladas.,Marmalades.
15332231,Mermelada de naranja.,Orange marmalade.
15332232,Mermelada de limón.,Lemon marmalade.
15332240,Jaleas de fruta.,Fruit jellies.
15332250,Pastas de fruta.,Fruit pastes.
15332260,Pasta de frutos de cáscara.,Nut pastes.
15332261,Mantequilla de cacahuete.,Peanut butter.
15332270,Purés de fruta.,Fruit purées.
15332290,Compotas.,Jams.
15332291,Compota de albaricoque.,Apricot jam.
15332292,Compota de zarzamora.,Blackberry jam.
15332293,Compota de grosella negra «casis».,Blackcurrant jam.
15332294,Compota de cereza.,Cherry jam.
15332295,Compota de frambuesa.,Raspberry jam.
15332296,Compota de fresa.,Strawberry jam.
15332300,Frutos de cáscara elaborados.,Processed nuts.
15332310,Frutos de cáscara tostados o salados.,Roasted or salted nuts.
15332400,Conservas de fruta.,Preserved fruits.
15332410,Fruta seca.,Dried fruit.
15332411,Pasas de Corinto elaboradas.,Processed currants.
15332412,Pasas elaboradas.,Processed raisins.
15332419,Sultaninas.,Sultanas.
15333000,Subproductos de hortalizas.,Vegetable by-products.
15400000,Aceites y grasas animales o vegetales.,Animal or vegetable oils and fats.
15410000,Aceites y grasas animales o vegetales en bruto.,Crude animal or vegetable oils and fats.
15411000,Aceites animales o vegetales.,Animal or vegetable oils.
15411100,Aceites vegetales.,Vegetable oils.
15411110,Aceite de oliva.,Olive oil.
15411120,Aceite de sésamo.,Sesame oil.
15411130,Aceite de cacahuete.,Groundnut oil.
15411140,Aceite de coco.,Coconut oil.
15411200,Aceite de cocina.,Cooking oil.
15411210,Aceite para freír.,Frying oil.
15412000,Grasas.,Fats.
15412100,Grasas animales.,Animal fats.
15412200,Grasas vegetales.,Vegetable fats.
15413000,Residuos sólidos de grasas o aceites vegetales.,Solid residues of vegetable fats or oils.
15413100,Torta de oleaginosas.,Oilcake.
15420000,Aceites y grasas refinados.,Refined oils and fats.
15421000,Aceites refinados.,Refined oils.
15422000,Grasas refinadas.,Refined fats.
15423000,Grasas o aceites hidrogenados o esterificados.,Hydrogenated or esterified oils or fats.
15424000,Ceras vegetales.,Vegetable waxes.
15430000,Grasas comestibles.,Edible fats.
15431000,Margarina y preparaciones similares.,Margarine and similar preparations.
15431100,Margarina.,Margarine.
15431110,Margarina líquida.,Liquid margarine.
15431200,Productos para untar de contenido graso bajo o reducido.,Reduced or low-fat spreads.
15500000,Productos lácteos.,Dairy products.
15510000,Leche y nata (crema).,Milk and cream.
15511000,Leche.,Milk.
15511100,Leche pasteurizada.,Pasteurised milk.
15511200,Leche esterilizada.,Sterilised milk.
15511210,Leche U.H.T..,UHT milk.
15511300,Leche descremada.,Skimmed milk.
15511400,Leche semidescremada.,Semi-skimmed milk.
15511500,Leche entera.,Full-cream milk.
15511600,Leche condensada.,Condensed milk.
15511700,Leche en polvo.,Milk powder.
15512000,Nata (crema).,Cream.
15512100,"Crema de leche, con un contenido de materias grasas, en peso, superior al 18 %.",Single cream.
15512200,"Crema de leche espesa, con un contenido de materias grasas, en peso, del 48 %.",Double cream.
15512300,"Nata en grumos («clotted cream»), con un contenido de materias grasas, en peso, igual o superior al 48 %.",Clotted cream.
15512900,Nata montada.,Whipping cream.
15530000,Mantequilla.,Butter.
15540000,Queso.,Cheese products.
15541000,Queso de mesa.,Table cheese.
15542000,Queso fresco.,Fresh cheese.
15542100,Requesón.,Cottage cheese.
15542200,Quesos de pasta blanda.,Soft cheese.
15542300,Queso feta.,Feta cheese.
15543000,"Queso rallado, en polvo, de pasta azul y otros quesos.","Grated, powdered, blue-veined and other cheese."
15543100,Queso de pasta azul.,Blue cheese.
15543200,Queso cheddar.,Cheddar cheese.
15543300,Queso rallado.,Grated cheese.
15543400,Queso parmesano.,Parmesan cheese.
15544000,Queso de pasta dura.,Hard cheese.
15545000,Quesos para untar.,Cheese spreads.
15550000,Productos lácteos diversos.,Assorted dairy products.
15551000,Yogur y otros productos lácteos fermentados.,Yoghurt and other fermented milk products.
15551300,Yogur.,Yoghurt.
15551310,Yogur natural.,Unflavoured yoghurt.
15551320,Yogur aromatizado.,Flavoured yoghurt.
15551500,Suero de mantequilla.,Buttermilk.
15552000,Caseína.,Casein.
15553000,Lactosa o jarabe de lactosa.,Lactose or lactose syrup.
15554000,Suero de leche.,Whey.
15555000,Helados y productos similares.,Ice cream and similar products.
15555100,Helados.,Ice cream.
15555200,Sorbetes.,Sorbet.
15600000,"Productos de molinería, almidones y productos de almidón.","Grain mill products, starches and starch products."
15610000,Productos de molinería.,Grain mill products.
15611000,Arroz descascarillado.,Husked rice.
15612000,Harina de cereales o legumbres y productos conexos.,Cereal or vegetable flour and related products.
15612100,Harina de trigo.,Wheat flour.
15612110,Harina integral.,Wholemeal flour.
15612120,Harina de panificación.,Breadmaking flour.
15612130,Harina corriente.,Plain flour.
15612150,Harina para pastelería.,Pastry flour.
15612190,Harina fermentante.,Self-raising flour.
15612200,Harina de cereales.,Cereal flour.
15612210,Harina de maíz.,Corn flour.
15612220,Harina de arroz.,Rice flour.
15612300,Harinas y sémolas vegetales.,Vegetable flour and meal.
15612400,Mezclas para la preparación de productos de panadería.,Mixes for the preparation of baker’s wares.
15612410,Mezclas de pastelería.,Cake mixes.
15612420,Mezclas para hornear.,Baking mixes.
15612500,Productos de panadería.,Bakery products.
15613000,Productos a base de granos de cereales.,Cereal grain products.
15613100,Avena molida.,Ground oats.
15613300,Productos a base de cereales.,Cereal products.
15613310,Cereales preparados para desayuno.,Prepared breakfast cereals.
15613311,Copos de maíz.,Cornflakes.
15613313,Muesli o equivalente.,Muesli or equivalent.
15613319,Trigo hinchado.,Puffed wheat.
15613380,Granos aplastados de avena.,Rolled oats.
15614000,Arroz elaborado.,Processed rice.
15614100,Arroz de grano largo.,Long-grain rice.
15614200,Arroz molido.,Milled rice.
15614300,Arroz partido.,Broken rice.
15615000,Salvado.,Bran.
15620000,Almidones y productos amiláceos.,Starches and starch products.
15621000,Aceite de maíz.,Corn oil.
15622000,Glucosa y productos a base de glucosa; fructosa y productos a base de fructosa.,Glucose and glucose products; fructose and fructose products.
15622100,Glucosa y productos a base de glucosa.,Glucose and glucose products.
15622110,Glucosa.,Glucose.
15622120,Jarabe de glucosa.,Glucose syrup.
15622300,Fructosa y productos a base de fructosa.,Fructose and fructose products.
15622310,Fructosa.,Fructose.
15622320,Preparaciones a base de fructosa.,Fructose preparations.
15622321,Soluciones de fructosa.,Fructose solutions.
15622322,Jarabe de fructosa.,Fructose syrup.
15623000,Almidones y féculas.,Starches.
15624000,Tapioca.,Tapioca.
15625000,Sémola.,Semolina.
15626000,Natillas en polvo.,Custard powder.
15700000,Alimentos para el ganado.,Animal feedstuffs.
15710000,Alimentos preparados para animales de granja y otros animales.,Prepared animal feeds for farm and other animals.
15711000,Alimentos para peces.,Fish food.
15712000,Pienso seco.,Dry fodder.
15713000,Alimentos para animales domésticos.,Pet food.
15800000,Productos alimenticios diversos.,Miscellaneous food products.
15810000,"Productos de panificación, pasteles y productos de pastelería frescos.","Bread products, fresh pastry goods and cakes."
15811000,Productos a base de pan.,Bread products.
15811100,Pan.,Bread.
15811200,Panecillos.,Rolls.
15811300,Cruasanes.,Croissants.
15811400,Tortitas («crumpets»).,Crumpets.
15811500,Productos de panificación preparados.,Prepared bread products.
15811510,Bocadillos y emparedados.,Sandwiches.
15811511,Bocadillos y emparedados preparados.,Prepared sandwiches.
15812000,Pasteles y productos de pastelería.,Pastry goods and cakes.
15812100,Productos de pastelería.,Pastry goods.
15812120,Empanadas.,Pies.
15812121,Empanadas de verduras.,Savoury pies.
15812122,Empanadas dulces.,Sweet pies.
15812200,Pasteles.,Cakes.
15813000,Productos para el desayuno.,Morning goods.
15820000,Biscotes y galletas; pasteles y productos de pastelería conservados.,Rusks and biscuits; preserved pastry goods and cakes.
15821000,Productos de pan tostado y de pastelería.,Toasted bread products and pastry goods.
15821100,Productos de pan tostado.,Toasted bread products.
15821110,Pan tostado.,Toasted bread.
15821130,Galletas crocantes.,Crispbread.
15821150,Biscotes.,Rusks.
15821200,Galletas dulces.,Sweet biscuits.
15830000,Azúcar y productos conexos.,Sugar and related products.
15831000,Azúcar.,Sugar.
15831200,Azúcar blanco.,White sugar.
15831300,Azúcar y jarabe de arce.,Maple sugar and maple syrup.
15831400,Melazas.,Molasses.
15831500,Jarabes de azúcar.,Sugar syrups.
15831600,Miel.,Honey.
15832000,Residuos de la industria azucarera.,Sugar-manufacture waste.
15833000,Productos del azúcar.,Sugar products.
15833100,Postres.,Desserts.
15833110,Fondos de tarta.,Flans.
15840000,Cacao; chocolate y productos de confitería.,Cocoa; chocolate and sugar confectionery.
15841000,Cacao.,Cocoa.
15841100,Pasta de cacao.,Cocoa paste.
15841200,"Manteca, grasa o aceite de cacao.","Cocoa butter, fat or oil."
15841300,Cacao en polvo no azucarado.,Unsweetened cocoa powder.
15841400,Cacao en polvo azucarado.,Sweetened cocoa powder.
15842000,Chocolate y artículos de confitería.,Chocolate and sugar confectionery.
15842100,Chocolate.,Chocolate.
15842200,Productos a base de chocolate.,Chocolate products.
15842210,Chocolate para beber.,Drinking chocolate.
15842220,Tabletas de chocolate.,Chocolate bars.
15842300,Artículos de confitería.,Confectionery.
15842310,Caramelos.,Boiled sweets.
15842320,Turrón.,Nougat.
15842400,"Frutas, frutos de cáscara o cáscaras de fruta conservados con azúcar.","Fruit, nuts or fruit peel preserved by sugar."
15850000,Pastas alimenticias.,Pasta products.
15851000,Productos farináceos.,Farinaceous products.
15851100,Pastas alimenticias sin cocer.,Uncooked pasta.
15851200,Pastas alimenticias y cuscús preparados.,Prepared pasta and couscous.
15851210,Pastas alimenticias preparadas.,Prepared pasta.
15851220,Pastas alimenticias rellenas.,Stuffed pasta.
15851230,Lasañas.,Lasagne.
15851250,Cuscús.,Couscous.
15851290,Pastas alimenticias enlatadas.,Canned pasta.
15860000,"Café, té y productos conexos.","Coffee, tea and related products."
15861000,Café.,Coffee.
15861100,Café tostado.,Roasted coffee.
15861200,Café descafeinado.,Decaffeinated coffee.
15862000,Sucedáneos del café.,Coffee substitutes.
15863000,Té.,Tea.
15863100,Té verde.,Green tea.
15863200,Té negro.,Black tea.
15864000,Preparaciones de té o de mate.,Preparations of tea or maté.
15864100,Bolsitas de té.,Teabags.
15865000,Infusiones de hierbas.,Herbal infusions.
15870000,Condimentos y sazonadores.,Condiments and seasonings.
15871000,Vinagre; salsas; condimentos compuestos; harina y polvo de mostaza; mostaza preparada.,Vinegar; sauces; mixed condiments; mustard flour and meal; prepared mustard.
15871100,Vinagre y sucedáneos del vinagre.,Vinegar and vinegar substitutes.
15871110,Vinagre o equivalente.,Vinegar or equivalent.
15871200,"Salsas, condimentos compuestos y sazonadores compuestos.","Sauces, mixed condiments and mixed seasonings."
15871210,Salsa de soja.,Soya sauce.
15871230,Ketchup.,Tomato ketchup.
15871250,Mostaza.,Mustard.
15871260,Salsas.,Sauces.
15871270,Condimentos compuestos.,Mixed condiments.
15871273,Mayonesa.,Mayonnaise.
15871274,Productos para untar bocadillos.,Sandwich spreads.
15871279,Chutney.,Chutney.
15872000,Hierbas y especias.,Herbs and spices.
15872100,Pimienta.,Pepper.
15872200,Especias.,Spices.
15872300,Hierbas.,Herbs.
15872400,Sal.,Salt.
15872500,Jengibre.,Ginger.
15880000,Productos alimenticios especiales.,Special nutritional products.
15881000,Preparaciones alimenticias homogeneizadas.,Homogenised food preparations.
15882000,Productos dietéticos.,Dietetic products.
15884000,Alimentos infantiles.,Baby food.
15890000,Productos alimenticios diversos y alimentos secos.,Miscellaneous food products and dried goods.
15891000,Sopas y caldos.,Soups and broths.
15891100,Sopas de carne.,Meat soups.
15891200,Sopas de pescado.,Fish soups.
15891300,Sopas compuestas.,Mixed soups.
15891400,Sopas.,Soups.
15891410,Sopas instantáneas.,Soup mixes.
15891500,Caldos.,Broths.
15891600,Concentrados de caldo.,Stocks.
15891610,Caldos instantáneos.,Mixes for stocks.
15891900,Sopas de verduras.,Vegetable soups.
15892000,"Jugos y extractos vegetales, sustancias pépticas y espesantes.","Vegetable saps, extracts, peptic substances and thickeners."
15892100,Jugos vegetales.,Vegetable saps.
15892200,Extractos vegetales.,Vegetable extracts.
15892400,Espesantes.,Thickeners.
15893000,Productos secos.,Dry goods.
15893100,Mezclas para comidas.,Food mixes.
15893200,Mezclas para postres.,Dessert mixes.
15893300,Mezclas para salsas.,Gravy mixes.
15894000,Productos alimenticios elaborados.,Processed food products.
15894100,Comidas vegetarianas.,Vegan packs.
15894200,Comidas preparadas.,Prepared meals.
15894210,Comidas para colegios.,School meals.
15894220,Comidas para hospitales.,Hospital meals.
15894300,Bandejas de comida preparada.,Prepared dishes.
15894400,Aperitivos.,Snacks.
15894500,Productos para máquinas automáticas distribuidoras.,Vending-machine ingredients.
15894600,Alimentos para bocadillos.,Sandwich fillings.
15894700,Comestibles finos preparados.,Delicatessen.
15895000,Productos para comida rápida.,Fast-food products.
15895100,Hamburguesas.,Hamburgers.
15896000,Productos congelados.,Deep-frozen products.
15897000,Productos enlatados y raciones de campaña.,Canned goods and field rations.
15897100,Raciones de campaña.,Field rations.
15897200,Productos enlatados.,Canned goods.
15897300,Paquetes de comida.,Food parcels.
15898000,Levadura.,Yeast.
15899000,Polvos para hornear.,Baking powder.
15900000,"Bebidas, tabaco y productos relacionados.","Beverages, tabacco and related products."
15910000,Bebidas alcohólicas destiladas.,Distilled alcoholic beverages.
15911000,Bebidas espirituosas.,Spirituous beverages.
15911100,Aguardientes.,Spirits.
15911200,Licores.,Liqueurs.
15930000,Vinos.,Wines.
15931000,Vinos no aromatizados.,Unflavoured wines.
15931100,Vino espumoso.,Sparkling wine.
15931200,Vino de mesa.,Table wine.
15931300,Oporto.,Port.
15931400,Vino de Madeira.,Madeira.
15931500,Mosto de uva.,Grape must.
15931600,Jerez.,Sherry.
15932000,Heces de vino.,Wine lees.
15940000,Sidra y otros vinos a base de fruta.,Cider and other fruit wines.
15941000,Sidra.,Cider.
15942000,Vinos a base de fruta.,Fruit wines.
15950000,Bebidas fermentadas no destiladas.,Non-distilled fermented beverages.
15951000,Vermut.,Vermouth.
15960000,Cerveza de malta.,Malt beer.
15961000,Cerveza.,Beer.
15961100,Cerveza «lager».,Lager.
15962000,Heces de cervecería o destilería.,Brewing or distilling dregs.
15980000,Bebidas sin alcohol.,Non-alcoholic beverages.
15981000,Agua mineral.,Mineral water.
15981100,Agua mineral sin gas.,Still mineral water.
15981200,Agua mineral con gas.,Sparkling mineral water.
15981300,Agua en estado sólido.,Water in solid form.
15981310,Hielo.,Ice.
15981320,Nieve.,Snow.
15981400,Aguas minerales aromatizadas.,Flavoured mineral waters.
15982000,Refrescos.,Soft drinks.
15982100,Zumos de fruta concentrados.,Fruit squashes.
15982200,Leche chocolateada.,Chocolate milk.
15990000,"Tabaco, productos de tabaco y artículos afines.","Tobacco, tobacco goods and supplies."
15991000,Productos de tabaco.,Tobacco goods.
15991100,Cigarros puros.,Cigars.
15991200,Cigarros pequeños.,Cigarillos.
15991300,Cigarrillos.,Cigarettes.
15992000,Tabaco.,Tobacco.
15992100,Tabaco manufacturado.,Manufactured tobacco.
15993000,Artículos de estanco.,Tobacconist supplies.
15994000,Papel de fumar y papel de filtro.,Cigarette paper and filter paper.
15994100,Papel de fumar.,Cigarette paper.
15994200,Papel de filtro.,Filter paper.
16000000,Maquinaria agrícola.,Agricultural machinery.
16100000,"Máquinas, aparatos y artefactos agrícolas, hortícolas o silvícolas, para la preparación o el trabajo del suelo o para el cultivo.",Agricultural and forestry machinery for soil preparation or cultivation.
16110000,Arados o gradas de disco.,Ploughs or disc harrows.
16120000,"Gradas, escarificadores, cultivadores, escardadoras o binadoras.","Harrows, scarifiers, cultivators, weeders or hoes."
16130000,"Sembradoras, plantadoras o transplantadoras.","Seeders, planters or transplanters."
16140000,Esparcidores de estiércol.,Manure spreaders.
16141000,Distribuidores de abono.,Fertiliser distributors.
16150000,Rodillos para césped o terrenos de deporte.,Lawn or sports-ground rollers.
16160000,Equipo diverso para jardinería.,Miscellaneous gardening equipment.
16300000,Cosechadoras.,Harvesting machinery.
16310000,Máquinas segadoras.,Mowers.
16311000,Cortadoras de césped.,Lawnmowers.
16311100,"Cortadoras de césped para jardines, parques o terrenos de deporte.","Lawn, park or sports-ground mowers."
16320000,Máquinas para henificar.,Haymaking machinery.
16330000,Prensas para paja o forraje.,Straw or fodder balers.
16331000,Prensas recogedoras.,Pick-up balers.
16340000,Cosechadoras y trilladoras.,Harvesting and threshing machinery.
16400000,Aparatos de pulverizar para la agricultura o la horticultura.,Spraying machinery for agriculture or horticulture.
16500000,"Remolques y semirremolques, autocargadores o autodescargadores, para usos agrícolas.",Self-loading or unloading trailers and semi-trailers for agriculture.
16510000,Remolques autocargadores para usos agrícolas.,Self-loading trailers for agriculture.
16520000,Remolques autodescargadores para usos agrícolas.,Unloading trailers for agriculture.
16530000,Semirremolques autocargadores para usos agrícolas.,Self-loading semi-trailers for agriculture.
16540000,Semirremolques autodescargadores para usos agrícolas.,Unloading semi-trailers for agriculture.
16600000,Maquinaria agrícola o forestal especializada.,Specialist agricultural or forestry machinery.
16610000,"Máquinas para la limpieza o la clasificación de huevos, frutas u otros productos agrícolas.","Machines for cleaning, sorting or grading eggs, fruit or other produce."
16611000,Máquinas para lavar productos agrícolas.,Machines for cleaning produce.
16611100,Máquinas para lavar huevos.,Machines for cleaning eggs.
16611200,Máquinas para lavar frutas.,Machines for cleaning fruit.
16612000,Máquinas para seleccionar o clasificar productos agrícolas.,Machines for sorting or grading produce.
16612100,Máquinas para seleccionar o clasificar huevos.,Machines for sorting or grading eggs.
16612200,Máquinas para seleccionar o clasificar fruta.,Machines for sorting or grading fruit.
16613000,"Máquinas para la limpieza o la clasificación de semillas, granos o legumbres secas.","Machines for cleaning, sorting or grading seed, grain or dried vegetables."
16620000,Ordeñadoras.,Milking machines.
16630000,Máquinas para preparar alimentos para animales.,Machinery for preparing animal feeding stuffs.
16640000,Máquinas y aparatos para la apicultura.,Bee-keeping machinery.
16650000,Máquinas y aparatos para la avicultura.,Poultry-keeping machinery.
16651000,"Incubadoras y criadoras, para la avicultura.",Poultry incubators and brooders.
16700000,Tractores.,Tractors.
16710000,Motocultores.,Pedestrian-controlled agricultural tractors.
16720000,Tractores usados.,Used tractors.
16730000,Motores de tracción.,Traction motors.
16800000,Partes de maquinaria agrícola y forestal.,Parts of agricultural and forestry machinery.
16810000,Partes de maquinaria agrícola.,Parts of agricultural machinery.
16820000,Partes de maquinaria forestal.,Parts of forestry machinery.
18000000,"Prendas de vestir, calzado, artículos de viaje y accesorios.","Clothing, footwear, luggage articles and accessories."
18100000,"Ropa de trabajo, ropa de trabajo especial y accesorios.","Occupational clothing, special workwear and accessories."
18110000,Indumentaria de trabajo.,Occupational clothing.
18113000,Prendas de vestir para uso industrial.,Industrial clothing.
18114000,Monos.,Coveralls.
18130000,Ropa para trabajos especiales.,Special workwear.
18132000,Ropa de vuelo.,Flying clothing.
18132100,Chaquetas de vuelo.,Flight jackets.
18132200,Trajes de vuelo.,Flight suits.
18140000,Accesorios de ropa de trabajo.,Workwear accessories.
18141000,Guantes de trabajo.,Work gloves.
18142000,Viseras de seguridad.,Safety visors.
18143000,Indumentaria de protección.,Protective gear.
18200000,Ropa exterior.,Outerwear.
18210000,Abrigos.,Coats.
18211000,Capas.,Capes.
18212000,Capotes.,Cloaks.
18213000,Chaquetones cortavientos.,Wind jackets.
18220000,Ropa para la intemperie.,Weatherproof clothing.
18221000,Ropa impermeable.,Waterproof clothing.
18221100,Capas impermeables.,Waterproof capes.
18221200,Anoraks.,Anoraks.
18221300,Impermeables.,Raincoats.
18222000,Indumentaria corporativa.,Corporate clothing.
18222100,Trajes y vestidos.,Suits.
18222200,Conjuntos.,Ensembles.
18223000,Chaquetas y chaquetas deportivas.,Jackets and blazers.
18223100,Chaquetas deportivas.,Blazers.
18223200,Chaquetas.,Jackets.
18224000,Prendas de vestir confeccionadas de tejidos impregnados o recubiertos.,Clothing made of coated or impregnated textile fabrics.
18230000,Ropa exterior diversa.,Miscellaneous outerwear.
18231000,Vestidos.,Dresses.
18232000,Faldas.,Skirts.
18233000,Pantalones cortos.,Shorts.
18234000,Pantalones.,Trousers.
18235000,"Jerseys, cárdigans y artículos similares.","Pullovers, cardigans and similar articles."
18235100,Pullovers.,Pullovers.
18235200,Cárdigans.,Cardigans.
18235300,Chándales.,Sweatshirts.
18235400,Chalecos.,Waistcoats.
18300000,Prendas de vestir.,Garments.
18310000,Ropa interior.,Underwear.
18311000,Combinaciones.,Slips.
18312000,Calzoncillos.,Underpants.
18313000,Bragas.,Panties.
18314000,Albornoces.,Bathrobes.
18315000,Medias.,Stockings.
18316000,Leotardos.,Tights.
18317000,Calcetines.,Socks.
18318000,Ropa de dormir.,Nightwear.
18318100,Camisas de dormir.,Nightshirts.
18318200,Batas.,Dressing gowns.
18318300,Pijamas.,Pyjamas.
18318400,Camisetas de punto.,Vests.
18318500,Camisones.,Nightdresses.
18320000,"Sostenes, corsés, ligas y prendas similares.","Brassieres, corsets, suspenders and similar articles."
18321000,Sostenes.,Brassieres.
18322000,Corsés.,Corsets.
18323000,Ligas.,Suspenders.
18330000,Camisetas y camisas.,T-shirts and shirts.
18331000,Camisetas.,T-shirts.
18332000,Camisas.,Shirts.
18333000,Polos.,Polo shirts.
18400000,Prendas de vestir y accesorios especiales.,Special clothing and accessories.
18410000,Prendas de vestir especiales.,Special clothing.
18411000,Prendas para bebés.,Baby clothing.
18412000,Ropa deportiva.,Sportswear.
18412100,Prendas para el entrenamiento deportivo.,Tracksuits.
18412200,Camisas de deporte.,Sports shirts.
18412300,Trajes de esquí.,Ski suits.
18412800,Trajes y pantalones de baño.,Swimwear.
18420000,Complementos de vestir.,Clothing accessories.
18421000,Pañuelos.,Handkerchiefs.
18422000,Bufandas.,Scarves.
18423000,Corbatas.,Ties.
18424000,Guantes.,Gloves.
18424300,Guantes desechables.,Disposable gloves.
18424400,Manoplas.,Mittens.
18424500,Guanteletes.,Gauntlets.
18425000,Cinturones.,Belts.
18425100,Bandoleras.,Bandoliers.
18440000,Sombreros y tocados.,Hats and headgear.
18441000,Sombreros.,Hats.
18443000,Tocados y sus complementos.,Headgear and headgear accessories.
18443100,Diademas y bandas.,Headbands.
18443300,Tocados.,Headgear.
18443310,Boinas.,Berets.
18443320,Gorras de campo.,Field caps.
18443330,Capuchas.,Hoods.
18443340,Gorras.,Caps.
18443400,Barboquejos para sombrerería.,Chin straps for headgear.
18443500,Viseras.,Visors.
18444000,Tocados de protección.,Protective headgear.
18444100,Tocados de seguridad.,Safety headgear.
18444110,Cascos.,Helmets.
18444111,Cascos de protección.,Crash helmets.
18444112,Cascos de ciclista.,Bicycle helmets.
18444200,Cascos de seguridad.,Hard hats.
18450000,Cierres para prendas de vestir.,Fasteners (clothing).
18451000,Botones.,Buttons.
18451100,Partes de botones.,Parts of buttons.
18452000,Imperdibles.,Safety pins.
18453000,Cremalleras.,Zip fasteners.
18500000,"Joyas, relojes y artículos conexos.","Jewellery, watches and related articles."
18510000,Joyas y artículos conexos.,Jewellery and related articles.
18511000,Piedras preciosas para joyería.,Precious stone for jewellery.
18511100,Diamantes.,Diamonds.
18511200,Rubíes.,Rubies.
18511300,Esmeraldas.,Emeralds.
18511400,Ópalos.,Opal stone.
18511500,Cuarzos.,Quartz stone.
18511600,Turmalinas.,Tourmaline stone.
18512000,Monedas y medallas.,Coins and medals.
18512100,Monedas.,Coins.
18512200,Medallas.,Medals.
18513000,Artículos de joyería.,Articles of jewellery.
18513100,Perlas.,Pearls.
18513200,Artículos de orfebrería de oro.,Goldsmiths’ wares.
18513300,Artículos de metales preciosos.,Articles of precious metal.
18513400,Artículos de piedras preciosas o simipreciosas.,Articles of precious or semi-precious stones.
18513500,Artículos de orfebrería de plata.,Silversmiths’ wares.
18520000,Relojería para uso personal.,Personal horology.
18521000,Relojes de pulsera o de bolsillo.,Watches.
18521100,Cristal para relojes de pulsera.,Glass for watches.
18522000,Relojes de pulsera.,Wristwatches.
18523000,Cronómetros.,Stopwatches.
18530000,Regalos y premios.,Presents and rewards.
18600000,Pieles y artículos de piel.,Furs and articles of fur.
18610000,Artículos de piel.,Fur articles.
18611000,Pieles finas.,Fur skins.
18612000,Prendas de vestir de piel.,Fur clothing.
18613000,Artículos de piel artificial.,Artificial fur articles.
18620000,Pieles.,Furs.
18800000,Calzado.,Footwear.
18810000,Calzado distinto del calzado deportivo y de protección.,Footwear other than sports and protective footwear.
18811000,Calzado impermeable.,Waterproof footwear.
18812000,Calzado con partes de caucho o de plástico.,Footwear with rubber or plastic parts.
18812100,Sandalias con pala de caucho o de plástico.,Sandals with uppers of rubber or plastics.
18812200,Botas de caucho.,Rubber boots.
18812300,Calzado de vestir con pala de caucho o de plástico.,Town footwear with rubber or plastic uppers.
18812400,Chancletas.,Flip-flops.
18813000,Calzado con pala de cuero.,Footwear with uppers of leather.
18813100,Sandalias.,Sandals.
18813200,Pantuflas.,Slippers.
18813300,Calzado de vestir.,Town footwear.
18814000,Calzado con pala de materiales textiles.,Footwear with uppers of textile materials.
18815000,Botas.,Boots.
18815100,Botines.,Ankle boots.
18815200,Botas de media caña.,Calf boots.
18815300,Botas altas.,Knee boots.
18815400,Botas de agua de caña alta.,Waders.
18816000,Chanclos.,Galoshes.
18820000,Calzado deportivo.,Sports footwear.
18821000,Calzado de esquí.,Ski footwear.
18821100,Calzado de esquí de fondo.,Cross-country ski footwear.
18822000,Zapatillas de entrenamiento.,Training shoes.
18823000,"Botas media montaña, de serraje.",Climbing boots.
18824000,Botas de fútbol.,Football boots.
18830000,Calzado de protección.,Protective footwear.
18831000,Calzado con puntera metálica de protección.,Footwear incorporating a protective metal toecap.
18832000,Calzado especial.,Special footwear.
18832100,Calzado de vuelo.,Flying footwear.
18840000,Partes de calzado.,Parts of footwear.
18841000,Palas de calzado.,Footwear uppers.
18842000,Suelas.,Soles.
18843000,Tacones.,Heels.
18900000,"Artículos de viaje, talabartería, sacos y bolsas.","Luggage, saddlery, sacks and bags."
18910000,Artículos de talabartería.,Saddlery.
18911000,Sillas de montar.,Saddles.
18912000,Fustas.,Riding crops.
18913000,Látigos.,Whips.
18920000,Artículos de viaje.,Luggage.
18921000,Maletas.,Suitcases.
18923000,Bolsas y billeteros.,Pouches and wallets.
18923100,Bolsas pequeñas.,Pouches.
18923200,Billeteros.,Wallets.
18924000,Baúles.,Trunks.
18925000,Portacantimploras y fundas.,Water-bottle holders and holsters.
18925100,Portacantimploras.,Water-bottle holders.
18925200,Fundas.,Holsters.
18929000,Neceseres.,Toilet cases.
18930000,Sacos y talegas.,Sacks and bags.
18931000,Sacos de viaje.,Travel bags.
18931100,Mochilas.,Rucksacks.
18932000,Bolsas de deporte.,Sports bags.
18933000,Sacas y bolsas para correo.,Mail or parcel bags.
18933100,Valijas.,Post pouches.
18934000,Macutos.,Kitbags.
18935000,Bolsas para ropa sucia.,Laundry bags.
18936000,Bolsas textiles.,Textile bags.
18937000,Sacos para embalaje.,Goods-packing sacks.
18937100,Bolsas para embalaje.,Goods-packing bags.
18938000,Sobres acolchados.,Jiffy bags.
18939000,Bolsos de mano.,Handbags.
19000000,"Piel y textiles, materiales de plástico y caucho.","Leather and textile fabrics, plastic and rubber materials."
19100000,Cuero.,Leather.
19110000,Cuero agamuzado.,Chamois leather.
19120000,Cuero de bovinos o equinos.,Leather of bovine or equine animals.
19130000,"Cuero de oveja, cabra o cerdo.","Leather of sheep, goats or pigs."
19131000,Piel de oveja o cordero.,Sheep- or lamb-skin leather.
19132000,Piel de cabra o cabritilla.,Goat- or kid-skin leather.
19133000,Cuero de cerdo.,Pig leather.
19140000,"Piel de otros animales, cuero reconstituido y otros cueros.","Leather of other animals, composite leather and other leather."
19141000,Cuero de otros animales.,Leather of other animals.
19142000,Cuero artificial o regenerado.,Composite leather.
19143000,Cuero de imitación.,Imitation leather.
19144000,Charol.,Patent leather.
19160000,Correas de reloj.,Watch straps.
19170000,Artículos de cuero usados en maquinaria o aparatos mecánicos.,Leather articles used in machinery or mechanical appliances.
19200000,Telas y artículos conexos.,Textile fabrics and related items.
19210000,Tejidos.,Woven fabrics.
19211000,Tejidos sintéticos.,Synthetic woven fabrics.
19211100,Tejidos de mezcla.,Mixed woven fabrics.
19212000,Tejidos de algodón.,Woven fabrics of cotton.
19212100,Cutí.,Ticking.
19212200,Tejidos de mezclilla («denim»).,Denim.
19212300,Lona.,Canvas.
19212310,Artículos de lona.,Canvas items.
19212400,Popelina.,Poplin.
19212500,Cinchas.,Webbing.
19212510,Cinchas y correas.,Webbing straps.
19220000,Tejidos de lana.,Woollen fabrics.
19230000,Tejidos de lino.,Linen fabrics.
19231000,Ropa blanca.,Linen.
19240000,Tejidos especiales.,Special fabrics.
19241000,Terciopelo y felpa.,Pile.
19242000,Tejido de toalla con bucles.,Terry towelling.
19243000,Tejidos para tapicería.,Upholstery fabrics.
19244000,Tejidos para cortinas.,Curtain fabrics.
19245000,Tejidos de revestimiento.,Lining fabrics.
19250000,Tejidos de punto o de ganchillo.,Knitted or crocheted fabrics.
19251000,Tejidos de punto.,Knitted fabrics.
19251100,Tejidos de terciopelo y felpa.,Pile fabrics.
19252000,Tejidos de ganchillo.,Crocheted fabrics.
19260000,Tela.,Cloth.
19270000,Materias textiles no tejidas.,Non-woven fabrics.
19280000,"Lana, cueros y pieles.","Animal wool, hides and skins."
19281000,Lana.,Wool.
19282000,Pieles de animal.,Animal skins.
19283000,Pieles y plumas de aves.,Bird skins and feathers.
19400000,Hilados e hilos textiles.,Textile yarn and thread.
19410000,Fibras textiles naturales.,Natural textile fibres.
19420000,Fibras textiles artificiales.,Artificial textile fibres.
19430000,Hilados e hilos textiles de fibras naturales.,Textile yarn and thread of natural fibres.
19431000,Hilados de seda.,Silk yarn.
19432000,Hilados de lana.,Wool yarn.
19433000,Hilados de algodón.,Cotton yarn.
19434000,Hilados de lino.,Flax yarn.
19435000,Hilos e hilados de coser de fibras naturales.,Sewing thread and yarn of natural fibres.
19435100,Hilo de coser.,Sewing thread.
19435200,Hilados para tejer.,Knitting yarn.
19436000,Hilados de fibras textiles vegetales.,Vegetable textile-fibre yarn.
19440000,Hilados o hilos sintéticos.,Synthetic yarn or thread.
19441000,Hilados sintéticos.,Synthetic yarn.
19442000,Hilos sintéticos.,Synthetic thread.
19442100,Hilos sintéticos de coser.,Synthetic sewing thread.
19442200,Hilados sintéticos para tejer.,Synthetic knitting yarn.
19500000,Caucho y plásticos.,Rubber and plastic materials.
19510000,Productos de caucho.,Rubber products.
19511000,"Cámaras de aire, bandas de rodadura y fajas de protección de la cámara de aire, de caucho.","Rubber inner tubes, treads and flaps."
19511100,Fajas de protección de la cámara de aire del neumático.,Tyre flaps.
19511200,Cámaras de aire.,Inner tubes.
19511300,Bandas de rodadura de neumáticos.,Tyre treads.
19512000,Artículos de caucho sin vulcanizar.,Unvulcanised rubber articles.
19513000,Tejidos cauchutados.,Rubberised textile fabrics.
19513100,Tejidos para cuerdas de neumáticos.,Tyre-cord fabric.
19513200,Cinta adhesiva de tejidos cauchutados.,Adhesive tape of rubberised textiles.
19514000,Caucho regenerado.,Reclaimed rubber.
19520000,Productos de plástico.,Plastic products.
19521000,Productos de poliestireno.,Polystyrene products.
19521100,Hojas de poliestireno.,Polystyrene sheeting.
19521200,Losas de poliestireno.,Polystyrene slabs.
19522000,Resinas.,Resins.
19522100,Resina epoxi.,Epoxy resin.
19522110,Tubos de resina epoxi.,Epoxy-resin tubing.
19600000,"Residuos de cuero, textiles, de caucho y de plástico.","Leather, textile, rubber and plastic waste."
19610000,Residuos de cuero.,Leather waste.
19620000,Residuos textiles.,Textile waste.
19630000,Residuos de caucho.,Rubber waste.
19640000,Sacos y bolsas de polietileno para residuos.,Polythene waste and refuse sacks and bags.
19700000,Caucho y fibras sintéticos.,Synthetic rubber and fibres.
19710000,Caucho sintético.,Synthetic rubber.
19720000,Fibras sintéticas.,Synthetic fibres.
19721000,Borra de filamentos sintéticos.,Synthetic filament tow.
19722000,Hilado de alta tenacidad.,High-tenacity yarn.
19723000,Hilado texturado sencillo.,Single textured yarn.
19724000,Monofilamento sintético.,Synthetic monofilament.
19730000,Fibras artificiales.,Artificial fibres.
19731000,Fibras artificiales discontinuas.,Artificial staple fibres.
19732000,Polipropileno.,Polypropylene.
19733000,Hilado texturado artificial.,Artificial textured yarn.
22000000,Impresos y productos relacionados.,Printed matter and related products.
22100000,"Libros impresos, folletos y prospectos.","Printed books, brochures and leaflets."
22110000,Libros impresos.,Printed books.
22111000,Libros escolares.,School books.
22112000,Libros de texto.,Textbooks.
22113000,Libros para biblioteca.,Library books.
22114000,"Diccionarios, mapas, libros de música y otros libros.","Dictionaries, maps, music books and other books."
22114100,Diccionarios.,Dictionaries.
22114200,Atlas.,Atlases.
22114300,Mapas.,Maps.
22114310,Mapas catastrales.,Cadastral maps.
22114311,Cianotipos.,Blueprints.
22114400,Música impresa.,Printed music.
22114500,Enciclopedias.,Encyclopaedias.
22120000,Publicaciones.,Publications.
22121000,Publicaciones técnicas.,Technical publications.
22130000,Guías.,Directories.
22140000,Prospectos.,Leaflets.
22150000,Folletos.,Brochures.
22160000,Opúsculos.,Booklets.
22200000,"Periódicos, revistas especializadas, publicaciones periódicas y revistas.","Newspapers, journals, periodicals and magazines."
22210000,Periódicos.,Newspapers.
22211000,Revistas especializadas.,Journals.
22211100,Boletines oficiales.,Official Journals.
22212000,Publicaciones periódicas.,Periodicals.
22212100,Publicaciones por entregas.,Serials.
22213000,Revistas.,Magazines.
22300000,"Tarjetas postales, tarjetas de felicitación y otro material impreso.","Postcards, greeting cards and other printed matter."
22310000,Tarjetas postales.,Postcards.
22312000,Ilustraciones.,Pictures.
22313000,Calcomanías.,Transfers.
22314000,Diseños.,Designs.
22315000,Fotografías.,Photographs.
22320000,Tarjetas de felicitación.,Greeting cards.
22321000,Tarjetas de Navidad.,Christmas cards.
22400000,"Sellos, talonarios de cheques, billetes de banco, certificados de acciones, material de publicidad comercial, catálogos y manuales.","Stamps, cheque forms, banknotes, stock certificates, trade advertising material, catalogues and manuals."
22410000,Sellos.,Stamps.
22411000,Sellos de Navidad.,Christmas stamps.
22412000,Sellos nuevos.,New stamps.
22413000,Sellos de ahorro.,Savings stamps.
22414000,Cuadernillos de sellos de correos.,Mail stamp holders.
22420000,Papel timbrado.,Stamp-impressed paper.
22430000,Billetes de banco.,Banknotes.
22440000,Talonarios de cheques.,Cheque forms.
22450000,Impresos infalsificables.,Security-type printed matter.
22451000,Pasaportes.,Passports.
22452000,Giros postales.,Postal orders.
22453000,Pegatinas del impuesto de circulación.,Car-tax discs.
22454000,Permisos de conducir.,Driving licences.
22455000,Carnés de identidad.,ID cards.
22455100,Pulseras de identificación.,Identity bracelet.
22456000,Permisos.,Permits.
22457000,Tarjetas de entrada.,Entrance cards.
22458000,Impresos por encargo.,Bespoke printed matter.
22459000,Billetes.,Tickets.
22459100,Tiras y adhesivos publicitarios.,Advertising stickers and strips.
22460000,"Material de publicidad comercial, catálogos comerciales y manuales.","Trade-advertising material, commercial catalogues and manuals."
22461000,Catálogos.,Catalogues.
22461100,"Portalistas, portamenús y soportes análogos.",List holders.
22462000,Material de publicidad.,Advertising material.
22470000,Manuales.,Manuals.
22471000,Manuales informáticos.,Computer manuals.
22472000,Manuales de instrucciones.,Instruction manuals.
22473000,Manuales técnicos.,Technical manuals.
22500000,Clisés o cilindros de imprenta u otros medios de impresión.,Printing plates or cylinders or other media for use in printing.
22510000,Planchas offset.,Offset plates.
22520000,Equipo de grabado en seco.,Dry-etching equipment.
22521000,Equipo de estampado en relieve.,Embossing equipment.
22600000,Tinta.,Ink.
22610000,Tinta de imprenta.,Printing ink.
22611000,Tinta para huecograbado.,Intaglio ink.
22612000,Tinta china.,India ink.
22800000,"Libros registro, libros de contabilidad, clasificadores, impresos y otros artículos de papelería, de papel o cartón.","Paper or paperboard registers, account books, binders, forms and other articles of printed stationery."
22810000,Libros registro de papel o cartón.,Paper or paperboard registers.
22813000,Libros de contabilidad.,Account books.
22814000,Talonarios de recibos.,Receipt books.
22815000,Talonarios de notas.,Notebooks.
22816000,Blocs.,Pads.
22816100,Blocs de notas.,Note pads.
22816200,Cuadernos de taquigrafía.,Shorthand notebook.
22816300,Blocs de hojas adhesivas.,Sticky-note pads.
22817000,Agendas u organizadores personales.,Diaries or personal organisers.
22819000,Libros de direcciones.,Address books.
22820000,Formularios.,Forms.
22821000,Formularios electorales.,Electoral forms.
22822000,Formularios comerciales.,Business forms.
22822100,Formularios comerciales de papel continuo.,Continuous business forms.
22822200,Formularios comerciales en hojas sueltas.,Non-continuous business forms.
22830000,Cuadernos de ejercicios.,Exercise books.
22831000,Recambios para cuadernos escolares.,Refills for school notebooks.
22832000,Hojas para ejercicios.,Exercise papers.
22840000,Álbumes para muestras.,Albums for samples.
22841000,Álbumes para colecciones.,Collection albums.
22841100,Libros de sellos.,Stamp books.
22841200,Clasificadores para filatelia.,Philatelic binders.
22850000,Clasificadores y accesorios para clasificadores.,Binders and related accessories.
22851000,Clasificadores.,Binders.
22852000,Carpetas.,Folders.
22852100,Cubiertas para documentos.,File covers.
22853000,"Archivadores, bandejas portadocumentos y otros soportes análogos.",File holders.
22900000,Impresos varios.,Miscellaneous printed matter.
22990000,"Papel de periódico, papeles fabricados a mano y otros papeles y cartones sin recubrir, para usos gráficos.","Newsprint, handmade paper and other uncoated paper or paperboard for graphic purposes."
22991000,Papel prensa.,Paper for newsprint.
22992000,Papel o cartón hecho a mano.,Hand-made paper or paperboard.
22993000,"Papel y cartón fotosensibles, termosensibles o termográficos.","Photosensitive, heat-sensitive or thermographic paper and paperboard."
22993100,Papel o cartón fotosensible.,Photosensitive paper or paperboard.
22993200,Papel o cartón termosensible.,Heat-sensitive paper or paperboard.
22993300,Papel o cartón termográfico.,Thermographic paper or paperboard.
22993400,Papel o cartón ondulado.,Corrugated paper or paperboard.
24000000,Productos químicos.,Chemical products.
24100000,Gases.,Gases.
24110000,Gases industriales.,Industrial gases.
24111000,"Hidrógeno, argón, gases nobles, nitrógeno y oxígeno.","Hydrogen, argon, rare gases, nitrogen and oxygen."
24111100,Argón.,Argon.
24111200,Gases nobles.,Rare gases.
24111300,Helio.,Helium.
24111400,Neón.,Neon.
24111500,Gases medicinales.,Medical gases.
24111600,Hidrógeno.,Hydrogen.
24111700,Nitrógeno.,Nitrogen.
24111800,Nitrógeno líquido.,Liquid nitrogen.
24111900,Oxígeno.,Oxygen.
24112000,Compuestos oxigenados inorgánicos.,Inorganic oxygen compounds.
24112100,Dióxido de carbono.,Carbon dioxide.
24112200,Óxidos de nitrógeno.,Nitrogen oxides.
24112300,Compuestos oxigenados inorgánicos gaseosos.,Gaseous inorganic oxygen compounds.
24113000,Aire líquido y aire comprimido.,Liquid and compressed air.
24113100,Aire líquido.,Liquid air.
24113200,Aire comprimido.,Compressed air.
24200000,Tintes y pigmentos.,Dyes and pigments.
24210000,"Óxidos, peróxidos e hidróxidos.","Oxides, peroxides and hydroxides."
24211000,"Óxido y peróxido de zinc; óxido de titanio, tintes y pigmentos.","Zinc oxide and peroxide, titanium oxide, dyes and pigments."
24211100,Óxido de zinc.,Zinc oxide.
24211200,Peróxido de zinc.,Zinc peroxide.
24211300,Óxido de titanio.,Titanium oxide.
24212000,"Óxidos e hidróxidos de cromo, de manganeso, de magnesio, de plomo y de cobre.","Chromium, manganese, magnesium, lead and copper oxides and hydroxides."
24212100,Óxido de cromo.,Chromium oxide.
24212200,Óxido de manganeso.,Manganese oxide.
24212300,Óxido de plomo.,Lead oxide.
24212400,Óxido de cobre.,Copper oxide.
24212500,Óxido de magnesio.,Magnesium oxide.
24212600,Hidróxidos para tintes y pigmentos.,Hydroxides for dyes and pigments.
24212610,Hidróxido de cromo.,Chromium hydroxide.
24212620,Hidróxido de manganeso.,Manganese hydroxide.
24212630,Hidróxido de plomo.,Lead hydroxide.
24212640,Hidróxido de cobre.,Copper hydroxide.
24212650,Hidróxido de magnesio.,Magnesium hydroxide.
24213000,Cal apagada.,Hydrated lime.
24220000,Extractos curtientes o tintóreos; taninos y materias colorantes.,"Tanning extracts, dyeing extracts, tannins and colouring matter."
24221000,Extractos tintóreos.,Dyeing extracts.
24222000,Extractos curtientes.,Tanning extracts.
24223000,Taninos.,Tannins.
24224000,Materias colorantes.,Colouring matter.
24225000,Preparados curtientes.,Tanning preparations.
24300000,Productos químicos inorgánicos y orgánicos básicos.,Basic inorganic and organic chemicals.
24310000,Productos químicos inorgánicos básicos.,Basic inorganic chemicals.
24311000,"Elementos químicos, ácidos inorgánicos y sus compuestos.","Chemical elements, inorganic acids and compounds."
24311100,Metaloides.,Metalloids.
24311110,Fosfuros.,Phosphides.
24311120,Carburos.,Carbides.
24311130,Hidruros.,Hydrides.
24311140,Nitruros.,Nitrides.
24311150,Aziduros (azidas).,Azides.
24311160,Siliciuros.,Silicides.
24311170,Boruros.,Borides.
24311180,Azufre refinado.,Refined sulphur.
24311200,Halógeno.,Halogen.
24311300,Metales alcalinos.,Alkali metals.
24311310,Mercurio.,Mercury.
24311400,"Cloruro de hidrógeno, ácidos inorgánicos; dióxido de silicio y dióxido de azufre.","Hydrogen chloride, inorganic acids, silicon dioxide and sulphur dioxide."
24311410,Ácidos inorgánicos.,Inorganic acids.
24311411,Ácido sulfúrico.,Sulphuric acid.
24311420,Ácido fosfórico.,Phosphoric acid.
24311430,Ácidos polifosfóricos.,Polyphosphoric acids.
24311440,Ácido hexafluorosilícico.,Hexafluorosilicic acid.
24311450,Dióxido de azufre.,Sulphur dioxide.
24311460,Dióxido de silicio.,Silicon dioxide.
24311470,Cloruro de hidrógeno.,Hydrogen chloride.
24311500,Hidróxidos en forma de sustancias químicas inorgánicas básicas.,Hydroxides as basic inorganic chemicals.
24311510,Óxidos metálicos.,Metal oxides.
24311511,Piritas de hierro y óxidos de hierro.,Iron pyrites and iron oxides.
24311520,Hidróxido de sodio.,Sodium hydroxide.
24311521,Sosa cáustica.,Caustic soda.
24311522,Lejía de sosa cáustica.,Liquid soda.
24311600,Compuestos de azufre.,Sulphur compounds.
24311700,Azufre.,Sulphur.
24311800,Carbono.,Carbon.
24311900,Cloro.,Chlorine.
24312000,"Halogenatos metálicos; hipocloritos, cloratos y percloratos.","Metallic halogenates; hypochlorites, chlorates and perchlorates."
24312100,Halogenatos metálicos.,Metallic halogenates.
24312110,Hexafluorosilicato de sodio.,Sodium hexafluorosilicate.
24312120,Cloruros.,Chlorides.
24312121,Cloruro de aluminio.,Aluminium chloride.
24312122,Cloruro férrico.,Ferric chloride.
24312123,Policloruro de aluminio.,Poly aluminium chloride.
24312130,Clorhidrato de aluminio.,Aluminium chlorohydrate.
24312200,Hipocloritos y cloratos.,Hypochlorites and chlorates.
24312210,Clorito de sodio.,Sodium chlorite.
24312220,Hipoclorito de sodio.,Sodium hypochlorite.
24313000,"Sulfuros, sulfatos; nitratos, fosfatos y carbonatos.","Sulphides, sulphates; nitrates, phosphates and carbonates."
24313100,"Sulfuros, sulfitos y sulfatos.","Sulphides, sulphites and sulphates."
24313110,Sulfuros diversos.,Miscellaneous sulphides.
24313111,Sulfuro de hidrógeno.,Hydrogen sulphide.
24313112,Polisulfuros.,Polysulphides.
24313120,Sulfatos.,Sulphates.
24313121,Tiosulfato de sodio.,Sodium thiosulphate.
24313122,Sulfato férrico.,Ferric sulphate.
24313123,Sulfato de aluminio.,Sulphate of aluminium.
24313124,Sulfato de sodio.,Sodium sulphate.
24313125,Sulfato de hierro.,Iron sulphate.
24313126,Sulfato de cobre.,Copper sulphate.
24313200,"Fosfinatos, fosfonatos, fosfatos y polifosfatos.","Phosphinates, phosphonates, phosphates and polyphosphates."
24313210,Hexametafosfato de sodio.,Sodium hexametaphosphate.
24313220,Fosfatos.,Phosphates.
24313300,Carbonatos.,Carbonates.
24313310,Carbonato de sodio.,Sodium carbonate.
24313320,Bicarbonato de sodio.,Sodium bicarbonate.
24313400,Nitratos.,Nitrates.
24314000,Sales metálicas de ácidos diversas.,Miscellaneous metal acid salts.
24314100,Permanganato potásico.,Potassium permanganate.
24314200,Sales de ácidos oxometálicos.,Oxometallic acid salts.
24315000,Productos químicos inorgánicos diversos.,Miscellaneous inorganic chemicals.
24315100,"Agua pesada, otros isótopos y sus compuestos.","Heavy water, other isotopes and their compounds."
24315200,"Cianuros, oxicianuros, fulminatos, cianatos, silicatos, boratos, perboratos, sales de ácidos inorgánicos.","Cyanide, cyanide oxide, fulminates, cyanates, silicates, borates, perborates, salts of inorganic acids."
24315210,Cianuros.,Cyanides.
24315220,Oxicianuro.,Cyanide oxide.
24315230,Fulminatos.,Fulminates.
24315240,Cianatos.,Cyanates.
24315300,Peróxido de hidrógeno.,Hydrogen peroxide.
24315400,Cuarzo piezoeléctrico.,Piezo-electric quartz.
24315500,Compuestos de metales del grupo de las tierras raras.,Compounds of rare earth metals.
24315600,Silicatos.,Silicates.
24315610,Silicato de sodio.,Sodium silicate.
24315700,Boratos y perboratos.,Borates and perborates.
24316000,Agua destilada.,Distilled water.
24317000,Piedras sintéticas.,Synthetic stones.
24317100,Piedras preciosas sintéticas.,Synthetic precious stones.
24317200,Piedras semipreciosas sintéticas.,Synthetic semi-precious stones.
24320000,Productos químicos orgánicos básicos.,Basic organic chemicals.
24321000,Hidrocarburos.,Hydrocarbons.
24321100,Hidrocarburos saturados.,Saturated hydrocarbons.
24321110,Hidrocarburos acíclicos saturados.,Saturated acyclic hydrocarbons.
24321111,Metano.,Methane.
24321112,Etileno.,Ethylene.
24321113,Propeno.,Propene.
24321114,Buteno.,Butene.
24321115,Acetileno.,Acetylene.
24321120,Hidrocarburos cíclicos saturados.,Saturated cyclic hydrocarbons.
24321200,Hidrocarburos no saturados.,Unsaturated hydrocarbons.
24321210,Hidrocarburos acíclicos no saturados.,Unsaturated acyclic hydrocarbons.
24321220,Hidrocarburos cíclicos no saturados.,Unsaturated cyclic hydrocarbons.
24321221,Benceno.,Benzene.
24321222,Tolueno.,Toluene.
24321223,o-Xilenos.,O-xylenes.
24321224,m-Xilenos.,M-xylenes.
24321225,Estireno.,Styrene.
24321226,Etilbenceno.,Ethylbenzene.
24321300,Otros derivados halogenados de hidrocarburos.,Other halogenated derivatives of hydrocarbons.
24321310,Tetracloroetileno.,Tetrachloroethylene.
24321320,Tetracloruro de carbono.,Carbon tetrachloride.
24322000,"Alcoholes, fenoles, alcoholes fenólicos y sus derivados halogenados, sulfonados, nitrados o nitrosados; alcoholes grasos industriales.","Alcohols, phenols, phenol-alcohols and their halogenated, sulphonated, nitrated or nitrosated derivatives; industrial fatty alcohols."
24322100,Alcoholes grasos industriales.,Industrial fatty alcohols.
24322200,Monoalcoholes.,Monohydric alcohols.
24322210,Metanol.,Methanol.
24322220,Etanol.,Ethanol.
24322300,"Dioles, polialcoholes y sus derivados.","Diols, polyalcohols and derivatives."
24322310,Etilenglicol.,Ethylene glycol.
24322320,Derivados de alcoholes.,Alcohol derivatives.
24322400,Fenoles y sus derivados.,Phenols and derivatives.
24322500,Alcohol.,Alcohol.
24322510,Alcohol etílico.,Ethyl alcohol.
24323000,Ácidos grasos monocarboxílicos industriales.,Industrial monocarboxylic fatty acids.
24323100,Aceites ácidos de refinado.,Acid oils from refining.
24323200,Ácidos carboxílicos.,Carboxylic acids.
24323210,Ácido acético.,Acetic acid.
24323220,Ácido peracético.,Peracetic acid.
24323300,Ácidos monocarboxílicos insaturados y sus compuestos.,Unsaturated monocarboxylic acids and compounds.
24323310,Ésteres de ácido metacrílico.,Esters of methacrylic acid.
24323320,Ésteres de ácido acrílico.,Esters of acrylic acid.
24323400,Ácidos aromáticos policarboxílicos y carboxílicos.,Aromatic polycarboxylic and carboxylic acids.
24324000,Compuestos orgánicos con funciones nitrogenadas.,Organic compounds with nitrogen functions.
24324100,Compuestos con función amina.,Amine function compounds.
24324200,Compuestos aminados con funciones oxigenadas.,Oxygen-function amino-compounds.
24324300,Ureínas.,Ureines.
24324400,Compuestos con funciones nitrogenadas.,Compounds with nitrogen functions.
24325000,Tiocompuestos orgánicos.,Organo-sulphur compounds.
24326000,"Aldehído, cetona, peróxidos orgánicos y éteres.","Aldehyde, ketone, organic peroxides and ethers."
24326100,Compuestos con función aldehído.,Aldehyde function compounds.
24326200,Compuestos con función cetona y quinona.,Ketone and quinone function compounds.
24326300,Peróxidos orgánicos.,Organic peroxides.
24326310,Óxido de etileno.,Ethylene oxide.
24326320,Éteres.,Ethers.
24327000,Productos químicos orgánicos diversos.,Miscellaneous organic chemicals.
24327100,Derivados vegetales para teñido.,Vegetable derivatives for dyeing.
24327200,Carbón vegetal.,Wood charcoal.
24327300,"Aceites y productos de la destilación del alquitrán de hulla a alta temperatura, brea y alquitrán de brea.","Oils and products of the distillation of high-temperature coal tar, pitch and pitch tar."
24327310,Alquitrán de hulla.,Coal tar.
24327311,Creosota.,Creosote.
24327320,Brea.,Pitch.
24327330,Alquitrán de brea.,Pitch tar.
24327400,Productos de resina.,Resin products.
24327500,Lejías residuales de la fabricación de pasta de madera.,Residual lyes from the manufacture of wood pulp.
24400000,Abonos y compuestos nitrogenados.,Fertilisers and nitrogen compounds.
24410000,Abonos nitrogenados.,Nitrogenous fertilisers.
24411000,Ácido nítrico y sus sales.,Nitric acid and salts.
24411100,Nitrato de sodio.,Sodium nitrate.
24412000,Ácidos sulfonítricos.,Sulphonitric acids.
24413000,Amoníaco.,Ammonia.
24413100,Amoníaco líquido.,Liquid ammonia.
24413200,Cloruro amónico.,Ammonium chloride.
24413300,Sulfato amónico.,Ammonium sulphate.
24420000,Abonos fosfatados.,Phosphatic fertilisers.
24421000,Abonos minerales fosfatados.,Mineral phosphatic fertilisers.
24422000,Abonos químicos fosfatados.,Chemical phosphatic fertilisers.
24430000,Abonos de origen animal o vegetal.,Animal or vegetal fertilisers.
24440000,Abonos diversos.,Miscellaneous fertilisers.
24450000,Productos agroquímicos.,Agro-chemical products.
24451000,Pesticidas.,Pesticides.
24452000,Insecticidas.,Insecticides.
24453000,Herbicidas.,Herbicides.
24454000,Reguladores del crecimiento de las plantas.,Plant-growth regulators.
24455000,Desinfectantes.,Disinfectants.
24456000,Rodenticidas.,Rodenticides.
24457000,Fungicidas.,Fungicides.
24500000,Materias plásticas en formas primarias.,Plastics in primary forms.
24510000,Polímeros de etileno en formas primarias.,Primary-form polymers of ethylene.
24520000,Polímeros de propileno en formas primarias.,Primary-form polymers of propylene.
24530000,Polímeros de estireno en formas primarias.,Primary-form polymers of styrene.
24540000,Polímeros de vinilo en formas primarias.,Primary-form of vinyl polymers.
24541000,Polímeros de acetato de vinilo en formas primarias.,Primary-form polymers of vinyl acetate.
24542000,Polímeros acrílicos en formas primarias.,Primary-form acrylic polymers.
24550000,Poliésteres en formas primarias.,Primary-form of polyesters.
24560000,Poliamidas en formas primarias.,Primary-form polyamides.
24570000,Resinas uréicas en formas primarias.,Primary-form urea resins.
24580000,Resinas amínicas en formas primarias.,Primary-form amino-resins.
24590000,Siliconas en formas primarias.,Primary-form silicones.
24600000,Explosivos.,Explosives.
24610000,Explosivos preparados.,Prepared explosives.
24611000,Pólvoras de carga de proyección.,Propellant powders.
24611100,"Propergoles, combustibles.",Propergol fuels.
24612000,Explosivos diversos.,Miscellaneous explosives.
24612100,Dinamita.,Dynamite.
24612200,TNT.,TNT.
24612300,Nitroglicerina.,Nitro-glycerine.
24613000,"Cohetes de señales, cohetes granífugos, señales para la niebla y artículos de pirotecnia.","Signalling flares, rain rockets, fog signals and pyrotechnic articles."
24613100,Cartuchos para espantar pájaros.,Bird-scaring cartridges.
24613200,Fuegos artificiales.,Fireworks.
24615000,"Mechas, cápsulas, inflamadores y detonadores eléctricos.","Fuses, caps, igniters and electric detonators."
24900000,Productos químicos puros y otros productos químicos.,Fine and various chemical products.
24910000,Colas.,Glues.
24911000,Gelatinas.,Gelatines.
24911200,Adhesivos.,Adhesives.
24920000,Aceites esenciales.,Essential oils.
24930000,Productos químicos para fotografía.,Photographic chemicals.
24931000,Placas y películas fotográficas.,Photographic plates and films.
24931200,Emulsiones para uso fotográfico.,Emulsions for photographic use.
24931210,Reveladores fotográficos.,Photographic developers.
24931220,Fijadores fotográficos.,Photographic fixers.
24931230,Reveladores para radiografías.,X-ray developers.
24931240,Fijadores para radiografías.,X-ray fixers.
24931250,Medios de cultivo.,Culture medium.
24931260,Intensificadores de imagen.,Image intensifiers.
24950000,Productos químicos para fines específicos.,Specialised chemical products.
24951000,Grasas y lubricantes.,Greases and lubricants.
24951100,Lubricantes.,Lubricants.
24951110,Lodo de perforación.,Drilling mud.
24951120,Grasa de silicio.,Silicon grease.
24951130,Fluidos de perforación.,Drilling fluids.
24951200,Aditivos para aceites.,Additives for oils.
24951210,Polvo para extintores de incendios.,Fire-extinguisher powder.
24951220,Agentes para extintores de incendios.,Fire-extinguisher agents.
24951230,Cargas para extintores de incendios.,Fire-extinguisher charges.
24951300,Fluidos hidráulicos.,Hydraulic fluids.
24951310,Agentes para descongelar.,De-icing agents.
24951311,Preparaciones anticongelantes.,Anti-freezing preparations.
24951400,Grasas y aceites químicamente modificados.,Chemically-modified fats and oils.
24952000,Pastas para modelar.,Modelling pastes.
24952100,Cera dental.,Dental wax.
24953000,Agentes de acabado.,Finishing agents.
24954000,Carbón activado.,Activated carbon.
24954100,Carbón activado nuevo.,New activated carbon.
24954200,Carbón activado regenerado.,Regenerated activated carbon.
24955000,Recipientes inodoros de sustancias químicas.,Chemical toilets.
24956000,Peptonas y sustancias protéicas.,Peptones and protein substances.
24957000,Aditivos químicos.,Chemical additives.
24957100,Preparaciones aglutinantes para moldes o núcleos de fundición.,Prepared binders for foundry moulds or cores.
24957200,"Aditivos para cemento, mortero u hormigón.","Additives for cements, mortars or concretes."
24958000,Productos químicos para la industria del petróleo y del gas.,Chemical products for the oil and gas industry.
24958100,Productos químicos para fondo de pozo.,Downhole chemicals.
24958200,Agentes floculantes.,Flocculating agents.
24958300,Productos químicos para lodos.,Mud chemicals.
24958400,Ampollas de gel para atraque de explosivos.,Gel ampoules for stemming explosives.
24959000,Aerosoles y productos químicos en forma de disco.,Aerosols and chemicals in disc form.
24959100,Aerosoles.,Aerosols.
24959200,Elementos químicos en forma de disco.,Chemical elements in disc form.
24960000,Productos químicos diversos.,Various chemical products.
24961000,Fluidos para radiador.,Radiator fluids.
24962000,Productos químicos para tratamiento del agua.,Water-treatment chemicals.
24963000,Productos anticorrosión.,Anti-corrosion products.
24964000,Glicerol.,Glycerol.
24965000,Enzimas.,Enzymes.
30000000,"Máquinas, equipo y artículos de oficina y de informática, excepto mobiliario y paquetes de software.","Office and computing machinery, equipment and supplies except furniture and software packages."
30100000,"Máquinas, equipo y artículos de oficina, excepto ordenadores, impresoras y mobiliario.","Office machinery, equipment and supplies except computers, printers and furniture."
30110000,Máquinas de tratamiento de textos.,Word-processing machines.
30111000,Procesadores de texto.,Word processors.
30120000,"Fotocopiadoras, máquinas offset e impresoras.",Photocopying and offset printing equipment.
30121000,Fotocopiadoras y aparatos termocopiadores.,Photocopying and thermocopying equipment.
30121100,Fotocopiadoras.,Photocopiers.
30121200,Equipo de fotocopiado.,Photocopying equipment.
30121300,Equipo de reproducción.,Reproduction equipment.
30121400,Máquinas de sacar copias.,Duplicating machines.
30121410,Conmutadores teléfono-fax.,Faxswitch machines.
30121420,Escáneres digitales con sistema de envío.,Digital senders.
30121430,Duplicadores digitales.,Digital duplicators.
30122000,Impresoras offset del tipo de las de oficina.,Office-type offset printing machinery.
30122100,Sistemas de impresión offset digital.,Digital offset systems.
30122200,Equipos de impresión offset digital.,Digital offset equipments.
30123000,Máquinas de oficina.,Office and business machines.
30123100,Máquinas para validación de billetes.,Ticket-validation machines.
30123200,Cajeros automáticos.,Automatic cash dispensers.
30123300,Multicopistas.,Stencil duplicating machines.
30123400,Máquinas de plegado.,Folding machines.
30123500,Perforadoras.,Perforation machines.
30123600,Máquinas para la manipulación de monedas.,Coin-handling machines.
30123610,Máquinas para clasificar monedas.,Coin-sorting machines.
30123620,Máquinas para contar monedas.,Coin-counting machines.
30123630,Máquinas para empaquetar monedas.,Coin-wrapping machines.
30124000,Partes y accesorios de máquinas de oficina.,Parts and accessories of office machines.
30124100,Fusores.,Fusers.
30124110,Aceite para fusores.,Fuser oil.
30124120,Fieltro limpiador del fusor.,Fuser wiper.
30124130,Lámparas del fusor.,Fuser lamps.
30124140,Almohadilla de limpieza del fusor.,Fuser cleaning pad.
30124150,Filtros de fusor.,Fuser filters.
30124200,Kits del fusor.,Fuser kits.
30124300,Tambores de máquinas de oficina.,Drums for office machine.
30124400,Cartuchos de grapas.,Staple cartridges.
30124500,Accesorios para escáner.,Scanner accessories.
30124510,Endosadores para escáner.,Endorsers.
30124520,Alimentadores de documentos para escáner.,Scanner document feeders.
30124530,Adaptadores de transparencias para escáner.,Scanner transparency adapters.
30125000,Partes y accesorios de fotocopiadoras.,Parts and accessories of photocopying apparatus.
30125100,Cartuchos de toner.,Toner cartridges.
30125110,Tóner para faxes e impresoras láser.,Toner for laser printers/fax machines.
30125120,Tóner para fotocopiadoras.,Toner for photocopiers.
30125130,Tóner para centros de proceso de datos y centros de investigación y documentación.,Toner for Data-processing and Research and Documentation centres.
30130000,Equipo para oficinas de correos.,Post-office equipment.
30131000,Equipo para procesamiento de correspondencia.,Mailroom equipment.
30131100,Máquinas para doblado de papel o sobres.,Paper or envelope folding machines.
30131200,Máquinas para rellenado de sobres.,Envelope-stuffing machines.
30131300,Máquinas para impresión de direcciones.,Addressing machines.
30131400,Máquinas para franqueo.,Postage machines.
30131500,Máquinas abrecartas.,Mail opening machines.
30131600,Máquinas para cerrar el correo.,Mail sealing machines.
30131700,Máquinas de matasellar.,Stamp canceling machines.
30131800,Máquinas pegadoras de sellos.,Stamp affixers.
30132000,Equipo para clasificación.,Sorting equipment.
30132100,Equipo para clasificación de correspondencia.,Mail-sorting equipment.
30132200,Máquinas contadoras de billetes.,Banknote counting machines.
30132300,Clasificadoras.,Sorters.
30133000,Equipo para envío de correspondencia.,Mailing equipment.
30133100,Equipo para el envío de correspondencia en grandes cantidades.,Bulk-mailing equipment.
30140000,Máquinas de calcular y máquinas de contabilidad.,Calculating and accounting machines.
30141000,Máquinas de calcular.,Calculating machines.
30141100,Calculadoras de bolsillo.,Pocket calculators.
30141200,Calculadoras de oficina.,Desktop calculators.
30141300,Calculadoras impresoras.,Printing calculators.
30141400,Sumadoras.,Adding machines.
30142000,Máquinas de contabilidad y cajas registradoras.,Accounting machines and cash registers.
30142100,Máquinas de contabilidad.,Accounting machines.
30142200,Cajas registradoras.,Cash registers.
30144000,Máquinas del tipo de las de calcular.,Calculation-type machines.
30144100,Máquinas de franquear.,Postage-franking machines.
30144200,Máquinas expendedoras de billetes.,Ticket-issuing machines.
30144300,Máquinas para contar vehículos.,Vehicle-counting machines.
30144400,Sistema de cobro automático.,Automatic fare collection.
30145000,Partes y accesorios de máquinas de calcular.,Parts and accessories calculating machines.
30145100,Rollos de papel para calculadoras.,Calculator rolls.
30150000,Máquinas de escribir.,Typewriters.
30151000,Máquinas de escribir electrónicas.,Electronic typewriters.
30152000,Partes y accesorios de máquinas de escribir.,Parts and accessories of typewriters.
30160000,Tarjetas magnéticas.,Magnetic cards.
30161000,Tarjetas de crédito.,Credit cards.
30162000,Tarjetas inteligentes.,Smart cards.
30163000,Tarjetas de débito.,Charge cards.
30163100,Tarjetas para la compra de carburante.,Agency fuel cards.
30170000,Etiquetadoras.,Labelling machines.
30171000,Fechadores y numeradores.,Dating or numbering machines.
30172000,Máquinas para la impresión de tarjetas de identificación.,Identification ID press machines.
30173000,Máquinas para la colocación de etiquetas.,Label applying machines.
30174000,Máquinas para la elaboración de etiquetas.,Label making machines.
30175000,Equipos de rotulación.,Lettering equipment.
30176000,Rotuladoras manuales de cinta.,Tape embosser.
30177000,Sistemas automáticos de etiquetado.,Automatic labelling systems.
30178000,Sistemas semiautomáticos de etiquetado.,Semi automatic labelling systems.
30179000,Dispensadores de etiquetas.,Label dispensers.
30180000,Máquinas de escribir y endosar cheques.,Check endorsing and writing machines.
30181000,Endosadores de cheques.,Check endorsing machines.
30182000,Máquinas de escribir cheques.,Check writing machines.
30190000,Equipo y artículos de oficina diversos.,Various office equipment and supplies.
30191000,Equipos de oficina excepto mobiliario.,Office equipment except furniture.
30191100,Equipo de archivo.,Filing equipment.
30191110,Sistemas carrusel para clasificación de tarjetas.,Card carousel systems.
30191120,Revisteros.,Magazine racks.
30191130,Portablocs de pinza.,Clipboards.
30191140,Accesorios para credenciales de identificación.,Personal identification accessories.
30191200,Retroproyectores.,Overhead projectors.
30191400,Máquinas destructoras de documentos.,Shredders.
30192000,Artículos de oficina.,Office supplies.
30192100,Gomas de borrar.,Erasers.
30192110,Productos de tinta.,Ink products.
30192111,Tampones.,Ink pads.
30192112,Tinta para impresoras.,Ink sources for printing machinery.
30192113,Cartuchos de tinta.,Ink cartridges.
30192121,Bolígrafos.,Ballpoint pens.
30192122,Plumas estilográficas.,Fountain pens.
30192123,Rotuladores con punta fibrosa.,Fibre pens.
30192124,Rotuladores.,Felt-tipped pens.
30192125,Marcadores.,Markers.
30192126,Rotuladores técnicos.,Technical pens.
30192127,Portaplumas.,Pen holders.
30192130,Lápices.,Pencils.
30192131,Portaminas.,Propelling or sliding pencils.
30192132,Minas para lápices y portaminas.,Pencil lead refills.
30192133,Sacapuntas.,Pencil sharpeners.
30192134,Portalápices.,Pencil holders.
30192150,Sellos de fecha.,Date stamps.
30192151,Sellos para lacrar.,Sealing stamps.
30192152,Sellos numeradores.,Numbering stamps.
30192153,Sellos de texto.,Phrase stamps.
30192154,Almohadillas de recambio para tampones de tinta.,Replacement stamp pads.
30192155,Portasellos.,Office stamp holders.
30192160,Correctores.,Correctors.
30192170,Tableros de anuncios para oficina.,Notice boards.
30192200,Cintas métricas.,Measuring tapes.
30192300,Cintas entintadas.,Ink ribbons.
30192310,Cintas para máquinas de escribir.,Typewriter ribbons.
30192320,Cintas de impresora.,Printer ribbons.
30192330,Rodillos y cintas para calculadoras.,Calculator ribbons and drums.
30192340,Cintas térmicas para faxes.,Facsimile ribbons.
30192350,Cintas para cajas registradoras.,Cash register ribbons.
30192400,Material de reprografía.,Reprographic supplies.
30192500,Transparencias para retroproyectores.,Overhead transparencies.
30192600,Tableros de dibujo.,Drawing boards.
30192700,Papelería.,Stationery.
30192800,Etiquetas autoadhesivas.,Self-adhesive labels.
30192900,Sistemas de corrección.,Correction media.
30192910,Cinta o película correctora.,Correction film or tape.
30192920,Líquidos correctores.,Correction fluid.
30192930,Lápices correctores.,Correction pens.
30192940,Recambios para correctores.,Correction pen refills.
30192950,Borradores eléctricos.,Electrical erasers.
30193000,Organizadores de despacho y accesorios.,Organisers and accessories.
30193100,Cajas para organizar documentos.,Desk drawer organisers.
30193200,Bandejas para organizar documentos.,Desktop trays or organisers.
30193300,Organizadores colgantes.,Hanging organisers.
30193400,Sujetalibros.,Book ends.
30193500,Estante expositor.,literature rack.
30193600,Soportes para agendas y calendarios.,Support for diaries or calendars.
30193700,Cajas archivadoras.,File storage box.
30193800,Portamensajes.,Message holders.
30193900,Portacopias.,Copy holders.
30194000,Artículos de dibujo.,Drafting supplies.
30194100,Plantillas para curvas.,Curves.
30194200,"Puntos, cintas y películas para diseño.","Drafting dots, tapes and films."
30194210,Puntos o cintas de diseño.,Drafting dots or tapes.
30194220,Películas (láminas) de diseño.,Drafting films.
30194300,"Juegos, estuches y papeles para diseño.","Drafting kits, sets and papers."
30194310,Juegos o estuches para diseño.,Drafting kits or sets.
30194320,Papeles para diseño.,Drafting papers.
30194400,Cubiertas de mesas de dibujo.,Drafting table covers.
30194500,Artículos para rotulación.,Lettering aids.
30194600,Transportadores de ángulos.,Protractors.
30194700,Plantillas.,Templates.
30194800,Reglas en T y cartabones.,T-squares and triangles.
30194810,Reglas en T.,T-squares.
30194820,Cartabones.,Triangles.
30194900,Cubiertas de protección de superficies de trabajo.,Work surface protection covers.
30195000,Tableros.,Boards.
30195100,Tableros de planificación o accesorios.,Planning boards or accessories.
30195200,Tableros electrónicos o accesorios.,Electronic copyboards or accessories.
30195300,Paneles de letras o accesorios.,Letter boards or accessories.
30195400,Pizarras de borrado en seco o accesorios.,Dry erase boards or accessories.
30195500,Pizarras o accesorios.,Chalk boards or accessories.
30195600,Tablones de anuncios o accesorios.,Bulletin boards or accessories.
30195700,Equipos o accesorios para limpieza de pizarras y tableros.,Board cleaning kits or accessories.
30195800,Rieles y soportes colgantes.,Hanging rails or holders.
30195900,Pizarras blancas y pizarras magnéticas.,Whiteboards and magnetic boards.
30195910,Tableros blancos.,Whiteboards.
30195911,Accesorios para pizarras blancas.,Whiteboard accessories.
30195912,Caballetes para pizarras blancas.,Whiteboard easels.
30195913,Caballetes para rotafolios.,Flipchart easels.
30195920,Pizarras magnéticas.,Magnetic boards.
30195921,Borradores para pizarras magnéticas.,Erasers for magnetic boards.
30196000,Planificadores.,Planning systems.
30196100,Planificadores de reuniones.,Meeting planners.
30196200,"Dietarios, agendas y sus recambios.",Appointment books or refills.
30196300,Buzón de sugerencias.,Suggestion box.
30197000,Material de oficina de pequeña envergadura.,Small office equipment.
30197100,"Grapas, chinchetas y alfileres.","Staples, tacks, drawing pins."
30197110,Grapas.,Staples.
30197120,Tachuelas.,Tacks.
30197130,Chinchetas.,Drawing pins.
30197200,Carpetas de anillas y clips para papeles.,Ring binders and paper clips.
30197210,Carpetas de anillas.,Ring binders.
30197220,Clips para papeles.,Paper clips.
30197221,Portaclips.,Paperclip holder.
30197300,"Abrecartas, grapadoras y perforadoras de papel.","Letter openers, staplers and hole punches."
30197310,Abrecartas.,Letter openers.
30197320,Grapadoras.,Staplers.
30197321,Quitagrapas.,Staple removers.
30197330,Perforadoras de papel.,Hole punches.
30197400,Esponja para sellos.,Stamp sponge.
30197500,Cera de lacrado.,Sealing wax.
30197510,Accesorios para lacrado a la cera.,Sealing wax accessories.
30197600,Papel y cartón elaborados.,Processed paper and paperboard.
30197610,Papel y cartón mixtos.,Composite paper and paperboard.
30197620,Papel para escribir.,Writing paper.
30197621,Soporte para rotafolios.,Flipchart pad.
30197630,Papel de impresión.,Printing paper.
30197640,Papel autocopia u otros papeles para copiar.,Self-copy or other copy paper.
30197641,Papel termográfico.,Thermographic paper.
30197642,Papel para fotocopiadora y papel xerográfico.,Photocopier paper and xerographic paper.
30197643,Papel para fotocopiadora.,Photocopier paper.
30197644,Papel xerográfico.,Xerographic paper.
30197645,Tarjetas para imprimir.,Card for printing.
30198000,Máquinas de lotería.,Lottery machines.
30198100,Máquinas tragaperras.,Pulling machines.
30199000,Artículos de papelería y otros artículos.,Paper stationery and other items.
30199100,"Papel carbón, papel autocopia, clisés para multicopista y papel sin carbón.","Carbon paper, self-copy paper, paper duplicator stencils and carbonless paper."
30199110,Papel carbón.,Carbon paper.
30199120,Papel autocopia.,Self-copy paper.
30199130,Papel autocopiativo.,Carbonless paper.
30199140,Clisés para multicopista.,Paper duplicator stencils.
30199200,"Sobres, sobres-carta y tarjetas postales sin ilustrar.","Envelopes, letter cards and plain postcards."
30199210,Sobres-carta.,Letter cards.
30199220,Tarjetas postales sin ilustrar.,Plain postcards.
30199230,Sobres.,Envelopes.
30199240,Juegos de sobres para envíos de promoción y similares.,Mailing kit.
30199300,Papel gofrado o perforado.,Embossed or perforated paper.
30199310,Papel de impresión gofrado o perforado.,Embossed or perforated printing paper.
30199320,Papel para escribir gofrado o perforado.,Embossed or perforated writing paper.
30199330,Papel continuo para impresoras.,Continuous paper for computer printers.
30199340,Formularios continuos.,Continuous forms.
30199400,Papel engomado o adhesivo.,Gummed or adhesive paper.
30199410,Papel autoadhesivo.,Self-adhesive paper.
30199500,"Archivadores, clasificadores de cartas, cajas de almacenaje y artículos análogos.","Box files, letter trays, storage boxes and similar articles."
30199600,Separadores.,Dividers for stationery.
30199700,"Artículos de papelería impresos, excepto formularios.",Printed stationery except forms.
30199710,Sobres impresos.,Printed envelopes.
30199711,Sobres con ventana impresos.,Printed window envelopes.
30199712,Sobres sin ventana impresos.,Printed non-window envelopes.
30199713,Sobres para radiografías impresos.,Printed X-ray envelopes.
30199720,Papel de carta.,Notepaper.
30199730,Tarjetas de visita comerciales.,Business cards.
30199731,Tarjeteros.,Business card holders.
30199740,Tarjetas de cortesía.,Compliment slips.
30199750,Cupones.,Coupons.
30199760,Etiquetas.,Labels.
30199761,Etiquetas de código de barras.,Bar-coded labels.
30199762,Etiquetas para equipaje.,Luggage tags.
30199763,Etiquetas antirrobo.,Theft protection labels.
30199770,Cheques restaurante.,Luncheon vouchers.
30199780,Cartapacios.,Blotting pads.
30199790,Horarios.,Timetables.
30199791,Planificadores de pared.,Wall planners.
30199792,Calendarios.,Calendars.
30199793,Soporte de agenda.,Diary stands.
30200000,Equipo y material informático.,Computer equipment and supplies.
30210000,Máquinas procesadoras de datos (hardware).,Data-processing machines (hardware).
30211000,Ordenador «mainframe».,Mainframe computer.
30211100,Superordenador.,Super computer.
30211200,Equipo informático de unidad central.,Mainframe hardware.
30211300,Plataformas informáticas.,Computer platforms.
30211400,Configuraciones informáticas.,Computer configurations.
30211500,Unidad central de procesamiento (CPU) o procesadores.,Central processing unit (CPU) or processors.
30212000,Equipo informático para miniordenadores.,Minicomputer hardware.
30212100,Unidades centrales de proceso para miniordenadores.,Central processing units for minicomputers.
30213000,Ordenadores personales.,Personal computers.
30213100,Ordenadores portátiles.,Portable computers.
30213200,Tabletas digitales.,Tablet computer.
30213300,Ordenadores de mesa.,Desktop computer.
30213400,Unidades centrales de proceso para ordenadores personales.,Central processing units for personal computers.
30213500,Ordenadores de bolsillo.,Pocket computers.
30214000,Puestos de trabajo.,Workstations.
30215000,Equipo informático para microordenadores.,Microcomputer hardware.
30215100,Unidades centrales de proceso para microordenadores.,Central processing units for microcomputers.
30216000,Lectores magnéticos u ópticos.,Magnetic or optical readers.
30216100,Lectores ópticos.,Optical readers.
30216110,Escáneres para uso informático.,Scanners for computer use.
30216120,Equipo de reconocimiento óptico de caracteres.,Optical-character-recognition equipment.
30216130,Lectores de códigos de barras.,Barcode readers.
30216200,Lectores de tarjetas magnéticas.,Magnetic card readers.
30216300,Lectores de tarjetas perforadas.,Punchcard readers.
30220000,Equipo de cartografía digital.,Digital cartography equipment.
30221000,Planos catastrales digitales.,Digital cadastral maps.
30230000,Equipo relacionado con la informática.,Computer related equipment.
30231000,Pantallas de ordenador y consolas.,Computer screens and consoles.
30231100,Terminales informáticos.,Computer terminals.
30231200,Consolas.,Consoles.
30231300,Pantallas de visualización.,Display screens.
30231310,Monitores de pantalla plana.,Flat panel displays.
30231320,Monitores de pantalla táctil.,Touch screen monitors.
30232000,Periféricos.,Peripheral equipment.
30232100,Impresoras y trazadores gráficos.,Printers and plotters.
30232110,Impresoras láser.,Laser printers.
30232120,Impresoras matriciales de puntos.,Dot-matrix printers.
30232130,Impresoras para gráficos en color.,Colour graphics printers.
30232140,Trazadores gráficos.,Plotters.
30232150,Impresoras de chorro de tinta.,Inkjet printers.
30232600,Codificadores.,Encoders.
30232700,Unidad central de control.,Central controlling unit.
30233000,Dispositivos multimedia de almacenamiento y lectura.,Media storage and reader devices.
30233100,Unidades de memoria.,Computer storage units.
30233110,Unidades de memoria de tarjeta magnética.,Magnetic card storage units.
30233120,Unidades de memoria de cinta magnética.,Magnetic tape storage units.
30233130,Unidades de memoria de disco magnético.,Magnetic disk storage units.
30233131,Unidades de disco flexible.,Floppy-disk drives.
30233132,Unidades de disco duro.,Hard-disk drives.
30233140,Dispositivos de memoria de acceso directo.,Direct-access storage devices (DASD).
30233141,Sistemas RAID (Redundant Array of Independent Disk).,Redundant Array of Independent Disk (RAID).
30233150,Unidades de disco óptico.,Optical-disk drives.
30233151,Reproductores o duplicadores de discos compactos (CD).,Compact disk (CD) reader and/or burner.
30233152,Reproductores o duplicadores de discos versátiles digitales (DVD).,Digital versatile disc (DVD) reader and/or burner.
30233153,Reproductores o duplicadores de discos compactos (CD) y discos versátiles digitales (DVD).,Compact disk (CD) and digital versatile disk (DVD) reader and/or burner.
30233160,Bobinadores en continuo.,Tape streamers.
30233161,Equipo para manipulación de casetes.,Cassette-handling equipment.
30233170,Carruseles.,Carousel units.
30233180,Dispositivos de almacenamiento de memoria flash.,Flash memory storage devices.
30233190,Controlador de discos.,Disk controller.
30233300,Lectores de tarjetas inteligentes.,Smart card readers.
30233310,Lectores de huellas dactilares.,Fingerprint readers.
30233320,Lectores combinados de tarjetas inteligentes y huellas dactilares.,Combined smart card and fingerprint readers.
30234000,Soportes de almacenamiento.,Storage media.
30234100,Discos magnéticos.,Magnetic disk.
30234200,Discos ópticos.,Optical disks.
30234300,Discos compactos (CD).,Compact disks (CDs).
30234400,Discos versátiles digitales (DVD).,Digital versatile disks (DVDs).
30234500,Soportes de memoria.,Memory storage media.
30234600,Memorias flash.,Flash memory.
30234700,Cintas magnéticas.,Magnetic tapes.
30236000,Equipo informático diverso.,Miscellaneous computer equipment.
30236100,Equipo para ampliación de memoria.,Memory-expansion equipment.
30236110,Memorias RAM (Random Access Memory).,Random access memory (RAM).
30236111,Memorias DRAM (Dynamic Random Access Memory).,Dynamic random access memory (DRAM).
30236112,Memorias SRAM (Static Random Access Memory).,Static random access memory (SRAM).
30236113,Memorias SDRAM (Synchronous Dynamic Random Access Memory).,Synchronous dynamic random access memory (SDRAM).
30236114,Memorias RDRAM (Rambus Dynamic Random Access Memory).,Rambus dynamic random access memory (RDRAM).
30236115,Memorias SGRAM (Synchronous Graphic Random Access Memory).,Synchronous graphic random access memory (SGRAM).
30236120,Memoria ROM (Read Only Memory).,Read only memory (ROM).
30236121,Memoria PROM (Programmable Read Only Memory).,Programmable read only memory (PROM).
30236122,Memoria EPROM (Erasable Programmable Read Only Memory).,Erasable programmable read only memory (EPROM).
30236123,Memoria EEPROM (Electronically Erasable Programmable Read Only Memory).,Electronically erasable programmable read only memory (EEPROM).
30236200,Procesador de datos.,Data-processing equipment.
30237000,"Partes, accesorios y suministros para ordenadores.","Parts, accessories and supplies for computers."
30237100,Partes de ordenadores.,Parts of computers.
30237110,Interfaces de red.,Network interfaces.
30237120,Puertos de ordenador.,Computer ports.
30237121,Puertos infrarrojos en serie.,Serial infrared ports.
30237130,Fichas informáticas.,Computer cards.
30237131,Fichas electrónicas.,Electronic cards.
30237132,Interfaces USB (Universal Serial Bus).,Universal Serial Bus (USB) Interfaces.
30237133,Adaptadores e interfaces PCMCIA (Personal Computer Memory Card International Association).,Personal Computer Memory Card International Association (PCMCIA) adaptors and interfaces.
30237134,Tarjetas aceleradoras de gráficos.,Graphic accelerator cards.
30237135,Tarjetas para interfaces de red.,Network interfaces cards.
30237136,Tarjetas de sonido.,Audio cards.
30237140,Placas madre.,Motherboards.
30237200,Accesorios informáticos.,Computer accessories.
30237210,Pantallas antideslumbrantes.,Anti-glare screens.
30237220,Almohadillas para ratón.,Mousepads.
30237230,Memorias cache.,Caches.
30237240,Cámaras web.,Web camera.
30237250,Accesorios para limpieza de ordenadores.,Computer cleaning accessories.
30237251,Kits de limpieza de ordenadores.,Computer cleaning kits.
30237252,Limpiadores de aire comprimido.,Pressurised air dusters.
30237253,Fundas protectoras para equipos informáticos.,Dust covers for computer equipment.
30237260,Soportes murales para monitores.,Monitor wall mount arms.
30237270,Maletines para ordenadores portátiles.,Portable computer carrying cases.
30237280,Accesorios para la alimentación de corriente.,Power supply accessories.
30237290,Reposamuñecas para teclados.,Keyboard wrist rests.
30237295,Membranas protectoras para teclados.,Keyguards.
30237300,Material informático.,Computer supplies.
30237310,Cartuchos de conjuntos de caracteres para impresora.,Font cartridges for printers.
30237320,Disquetes.,Diskettes.
30237330,Cintas de audio digital (DAT).,Digital Audio Tape (DAT) cartridges.
30237340,Cartuchos DLT (Digital Linear Tape).,Digital Linear Tape (DLT) cartridges.
30237350,Cartuchos para almacenamiento de datos.,Data cartridges.
30237360,Cartuchos LTO (Linear Tape-Open).,Linear Tape-Open (LTO) cartridges.
30237370,Cartuchos grabadores.,Recording cartridges.
30237380,CD-ROM.,CD-ROM.
30237400,Accesorios para introducción de datos.,Data entry accessories.
30237410,Ratón de ordenador.,Computer mouse.
30237420,Joysticks.,Joysticks.
30237430,Lápices luminosos.,Light pens.
30237440,Bolas rastreadoras.,Trackballs.
30237450,Tabletas gráficas.,Graphics tablets.
30237460,Teclados de ordenador.,Computer keyboards.
30237461,Teclados programables.,Programmable keyboards.
30237470,Teclado Braille.,Braille pads.
30237475,Sensores eléctricos.,Electric sensors.
30237480,Unidades de entrada.,Input units.
30238000,Equipo de automatización de biblioteca.,Library automation equipment.
31000000,"Máquinas, aparatos, equipo y productos consumibles eléctricos; iluminación.","Electrical machinery, apparatus, equipment and consumables; Lighting."
31100000,"Motores, generadores y transformadores eléctricos.","Electric motors, generators and transformers."
31110000,Motores eléctricos.,Electric motors.
31111000,Adaptadores.,Adapters.
31120000,Generadores.,Generators.
31121000,Grupos electrógenos.,Generating sets.
31121100,Grupos electrógenos con motor de encendido por compresión.,Generating sets with compression-ignition engines.
31121110,Convertidores de potencia.,Power converters.
31121111,Convertidores rotativos eléctricos.,Electric rotary converters.
31121200,Grupos electrógenos con motor de encendido por chispa.,Generating sets with spark-ignition engines.
31121300,Aerogeneradores.,Wind-energy generators.
31121310,Molinos de viento.,Windmills.
31121320,Turbinas eólicas.,Wind turbines.
31121330,Generadores para turbinas eólicas.,Wind turbine generators.
31121331,Rotores de turbina.,Turbine rotors.
31121340,Granja eólica.,Wind farm.
31122000,Generadores con máquina impulsora.,Generator units.
31122100,Pilas de combustible.,Fuel cells.
31124000,Generador de turbina de vapor y aparatos conexos.,Steam-turbine generator and related apparatus.
31124100,Juegos de generadores de turbina.,Turbine generator sets.
31124200,Aparatos de control de generador de turbina.,Turbine generator control apparatus.
31126000,Dinamos.,Dynamos.
31127000,Generadores de emergencia.,Emergency generator.
31128000,Turbogenerador.,Turbogenerator.
31130000,Alternadores.,Alternators.
31131000,Motores monofásicos.,Single-phase motors.
31131100,Actuadores.,Actuators.
31131200,Ánodos.,Anodes.
31132000,Motores polifásicos.,Multi-phase motors.
31140000,Torres de enfriamiento.,Cooling towers.
31141000,Enfriadores de agua.,Water coolers.
31150000,Reactancias para lámparas o tubos de descarga.,Ballasts for discharge lamps or tubes.
31151000,Convertidores estáticos.,Static converters.
31153000,Rectificadores.,Rectifiers.
31154000,Suministros ininterrumpidos de energía.,Uninterruptible power supplies.
31155000,Inversores.,Inverters.
31156000,Suministros interrumpibles de energía.,Interruptible power supplies.
31157000,Inductores.,Inductors.
31158000,Cargadores.,Chargers.
31158100,Cargadores de baterías.,Battery chargers.
31158200,Sobrealimentadores.,Supercharger.
31158300,Turbocargadores.,Turbocharger.
31160000,"Partes de motores, generadores y transformadores eléctricos.","Parts of electric motors, generators and transformers."
31161000,Partes de motores y generadores eléctricos.,Parts for electrical motors and generators.
31161100,Sistemas de excitación.,Excitation systems.
31161200,Sistemas de refrigeración por gas.,Gas cooling systems.
31161300,Rotores de generadores.,Generator rotors.
31161400,Sistemas de agua primaria.,Primary water systems.
31161500,Sistemas de aceite de estanqueidad.,Seal oil systems.
31161600,Sistemas de agua de refrigeración del estátor.,Stator cooling water systems.
31161700,Partes de generadores de vapor.,Parts of steam generators.
31161800,Partes de generadores de gas.,Parts of gas generators.
31161900,Sistemas de control de tensión.,Voltage-control systems.
31162000,"Partes de transformadores, inductores y convertidores estáticos.","Parts of transformers, inductors and static converters."
31162100,Partes de condensadores.,Parts of condensers.
31170000,Transformadores.,Transformers.
31171000,Transformadores dieléctricos líquidos.,Liquid dielectric transformers.
31172000,Transformadores de tensión.,Voltage transformers.
31173000,Transformador para aparatos de medida.,Instrument transformer.
31174000,Transformadores de corriente.,Power supply transformers.
31200000,Aparatos de distribución y control de electricidad.,Electricity distribution and control apparatus.
31210000,Aparatos eléctricos de conmutación o protección de circuitos eléctricos.,Electrical apparatus for switching or protecting electrical circuits.
31211000,Cuadros y cajas de fusibles.,Boards and fuse boxes.
31211100,Cuadros de distribución eléctrica.,Boards for electrical apparatus.
31211110,Tableros de control.,Control panels.
31211200,Cajas de fusibles.,Fuse boxes.
31211300,Fusibles.,Fuses.
31211310,Cortacircuitos.,Cut-outs.
31211320,Cajas de bornes para fusibles.,Fuse blocks.
31211330,Cables de fusibles.,Fuse wires.
31211340,Abrazaderas y soportes para fusibles.,Fuse clips.
31212000,Disyuntores.,Circuit breakers.
31212100,Disyuntores aéreos.,Overhead circuit breakers.
31212200,Probadores de circuito.,Circuit testers.
31212300,Disyuntores magnéticos.,Magnetic circuit breakers.
31212400,Minidisyuntores.,Miniature circuit breakers.
31213000,Equipo de distribución.,Distribution equipment.
31213100,Cajas de distribución.,Distribution boxes.
31213200,Transformadores de distribución.,Distribution transformers.
31213300,Caja de distribución por cable.,Cable distribution cabinet.
31213400,Sistema de distribución.,Distribution system.
31214000,Conmutadores.,Switchgear.
31214100,Interruptores.,Switches.
31214110,Interruptores aisladores.,Isolating switches.
31214120,Interruptor de puesta a tierra.,Earthing switch.
31214130,Interruptores de seguridad.,Safety switches.
31214140,Reóstatos.,Dimmer switches.
31214150,Interruptores de tambor.,Drum switches.
31214160,Interruptores de presión.,Pressure switches.
31214170,Interruptores de palanca.,Toggle switches.
31214180,Interruptores laterales.,Slide switches.
31214190,Limitadores de corriente.,Limit switches.
31214200,Interruptor-seccionador.,Switch disconnector.
31214300,Instalaciones de conmutación de exterior.,Outdoor switching installations.
31214400,Interruptor-seccionador de fusible.,Fuse switch disconnector.
31214500,Cuadros eléctricos.,Electric switchboards.
31214510,Tableros de distribución.,Distribution switchboards.
31214520,Celdas de media tensión.,Medium-voltage switchboards.
31215000,Limitadores de tensión.,Voltage limiters.
31216000,Dispositivos y equipos de protección contra los rayos.,Lightning arrestors.
31216100,Equipo de protección contra rayos.,Lightning-protection equipment.
31216200,Pararrayos.,Lightning conductors.
31217000,Eliminadores de sobrevoltaje.,Surge suppressors.
31218000,Barras ómnibus.,Busbars.
31219000,Cajas de protección.,Protection boxes.
31220000,Componentes de circuitos eléctricos.,Electrical circuit components.
31221000,Relés eléctricos.,Electrical relays.
31221100,Relés de potencia.,Power relays.
31221200,Relés de uso general.,General purpose relays.
31221300,Relés con zócalo.,Socket relays.
31221400,Relés de alternadores de voltaje.,Alternating voltage relays.
31221500,Relés de mercurio.,Mercury relays.
31221600,Relés temporizadores.,Time relays.
31221700,Relés de sobrecarga.,Overload relays.
31223000,Portalámparas.,Lamp-holders.
31224000,Conexiones y elementos de contacto.,Connections and contact elements.
31224100,Clavijas y tomas de corriente.,Plugs and sockets.
31224200,Conectores coaxiales.,Coaxial connectors.
31224300,Cajas de conexión.,Connection boxes.
31224400,Cables de conexión.,Connection cables.
31224500,Terminales.,Terminals.
31224600,Reguladores de intensidad luminosa.,Dimmers.
31224700,Cajas de empalmes.,Junction boxes.
31224800,Kits de empalmes de cables.,Cable joining kits.
31224810,Cables alargadores.,Extension cables.
31230000,Partes de aparatos de distribución o control de electricidad.,Parts of electricity distribution or control apparatus.
31300000,Hilos y cables aislados.,Insulated wire and cable.
31310000,Redes de distribución.,Mains.
31311000,Conexiones de red.,Mains connections.
31320000,Cables de distribución eléctrica.,Power distribution cables.
31321000,Líneas de energía eléctrica.,Electricity power lines.
31321100,Líneas aéreas de energía.,Overhead power lines.
31321200,Cables de baja y media tensión.,Low- and medium-voltage cable.
31321210,Cables de baja tensión.,Low-voltage cable.
31321220,Cables de media tensión.,Medium-voltage cable.
31321300,Cables de alta tensión.,High-voltage cable.
31321400,Cables subacuáticos.,Underwater cable.
31321500,Cables submarinos.,Submarine cable.
31321600,Cables blindados.,Shielded cable.
31321700,Cables de señalización.,Signalling cable.
31330000,Cable coaxial.,Coaxial cable.
31340000,"Accesorios de cables, aislados.",Insulated cable accessories.
31341000,"Tambores para cables, aislados.",Insulated cable reels.
31342000,"Empalmes para cables, aislados.",Insulated cable junctions.
31343000,"Juntas para cables, aisladas.",Insulated cable joints.
31344000,"Casquillos para paso de cable, aislados.",Insulated cable glands.
31350000,Conductores eléctricos para datos y control.,Electric conductors for data and control purposes.
31351000,Conductores eléctricos para sistemas de control de acceso.,Electric conductors for access control systems.
31400000,"Acumuladores, pilas y baterías de pilas.","Accumulators, primary cells and primary batteries."
31410000,Pilas.,Primary cells.
31411000,Baterías alcalinas.,Alkaline batteries.
31420000,Baterías de pilas.,Primary batteries.
31421000,Baterías de plomo.,Lead batteries.
31422000,Paquetes de baterías.,Battery packs.
31430000,Acumuladores eléctricos.,Electric accumulators.
31431000,Acumuladores ácidos de plomo.,Lead-acid accumulators.
31432000,Acumuladores de níquel-cadmio.,Nickel-cadmium accumulators.
31433000,Acumuladores de níquel-hierro.,Nickel-iron accumulators.
31434000,Acumuladores de litio.,Lithium accumulators.
31440000,Baterías.,Batteries.
31500000,Material de iluminación y lámparas eléctricas.,Lighting equipment and electric lamps.
31510000,Lámparas eléctricas de filamento.,Electric filament lamps.
31511000,Lámparas de incandescencia halógenas de wolframio.,Sealed-beam lamp units.
31512000,Lámparas de incandescencia halógenas de volframio.,Tungsten halogen filament lamps.
31512100,Lámparas halógenas lineales.,"Halogen bulbs, linear."
31512200,Lámparas halógenas de cápsula.,"Halogen bulbs, bi-pin."
31512300,Lámparas halógenas dicroicas.,"Halogen bulbs, dichroic."
31514000,Lámparas y tubos de descarga.,Discharge lamps.
31515000,Lámparas y tubos de rayos ultravioletas.,Ultraviolet lamps.
31516000,Lámparas y tubos de rayos infrarrojos.,Infrared lamps.
31517000,Lámparas de arco eléctrico.,Arc lamps.
31518000,Luces de señalización.,Signalling lights.
31518100,Lámparas proyectantes.,Floodlights.
31518200,Equipo de alumbrado de emergencia.,Emergency lighting equipment.
31518210,Lámparas de keroseno («stormlights»).,Stormlights.
31518220,Barras luminosas.,Light stick.
31518300,Luces de techo.,Rooflights.
31518500,Lámparas de vapor de mercurio.,Mercury-vapour lamps.
31518600,Proyectores de luz.,Searchlights.
31519000,Neones y lámparas incandescentes.,Incandescent and neon lamps.
31519100,Lámparas incandescentes.,Incandescent lamps.
31519200,Neones.,Neon lamps.
31520000,Lámparas y accesorios de iluminación.,Lamps and light fittings.
31521000,Lámparas.,Lamps.
31521100,Lámparas de escritorio.,Desk lamps.
31521200,Lámparas de pie.,Floor-standing lamps.
31521300,Lámparas eléctricas portátiles.,Portable electric lamps.
31521310,Luces de emergencia.,Warning lights.
31521320,Linternas.,Torches.
31521330,Lámparas eléctricas portátiles recargables.,Rechargeable portable electric lamps.
31522000,Luces para árbol de Navidad.,Christmas tree lights.
31523000,Placas indicadoras y letreros luminosos.,Illuminated signs and nameplates.
31523100,Luminosos publicitarios de neón.,Advertising neon lights.
31523200,Señales de mensaje permanente.,Permanent message signs.
31523300,Placas indicadoras luminosas.,Illuminated nameplates.
31524000,Accesorios para iluminación de techo o de pared.,Ceiling or wall light fittings.
31524100,Accesorios para iluminación de techo.,Ceiling light fittings.
31524110,Lámparas de quirófano.,Operating-theatre lamps.
31524120,Lámparas de techo.,Ceiling lights.
31524200,Accesorios de iluminación mural.,Wall light fittings.
31524210,Apliques de pared.,Wall lights.
31527000,Focos.,Spotlights.
31527200,Luces para alumbrado exterior.,Exterior lights.
31527210,Faroles.,Lanterns.
31527260,Sistemas de alumbrado.,Lighting systems.
31527270,Alumbrado de plataformas.,Platforms lighting.
31527300,Luces para uso doméstico.,Domestic lights.
31527400,Iluminación sumergible.,Underwater lights.
31530000,Partes de lámparas y material de alumbrado.,Parts of lamps and lighting equipment.
31531000,Bombillas.,Light bulbs.
31531100,Lámparas y tubos.,Electric tubes.
31532000,Partes de lámparas y accesorios de iluminación.,Parts of lamps and light fittings.
31532100,Lámparas de tubo.,Tube lamps.
31532110,Lámparas de tubo fluorescente.,Fluorescent tube lamps.
31532120,Lámparas fluorescentes compactas de tubo.,Compact fluorescent tube lamps.
31532200,Lámparas de anillo.,Ring lamps.
31532210,Neones circulares.,Fluorescent ring lamps.
31532300,Lámparas de globo.,Globe lamps.
31532310,Globos fluorescentes compactos.,Compact fluorescent globe lamps.
31532400,Casquillos.,Lamps sockets.
31532500,Cebadores para lámparas.,Lamp starters.
31532510,Cebadores para lámparas fluorescentes.,Starters for fluorescent lamps.
31532600,Reactores para lámparas.,Lamp reactors.
31532610,Reactores para lámparas fluorescentes.,Reactors for fluorescent lamps.
31532700,Pantallas de lámpara.,Lamp covers.
31532800,Brazos de lámparas.,Lamp arms.
31532900,Luces fluorescentes.,Fluorescent lights.
31532910,Tubos fluorescentes.,Fluorescent tubes.
31532920,Bombillas y lámparas fluorescentes.,Bulbs and fluorescent lamps.
31600000,Equipo y aparatos eléctricos.,Electrical equipment and apparatus.
31610000,Material eléctrico para motores y vehículos.,Electrical equipment for engines and vehicles.
31611000,Juegos de cables.,Wiring sets.
31612000,Cableados eléctricos para motores.,Electrical wiring looms for engines.
31612200,Motores de arranque.,Starter motors.
31612300,Material eléctrico de señalización para motores.,Electrical signalling equipment for engines.
31612310,Luces intermitentes.,Blinkers.
31620000,Aparatos de señalización acústica o visual.,Sound or visual signalling apparatus.
31625000,Avisadores eléctricos de protección contra robos e incendios.,Burglar and fire alarms.
31625100,Sistemas de detección de incendios.,Fire-detection systems.
31625200,Sistemas de avisador de incendios.,Fire-alarm systems.
31625300,Sistemas de alarma antirrobo.,Burglar-alarm systems.
31630000,Imanes.,Magnets.
31640000,Máquinas y aparatos con una función propia.,Machines and apparatus with individual functions.
31642000,Aparatos para detección electrónica.,Electronic detection apparatus.
31642100,Detectores de tuberías metálicas.,Detection apparatus for metal pipes.
31642200,Detectores de minas.,Detection apparatus for mines.
31642300,Detectores de plásticos.,Detection apparatus for plastics.
31642400,Detectores de objetos no metálicos.,Detection apparatus for non-metallic objects.
31642500,Detectores de madera.,Detection apparatus for timber.
31643000,Aceleradores de partículas.,Particle accelerators.
31643100,Aceleradores lineales.,Linear accelerators.
31644000,Registradores diversos de datos.,Miscellaneous data recorders.
31645000,Billares eléctricos.,Pinball machines.
31650000,Accesorios de aislamiento.,Insulating fittings.
31651000,Cinta aislante.,Electrical tape.
31660000,Electrodos de carbón.,Carbon electrodes.
31670000,Partes eléctricas de maquinaria o aparatos.,Electrical parts of machinery or apparatus.
31671000,Ampollas abiertas de vidrio y tubos de rayos catódicos.,Glass envelopes and cathode-ray tubes.
31671100,Ampollas abiertas de vidrio.,Glass envelopes.
31671200,Tubos de rayos catódicos.,Cathode-ray tubes.
31680000,Materiales y accesorios eléctricos.,Electrical supplies and accessories.
31681000,Accesorios eléctricos.,Electrical accessories.
31681100,Contactos eléctricos.,Electrical contacts.
31681200,Bombas eléctricas.,Electric pumps.
31681300,Circuitos eléctricos.,Electrical circuits.
31681400,Componentes eléctricos.,Electrical components.
31681410,Materiales eléctricos.,Electrical materials.
31681500,Dispositivos de realimentación.,Rechargers.
31682000,Artículos eléctricos.,Electricity supplies.
31682100,Cajas de electricidad.,Electricity boxes.
31682110,Tapas para cajas de electricidad.,Electricity box covers.
31682200,Tableros de instrumentos.,Instrument panels.
31682210,Equipo de instrumentación y control.,Instrumentation and control equipment.
31682220,Paneles mezcladores.,Mixing panels.
31682230,Paneles de visualización de gráficos.,Graphic display panels.
31682300,Equipo de media tensión.,Medium-voltage equipment.
31682310,Cuadros de media tensión.,Medium-voltage panels.
31682400,Equipo eléctrico aéreo.,Overhead electrical equipment.
31682410,Soportes de cables aéreos.,Overhead cable carriers.
31682500,Equipo de electricidad de emergencia.,Emergency electricity equipment.
31682510,Sistemas de energía de emergencia.,Emergency power systems.
31682520,Sistemas de parada de emergencia.,Emergency shutdown systems.
31682530,Fuentes de alimentación eléctrica de emergencia.,Emergency power supplies.
31682540,Equipo de subestación.,Substation equipment.
31700000,"Material electrónico, electromecánico y electrotécnico.","Electronic, electromechanical and electrotechnical supplies."
31710000,Equipo electrónico.,Electronic equipment.
31711000,Material electrónico.,Electronic supplies.
31711100,Componentes electrónicos.,Electronic components.
31711110,Transmisores-receptores.,Transceivers.
31711120,Transductores.,Transducers.
31711130,Resistencias.,Resistors.
31711131,Resistencias eléctricas.,Electrical resistors.
31711140,Electrodos.,Electrodes.
31711150,Condensadores eléctricos.,Electrical capacitors.
31711151,Condensadores fijos.,Fixed capacitors.
31711152,Condensadores variables o regulables.,Variable or adjustable capacitors.
31711154,Baterías de condensadores.,Capacitor banks.
31711155,Redes de condensadores.,Capacitor networks.
31711200,Marcadores electrónicos.,Electronic scoreboards.
31711300,Sistemas electrónicos de cronometraje.,Electronic timekeeping systems.
31711310,Sistema de registro de presencia.,System for recording attendance.
31711400,Válvulas y tubos.,Valves and tubes.
31711410,Tubos catódicos para receptores de televisión.,Cathode-ray television picture tubes.
31711411,Tubos de cámara de televisión.,Television camera tubes.
31711420,Tubos y equipo de microondas.,Microwave tubes and equipment.
31711421,Magnetrones.,Magnetrons.
31711422,Equipo de microondas.,Microwave equipment.
31711423,Equipo radioeléctrico de microondas.,Microwave radio equipment.
31711424,Klistrones.,Klystrons.
31711430,Válvulas eléctricas.,Valve tubes.
31711440,Válvulas y tubos receptores o amplificadores.,Receiver or amplifier valves and tubes.
31711500,Partes de conjuntos electrónicos.,Parts of electronic assemblies.
31711510,Partes de condensadores eléctricos.,Parts of electrical capacitors.
31711520,"Partes de resistencias eléctricas, reóstatos y potenciómetros.","Parts of electrical resistors, rheostats and potentiometers."
31711530,"Partes de lámparas, tubos y válvulas electrónicos.",Parts of electronic valves and tubes.
31712000,"Maquinaria, aparatos y microsistemas microelectrónicos.",Microelectronic machinery and apparatus and microsystems.
31712100,Maquinaria y aparatos microelectrónicos.,Microelectronic machinery and apparatus.
31712110,Circuitos integrados y microestructuras electrónicas.,Electronic integrated circuits and microassemblies.
31712111,Tarjetas telefónicas.,Phonecards.
31712112,Tarjetas SIM.,SIM cards.
31712113,Tarjetas con circuitos integrados.,Cards containing integrated circuits.
31712114,Circuitos electrónicos integrados.,Integrated electronic circuits.
31712115,Microestructuras.,Microassemblies.
31712116,Microprocesadores.,Microprocessors.
31712117,Paquetes de circuitos integrados.,Integrated circuit packages.
31712118,Zócalos o soportes de circuitos integrados.,Integrated circuit sockets or mounts.
31712119,Protectores de circuitos integrados.,Integrated circuit lids.
31712200,Microsistemas.,Microsystems.
31712300,Circuitos impresos.,Printed circuits.
31712310,"Placas de circuito impreso, con elementos conductores y contactos.",Populated printed circuit boards.
31712320,"Placas de circuito impreso, sin elementos conductores ni contactos.",Unpopulated printed circuit boards.
31712330,Semiconductores.,Semiconductors.
31712331,Células fotovoltaicas.,Photovoltaic cells.
31712332,Tiristores.,Thyristors.
31712333,Diacs.,Diacs.
31712334,Triacs.,Triacs.
31712335,Optoacopladores.,Optical coupled isolators.
31712336,Osciladores de cuarzo.,Crystal oscillators.
31712340,Diodos.,Diodes.
31712341,Diodos fotoemisores.,Light-emitting diodes.
31712342,Diodos de microondas o de pequeña señal.,Microwave or small signal diodes.
31712343,Diodos Zener.,Zener diodes.
31712344,Diodos Schottky.,Schottky diodes.
31712345,Diodos túnel.,Tunnel diodes.
31712346,Diodos fotosensibles.,Photosensitive diodes.
31712347,Diodos eléctricos o solares.,Power or solar diodes.
31712348,Diodos láser.,Laser diodes.
31712349,Diodos de radiofrecuencia.,Radio frequency (RF) diodes.
31712350,Transistores.,Transistors.
31712351,Transistores fotosensibles.,Photo sensitive transistors.
31712352,Transistores de efecto de campo.,Field effect transistors (FET).
31712353,Transistor metal-óxido-semiconductor (MOSFET).,Metal oxide field effect transistors (MOSFET).
31712354,Chips de transistores.,Transistor chips.
31712355,Transistores bipolares Darlington o de radiofrecuencia.,Bipolar darlington or radio frequency (RF) transistors.
31712356,Transistores uniunión.,Unijunction transistors.
31712357,Transistores bipolares de rejilla aislada (IGTB).,Insulated gate bipolar transistors (IGBT).
31712358,Transistores de efecto de campo de unión (JFET).,Junction field effect transistors (JFET).
31712359,Transistores bipolares de unión (BJT).,Bipolar junction transistors (BJT).
31712360,Cristales piezoeléctricos montados.,Mounted piezo-electric crystals.
31720000,Equipo electromecánico.,Electromechanical equipment.
31730000,Equipo electrotécnico.,Electrotechnical equipment.
31731000,Material electrotécnico.,Electrotechnical supplies.
31731100,Módulos.,Modules.
32000000,"Equipos de radio, televisión, comunicaciones y telecomunicaciones y equipos conexos.","Radio, television, communication, telecommunication and related equipment."
32200000,"Aparatos transmisores de radiotelefonía, radiotelegrafía, radiodifusión y televisión.","Transmission apparatus for radiotelephony, radiotelegraphy, radio broadcasting and television."
32210000,Equipo de radiodifusión.,Broadcasting equipment.
32211000,Equipo de producción de radiodifusión.,Broadcast production equipment.
32220000,Aparatos transmisores de televisión sin receptor.,Television transmission apparatus without reception apparatus.
32221000,Radiofaros.,Radio beacons.
32222000,Aparatos de codificación de señales de vídeo.,Video-signal coding machines.
32223000,Aparatos transmisores de vídeo.,Video transmission apparatus.
32224000,Aparatos transmisores de televisión.,Television transmission apparatus.
32230000,Radiotransmisores con receptor.,Radio transmission apparatus with reception apparatus.
32231000,Aparatos de televisión en circuito cerrado.,Closed-circuit television apparatus.
32232000,Equipo de videoconferencia.,Video-conferencing equipment.
32233000,Estaciones de amplificación de radiofrecuencia.,Radio-frequency booster stations.
32234000,Cámaras de televisión en circuito cerrado.,Closed-circuit television cameras.
32235000,Sistema de vigilancia en circuito cerrado.,Closed-circuit surveillance system.
32236000,Radioteléfonos.,Radio telephones.
32237000,Emisores-receptores portátiles.,Walkie-talkies.
32240000,Cámaras de televisión.,Television cameras.
32250000,Teléfonos móviles.,Mobile telephones.
32251000,Teléfonos para automóvil.,Car telephones.
32251100,Kit manos libres.,Hands-free set.
32252000,Teléfonos GSM.,GSM telephones.
32252100,Teléfonos móviles «manos libres».,Hands-free mobile telephones.
32252110,Teléfonos móviles «manos libres» (inalámbricos).,Hands-free mobile telephones (wireless).
32260000,Equipo de transmisión de datos.,Data-transmission equipment.
32270000,Aparatos de transmisión digital.,Digital transmission apparatus.
32300000,"Receptores de televisión y radio, y aparatos de grabación o reproducción de sonido o imagen.","Television and radio receivers, and sound or video recording or reproducing apparatus."
32310000,Receptores de radiodifusión.,Radio broadcast receivers.
32320000,Equipo audiovisual y de televisión.,Television and audio-visual equipment.
32321000,Equipo de proyección de televisión.,Television projection equipment.
32321100,Equipo de vídeo y filmación.,Film equipment.
32321200,Equipo audiovisual.,Audio-visual equipment.
32321300,Materiales audiovisuales.,Audio-visual materials.
32322000,Equipo multimedia.,Multimedia equipment.
32323000,Videomonitores.,Video monitors.
32323100,Videomonitores color.,Colour video monitors.
32323200,Videomonitores monocromo.,Monochrome video monitors.
32323300,Equipo de vídeo.,Video equipment.
32323400,Equipo de reproducción de vídeo.,Video-playback equipment.
32323500,Sistema de vigilancia por vídeo.,Video-surveillance system.
32324000,Receptores de televisión.,Televisions.
32324100,Receptores de televisión en color.,Colour televisions.
32324200,Receptores de televisión monocromo.,Monochrome televisions.
32324300,Equipo de televisión.,Television equipment.
32324310,Antenas de satélite.,Satellite antennas.
32324400,Antenas de televisión.,Television aerials.
32324500,Sintonizadores de vídeo.,Video tuners.
32324600,Descodificadores para televisión digital.,Digital-TV boxes.
32330000,Aparatos de grabación y reproducción de imágenes y sonido.,"Apparatus for sound, video-recording and reproduction."
32331000,Platos giradiscos.,Turntables.
32331100,Tocadiscos.,Record players.
32331200,Lectores de casetes.,Cassette players.
32331300,Aparatos de reproducción del sonido.,Sound-reproduction apparatus.
32331500,Grabadoras.,Recorders.
32331600,Reproductores de MP3.,MP3-player.
32332000,Magnetófonos.,Magnetic tape recorders.
32332100,Dictáfonos.,Dictating machines.
32332200,Contestadores telefónicos.,Telephone-answering machines.
32332300,Grabadores de sonido.,Sound recorders.
32333000,Aparatos de grabación o reproducción de vídeo.,Video recording or reproducing apparatus.
32333100,Grabadores de vídeo.,Video recorders.
32333200,Videocámaras.,Video camcorders.
32333300,Reproductores de vídeo.,Video-reproducing apparatus.
32333400,Lectores de vídeo.,Video players.
32340000,Micrófonos y altavoces.,Microphones and loudspeakers.
32341000,Micrófonos.,Microphones.
32342000,Altavoces.,Loudspeakers.
32342100,Auriculares de casco.,Headphones.
32342200,Auriculares.,Earphones.
32342300,Juegos de micrófonos y altavoces.,Microphones and speaker sets.
32342400,Dispositivos acústicos.,Acoustic devices.
32342410,Equipo de sonido.,Sound equipment.
32342411,Minialtavoces.,Mini speakers.
32342412,Pantallas acústicas (altavoces).,Speakers.
32342420,Pupitre mezclador.,Studio mixing console.
32342430,Sistema de compresión de señales vocales.,Speech-compression system.
32342440,Sistema de correo vocal.,Voice-mail system.
32342450,Registradores de voz.,Voice recorders.
32343000,Amplificadores.,Amplifiers.
32343100,Amplificadores de audiofrecuencia.,Audio-frequency amplifiers.
32343200,Megáfonos.,Megaphones.
32344000,Receptores para radiotelefonía o radiotelegrafía.,Reception apparatus for radiotelephony or radiotelegraphy.
32344100,Receptores portátiles de llamada y radiobúsqueda.,Portable receivers for calling and paging.
32344110,Sistema de registro vocal.,Voice-logging system.
32344200,Receptores de radio.,Radio receivers.
32344210,Equipo de radio.,Radio equipment.
32344220,Aparatos de radiobúsqueda.,Radio pagers.
32344230,Estaciones de radio.,Radio stations.
32344240,Estación repetidora.,Radio tower.
32344250,Instalaciones de radio.,Radio installations.
32344260,Equipo de radio y multiplex.,Radio and multiplex equipment.
32344270,Sistema de control de radio y teléfono.,Radio and telephone control system.
32344280,Radios portátiles.,Portable radios.
32350000,Partes de equipo de sonido y vídeo.,Parts of sound and video equipment.
32351000,Accesorios para equipo de sonido y vídeo.,Accessories for sound and video equipment.
32351100,Equipo de videoedición.,Video-editing equipment.
32351200,Pantallas.,Screens.
32351300,Accesorios para equipos de sonido.,Audio equipment accessories.
32351310,Casetes de audio.,Audio cassettes.
32352000,Antenas y reflectores.,Aerials and reflectors.
32352100,Partes de equipo de radio y radar.,Parts of radio and radar equipment.
32352200,Repuestos y accesorios de radar.,Radar spare parts and accessories.
32353000,Grabaciones de sonido.,Sound recordings.
32353100,Discos.,Records.
32353200,Casetes de música.,Music cassettes.
32354000,Productos de película.,Film products.
32354100,Película para radiología.,Radiology film.
32354110,Película para rayos X.,X-ray film.
32354120,Film diazo azul.,Blue diazo film.
32354200,Película cinematográfica.,Cinematographic film.
32354300,Película fotográfica.,Photographic film.
32354400,Película de impresión instantánea.,Instant-print film.
32354500,Películas de vídeo.,Video films.
32354600,Casetes de vídeo.,Video cassettes.
32354700,Videocintas.,Video tapes.
32354800,Película retráctil.,Cling film.
32360000,Equipo de intercomunicación.,Intercom equipment.
32400000,Redes.,Networks.
32410000,Red de área local.,Local area network.
32411000,Red de anillo con paso de testigo.,Token-ring network.
32412000,Red de comunicaciones.,Communications network.
32412100,Red de telecomunicaciones.,Telecommunications network.
32412110,Red Internet.,Internet network.
32412120,Red Intranet.,Intranet network.
32413000,Red integrada.,Integrated network.
32413100,Encaminadores de red.,Network routers.
32415000,Red Ethernet.,Ethernet network.
32416000,Red RDSI.,ISDN network.
32416100,Red ISDX.,ISDX network.
32417000,Redes multimedia.,Multimedia networks.
32418000,Red de radio.,Radio network.
32420000,Equipo de red.,Network equipment.
32421000,Cableado de red.,Network cabling.
32422000,Componentes de red.,Network components.
32423000,Nodos de red.,Network hubs.
32424000,Infraestructura de red.,Network infrastructure.
32425000,Sistema de explotación de red.,Network operating system.
32426000,Sistema de edición de red.,Network publishing system.
32427000,Sistema de red.,Network system.
32428000,Actualización de la red.,Network upgrade.
32429000,Equipo de red telefónica.,Telephone network equipment.
32430000,Red de área extendida.,Wide area network.
32440000,Equipo de telemetría y equipo terminal.,Telemetry and terminal equipment.
32441000,Equipo de telemetría.,Telemetry equipment.
32441100,Sistema telemétrico de vigilancia.,Telemetry surveillance system.
32441200,Equipo de telemetría y control.,Telemetry and control equipment.
32441300,Sistema de telemática.,Telematics system.
32442000,Cuadros de bornes.,Terminal equipment.
32442100,Cajas de bornes.,Terminal boards.
32442200,Emuladores de bornes.,Terminal boxes.
32442300,Emuladores de bornas.,Terminal emulators.
32442400,Bloques terminales.,Termination blocks.
32500000,Equipo y material para telecomunicaciones.,Telecommunications equipment and supplies.
32510000,Sistema inalámbrico de telecomunicaciones.,Wireless telecommunications system.
32520000,Equipo y cable de telecomunicaciones.,Telecommunications cable and equipment.
32521000,Cable de telecomunicaciones.,Telecommunications cable.
32522000,Equipo de telecomunicaciones.,Telecommunications equipment.
32523000,Instalaciones de telecomunicaciones.,Telecommunications facilities.
32524000,Sistema de telecomunicaciones.,Telecommunications system.
32530000,Equipo del tipo usado para comunicaciones por satélite.,Satellite-related communications equipment.
32531000,Equipo de comunicaciones por satélite.,Satellite communications equipment.
32532000,Antenas parabólicas.,Satellite dishes.
32533000,Estaciones terrestres de telecomunicaciones por satélite.,Satellite earth stations.
32534000,Plataformas satélite.,Satellite platforms.
32540000,Cuadros de conmutadores.,Switchboards.
32541000,Equipo de conmutador.,Switchboard equipment.
32542000,Cuadros de conmutadores para centrales telefónicas.,Switchboard panels.
32543000,Cuadros de conmutadores para centrales telefónicas.,Telephone switchboards.
32544000,Equipo de PABX.,PABX equipment.
32545000,Sistemas de PABX.,PABX systems.
32546000,Equipo de conmutación digital.,Digital switching equipment.
32546100,Conmutadores digitales.,Digital switchboards.
32547000,Conmutadores de vacío.,Vacuum switchboards.
32550000,Equipo telefónico.,Telephone equipment.
32551000,Cables telefónicos y equipo asociado.,Telephone cables and associated equipment.
32551100,Conexiones telefónicas.,Telephone connections.
32551200,Centrales telefónicas.,Telephone exchanges.
32551300,Cascos telefónicos.,Telephone headsets.
32551400,Red telefónica.,Telephone network.
32551500,Cables telefónicos.,Telephone cables.
32552000,Aparatos eléctricos de telefonía o telegrafía por hilo.,Electrical apparatus for line telephony or line telegraphy.
32552100,Aparatos telefónicos.,Telephone sets.
32552110,Teléfonos inalámbricos.,Cordless telephones.
32552120,Teléfonos de emergencia.,Emergency telephones.
32552130,Teléfonos públicos.,Public telephones.
32552140,Equipo de teléfono público de previo pago.,Payphone equipment.
32552150,Teléfonos para personas con deficiencias visuales.,Telephones for visually-impaired.
32552160,Teléfonos para personas con deficiencias auditivas.,Telephones for hearing-impaired.
32552200,Teleimpresoras.,Teleprinters.
32552300,Conmutadores telefónicos o telegráficos.,Telephonic or telegraphic switching apparatus.
32552310,Centrales telefónicas digitales.,Digital telephone exchanges.
32552320,Multiplexores.,Multiplexers.
32552330,Conmutadores telefónicos.,Telephone switching apparatus.
32552400,Convertidores de señales de audiofrecuencia.,Audio-frequency signal conversion apparatus.
32552410,Modems.,Modems.
32552420,Convertidor de frecuencia.,Frequency converter.
32552430,Equipo de codificación.,Coding equipment.
32552500,Aparatos de teletexto.,Teletext apparatus.
32552510,Terminales de videotexto.,Videotext terminals.
32552520,Equipo de télex.,Telex equipment.
32552600,Interfonos.,Entrance telephones.
32553000,Partes de aparatos telefónicos o telegráficos eléctricos.,Parts of electrical telephonic or telegraphic apparatus.
32560000,Materiales de fibra óptica.,Fibre-optic materials.
32561000,Conexiones de fibra óptica.,Fibre-optic connections.
32562000,Cables de fibra óptica.,Optical-fibre cables.
32562100,Cables de fibra óptica para transmisión de información.,Optical-fibre cables for information transmission.
32562200,Cables de fibra óptica para telecomunicación.,Optical telecommunication cables.
32562300,Cables de fibra óptica para transmisión de datos.,Optical-fibre cables for data transmission.
32570000,Equipo de comunicaciones.,Communications equipment.
32571000,Infraestructura de comunicaciones.,Communications infrastructure.
32572000,Cable de comunicaciones.,Communications cable.
32572100,Cable de comunicaciones con conductores eléctricos múltiples.,Communications cable with multiple electrical conductors.
32572200,Cable de comunicaciones con conductores coaxiales.,Communications cable with coaxial conductors.
32572300,Cable de comunicaciones para aplicaciones especiales.,Communications cable for special applications.
32573000,Sistema de control de comunicaciones.,Communications control system.
32580000,Equipo de datos.,Data equipment.
32581000,Equipo de comunicación de datos.,Data-communications equipment.
32581100,Cable para transmisión de datos.,Data-transmission cable.
32581110,Cable para transmisión de datos con conductores eléctricos múltiples.,Data-transmission cable with multiple electrical conductors.
32581120,Cable para transmisión de datos con conductores coaxiales.,Data-transmission cable with coaxial conductors.
32581130,Cable para transmisión de datos para aplicaciones especiales.,Data-transmission cable for special applications.
32581200,Equipos de fax.,Fax equipment.
32581210,Accesorios y componentes de fax.,Accessories and components for fax equipment.
32582000,Soportes de datos.,Data carriers.
32583000,Medios de soporte de datos y señales vocales.,Data and voice media.
32584000,Medios de soporte de datos.,Data-bearing media.
33000000,"Equipamiento y artículos médicos, farmacéuticos y de higiene personal.","Medical equipments, pharmaceuticals and personal care products."
33100000,Equipamiento médico.,Medical equipments.
33110000,"Equipos de imaginería para uso médico, odontológico y veterinario.","Imaging equipment for medical, dental and veterinary use."
33111000,Aparatos para radiología.,X-ray devices.
33111100,Mesa de radiología.,X-ray table.
33111200,Puestos de radiología.,X-ray workstations.
33111300,Aparatos para revelado de radiografías.,X-ray processing devices.
33111400,Fluoroscopios.,X-ray fluoroscopy devices.
33111500,Radiografía dental.,Dental X-ray.
33111600,Aparatos para radiografías.,Radiography devices.
33111610,Unidad de resonancia magnética.,Magnetic resonance unit.
33111620,Cámaras de rayos gamma.,Gamma cameras.
33111640,Termógrafos.,Thermographs.
33111650,Aparatos para mamografías.,Mammography devices.
33111660,Densitómetro óseo.,Bone densitometers.
33111700,Sala de angiografía.,Angiography room.
33111710,Material para angiografías.,Angiography supplies.
33111720,Aparatos para angiografías.,Angiography devices.
33111721,Aparatos para angiografía digital.,Digital angiography devices.
33111730,Material para angioplastia.,Angioplasty supplies.
33111740,Aparatos para angioplastia.,Angioplasty devices.
33111800,Radiodiagnosis.,Diagnostic X-ray system.
33112000,"Material de imaginería ecográfica, doppler y por ultrasonidos.","Echo, ultrasound and doppler imaging equipment."
33112100,Detector cardíaco ultrasónico.,Ultrasonic heart detector.
33112200,Unidad de ultrasonidos.,Ultrasonic unit.
33112300,Escáneres ultrasónicos.,Ultrasound scanners.
33112310,Doppler color.,Colour-flow doppler.
33112320,Equipo Doppler.,Doppler equipment.
33112330,Ecoencefalógrafos.,Echoencephalographs.
33112340,Ecocardiógrafos.,Echocardiographs.
33113000,Equipo de imaginería por resonancia magnética.,Magnetic resonance imaging equipment.
33113100,Escáneres de resonancia magnética.,Magnetic resonance scanners.
33113110,Escáneres para resonancia magnética nuclear.,Nuclear magnetic resonance scanners.
33114000,Espectroscopios.,Spectroscopy devices.
33115000,Tomógrafos.,Tomography devices.
33115100,CT Escáneres para tomografía computerizada.,CT scanners.
33115200,Tomógrafos para TAC.,CAT scanners.
33120000,Dispositivos de exploración y registro.,Recording systems and exploration devices.
33121000,Sistema de registro ambulatorio de larga duración.,Long term ambulatory recording system.
33121100,Electroencefalógrafos.,Electro-encephalographs.
33121200,Aparatos para escintigrafía.,Scintigraphy devices.
33121300,Electromiógrafos.,Electromyographs.
33121400,Audiómetros.,Audiometers.
33121500,Electrocardiograma.,Electrocardiogram.
33122000,Aparatos de oftalmología.,Ophthalmology equipment.
33123000,Aparatos para exploración cardiovascular.,Cardiovascular devices.
33123100,Tensiómetro.,Tensiometer.
33123200,Aparatos de electrocardiografía.,Electrocardiography devices.
33123210,Aparatos de control cardíaco.,Cardiac-monitoring devices.
33123220,Aparatos para angiocardiografía.,Cardio-angiography devices.
33123230,Cardiógrafos.,Cardiographs.
33124000,Aparatos y material para diagnóstico y radiodiagnóstico.,Diagnostics and radiodiagnostic devices and supplies.
33124100,Aparatos para diagnóstico.,Diagnostic devices.
33124110,Sistemas de diagnóstico.,Diagnostic systems.
33124120,Aparatos de ultrasonidos para diagnóstico.,Diagnostic ultrasound devices.
33124130,Material para diagnóstico.,Diagnostic supplies.
33124131,Tiras reactivas.,Reagent strips.
33124200,Aparatos para radiodiagnóstico.,Radiodiagnostic devices.
33124210,Material para radiodiagnóstico.,Radiodiagnostic supplies.
33125000,Aparatos para exploración urológica.,"Urology, exploration devices."
33126000,Aparatos para estomatología.,Stomatology devices.
33127000,Aparatos para análisis inmunológicos.,Immuno-analysis devices.
33128000,Láseres médicos distintos de los usados en cirugía.,Medical laser other than for surgery.
33130000,Instrumental y aparatos de odontología y sus especialidades.,Dental and subspecialty instruments and devices.
33131000,Instrumentos de dentista.,Dental hand instrument.
33131100,Instrumentos de cirugía dental.,Dental surgical instrument.
33131110,"Pinzas, cepillos, separadores y bruñidores para odontología.","Dental nippers, brushes, retractors and burnishers."
33131111,Pinzas de odontología.,Dental nippers.
33131112,Cepillos dentales.,Dental operative brushes.
33131113,Separadores dentales.,Dental retractors.
33131114,Bruñidores dentales.,Dental burnishers.
33131120,"Calibradores, botadores y excavadores para criocirugía dental.","Dental cryosurgical, gauges, elevators and excavators."
33131121,Unidades de criocirugía dental.,Dental cryosurgical units.
33131122,Medidores de profundidad dental.,Dental depth gauges.
33131123,Botadores dentales.,Dental elevators.
33131124,Excavadores dentales.,Dental excavators.
33131130,Protectores de dedo y fórceps odontológicos.,Dental fingers protectors and forceps.
33131131,Protectores de dedo para dentista.,Dental fingers protectors.
33131132,Fórceps odontológicos.,Dental forceps.
33131140,Espejos y fresas dentales.,Dental mirrors and reamers.
33131141,Espejos dentales.,Dental mirrors.
33131142,Fresas dentales.,Dental reamers.
33131150,"Elevadores de raíces, raspadores de sarro y balanzas dentales.","Dental root tip picks, scalers and scale."
33131151,Elevadores de raíces dentales.,Dental root tip picks.
33131152,Raspadores de sarro.,Dental scalers.
33131153,Balanzas dentales.,Dental scale.
33131160,Tijeras y bisturíes para odontología.,Dental scissors and knives.
33131161,Tijeras para odontología.,Dental scissors.
33131162,Bisturíes para odontología.,Dental knives.
33131170,"Espátulas, pinzas y atacadores para odontología.","Dental spatulas, tweezers and wax carvers."
33131171,Espátulas dentales.,Dental spatulas.
33131172,Pinzas dentales.,Dental tweezers.
33131173,Atacadores.,Dental wax carvers.
33131200,Aguja dental para sutura.,Dental suture needle.
33131300,Instrumento dental desechable.,Dental disposable instrument.
33131400,Sonda dental.,Dental probe.
33131500,Instrumento para la extracción dental.,Dental extraction instrument.
33131510,Taladros dentales.,Dental drills.
33131600,Instrumento para obturación dental.,Dental filling instrument.
33132000,Implante dental.,Dental implant.
33133000,Material de impresión para dentaduras.,Dental impression accessories.
33134000,Material accesorio para endodoncia.,Endodontics accessories.
33135000,Aparatos para ortodoncia.,Orthodontic devices.
33136000,Instrumento rotativo y abrasivo.,Rotary and abrasive instrument.
33137000,Material accesorio para profilaxis dental.,Dental prophylaxis accessories.
33138000,Productos para prótesis y rebase.,Prosthodontic and relining products.
33138100,Dentaduras.,Dentures.
33140000,Material médico fungible.,Medical consumables.
33141000,Productos consumibles médicos no químicos desechables y productos consumibles hematológicos.,Disposable non-chemical medical consumables and haematological consumables.
33141100,"Apósitos; clips, suturas y ligaduras.","Dressings; clip, suture, ligature supplies."
33141110,Apósitos.,Dressings.
33141111,Apósitos adhesivos.,Adhesive dressings.
33141112,Esparadrapos.,Plasters.
33141113,Vendajes.,Bandages.
33141114,Gasa para uso médico.,Medical gauze.
33141115,Guata para uso médico.,Medical wadding.
33141116,Paquetes de apósitos.,Dressing packs.
33141117,Algodón en rama.,Cotton wool.
33141118,Toallitas húmedas.,Wipes.
33141119,Compresas.,Compresses.
33141120,"Clips, suturas y ligaduras.","Clip, suture, ligature supplies."
33141121,Suturas quirúrgicas.,Surgical sutures.
33141122,Grapas quirúrgicas.,Surgical staples.
33141123,Contenedores para material usado punzante o cortante.,Sharps containers.
33141124,Envoltorios protectores para piezas afiladas.,Sharps pads.
33141125,Material para suturas quirúrgicas.,Material for surgical sutures.
33141126,Ligaduras.,Ligatures.
33141127,Hemostáticos absorbibles.,Absorbable haemostatics.
33141128,Agujas de sutura.,Needles for sutures.
33141200,Catéteres.,Catheters.
33141210,Catéteres de balón.,Balloon catheters.
33141220,Cánulas.,Cannulae.
33141230,Dilatador.,Dilator.
33141240,Accesorios para catéter.,Catheter accessories.
33141300,Aparatos para venepuntura y toma de muestras de sangre.,"Venepuncture, blood sampling devices."
33141310,Jeringas.,Syringes.
33141320,Agujas para uso médico.,Medical needles.
33141321,Agujas para anestesia.,Anesthesia needles.
33141322,Agujas arteriales.,Arterial needles.
33141323,Agujas para biopsia.,Biopsy needles.
33141324,Agujas de diálisis.,Dialysis needles.
33141325,Agujas para fístulas.,Fistula needles.
33141326,Agujas para exploraciones radiológicas.,Radiology procedural needles.
33141327,Agujas acanaladas.,Vented needles.
33141328,Agujas para inyección epidural.,Epidural needles.
33141329,Agujas para amniocentesis.,Amniocentesia needles.
33141400,Cortaalambres y bisturí; guantes quirúrgicos.,Wire-cutter and bistoury; surgical gloves.
33141410,Cortaalambres y bisturí.,Wire-cutter and bistoury.
33141411,Escalpelos y cuchillas.,Scalpels and blades.
33141420,Guantes quirúrgicos.,Surgical gloves.
33141500,Productos consumibles hematológicos.,Haematological consumables.
33141510,Productos sanguíneos.,Blood products.
33141520,Derivados del plasma.,Plasma extracts.
33141530,Coagulantes sanguíneos.,Blood coagulants.
33141540,Albúmina.,Albumin.
33141550,Heparina.,Heparin.
33141560,Órganos humanos.,Human organs.
33141570,Sangre humana.,Human blood.
33141580,Sangre animal.,Animal blood.
33141600,"Colectores y bolsas de recogida, drenajes y kits.","Collector and collection bags, drainage and kits."
33141610,Bolsas de recogida.,Collection bag.
33141613,Bolsas para sangre.,Blood bags.
33141614,Bolsas para plasma.,Plasma bags.
33141615,Bolsas para orina.,Bags for urine.
33141620,Carteras sanitarias.,Medical kits.
33141621,Kit para incontinencia.,Incontinence kit.
33141622,Kits para prevención del SIDA.,AIDS-prevention kits.
33141623,Botiquines de primeros auxilios.,First-aid boxes.
33141624,Kits para administración.,Administration sets.
33141625,Kits para diagnóstico.,Diagnostic kits.
33141626,Kits para dosificación.,Dosage kits.
33141630,Filtros de plasma sanguíneo.,Blood plasma filters.
33141640,Drenes.,Drain.
33141641,Sondas.,Probes.
33141642,Accesorios para drenes.,Drain accessories.
33141700,Material ortopédico.,Orthopaedic supplies.
33141710,Muletas.,Crutches.
33141720,Andadores.,Walking aids.
33141730,Collarines quirúrgicos.,Surgical collars.
33141740,Calzado ortopédico.,Orthopaedic footwear.
33141750,Prótesis articulares.,Artificial joints.
33141760,Férulas.,Splints.
33141770,"Material para fracturas, clavos y placas.","Fracture appliances, pins and plates."
33141800,Productos consumibles dentales.,Dental consumables.
33141810,Materiales para obturación dental.,Dental filling materials.
33141820,Dientes.,Teeth.
33141821,Dientes de porcelana.,Porcelain teeth.
33141822,Dientes acrílicos.,Acrylic teeth.
33141830,Base de cemento.,Cement base.
33141840,Hemostático dental.,Dental haemostatic.
33141850,Productos para la higiene dental.,Dental hygiene products.
33141900,Lancetas para la extracción de muestras de sangre.,Blood lancets.
33150000,"Aparatos de radioterapia, mecanoterapia, electroterapia y fisioterapia.","Radiotherapy, mechanotherapy, electrotherapy and physical therapy devices."
33151000,Aparatos y material para radioterapia.,Radiotherapy devices and supplies.
33151100,Aparatos de gammaterapia.,Gamma therapy devices.
33151200,Aparatos de radioterapia.,X-ray therapy devices.
33151300,Espectrógrafos.,Spectrographs.
33151400,Material para radioterapia.,Radiotherapy supplies.
33152000,Incubadoras.,Incubators.
33153000,Litotritor.,Lithotripter.
33154000,Aparatos de mecanoterapia.,Mechanotherapy devices.
33155000,Equipos para fisioterapia.,Physical therapy devices.
33156000,Material para pruebas objetivas psicológicas.,Psychology testing devices.
33157000,Aparatos respiratorios y de oxigenoterapia.,Gas-therapy and respiratory devices.
33157100,Máscaras de gas para uso médico.,Medical gas masks.
33157110,Máscara de oxígeno.,Oxygen mask.
33157200,Kits de oxígeno.,Oxygen kits.
33157300,Tiendas de oxígeno.,Oxygen tents.
33157400,Respiradores para uso médico.,Medical breathing devices.
33157500,Cámaras hiperbáricas.,Hyperbaric chambers.
33157700,Botella lavagases.,Blow bottle.
33157800,Unidad de administración de oxígeno.,Oxygen administration unit.
33157810,Unidad de oxigenoterapia.,Oxygen therapy unit.
33158000,"Terapia eléctrica, electromagnética y mecánica.","Electrical, electromagnetic and mechanical treatment."
33158100,Unidad electromagnética.,Electromagnetic unit.
33158200,Aparatos para electroterapia.,Electrotherapy devices.
33158210,Estimulador.,Stimulator.
33158300,Aparatos de rayos ultravioletas para uso médico.,Ultraviolet medical devices.
33158400,Unidad de terapia mecánica.,Mechanical therapy unit.
33158500,Aparatos de rayos infrarrojos para uso médico.,Infrared medical devices.
33159000,Sistema de química clínica.,Clinical chemistry system.
33160000,Técnicas operatorias.,Operating techniques.
33161000,Unidad de electrocirugía.,Electrosurgical unit.
33162000,Instrumentos y aparatos de quirófano.,Operating theatre devices and instruments.
33162100,Aparatos para quirófano.,Operating-theatre devices.
33162200,Instrumentos de quirófano.,Operating-theatre instruments.
33163000,Tienda para uso médico.,Tent for medical use.
33164000,Aparatos de celioscopia.,Coelioscopy devices.
33164100,Colposcopio.,Colposcope.
33165000,Aparatos de criocirugía y crioterapia.,Cryosurgical and cryotherapy devices.
33166000,Aparatos de dermatología.,Dermatological devices.
33167000,Luces para quirófanos.,Surgical lights.
33168000,Aparatos de endoscopia y endocirugía.,"Endoscopy, endosurgery devices."
33168100,Endoscopios.,Endoscopes.
33169000,Instrumentos quirúrgicos.,Surgical instruments.
33169100,Láser quirúrgico.,Surgical laser.
33169200,Cestas para uso quirúrgico.,Surgical baskets.
33169300,Carro para material quirúrgico.,Surgical trays.
33169400,Contenedores quirúrgicos.,Surgical containers.
33169500,Sistemas de localización y seguimiento quirúrgicos.,Surgical tracking and tracing systems.
33170000,Anestesia y reanimación.,Anaesthesia and resuscitation.
33171000,Instrumentos de anestesia y reanimación.,Instruments for anaesthesia and resuscitation.
33171100,Instrumentos para anestesia.,Instruments for anaesthesia.
33171110,Máscara para anestesia.,Anaesthesia mask.
33171200,Instrumentos de reanimación.,Instruments for resuscitation.
33171210,Máscara para reanimación.,Resuscitation mask.
33171300,Bolsas o kits para inyección epidural.,Epidural kits or packs.
33172000,Aparatos para anestesia y reanimación.,Anaesthesia and resuscitation devices.
33172100,Aparatos para anestesia.,Anaesthesia devices.
33172200,Aparatos para reanimación.,Resuscitation devices.
33180000,Asistencia funcional.,Functional support.
33181000,Dispositivos para hemodiálisis.,Renal support devices.
33181100,Aparatos de hemodiálisis.,Haemodialysis devices.
33181200,Filtros para diálisis.,Dialysis filters.
33181300,Monitor individual para hemodiálisis.,Haemodialysis individual monitor.
33181400,Unidad de diálisis.,Haemodialysis multiposition.
33181500,Productos consumibles para uso renal.,Renal consumables.
33181510,Fluido renal.,Renal fluid.
33181520,Productos consumibles para diálisis renal.,Renal dialysis consumables.
33182000,Aparatos de ayuda cardíaca.,Cardiac support devices.
33182100,Desfibrilador.,Defibrillator.
33182200,Aparatos de estimulación cardíaca.,Cardiac stimulation devices.
33182210,Marcapasos.,Pacemaker.
33182220,Válvulas cardíacas.,Cardiac valve.
33182230,Ventrículo.,Ventricle.
33182240,Partes y accesorios de marcapasos.,Parts and accessories for pacemakers.
33182241,Pilas para marcapasos.,Batteries for pacemakers.
33182300,Aparatos de cirugía cardíaca.,Cardiac surgery devices.
33182400,Radiología cardíaca.,Cardiac X-ray system.
33183000,Aparatos de ayuda ortopédica.,Orthopaedic support devices.
33183100,Implantes ortopédicos.,Orthopaedic implants.
33183200,Prótesis ortopédicas.,Orthopaedic prostheses.
33183300,Aparatos para osteosíntesis.,Osteosynthesis devices.
33184000,Artículos y aparatos de prótesis.,Artificial parts of the body.
33184100,Implantes quirúrgicos.,Surgical implants.
33184200,Prótesis vasculares.,Vascular prostheses.
33184300,Prótesis cardíacas.,Artificial parts of the heart.
33184400,Prótesis mamarias.,Breast prostheses.
33184410,Prótesis mamarias internas.,Internal breast prostheses.
33184420,Prótesis mamarias externas.,External breast prostheses.
33184500,Endoprótesis coronarias.,Coronary endoprostheses.
33184600,Ojos artificiales.,False eyes.
33185000,Audífonos.,Hearing aids.
33185100,Partes y accesorios de audífonos.,Parts and accessories for hearing aids.
33185200,Implante coclear.,Cochlear implant.
33185300,Implante otorrinolaringológico.,Otolaryngology implant.
33185400,Laringe artificial.,Larynx artificial.
33186000,Unidad de circulación extracorpórea.,Extracorporeal circulatory unit.
33186100,Oxigenador.,Oxygenator.
33186200,Calentadores de sangre y fluidos.,Blood and fluid warming.
33190000,Instrumentos y aparatos médicos diversos.,Miscellaneous medical devices and products.
33191000,"Aparatos para esterilización, desinfección e higiene.","Sterilisation, disinfection and hygiene devices."
33191100,Esterilizador.,Steriliser.
33191110,Autoclaves.,Autoclaves.
33192000,Mobiliario para uso médico.,Medical furniture.
33192100,Camas para uso médico.,Beds for medical use.
33192110,Camas ortopédicas.,Orthopaedic beds.
33192120,Camas de hospital.,Hospital beds.
33192130,Camas provistas de motor.,Motorised beds.
33192140,Divanes para sesiones psiquiátricas.,Psychiatric couches.
33192150,Camas terapéuticas.,Therapy beds.
33192160,Camillas.,Stretchers.
33192200,Mesas para uso médico.,Medical tables.
33192210,Mesas de reconocimiento médico.,Examination tables.
33192230,Mesas de operaciones.,Operating tables.
33192300,"Mobiliario para uso médico, excepto camas y mesas.",Medical furniture except beds and tables.
33192310,Dispositivos de tracción o suspensión para camas de uso médico.,Traction or suspension devices for medical beds.
33192320,Soportes para recipientes de recogida de orina.,Urine-bottle holders.
33192330,Lugares donde se realizan las transfusiones.,Transfusion pods.
33192340,"Mobiliario de quirófano, excepto mesas.",Operating theatre furniture except tables.
33192350,Locales destinados a cultivos con fines médicos.,Medical cultivation cabinet.
33192400,Unidades odontológicas.,Dental workstations.
33192410,Sillones de dentista.,Dental chairs.
33192500,Tubos de ensayo.,Test tubes.
33192600,Equipos elevadores para los servicios de atención sanitaria.,Lifting equipment for health care sector.
33193000,Sillas de ruedas y demás vehículos para inválidos y material asociado.,"Invalid carriages, wheelchairs and associated devices."
33193100,Sillas de ruedas y demás vehículos para inválidos.,Invalid carriages and wheelchairs.
33193110,Vehículos para inválidos.,Invalid carriages.
33193120,Sillas de ruedas.,Wheelchairs.
33193121,Sillas de ruedas con motor.,Motorised wheelchairs.
33193200,Partes y accesorios de sillas de ruedas y demás vehículos para inválidos.,Parts and accessories for invalid carriages and wheelchairs.
33193210,Partes y accesorios de vehículos para inválidos.,Parts and accessories for invalid carriages.
33193211,Motores de vehículos para inválidos.,Motors for invalid carriages.
33193212,Dispositivos de dirección de vehículos para inválidos.,Steering devices for invalid carriages.
33193213,Dispositivos de mando de vehículos para inválidos.,Control devices for invalid carriages.
33193214,Chasis de vehículos para inválidos.,Chassis for invalid carriages.
33193220,Partes y accesorios de sillas de ruedas.,Parts and accessories for wheelchairs.
33193221,Almohadillas para sillas de ruedas.,Wheelchair cushions.
33193222,Armazones para sillas de ruedas.,Wheelchair frames.
33193223,Asientos para sillas de ruedas.,Wheelchair seats.
33193224,Instrumentos y aparatos de transfusión e infusión.,Wheelchair wheels.
33193225,Instrumentos y aparatos para infusión.,Wheelchair tyres.
33194000,Instrumentos y aparatos de transfusión y perfusión.,Devices and instruments for transfusion and infusion.
33194100,Instrumentos y aparatos para perfusión.,Devices and instruments for infusion.
33194110,Bombas de infusión.,Infusion pumps.
33194120,Artículos para perfusión.,Infusion supplies.
33194200,Instrumentos y aparatos para transfusión.,Devices and instruments for transfusion.
33194210,Instrumentos y aparatos para transfusión sanguínea.,Blood-transfusion devices.
33194220,Material para transfusión sanguínea.,Blood-transfusion supplies.
33195000,Sistema de monitorización de los pacientes.,Patient-monitoring system.
33195100,Monitores.,Monitors.
33195110,Monitores de respiración.,Respiratory monitors.
33195200,Puesto central de control.,Central monitoring station.
33196000,Ayudas médicas.,Medical aids.
33196100,Aparatos para las personas de avanzada edad.,Devices for the elderly.
33196200,Aparatos para minusválidos.,Devices for the disabled.
33197000,Equipo informático para uso médico.,Medical computer equipment.
33198000,Artículos de papel para hospital.,Hospital paper articles.
33198100,Compresas de papel.,Paper compresses.
33198200,Bolsas o envoltorios de papel para esterilización.,Paper sterilisation pouches or wraps.
33199000,Vestuario médico.,Medical clothing.
33600000,Productos farmacéuticos.,Pharmaceutical products.
33610000,Medicamentos para el aparato digestivo y el metabolismo.,Medicinal products for the alimentary tract and metabolism.
33611000,Medicamentos contra los trastornos producidos por la hiperacidez.,Medicinal products for acid related disorders.
33612000,Medicamentos contra los trastornos gastrointestinales funcionales.,Medicinal products for functional gastrointestinal disorders.
33613000,Laxantes.,Laxatives.
33614000,"Antidiarreicos, antiinflamatorios y antiinfecciosos intestinales.","Antidiarrhoeals, intestinal anti-inflammatory/anti-infective agents."
33615000,Antidiabéticos.,Medicinal products used in diabetes.
33615100,Insulina.,Insulin.
33616000,Vitaminas.,Vitamins.
33616100,Provitaminas.,Provitamins.
33617000,Suplementos minerales.,Mineral supplements.
33620000,"Medicamentos para la sangre, para los órganos hematopoyéticos y para el aparato cardiovascular.","Medicinal products for the blood, blood-forming organs and the cardiovascular system."
33621000,Medicamentos para la sangre y para los órganos hematopoyéticos.,Medicinal products for the blood and blood-forming organs.
33621100,Antitrombóticos.,Antithrombotic agents.
33621200,Antihemorrágicos.,Antihaemorrhagics.
33621300,Antianémicos.,Antianaemic preparations.
33621400,Sustitutos del plasma y soluciones para infusión.,Blood substitutes and perfusion solutions.
33622000,Medicamentos para el aparato cardiovascular.,Medicinal products for the cardiovascular system.
33622100,Medicamentos usados en cardioterapia.,Cardiac therapy medicinal products.
33622200,Hipotensores.,Antihypertensives.
33622300,Diuréticos.,Diuretics.
33622400,vasoprotectores.,Vasoprotectives.
33622500,Antihemorroidales de uso tópico.,Antihaemorrhoidals for topical use.
33622600,Betabloqueadores.,Beta-blocking agents.
33622700,Bloqueadores de los canales de calcio.,Calcium channel blockers.
33622800,Medicamentos que actúan sobre el sistema renina-angiotensina.,Agents acting on the renin-angiotensin system.
33630000,Medicamentos usados en dermatología y para el sistema musculo-esquelético.,Medicinal products for dermatology and the musculo-skeletal system.
33631000,Medicamentos usados en dermatología.,Medicinal products for dermatology.
33631100,Antifúngicos usados en dermatología.,Antifungals for dermatological use.
33631110,Ácidos salicílicos.,Salicylic acids.
33631200,Emolientes y protectores.,Emollients and protectives.
33631300,Antipsoriásicos.,Antipsoriatics.
33631400,Antibióticos y quimioterápicos para uso en dermatología.,Antibiotics and chemotherapeutics for dermatological use.
33631500,Corticosteroides usados en dermatología y en preparados dermatológicos.,Corticosteroids for dermatological use and dermatological preparations.
33631600,Antisépticos y desinfectantes.,Antiseptics and disinfectants.
33631700,Preparados antiacné.,Anti-acne preparations.
33632000,Medicamentos para el sistema músculo-esquelético.,Medicinal products for the musculo-skeletal system.
33632100,Antiinflamatorios y antirreumáticos.,Anti-inflammatory and antirheumatic products.
33632200,Miorrelajantes.,Muscle relaxants.
33632300,Antigotosos.,Antigout preparations.
33640000,Medicamentos para el sistema génito-urinario y hormonas.,Medicinal products for the genitourinary system and hormones.
33641000,Medicamentos para el sistema génito-urinario y hormonas sexuales.,Medicinal products for the genitourinary system and sex hormones.
33641100,Antiinfecciosos y antisépticos ginecológicos.,Gynaecological anti-infectives and antiseptics.
33641200,Otros medicamentos ginecológicos.,Other gynaecologicals.
33641300,Hormonas sexuales y moduladores genitales.,Sex hormones and modulators of the genital system.
33641400,Anticonceptivos.,Contraceptives.
33641410,Anticonceptivos orales.,Oral contraceptives.
33641420,Anticonceptivos químicos.,Chemical contraceptives.
33642000,"Preparados hormonales sistémicos, excluidas las hormonas sexuales.","Systemic hormonal preparations, excl. sex hormones."
33642100,"Hormonas hiposifiarias, hipotalámicas y análogas.","Pituitary, hypothalamic hormones and analogues."
33642200,Corticoesteroides para uso sistémico.,Corticosteroids for systemic use.
33642300,Terapia tiroidea.,Thyroid therapy medicinal products.
33650000,"Antiinfecciosos generales para uso sistémico, vacunas, antineoplásicos e inmunomoduladores.","General anti-infectives for systemic use, vaccines, antineoplastic and immunodulating agents."
33651000,"Antiinfecciosos generales para uso sistémico, vacunas, antineoplásicos, .",General anti-infectives for systemic use and vaccines.
33651100,Antibacterianos para uso sistémico.,Antibacterials for systemic use.
33651200,Antimicóticos para uso sistémico.,Antimycotics for systemic use.
33651300,Antimicobacterianos.,Antimycobacterials.
33651400,Antivirales para uso sistémico.,Antivirals for systemic use.
33651500,Inmunosueros e inmunoglobulinas.,Immune sera and immunoglobulins.
33651510,Antisueros.,Antisera.
33651520,Inmunoglobulinas.,Immunoglobulins.
33651600,Vacunas.,Vaccines.
33651610,"Vacunas contra la difteria, el tétanos y la tos ferina.",Diphtheria-pertussis-tetanus vaccines.
33651620,Vacunas contra la difteria y el tétanos.,Diphtheria-tetanus vaccines.
33651630,Vacunas BCG (liofilizadas).,BCG vaccines (dried).
33651640,"Vacunas ""triple vírica"" (sarampión, paperas, rubeola).",Measles-mumps-rubella vaccines.
33651650,Vacunas contra el tifus.,Typhus vaccines.
33651660,Vacunas contra la gripe.,Influenza vaccines.
33651670,Vacunas contra la polio.,Polio vaccines.
33651680,Vacunas contra la hepatitis B.,Hepatitis B vaccines.
33651690,Vacunas para la medicina veterinaria.,Vaccines for veterinary medicine.
33652000,Agentes antineoplásicos e inmunomoduladores.,Antineoplastic and immunomodulating agents.
33652100,Agentes antineoplásicos.,Antineoplastic agents.
33652200,Medicamentos usados en la terapia endocrina.,Endocrine therapy medicinal products.
33652300,Inmunosupresores.,Immunosuppressive agents.
33660000,Medicamentos para el sistema nervioso y los órganos de los sentidos.,Medicinal products for the nervous system and sensory organs.
33661000,Medicamentos para el sistema nervioso.,Medicinal products for the nervous system.
33661100,Anestésicos.,Anaesthetics.
33661200,Analgésicos.,Analgesics.
33661300,Antiepilépticos.,Antiepileptics.
33661400,Antiparkinsonianos.,Anti-Parkinson medicinal products.
33661500,Psicolépticos.,Psycholeptics.
33661600,Psicoanalépticos.,Psychoanaleptics.
33661700,Otros medicamentos del sistema nervioso.,Other nervous system medicinal products.
33662000,Medicamentos para los órganos de los sentidos.,Medicinal products for sensory organs.
33662100,Medicamentos usados en oftalmología.,Ophthalmologicals.
33670000,Medicamentos para el aparato respiratorio.,Medicinal products for the respiratory system.
33673000,Medicamentos para enfermedades obstructivas de las vías respiratorias.,Medicinal products for obstructive airway diseases.
33674000,Medicamentos para la tos y el resfriado.,Cough and cold preparations.
33675000,Antihistamínicos para empleo sistémico.,Antihistamines for systemic use.
33680000,Artículos farmacéuticos.,Pharmaceutical articles.
33681000,"Tetinas, chupetes y artículos similares para bebés.","Teats, nipple shields and similar articles for babies."
33682000,Baldosas de caucho.,Rubber tiles.
33683000,Amortiguadores de caucho.,Rubber cushioning.
33690000,Medicamentos diversos.,Various medicinal products.
33691000,"Productos antiparasitarios, insecticidas y repelentes.","Antiparasitic products, insecticides and repellents."
33691100,Antiprotozoarios.,Antiprotozoals.
33691200,Antihelmínticos.,Anthelmintics.
33691300,"Ectoparasiticidas, incluidos los escabicidas, insecticidas y repelentes.","Ectoparasiticides, incl. scabicides, insecticides and repellents."
33692000,Soluciones medicinales.,Medical solutions.
33692100,Soluciones para infusiones.,Infusion solutions.
33692200,Productos de nutrición parenteral.,Parenteral nutrition products.
33692210,Soluciones de nutrición parenteral.,Parenteral feeding solutions.
33692300,Productos de nutrición enteral.,Enteral feeds.
33692400,Soluciones para perfusiones.,Perfusion solutions.
33692500,Soluciones inyectables.,Injectable solutions.
33692510,Fluidos intravenosos.,Intravenous fluids.
33692600,Soluciones galénicas.,Galenical solutions.
33692700,Soluciones de glucosa.,Glucose solutions.
33692800,Soluciones para diálisis.,Dialysis solutions.
33693000,Todo los demás productos terapéuticos.,Other therapeutic products.
33693100,Toxinas.,Toxins.
33693200,Sustitutos de la nicotina.,Nicotine substitutes.
33693300,Tratamientos contra la adicción.,Addiction treatment.
33694000,Medios de diagnóstico.,Diagnostic agents.
33695000,Todo los demás productos no terapéuticos.,All other non-therapeutic products.
33696000,Reactivos y medios de contraste.,Reagents and contrast media.
33696100,Reactivos para determinación del grupo sanguíneo.,Blood-grouping reagents.
33696200,Reactivos para análisis de sangre.,Blood-testing reagents.
33696300,Reactivos químicos.,Chemical reagents.
33696400,Reactivos isotópicos.,Isotopic reagents.
33696500,Reactivos de laboratorio.,Laboratory reagents.
33696600,Reactivos para electroforesis.,Reagents for electrophoresis.
33696700,Reactivos urológicos.,Urological reagents.
33696800,Medios de contraste para radiología.,X-ray contrast media.
33697000,"Preparaciones médicas, excepto productos consumibles para uso odontológico.",Medical preparations excluding dental consumables.
33697100,Preparaciones para enemas.,Enema preparations.
33697110,Cementos para la reconstrucción de huesos.,Bone reconstruction cements.
33698000,Productos clínicos.,Clinical products.
33698100,Cultivos microbiológicos.,Microbiological cultures.
33698200,Glándulas y sus extractos.,Glands and their extracts.
33698300,Sustancias pépticas.,Peptic substances.
33700000,Productos para la higiene personal.,Personal care
33710000,"Perfumes, artículos de tocador y preservativos.","Perfumes, toiletries and condoms."
33711000,Perfumes y productos de tocador.,Perfumes and toiletries.
33711100,Aguas de Colonia.,Toilet waters.
33711110,Desodorantes.,Deodorants.
33711120,Antitranspirantes.,Antiperspirants.
33711130,Colonias.,Colognes.
33711140,Fragancias.,Fragrances.
33711150,Agua de rosas.,Rose water.
33711200,Preparaciones para maquillaje.,Make-up preparations.
33711300,Productos para manicura o pedicura.,Manicure or pedicure preparations.
33711400,Productos de belleza.,Beauty products.
33711410,Bastoncillos de algodón.,Coton buds.
33711420,Estuches de maquillaje.,Makeup kits.
33711430,Toallitas higiénicas desechables.,Disposable personal wipes.
33711440,Bálsamo labial.,Lip balm.
33711450,Tatuajes.,Tattoos.
33711500,Productos para el cuidado de la piel.,Skin-care products.
33711510,Productos de protección solar.,Sun protection products.
33711520,Geles de baño.,Bath gels.
33711530,Gorros de ducha.,Shower caps.
33711540,Cremas o lociones de parafarmacia.,Para pharmaceutical creams or lotions.
33711600,Preparaciones y artículos para el cabello.,Hair preparations and articles.
33711610,Champúes.,Shampoos.
33711620,Peines.,Combs.
33711630,Pelucas.,Wigs.
33711640,Estuchitos de tocador.,Vanity kits.
33711700,Artículos y preparados para la higiene bucal o dental.,Articles and preparations for oral or dental hygiene.
33711710,Cepillos de dientes.,Toothbrushes.
33711720,Pasta de dientes.,Toothpaste.
33711730,Mondadientes.,Toothpicks.
33711740,Baños bucales.,Mouthwash.
33711750,Enjuagues y otros productos refrescantes bucales.,Mouth fresheners.
33711760,Hilo dental.,Dental floss.
33711770,"Mordedores, anillos de dentición y chupetes para bebés.","Infant soother, pacifier and dummy."
33711780,Tabletas para limpieza de dentaduras postizas.,Denture cleaning tablets.
33711790,Estuche de higiene dental.,Dental kits.
33711800,Preparados para el afeitado.,Shaving preparations.
33711810,Cremas de afeitar.,Shaving creams.
33711900,Jabón.,Soap.
33712000,Preservativos.,Condoms.
33713000,Productos para el cuidado de los pies.,Foot care products.
33720000,Cuchillas y estuches de manicura o pedicura.,Razors and manicure or pedicure sets.
33721000,Navajas.,Razors.
33721100,Hojas de afeitar.,Razor blades.
33721200,Máquinas de afeitar.,Shavers.
33722000,Juegos para manicura o pedicura.,Manicure or pedicure sets.
33722100,Estuches de manicura.,Manicure sets.
33722110,Instrumental de manicura.,Manicure implements.
33722200,Estuches de pedicura.,Pedicure sets.
33722210,Instrumental de pedicura.,Pedicure implements.
33722300,Coleteros.,Barrettes.
33730000,Productos para el cuidado de los ojos y lentes correctoras.,Eye care products and corrective lenses.
33731000,Lentes de contacto.,Contact lenses.
33731100,Lentes correctoras.,Corrective lenses.
33731110,Lentes intraoculares.,Intraocular lenses.
33731120,Lentes para gafas.,Spectacle lenses.
33732000,Soluciones para lentes de contacto.,Contact lenses lotions.
33733000,Gafas de sol.,Sunglasses.
33734000,Gafas.,Spectacles.
33734100,Monturas de gafas.,Frames and mountings for spectacles.
33734200,Cristal para lentes de gafas.,Glass for spectacles.
33735000,Anteojos de protección.,Goggles.
33735100,Gafas protectoras.,Protective goggles.
33735200,Monturas de gafas protectoras.,Frames and mountings for goggles.
33740000,Productos para el cuidado de manos y uñas.,Hand and nails care products.
33741000,Productos para el cuidado de las manos.,Hand care products.
33741100,Jabón de manos.,Hand cleaner.
33741200,Lociones de manos o corporal.,Hand or body lotions.
33741300,Antiséptico para manos.,Hand sanitizer.
33742000,Productos para el cuidado de las uñas.,Nail care products.
33742100,Cortaúñas.,Nail clippers.
33742200,Esmalte de uñas.,Nail polish.
33750000,Productos para el cuidado del bebé.,Baby care products.
33751000,Pañales desechables.,Disposable nappies.
33752000,Protectores de lactancia.,Nursing pad.
33760000,"Papel higiénico, pañuelos, toallas y servilletas.","Toilet paper, handkerchiefs, hand towels and serviettes."
33761000,Papel higiénico.,Toilet paper.
33762000,Pañuelos de papel.,Paper handkerchiefs.
33763000,Toallas de papel.,Paper hand towels.
33764000,Servilletas de papel.,Paper serviettes.
33770000,Artículos de papel para uso sanitario e higiénico.,Paper sanitary.
33771000,Productos de papel para uso sanitario.,Sanitary paper products.
33771100,Compresas higiénicas o tampones.,Sanitary towels or tampons.
33771200,Forros de pañales de papel.,Paper napkin liners.
33772000,Productos desechables de papel.,Disposable paper products.
33790000,"Artículos de vidrio para laboratorio, higiene o farmacia.","Laboratory, hygienic or pharmaceutical glassware."
33791000,Artículos de vidrio para la higiene.,Hygienic glassware.
33792000,Artículos de vidrio para uso farmacéutico.,Pharmaceutical glassware.
33793000,Artículos de vidrio para laboratorio.,Laboratory glassware.
33900000,Equipo y material para institutos anatómico-forenses y depósitos de cadáveres.,Postmortem and mortuary equipment and supplies.
33910000,Instrumental y material para disección anatomopatológica.,Pathology dissection instruments and supplies.
33911000,Tijeras de autopsia.,Autopsy scissors.
33912000,Instrumental de disección para autopsia.,Autopsy dissection kits.
33912100,Pinzas de disección para autopsia.,Autopsy dissection forceps.
33913000,Sondas para extracción de proyectiles en autopsia.,Autopsy bullet probes.
33914000,"Hilo, agujas y pinzas de sutura para cadáveres.","Postmortem thread, needles or incision clips."
33914100,Hilo de sutura para cadáveres.,Postmortem thread.
33914200,Agujas de sutura para cadáveres.,Postmortem needles.
33914300,Pinzas de sutura para cadáveres.,Postmortem incision clips.
33915000,Sondas acanaladas para autopsia.,Autopsy vein directors.
33916000,Hojas o accesorios para sierras de autopsia.,Autopsy saw blades or accessories.
33916100,Sierras de autopsia.,Autopsy saws.
33917000,Mesas o «pads» de disección.,Dissection boards or pads.
33918000,Maletines para accesorios o instrumental de cirugía en cadáveres.,Cases for postmortem surgical instruments or accessories.
33919000,Estuches enrollables para accesorios o instrumental de cirugía en cadáveres.,Instrument rolls for postmortem surgical instruments or accessories.
33920000,Equipo y suministros para autopsia.,Autopsy equipment and supplies.
33921000,Aspiradores de polvo óseo.,Bone dust collectors.
33922000,Bolsas para transporte de cadáveres.,Cadaver transport bags.
33923000,"Reposacabezas, tableros para cadáveres y balanzas colgantes para autopsia.","Autopsy head rests, body boards or hanging scales."
33923100,Reposacabezas para autopsia.,Autopsy head rests.
33923200,Tableros de apoyo del cadáver para autopsia.,Autopsy body boards.
33923300,Balanzas colgantes para autopsia.,Autopsy hanging scales.
33924000,Equipo de prevención de enfermedades infecciosas en cadáveres.,Autopsy infectious disease kits.
33925000,Pulseras o etiquetas de identificación de cadáveres.,Postmortem identification tags or bracelets.
33926000,Tubos o aspiradores al vacío para la recogida de líquidos de autopsia.,Autopsy fluid collection vacuum aspirators or tubing.
33927000,Termómetros rectales para cadáveres.,Postmortem rectal thermometers.
33928000,Enderezadores de dedo para cadáveres.,Postmortem finger straighteners.
33929000,Maletines de regeneración del tejido dactilar en cadáveres.,Cadaver tissue builder kits.
33930000,Mobiliario para autopsia.,Autopsy furniture.
33931000,Mesas o accesorios para autopsia macroscópica.,Autopsy grossing workstations or accessories.
33932000,Pilas o accesorios para autopsia.,Autopsy sinks or accessories.
33933000,Mesas o accesorios para autopsia.,Autopsy tables or accessories.
33933100,Mesas de autopsia.,Autopsy tables.
33934000,Mesas o accesorios para necropsia.,Necropsy tables or accessories.
33935000,Mesas o accesorios para la disección de cadáveres de animales.,Postmortem animal dissection tables or accessories.
33936000,Mesas o accesorios para embalsamamiento.,Embalming workstations or accessories.
33937000,"Mesas para autopsia con evacuación descendente, o accesorios.",Autopsy downdraft workstations or accessories.
33940000,Equipos y material para el transporte y depósito de cadáveres.,Cadaver transport and storage equipment and supplies.
33941000,Estanterías para el depósito de cadáveres.,Cadaver storage racks.
33942000,Carros portacadáveres.,Cadaver carriers.
33943000,Carros elevacadáveres de tijera.,Cadaver scissor lift trolleys.
33944000,Arcones frigoríficos o congeladores para depósitos de cadáveres.,Morgue cabinet refrigerators or freezers.
33945000,Cámaras frigoríficas para depósitos de cadáveres.,Morgue walk in refrigerators.
33946000,Carros de autopsia.,Autopsy carts.
33947000,Bandejas portacadáveres.,Cadaver trays.
33948000,Dispositivos para la elevación o traslado de cadáveres.,Cadaver lifter or transfer devices.
33949000,Contenedores para transporte de cuerpos.,Body transport containers.
33950000,Equipo y material para medicina legal.,Clinical forensics equipment and supplies.
33951000,Material de necroidentificación.,Postmortem fingerprint or impression materials.
33952000,Mascarillas antiputrefacción.,Antiputrefaction masks.
33953000,Material de detección de sangre en cadáveres.,Postmortem blood detection kits or supplies.
33954000,Maletín de toma de muestras biológicas.,Biological evidence collection kits.
33960000,Equipo y material de embalsamamiento.,Embalming equipment and supplies.
33961000,Inyectores intracavitarios para embalsamamiento.,Embalming cavity injectors.
33962000,Tubos de drenaje venoso para embalsamamiento.,Embalming vein drainage tubes.
33963000,Líquidos y productos químicos para embalsamamiento.,Embalming fluids or chemical treatments.
33964000,Tubos inyectores para embalsamamiento.,Embalming injecting tubes.
33965000,Pilas de embalsamamiento y sus accesorios.,Embalming sinks or accessories.
33966000,Maletines de embalsamamiento.,Embalming kits.
33967000,Agujas de inyector para embalsamamiento.,Embalming injector needles.
33968000,Cápsulas oculares para embalsamamiento.,Eye caps.
33970000,Equipo y material para cadáveres.,Mortuary equipment and supplies.
33971000,Indumentaria para cadáveres.,Mortuary outfits.
33972000,Bolsas para cadáveres.,Mortuary packs.
33973000,Mortajas.,Mortuary wraps.
33974000,Aspiradores mortuorios.,Mortuary aspirators.
33975000,Compuestos endurecedores para cadáveres.,Mortuary hardening compounds.
34000000,Equipos de transporte y productos auxiliares.,Transport equipment and auxiliary products to transportation.
34100000,Vehículos de motor.,Motor vehicles.
34110000,Automóviles para pasajeros.,Passenger cars.
34111000,Automóviles «familiares» AC (break) y «berlinas» AA (turismos).,Estate and saloon cars.
34111100,Breaks.,Estate cars.
34111200,Automóviles de turismo.,Saloon cars.
34113000,Vehículos con tracción a las 4 ruedas.,4-wheel-drive vehicles.
34113100,Jeeps.,Jeeps.
34113200,Vehículos todo terreno.,All-terrain vehicles.
34113300,Vehículos de doble tracción.,Off-road vehicles.
34114000,Vehículos especiales.,Specialist vehicles.
34114100,Vehículos de emergencia.,Emergency vehicles.
34114110,Vehículos de salvamento.,Rescue vehicles.
34114120,Vehículos paramédicos.,Paramedic vehicles.
34114121,Ambulancias.,Ambulances.
34114122,Vehículos para transporte de pacientes.,Patient-transport vehicles.
34114200,Automóviles de policía.,Police cars.
34114210,Vehículos celulares.,Prisoner-transport vehicles.
34114300,Vehículos para servicios de asistencia social.,Welfare vehicles.
34114400,Minibuses.,Minibuses.
34115000,Otros automóviles para pasajeros.,Other passenger cars.
34115200,Vehículos de motor para el transporte de menos de 10 personas.,Motor vehicles for the transport of fewer than 10 persons.
34115300,Vehículos de transporte usados.,Second-hand transport vehicles.
34120000,Vehículos de motor para el transporte de diez o más personas.,Motor vehicles for the transport of 10 or more persons.
34121000,Autobuses y autocares.,Buses and Coaches.
34121100,Autobuses de servicio público.,Public-service buses.
34121200,Autobuses articulados.,Articulated buses.
34121300,Autobuses de dos pisos.,Double-decker buses.
34121400,Autobuses de plataforma rebajada.,Low-floor buses.
34121500,Autocares.,Coaches.
34130000,Vehículos de motor para el transporte de mercancías.,Motor vehicles for the transport of goods.
34131000,Furgonetas con caja abierta («pick-ups»).,Pick-ups.
34132000,Mototrineos.,Motor sledges.
34133000,Camiones articulados.,Articulated trucks.
34133100,Camiones-cisterna.,Tankers.
34133110,Camiones cisterna para el transporte de combustible.,Fuel-tanker trucks.
34134000,Camiones con plataforma y camiones basculantes.,Flatbed and Tipper trucks.
34134100,Camiones con plataforma.,Flatbed trucks.
34134200,Camiones basculantes.,Tipper trucks.
34136000,Camionetas.,Vans.
34136100,Camionetas ligeras.,Light vans.
34136200,Camioneta con caja metálica.,Panel vans.
34137000,Vehículos usados para el transporte de mercancías.,Second-hand goods vehicles.
34138000,Tractores de carretera.,Road tractor units.
34139000,Chasis.,Chassis.
34139100,Chasis con cabina.,Chassis cabs.
34139200,Chasis con carrocería.,Chassis bodies.
34139300,Chasis completos.,Complete chassis.
34140000,Vehículos pesados.,Heavy-duty motor vehicles.
34142000,Camiones grúa y camiones volquete.,Crane and dumper trucks.
34142100,Camiones con plataforma elevadora.,Elevator-platforms trucks.
34142200,Cargadores de hormigonera.,Skip loaders.
34142300,Camiones volquete.,Dumper trucks.
34143000,Vehículos de vialidad invernal.,Winter-maintenance vehicles.
34144000,Vehículos de motor para usos especiales.,Special-purpose motor vehicles.
34144100,Torres de perforación móviles.,Mobile drilling derricks.
34144200,Vehículos para servicios de emergencia.,Vehicles for the emergency services.
34144210,Vehículos de extinción de incendios.,Firefighting vehicles.
34144211,Camiones con escalera giratoria.,Turntable-ladder trucks.
34144212,Vehículos autobomba.,Water-tender vehicles.
34144213,Vehículos de lucha contra incendios.,Fire engines.
34144220,Vehículos de reparación de averías.,Breakdown vehicles.
34144300,Puentes móviles.,Mobile bridges.
34144400,Vehículos para el mantenimiento de carreteras.,Road-maintenance vehicles.
34144410,Vehículo para el vaciado de sumideros.,Gully emptiers.
34144420,Esparcidores de sal.,Salt spreaders.
34144430,Barrederas viales automóviles.,Road-sweeping vehicles.
34144431,Barrederas-aspiradoras automóviles.,Suction-sweeper vehicles.
34144440,Vehículos esparcidores de gravilla.,Gritter vehicles.
34144450,Vehículos de riego.,Sprinkler vehicles.
34144500,Vehículos para desperdicios y aguas residuales.,Vehicles for refuse and sewage.
34144510,Vehículos para desperdicios.,Vehicles for refuse.
34144511,Vehículos de recogida de basuras.,Refuse-collection vehicles.
34144512,Vehículos compactadores de basuras.,Refuse-compaction vehicles.
34144520,Camiones-cisterna para aguas residuales.,Sewage tankers.
34144700,Vehículos utilitarios.,Utility vehicles.
34144710,Cargadoras sobre ruedas.,Wheeled loaders.
34144730,Vehículos de repostaje de aviones.,Aircraft-refuelling vehicles.
34144740,Tractores de avión.,Aircraft-towing vehicles.
34144750,Portacargas.,Cargo carriers.
34144751,Carretillas pórtico.,Straddle carriers.
34144760,Bibliobuses.,Mobile library vehicles.
34144800,Caravanas.,Mobile homes.
34144900,Vehículos eléctricos.,Electric vehicles.
34144910,Autobuses eléctricos.,Electric buses.
34150000,Simuladores.,Simulators.
34151000,Simuladores de conducción.,Driving simulators.
34152000,Simuladores de entrenamiento.,Training simulators.
34200000,"Carrocerías para vehículos, remolques o semirremolques.","Vehicle bodies, trailers or semi-trailers."
34210000,Carrocerías para vehículos.,Vehicle bodies.
34211000,"Carrocerías para autobuses, ambulancias y vehículos de transporte de mercancías.","Bus bodies, ambulance bodies and vehicle bodies for goods vehicles."
34211100,Carrocerías para autobuses.,Bus bodies.
34211200,Carrocerías para ambulancias.,Ambulance bodies.
34211300,Carrocerías para vehículos de transporte de mercancías.,Vehicle bodies for goods vehicles.
34220000,"Remolques, semirremolques y contenedores móviles.","Trailers, semi-trailers and mobile containers."
34221000,Contenedores móviles para usos especiales.,Special-purpose mobile containers.
34221100,Unidades móviles para incidentes.,Mobile incident units.
34221200,Unidades móviles para emergencias.,Mobile emergency units.
34221300,Unidad de intervención en caso de accidente químico.,Chemical incident unit.
34223000,Remolques y semirremolques.,Trailers and semi-trailers.
34223100,Semirremolques.,Semi-trailers.
34223200,Camiones para repostar.,Bowsers.
34223300,Remolques.,Trailers.
34223310,Remolques de uso general.,General-purpose trailers.
34223320,Remolques para transporte de caballos.,Horsebox trailers.
34223330,Unidades móviles sobre remolques.,Mobile units on trailers.
34223340,Remolques cisterna.,Tanker trailers.
34223350,Remolques con escalera giratoria.,Turntable-ladder trailers.
34223360,Remolques de repostaje.,Refuelling trailers.
34223370,Remolques volquete.,Tipper trailers.
34223400,Remolques y semirremolques del tipo caravana.,Caravan-type trailers and semi-trailers.
34224000,"Partes de remolques, semirremolques y otros vehículos.","Parts of trailers, semi-trailers and other vehicles."
34224100,Partes de remolques y semirremolques.,Parts of trailers and semi-trailers.
34224200,Partes de otros vehículos.,Parts of other vehicles.
34300000,Partes y accesorios para vehículos y sus motores.,Parts and accessories for vehicles and their engines.
34310000,Motores y piezas de motores (vehículos).,Engines and engine parts.
34311000,Motores (vehículos).,Engines.
34311100,Motores de combustión interna para vehículos de motor y motocicletas.,Internal-combustion engines for motor vehicles and motorcycles.
34311110,Motores de encendido por chispa.,Spark-ignition engines.
34311120,Motores de encendido por compresión.,Compression-ignition engines.
34312000,Partes de motores.,Engine parts.
34312100,Correas de ventilador.,Fan belts.
34312200,Bujías de encendido.,Spark plugs.
34312300,Radiadores para vehículos.,Vehicle radiators.
34312400,Pistones.,Pistons.
34312500,Juntas de estanqueidad.,Gaskets.
34312600,Bandas transportadoras de caucho.,Rubber conveyor belts.
34312700,Correas de transmisión de caucho.,Rubber transmission belts.
34320000,"Piezas de recambio mecánicas, excepto motores y partes de motores.",Mechanical spare parts except engines and engine parts.
34321000,Ejes y cajas de cambio.,Axles and Gearboxes.
34321100,Ejes.,Axles.
34321200,Cajas de cambio.,Gearboxes.
34322000,Frenos y partes de frenos.,Brakes and brake parts.
34322100,Equipo de frenado.,Brake equipment.
34322200,Frenos de disco.,Disc brakes.
34322300,Guarniciones de freno.,Brake linings.
34322400,Cojinetes de freno.,Brake pads.
34322500,Zapatas de freno.,Brake shoes.
34324000,"Ruedas, sus partes y accesorios.","Wheels, parts and accessories."
34324100,Equipo de equilibrado de ruedas.,Wheel-balancing equipment.
34325000,Silenciadores y tubos de escape.,Silencers and exhaust pipes.
34325100,Silenciadores.,Silencers.
34325200,Tubos de escape.,Exhaust pipes.
34326000,"Gatos para automóviles, embragues y sus partes.","Vehicle jacks, Clutches and associated parts."
34326100,Embragues y sus partes.,Clutches and associated parts.
34326200,Gatos para automóviles.,Vehicle jacks.
34327000,"Volantes, columnas y cajas de dirección.","Steering wheels, columns and boxes."
34327100,Volantes.,Steering wheels.
34327200,Columnas y cajas de dirección.,Columns and boxes.
34328000,"Bancos de prueba, kits de conversión de vehículos y cinturones de seguridad.","Test benches, vehicle conversion kits and seat belts."
34328100,Bancos de prueba.,Test benches.
34328200,Kits para conversión de vehículos.,Vehicle conversion kits.
34328300,Cinturones de seguridad.,Seat belts.
34330000,"Repuestos para vehículos de transporte de mercancías, camionetas y automóviles.","Spare parts for goods vehicles, vans and cars."
34350000,Neumáticos para vehículos ligeros y para vehículos pesados.,Tyres for heavy/light duty vehicles.
34351000,Neumáticos para vehículos ligeros.,Light- duty tyres.
34351100,Neumáticos para automóviles.,Tyres for motor cars.
34352000,Neumáticos para vehículos pesados.,Heavy-duty tyres.
34352100,Neumáticos para camiones.,Tyres for trucks.
34352200,Neumáticos para autobuses.,Tyres for buses.
34352300,Neumáticos para uso agrario.,Agrarian tyres.
34360000,Asientos para aeronaves civiles.,Seats for civil aircraft.
34370000,Asientos para vehículos de motor.,Seats for motor vehicles.
34390000,Accesorios para tractor.,Tractor accessories.
34400000,"Motocicletas, bicicletas y sidecares.","Motorcycles, bicycles and sidecars."
34410000,Motocicletas.,Motorcycles.
34411000,Partes y accesorios para motocicletas.,Parts and accessories for motorcycles.
34411100,Sidecares para motocicletas.,Motorcycle sidecars.
34411110,Partes y accesorios de sidecares para motocicleta.,Parts and accessories for motorcycle sidecars.
34411200,Neumáticos para motocicletas.,Tyres for motorcycles.
34420000,Motocicletas ligeras y bicicletas con motor auxiliar.,Motor scooters and cycles with auxiliary motors.
34421000,Motocicletas ligeras.,Motor scooters.
34422000,Bicicletas con motor auxiliar.,Cycles with auxiliary motors.
34430000,Bicicletas.,Bicycles.
34431000,Bicicletas sin motor.,Non-motorised bicycles.
34432000,Partes y accesorios para bicicletas.,Parts and accessories for bicycles.
34432100,Neumáticos para bicicletas.,Tyres for bicycles.
34500000,Buques y barcos.,Ships and boats.
34510000,Buques.,Ships.
34511100,Patrulleros para la marina.,Marine patrol vessels.
34512000,Buques y embarcaciones similares para el transporte de personas o mercancías.,Ships and similar vessels for the transport of persons or goods.
34512100,Transbordadores.,Ferry boats.
34512200,Buques para cruceros.,Cruise ships.
34512300,Graneleros.,Bulk carriers.
34512400,Buques de carga.,Cargo ships.
34512500,Buques de mercancías.,Goods vessels.
34512600,Buques portacontenedores.,Container carriers.
34512700,Buques para transporte Ro-Ro.,Ro-Ro vessels.
34512800,Buques cisterna.,Tanker ships.
34512900,Buques para transporte de automóviles.,Car carriers.
34512950,Buques frigoríficos.,Refrigerated vessels.
34513000,"Barcos pesqueros, barcos de emergencia y demás barcos especiales.","Fishing, emergency and other special vessels."
34513100,Barcos pesqueros.,Fishing vessels.
34513150,Buques factoría.,Factory ships.
34513200,Barcos remolcadores.,Tug boats.
34513250,Dragas.,Dredgers.
34513300,Diques flotantes para navegación marítima.,Seagoing floating docks.
34513350,Embarcaciones auxiliares de buceo.,Dive-support vessels.
34513400,Pontones grúa.,Floating cranes.
34513450,Barcos de producción.,Production vessels.
34513500,Barcos de reconocimiento sísmico.,Seismic survey vessels.
34513550,Barcos exploradores.,Survey vessels.
34513600,Barcos de control de la contaminación.,Pollution-control vessels.
34513650,Naves del servicio antiincendio.,Fire vessels.
34513700,Barcos de salvamento.,Rescue vessels.
34513750,Buques faro.,Light vessels.
34514000,Plataformas flotantes o sumergibles de perforación o explotación.,Floating or submersible drilling or production platforms.
34514100,Barcos de sondeo.,Drillships.
34514200,Plataformas de perforación autoelevadoras.,Jack-up rigs.
34514300,Plataformas elevadoras de perforación.,Platforms drilling rigs.
34514400,Plataformas de perforación flotantes.,Floating drilling platforms.
34514500,Instalación de producción flotante.,Floating production facility.
34514600,Plataformas de sondeo semisumergibles.,Semi-submersible rigs.
34514700,Plataforma móvil.,Mobile platforms.
34514800,Plataforma flotante.,Offshore platforms.
34514900,Plataformas de perforación.,Drilling platforms.
34515000,Estructuras flotantes.,Floating structures.
34515100,Boyas baliza.,Marker buoys.
34515200,Balsas inflables.,Inflatable rafts.
34516000,Defensas marinas.,Marine fenders.
34520000,Barcos.,Boats.
34521000,Barcos especializados.,Specialised boats.
34521100,Barcos de vigilancia.,Surveillance boats.
34521200,Barcos patrulleros aduaneros.,Customs patrol boats.
34521300,Barcos patrulleros policiales.,Police patrol boats.
34521400,Botes salvavidas.,Lifeboats.
34522000,Barcos de recreo y deportivos.,Pleasure and sporting boats.
34522100,Barcos a vela.,Sailing boats.
34522150,Catamaranes a vela.,Catamaran sailing boats.
34522200,Botes de salvamento.,Rescue dinghies.
34522250,Botes a vela.,Sailing dinghies.
34522300,Embarcaciones pequeñas.,Small craft.
34522350,Botes de fibra de vidrio.,Fibreglass dinghies.
34522400,Botes semirrígidos.,Semi-rigid dinghies.
34522450,Embarcaciones neumáticas.,Inflatable craft.
34522500,Botes de caucho.,Rubber dinghies.
34522550,Canoas.,Canoes.
34522600,Barcos de remos.,Rowing boats.
34522700,Embarcaciones de pedales.,Pedal boats.
34600000,"Locomotoras de ferrocarril y de tranvía, material móvil y sus partes.",Railway and tramway locomotives and rolling stock and associated parts.
34610000,Locomotoras y ténderes.,Rail locomotives and tenders.
34611000,Locomotoras.,Locomotives.
34612000,Ténderes y funiculares.,Locomotive tenders and cable cars.
34612100,Ténderes.,Locomotive tenders.
34612200,Funiculares.,Cable cars.
34620000,Material móvil.,Rolling stock.
34621000,"Vehículos de mantenimiento o de servicio para ferrocarril, y vagones de carga.","Railway maintenance or service vehicles, and railway freight wagons."
34621100,Vagones de carga.,Railway freight wagons.
34621200,Vehículos de mantenimiento o de servicio para ferrocarril.,Railway maintenance or service vehicles.
34622000,"Coches de pasajeros de tren y tranvía, y trolebuses.","Railway and tramway passenger coaches, and trolleybuses."
34622100,Coches de pasajeros de tranvía.,Tramway passenger coaches.
34622200,Coches de pasajeros de tren.,Railway passenger coaches.
34622300,Trolebuses.,Trolleybuses.
34622400,Vagones de ferrocarril.,Railway carriages.
34622500,Furgones de equipaje y para usos especiales.,Luggage vans and special-purpose vans.
34630000,Partes de locomotoras de ferrocarril o tranvía o material móvil; equipo de control del tráfico de ferrocarriles.,Parts of railway or tramway locomotives or rolling stock; railways traffic-control equipment.
34631000,Partes de locomotoras o material móvil.,Parts of locomotives or rolling stock.
34631100,Ruedas monobloque.,Monobloc wheels.
34631200,Topes y enganches.,Buffers and drawgear.
34631300,Asientos para material móvil.,Rolling-stock seats.
34631400,"Ejes de ruedas y neumáticos, y otras partes de locomotoras o de material móvil.",Wheel axles and tyres and other parts of locomotives or rolling stock.
34632000,Equipo de control del tráfico de ferrocarriles.,Railways traffic-control equipment.
34632100,Señalización mecánica.,Mechanical signalling.
34632200,Equipo eléctrico de señalización para vías férreas.,Electrical signalling equipment for railways.
34632300,Instalaciones eléctricas para vías férreas.,Electrical installations for railways.
34640000,Elementos automotores.,Automotive elements.
34700000,Aeronaves y naves espaciales.,Aircraft and spacecraft.
34710000,"Helicópteros, aviones, naves espaciales y otras aeronaves propulsadas.","Helicopters, aeroplanes, spacecraft and other powered aircraft."
34711000,Helicópteros y aviones.,Helicopters and aeroplanes.
34711100,Aviones.,Aeroplanes.
34711110,Aeronaves de ala fija.,Non-piloted aircraft.
34711200,Aeronaves sin piloto.,Piloted aircraft.
34711300,Aeronaves pilotadas.,Special-purpose aircraft.
34711400,Aeronaves para usos especiales.,Helicopters.
34711500,Helicópteros.,"Spacecraft, satellites and launch vehicles."
34712000,"Naves espaciales, satélites y vehículos de lanzamiento.",Spacecraft.
34712100,Vehículos espaciales.,Satellites.
34712200,Satélites.,Spacecraft launchers.
34712300,Lanzadores de vehículos espaciales.,"Balloons, dirigibles and other non-powered aircraft."
34720000,"Globos aerostáticos, dirigibles y otras aeronaves sin propulsión.",Gliders.
34721000,Planeadores.,Hang-gliders.
34721100,Alas delta.,Balloons and dirigibles.
34722000,Globos aerostáticos y dirigibles.,Balloons.
34722100,Globos aerostáticos.,Dirigibles.
34722200,Dirigibles.,"Parts for aircraft, spacecraft and helicopters."
34730000,"Partes de aeronaves, naves espaciales y helicópteros.",Parts for aircraft.
34731000,Partes de aeronaves.,Aircraft engines.
34731100,Motores de avión.,Turbojets.
34731200,Turborreactores.,Turbopropellers.
34731300,Turbopropulsores.,Jet engines.
34731400,Motores de reacción.,Parts for aircraft engines.
34731500,Partes de motores de aeronaves.,Parts for turbojets or turbopropellers.
34731600,Partes de turborreactores o turbopropulsores.,Parts for helicopters.
34731700,Partes de helicópteros.,Tyres for aircraft.
34731800,Neumáticos para aviones.,"Aircraft or spacecraft equipment, trainers, simulators and associated parts."
34740000,"Equipamiento, entrenadores, simuladores de vuelo y sus partes para aeronaves o naves espaciales.",Aircraft equipment.
34741000,Equipo relacionado con aeronaves.,Aircraft-launching gear.
34741100,Dispositivos de lanzamiento de aeronaves.,Aircraft catapult systems.
34741200,Sistemas de lanzamiento de aeronaves.,Deck-arresting gear.
34741300,Dispositivos de frenado sobre cubierta de buques portaaviones.,Flight simulators.
34741400,Simuladores de vuelo.,Ground flying trainer.
34741500,Entrenadores de vuelo en tierra.,Air-sickness bags.
34741600,Bolsas para el mareo.,Miscellaneous transport equipment and spare parts.
34900000,Medios de transporte y piezas de recambio diversos.,"Horse or hand-drawn carts, other non-mechanically-propelled vehicles, baggage carts and miscellaneous spare parts."
34910000,"Carros de tracción animal o manual, otros vehículos sin propulsión mecánica, carritos para equipaje y piezas de recambio diversas.",Horse or hand-drawn carts and other non-mechanically-propelled vehicles.
34911000,Carros de tracción animal o manual y otros vehículos sin propulsión mecánica.,Trolleys.
34911100,Carritos manuales.,Baggage carts.
34912000,Carritos para equipaje.,Pushchairs.
34912100,Cochecitos de niño.,Miscellaneous spare parts.
34913000,Piezas de recambio diversas.,Used tyres.
34913100,Neumáticos usados.,Retreaded tyres.
34913200,Neumáticos recauchutados.,Fenders.
34913300,Guardabarros.,Clocks for vehicles.
34913400,Relojes para vehículos.,Vehicle locks.
34913500,Cerraduras para vehículos.,Bicycle locks.
34913510,Candados de bicicleta.,Ship propellers.
34913600,Hélices para buques.,Firefighting vehicle ladders.
34913700,Escaleras de vehículos contra incendios.,Anchors.
34913800,Anclas.,Road equipment.
34920000,Equipo para carreteras.,Road-maintenance equipment.
34921000,Equipo de mantenimiento de carreteras.,Road sweepers.
34921100,Barrederas viales.,Runway sweepers.
34921200,Barrederas de pistas.,Road-marking equipment.
34922000,Equipo de señalización de carreteras.,Road markings.
34922100,Marcas viales.,Glass beads for road marking.
34922110,Esferillas de vidrio para la señalización horizontal.,Road traffic-control equipment.
34923000,Equipo de control del tráfico rodado.,Variable message signs.
34924000,Señales de mensaje variable.,Car park control equipment.
34926000,Equipo de control de aparcamientos.,Toll equipment.
34927000,Equipo para peajes.,Road salt.
34927100,Sal para carreteras.,Road furniture.
34928000,Mobiliario para carreteras.,Crash barriers.
34928100,Barreras de protección.,Road barriers.
34928110,Medianas.,Barrier components.
34928120,Componentes para barreras.,Fences.
34928200,Vallas.,Wooden posts.
34928210,Postes de madera.,Fencing components.
34928220,Componentes para cercas.,Noise fence.
34928230,Pantallas acústicas viales.,Safety barriers.
34928300,Barreras de seguridad.,Safety fencing.
34928310,Vallado de seguridad.,Guardrails.
34928320,Guardarraíles.,Paravalanche devices.
34928330,Dispositivos de protección contra avalanchas.,Snow fences.
34928340,Barreras paranieves.,Urban furniture.
34928400,Mobiliario urbano.,Marker posts.
34928410,Balizas.,Road-danger lamps.
34928420,Luces indicadoras de peligro en carreteras.,Beacons.
34928430,Conos de seguridad.,Bus-stop posts.
34928440,Postes de parada de autobús.,Bollards.
34928450,Hitos luminosos.,Road cones.
34928460,Conos de carretera.,Signage.
34928470,Señalización.,Sign materials.
34928471,Materiales de señalización.,Sign posts.
34928472,Postes indicadores.,Waste and rubbish containers and bins.
34928480,Contenedores y cubos de residuos y basura.,Street-lighting equipment.
34928500,Equipo de alumbrado de calles.,Street-lighting columns.
34928510,Farolas para el alumbrado de calles.,Lampposts.
34928520,Postes de alumbrado.,Street lamps.
34928530,Lámparas de alumbrado público.,Highway materials.
34929000,Materiales para la red de autopistas.,Marine equipment.
34930000,Equipo marino.,Harbour equipment.
34931000,Equipo portuario.,Docking installations.
34931100,Instalaciones portuarias.,Passenger boarding bridges for ships.
34931200,Pasarelas de embarque de pasajeros para embarcaciones.,Passenger boarding stairs for ships.
34931300,Escaleras de embarque de pasajeros para embarcaciones.,Ship bridge simulators.
34931400,Simuladores de puente de buque.,Vessel traffic control equipment.
34931500,Equipo de control del tráfico de buques.,Radar sets.
34932000,Equipos de radar.,Navigation equipment.
34933000,Equipo de navegación.,Propeller blades.
34934000,Palas de hélices.,Railway equipment.
34940000,Equipo ferroviario.,Rails and accessories.
34941000,Raíles y accesorios.,Rods.
34941100,Varillas.,Track rails.
34941200,Raíles de vías férreas.,Tramline.
34941300,Raíles de tranvía.,Crossheads.
34941500,Crucetas.,Crossovers.
34941600,Vías de cruzamiento.,Railway points.
34941800,Empalmes de vía férrea.,Signalling equipment.
34942000,Equipo de señalización.,Signal posts.
34942100,Postes de señalización.,Signalling boxes.
34942200,Cajas de señalización.,Train-monitoring system.
34943000,Sistema de monitorización del tráfico ferroviario.,Points heating system.
34944000,Sistema de calefacción de agujas.,Track-alignment machinery.
34945000,Máquinas para alineación de vías.,Railway-track construction materials and supplies.
34946000,Materiales y suministros para la construcción de vías férreas.,Railway-track construction materials.
34946100,Materiales de construcción de vías férreas.,Rails.
34946110,Raíles.,Railway materials.
34946120,Material ferroviario.,Fishplates and sole plates.
34946121,Bridas y placas de asiento.,Check rails.
34946122,Contracarriles.,Railway-track construction supplies.
34946200,Materiales para la construcción de vías férreas.,Current-conducting rails.
34946210,Carriles conductores de corriente.,"Switch blades, crossing frogs, point rods and crossing pieces."
34946220,"Agujas, puntas de corazón, varillas para el mando de agujas y demás elementos para el cruce y cambio de vías.",Switch blades.
34946221,Agujas.,Crossing frogs.
34946222,Puntas de corazón.,Point rods.
34946223,Varillas para el mando de agujas.,Crossing pieces.
34946224,Elementos para el cruce y cambio de vías.,"Rail clips, bedplates and ties."
34946230,"Bridas de unión, placas y tirantes de separación.",Rail clips.
34946231,Bridas de unión.,Bedplates and ties.
34946232,Placas y tirantes de separación.,Chairs and chair wedges.
34946240,Cojinetes y cuñas.,Sleepers and parts of sleepers.
34947000,Traviesas y partes de traviesas.,Sleepers.
34947100,Traviesas.,Parts of sleepers.
34947200,Partes de traviesas.,Loadbearing equipment.
34950000,Equipamiento con amplia capacidad de carga.,Access platforms.
34951000,Plataformas de acceso.,Sludge-handling equipment.
34951200,Equipo de manipulación de lodos.,Sludge-drier installation.
34951300,Instalación de secado de lodos.,Hydraulic-platforms hoists.
34952000,Elevadores hidráulicos de plataforma.,Access ramps.
34953000,Rampas de acceso.,Ferry ramps.
34953100,Rampas para transbordador.,Passenger walkway.
34953300,Pasarelas para pasajeros.,Gantries.
34954000,Pasarelas de servicio.,Floating dock.
34955000,Dique flotante.,Floating storage unit.
34955100,Unidad de almacenamiento flotante.,Airport equipment.
34960000,Equipo aeroportuario.,Baggage-handling system.
34961000,Sistema de manipulación de equipajes.,Baggage-handling equipment.
34961100,Equipo de manipulación de equipajes.,Air-traffic control equipment.
34962000,Equipo de control de tráfico aéreo.,Control tower equipment.
34962100,Equipo de torre de control.,Air-traffic control.
34962200,Control del tráfico aéreo.,Air-traffic control simulation.
34962210,Simulación de control del tráfico aéreo.,Air-traffic control systems.
34962220,Sistemas de control del tráfico aéreo.,Air-traffic control training.
34962230,Formación para el control del tráfico aéreo.,Instrument Landing System (ILS).
34963000,Sistema de aterrizaje por instrumentos (ILS).,Doppler VHF Omni direction Range (DVOR).
34964000,Radiofaro omnidireccional VHF Doppler (DVOR),Distance Measuring Equipment (DME).
34965000,Equipo radiotelemétrico (DME).,Radio Direction Finder and Non Directional Beacon.
34966000,Radiogoniómetro y radiofaro no direccional.,Radio Direction Finder (RDF).
34966100,Radiogoniómetro (RDF),Non Directional Beacon (NDB).
34966200,Radiofaro no direccional (NDB).,Airport Communication System (COM).
34967000,Sistema de comunicación aeroportuaria (COM).,Airport Surveillance System and Lighting System.
34968000,Sistema de vigilancia aeroportuaria y sistema de iluminación aeroportuaria.,Airport Surveillance System (SUR).
34968100,Sistema de vigilancia aeroportuaria (SUR).,Airport Lighting System (PAPI).
34968200,Sistema de iluminación aeroportuaria (PAPI).,Passenger boarding bridges and stairs for aircraft.
34969000,Pasarelas y escaleras de embarque de pasajeros para aeronaves.,Passenger boarding bridges for aircraft.
34969100,Pasarelas de embarque de pasajeros para aeronaves.,Passenger boarding stairs for aircraft.
34969200,Escaleras de embarque de pasajeros para aeronaves.,Traffic-monitoring equipment.
34970000,Equipo para monitorización del tráfico.,Speed camera equipment.
34971000,Equipo de cámara de control de velocidad.,Traffic-flow measuring system.
34972000,Sistema de medición del flujo del tráfico.,Transport tickets.
34980000,Billetes de transporte.,"Control, safety,signalling and light equipment."
34990000,"Equipo de control, seguridad, señalización e iluminación.",Field operating lights.
34991000,Luces para iluminación exterior.,Signs and illuminated signs.
34992000,"Señales, incluidas las luminosas.",Illuminated traffic signs.
34992100,Señales de tráfico luminosas.,Road signs.
34992200,Pancartas de señalización.,Street signs.
34992300,Placas indicadoras de calles.,Road lights.
34993000,Luces para el alumbrado de carreteras.,Tunnel lighting.
34993100,Alumbrado de túneles.,Lighting for ship guidance and illumination.
34994000,Alumbrado para orientación e iluminación de barcos.,Lighting for river guidance and illumination.
34994100,Alumbrado para orientación e iluminación fluvial.,Lighting for aircraft guidance and illumination.
34995000,Alumbrado para orientación e iluminación de aeronaves.,"Control, safety or signalling equipment for roads."
34996000,"Equipo de control, seguridad o señalización para carreteras.",Traffic lights.
34996100,Semáforos.,"Control, safety or signalling equipment for inland waterways."
34996200,"Equipo de control, seguridad o señalización para vías interiores de navegación.","Control, safety or signalling equipment for parking facilities."
34996300,"Equipo de control, seguridad o señalización para zonas de estacionamiento.","Control, safety or signalling equipment for airports."
34997000,"Equipo de control, seguridad o señalización para aeropuertos.",Flight recorders.
34997100,Registradores de vuelo.,Airport lighting.
34997200,Alumbrado de aeropuertos.,Runway lights.
34997210,Luces de pista.,"Control, safety or signalling equipment for port installations."
34998000,"Equipo de control, seguridad o señalización para instalaciones portuarias.","Signal generators, aerial signal splitters and electroplating machines."
34999000,"Generadores de señales, separadores de señales de antena («splitters») y máquinas de galvanoplastia.",Signal generators.
34999100,Generadores de señales.,Aerial signal splitters.
34999200,Separadores de señales de antena («splitters»).,Electroplating machines.
34999300,Máquinas de galvanoplastia.,Scale models.
34999400,Modelos reducidos a escala.,Aircraft scale models.
34999410,Modelos de aeronaves reducidos a escala.,Boat scale models.
34999420,Modelos de barcos reducidos a escala.,"Security, fire-fighting, police and defence equipment."
35000000,"Equipo de seguridad, extinción de incendios, policía y defensa.",Emergency and security equipment.
35100000,Equipo de emergencia y seguridad.,"Firefighting, rescue and safety equipment."
35110000,"Equipo de extinción de incendios, salvamento y seguridad.",Firefighting equipment.
35111000,Equipo de extinción de incendios.,Breathing apparatus for firefighting.
35111100,Aparatos respiratorios para extinción de incendios.,Firefighting materials.
35111200,Materiales para extinción de incendios.,Fire extinguishers.
35111300,Extintores.,Foam packages.
35111310,Paquetes de espuma para extintores.,Portable fire-extinguishers.
35111320,Extintores de incendios portátiles.,Fire escape equipment.
35111400,Equipo de evacuación de emergencia.,Fire suppression system.
35111500,Sistemas de extinción de incendios.,Fire suppression hand tools.
35111510,Herramientas manuales de extinción de incendios.,Fire suppression foam or similar compounds.
35111520,Espuma para la extinción de incendios o compuestos análogos.,Rescue and emergency equipment.
35112000,Equipo de salvamento y emergencia.,Emergency training dolls.
35112100,Maniquíes para la formación sobre situaciones de emergencia.,Emergency shower.
35112200,Ducha de emergencia.,Eye shower.
35112300,Ducha ocular.,Safety equipment.
35113000,Equipo de seguridad.,Site-safety equipment.
35113100,Equipo de seguridad del lugar.,Nuclear-reactor protection system.
35113110,Sistema de protección de reactores nucleares.,"Nuclear, Biological, Chemical and Radiological protection equipment."
35113200,"Equipo de protección nuclear, biológica, química y radiológica.",Nuclear safety equipment.
35113210,Equipo de seguridad nuclear.,Safety installations.
35113300,Instalaciones de seguridad.,Protective and safety clothing.
35113400,Ropa de protección y de seguridad.,Garments for biological or chemical protection.
35113410,Prendas de vestir de protección biológica y química.,Nuclear and radiological protection clothing.
35113420,Prendas de vestir de protección nuclear y radiológica.,Safety vests.
35113430,Chalecos de seguridad.,Reflective vests.
35113440,Chalecos reflectantes.,Protective coats or ponchos.
35113450,Chaquetones o ponchos de protección.,Protective socks or hosiery.
35113460,Medias o calcetines de protección.,Protective shirts or pants.
35113470,Camisas o pantalones de protección.,Protective wristbands.
35113480,Muñequeras de protección.,Protective frock.
35113490,Vestidos de protección.,Surveillance and security systems and devices.
35120000,Sistemas y dispositivos de vigilancia y seguridad.,Security equipment.
35121000,Aparatos e instrumentos de seguridad.,Buzzers.
35121100,Zumbadores.,Detector for forged money.
35121200,Detectores de dinero falso.,Security fittings.
35121300,Accesorios de seguridad.,Security bags.
35121400,Sacos de seguridad.,Seals.
35121500,Precintos.,Tags.
35121600,Marcas.,Alarm systems.
35121700,Sistemas de alarma.,Convex security mirrors.
35121800,Espejos convexos de seguridad.,Radar detectors.
35121900,Detectores de radar.,Site-identification equipment.
35123000,Equipo de identificación del lugar.,Magnetic-card system.
35123100,Sistema de tarjetas magnéticas.,Flexible-working-hours equipment.
35123200,Equipo para horario de trabajo flexible.,Timekeeping system.
35123300,Sistema de cronometraje.,Identification badges.
35123400,Distintivos de identificación.,Video identification systems.
35123500,Sistemas de identificación por vídeo.,Metal detectors.
35124000,Detectores de metal.,Surveillance system.
35125000,Sistema de vigilancia.,Sensors.
35125100,Sensores.,Biometric sensors.
35125110,Sensores biométricos.,Time control system or working time recorder.
35125200,Sistemas de control horario y aparatos de registro para control horario.,Security cameras.
35125300,Cámaras de seguridad.,Bar code scanning equipment.
35126000,Equipo de lectura de códigos de barras.,Police equipment.
35200000,Equipo para policía.,Targets for shooting practice.
35210000,Blancos para práctica de tiro.,Anti-riot equipment.
35220000,Equipo antidisturbios.,Water cannons.
35221000,Cañones de agua.,Handcuffs.
35230000,Esposas.,Sirens.
35240000,Sirenas.,Repellents for canine attack.
35250000,Repelentes para ataques caninos.,Police signs.
35260000,Señales de policía.,Information panels.
35261000,Paneles de información.,Changing message indicator panels.
35261100,Paneles indicadores de mensajes variables.,Crossing control signalling equipment.
35262000,Equipo de señalización de control de cruces.,"Weapons, ammunition and associated parts."
35300000,"Armas, municiones y sus partes.",Miscellaneous weapons.
35310000,Armas diversas.,"Swords, cutlasses, bayonets and lances."
35311000,"Espadas, sables, bayonetas y lanzas.",Swords.
35311100,Espadas.,Cutlasses.
35311200,Sables.,Bayonets.
35311300,Bayonetas.,Lances.
35311400,Lanzas.,Gas guns.
35312000,Pistolas de gas.,Firearms.
35320000,Armas de fuego.,Light firearms.
35321000,Armas de fuego ligeras.,Hand guns.
35321100,Armas cortas.,Rifles.
35321200,Fusiles.,Machine guns.
35321300,Ametralladoras.,Artillery.
35322000,Artillería.,Anti-aircraft.
35322100,Material antiaéreo.,Self-propelled artillery.
35322200,Artillería autopropulsada.,Towed artillery.
35322300,Artillería remolcada.,Mortars.
35322400,Morteros.,Howitzer.
35322500,Obuses.,Ammunition.
35330000,Municiones.,Ammunition for firearms and warfare.
35331000,Municiones para armas de fuego y acciones de guerra.,Bullets.
35331100,Balas.,Shells.
35331200,Proyectiles.,Grenades.
35331300,Granadas.,Land mines.
35331400,Minas terrestres.,Cartridges.
35331500,Cartuchos.,Ammunition for naval warfare.
35332000,Municiones para acciones navales de guerra.,Torpedoes.
35332100,Torpedos.,Sea mines.
35332200,Minas marinas.,Ammunition for aerial warfare.
35333000,Municiones para acciones aéreas de guerra.,Bombs.
35333100,Bombas (armamento).,Rockets.
35333200,Cohetes.,Parts of firearms and ammunition.
35340000,Partes de armas de fuego y municiones.,Parts of light firearms.
35341000,Partes de armas de fuego ligeras.,Gunmetal pipe fittings.
35341100,Accesorios para tuberías de bronce de cañón.,Parts of rocket launchers.
35342000,Partes de lanzacohetes.,Parts of mortars.
35343000,Partes de morteros.,Military vehicles and associated parts.
35400000,Vehículos militares y sus partes.,Armoured military vehicles.
35410000,Vehículos militares blindados.,Battle tanks.
35411000,Carros de combate.,Main battle tanks.
35411100,Carros de combate medios.,Light battle tanks.
35411200,Carros de combate ligeros.,Armoured combat vehicles.
35412000,Vehículos de combate blindados.,Infantry fighting vehicles.
35412100,Vehículos de combate para infantería.,Armoured personnel carriers.
35412200,Vehículos de transporte de tropas blindados.,Armoured weapon carriers.
35412300,Vehículos de transporte de armas blindados.,Reconnaissance and patrol vehicles.
35412400,Vehículos de reconocimiento y patrulla.,Command and liaison vehicles.
35412500,Vehículos de mando y enlace.,Parts of military vehicles.
35420000,Partes de vehículos militares.,Mechanical spare parts for military vehicles.
35421000,Piezas mecánicas de recambio para vehículos militares.,Engines and engine parts for military vehicles.
35421100,Motores y partes de motores para vehículos militares.,Electronic and electrical spare parts for military vehicles.
35422000,Piezas electrónicas y eléctricas de recambio para vehículos militares.,Warships and associated parts.
35500000,Buques de guerra y sus partes.,Warships.
35510000,Buques de guerra.,Surface combatant.
35511000,Buques de guerra de superficie.,Aircraft carriers.
35511100,Portaaviones.,Destroyers and frigates.
35511200,Destructores y fragatas.,Corvettes and patrol boats.
35511300,Corbetas y barcos patrulleros.,Amphibious crafts and ships.
35511400,Embarcaciones y buques anfibios.,Submarines.
35512000,Submarinos.,Strategic submarine nuclear fuelled.
35512100,Submarinos nucleares estratégicos.,Attack submarine nuclear fuelled.
35512200,Submarinos nucleares de ataque.,Attack submarine diesel fuelled.
35512300,Submarinos diésel de ataque.,Unmanned Underwater Vehicles.
35512400,Vehículos subacuáticos no tripulados.,Mine warfare & auxiliary ships.
35513000,Buques de guerra de minas y buques auxiliares.,Mine hunter / minesweeper.
35513100,Cazaminas/dragaminas.,Auxiliary research vessel.
35513200,Buques auxiliares de investigación.,Auxiliary intelligence collection vessel.
35513300,Buques auxiliares de búsqueda de información.,Auxiliary Hospital / Cargo / Tanker / Roro vessel.
35513400,Buques hospital/de carga/cisterna/para transporte Ro-Ro auxiliares.,Parts for warships.
35520000,Partes de buques de guerra.,Hull and mechanical spare parts for warships.
35521000,Casco y piezas mecánicas de recambio para buques de guerra.,Engines and engine parts for warships.
35521100,Motores y piezas de motores para buques de guerra.,Electronic and electrical spare parts for warships.
35522000,Piezas electrónicas y eléctricas de recambio para buques de guerra.,"Military aircrafts, missiles and spacecrafts."
35600000,"Aeronaves militares, misiles y naves espaciales.",Military aircrafts.
35610000,Aeronaves militares.,Fixed-wing aircrafts.
35611100,Aviones de caza.,Fighter aircrafts.
35611200,Cazabombarderos/aviones de ataque contra blancos terrestres.,Fighter-bomber / ground attack aircarfts.
35611300,Bombarderos.,Bomber aircrafts.
35611400,Aeronaves militares de transporte.,Military transport aircrafts.
35611500,Aeronaves de formación.,Training aircrafts.
35611600,Aviones de patrulla marítima.,Maritime patrol aircrafts.
35611700,Aviones cisterna.,Tanker aircrafts.
35611800,Aviones de reconocimiento.,Reconnaissance aircrafts.
35612100,Helicópteros de combate.,Combat helicopters.
35612200,Helicópteros antisubmarinos.,Anti submarine warfare helicopters.
35612300,Helicópteros de apoyo.,Support helicopters.
35612400,Helicópteros militares de transporte.,Military transport helicopters.
35612500,Helicópteros de búsqueda y rescate.,Search and rescue helicopters.
35613000,Vehículos aéreos no tripulados.,Unmanned Aerial Vehicles.
35613100,Vehículos aéreos de combate no tripulados.,Unmanned Combat Aerial Vehicles.
35620000,Misiles.,Missiles.
35621000,Misiles estratégicos.,Strategic missiles.
35621100,Misiles antimisiles estratégicos.,Strategic anti-ballistic missiles.
35621200,Misiles balísticos intercontinentales.,Inter continental ballistic missiles.
35621300,Misiles balísticos lanzados por submarino.,Submarine launched ballistic missiles.
35621400,Misiles balísticos de alcance medio.,Intermediate range ballistic missiles.
35622000,Misiles tácticos.,Tactical missiles.
35622100,Misiles aire-aire.,Air-to-air missiles.
35622200,Misiles aire-tierra.,Air-to-ground missiles.
35622300,Misiles antibuques.,Anti-ship missiles.
35622400,Cohetes antisubmarinos.,Anti-submarines rockets.
35622500,Misiles antimisiles tácticos.,Tactical anti-ballistic missiles.
35622600,Misiles guiados anticarro.,Anti-tank guided missiles.
35622700,Misiles tierra-aire.,Surface-to-air missiles.
35623000,Misiles de crucero.,Cruise missiles.
35623100,Misiles de crucero lanzados desde aire/tierra/mar.,Air/Ground/Sea Launched Cruise missiles.
35630000,Naves especiales militares.,Military spacecrafts.
35631000,Satélites militares.,Military satellites.
35631100,Satélites de comunicación.,Communication satellites.
35631200,Satélites de observación.,Observation satellites.
35631300,Satélites de navegación.,Navigation satellites.
35640000,Partes de equipos aeroespaciales militares.,Parts for military aerospace equipment.
35641000,Estructura y piezas mecánicas de recambio para equipos aeroespaciales militares.,Structure and mechanical spare parts for military aerospace equipment.
35641100,Motores y partes de motores para equipos aeroespaciales militares.,Engines and engine parts for military aerospace equipment.
35642000,Piezas electrónicas y eléctricas de recambio para equipos aeroespaciales militares.,Electronic and electrical spare parts for military aerospace equipment.
35700000,Sistemas electrónicos militares.,Military electronic systems.
35710000,"Sistemas de mando, control, comunicación e informáticos.","Command, Control, Communication and Computer systems."
35711000,"Sistemas de mando, control y comunicación.","Command, Control, Communication systems."
35712000,"Sistemas tácticos de mando, control y comunicación.","Tactical Command, Control and Communication systems."
35720000,"Inteligencia, vigilancia, adquisición de objetivos y reconocimiento.","Intelligence, Surveillance, Target Acquisition and Reconnaissance."
35721000,Sistemas electrónicos de inteligencia.,Electronic intelligence system.
35722000,Radares.,Radar.
35723000,Radares de defensa aérea.,Air defence radar.
35730000,Sistemas de guerra electrónica y contramedidas.,Electronic warfare systems and counter measures.
35740000,Simuladores de combate.,Battle simulators.
35800000,Equipo individual y de apoyo.,Individual and support equipment.
35810000,Equipo individual.,Individual equipment.
35811100,Uniformes para el cuerpo de bomberos.,Fire-brigade uniforms.
35811200,Uniformes de policía.,Police uniforms.
35811300,Uniformes militares.,Military uniforms.
35812000,Uniformes de combate.,Combat uniforms.
35812100,Chaquetas de camuflaje.,Camouflage jackets.
35812200,Trajes de combate.,Combat suits.
35812300,Equipos de combate.,Combat gear.
35813000,Cascos militares.,Military helmets.
35813100,Fundas para cascos.,Helmet covers.
35814000,Máscaras de gas.,Gas masks.
35815000,Prendas de vestir de protección antibalas.,Garments for anti-ballistic protection.
35815100,Chalecos antibalas.,Bulletproof vests.
35820000,Equipo de apoyo.,Support equipment.
35821000,Banderas.,Flags.
35821100,Mástiles de bandera.,Flagpole.
37000000,"Instrumentos musicales, artículos deportivos, juegos, juguetes, artículos de artesanía, materiales artísticos y accesorios.","Musical instruments, sport goods, games, toys, handicraft, art materials and accessories."
37300000,Instrumentos musicales y sus partes.,Musical instruments and parts.
37310000,Instrumentos musicales.,Musical instruments.
37311000,Instrumentos de teclado.,Keyboard instruments.
37311100,Pianos.,Pianos.
37311200,Acordeones.,Accordions.
37311300,Órganos musicales.,Musical organs.
37311400,Celestas.,Celestas.
37312000,Instrumentos de metal.,Brass instruments.
37312100,Trompetas.,Trumpets.
37312200,Trombones.,Trombones.
37312300,Sousafones.,Sousaphones.
37312400,Saxofones.,Saxophones.
37312500,Silbatos.,Whistle.
37312600,Clarines.,Bugles.
37312700,Bombardinos.,Saxhorns.
37312800,Melófonos.,Mellophones.
37312900,"Trompas alto, trompas barítono, fliscornos y trompas dobles.","Alto, baritone, flugel and french horns."
37312910,Trompas alto.,Alto horns.
37312920,Trompas barítono.,Baritone horns.
37312930,Fliscornos.,Flugel horns.
37312940,Trompas dobles.,French horns.
37313000,Instrumentos de cuerda.,String instruments.
37313100,Clavicémbalos.,Harpsichords.
37313200,Clavicordios.,Clavichords.
37313300,Guitarras.,Guitars.
37313400,Violines.,Violins.
37313500,Arpas.,Harps.
37313600,Banjos.,Banjos.
37313700,Mandolinas.,Mandolins.
37313800,Violonchelos.,Violoncellos.
37313900,Contrabajos.,Basses.
37314000,Instrumentos de viento.,Wind instruments.
37314100,Clarinetes.,Clarinets.
37314200,Oboes.,Oboes.
37314300,Cornetas y flautas.,Musical cornets and flutes.
37314310,Cornetas.,Musical cornets.
37314320,Flautas.,Musical flutes.
37314400,Flautines.,Piccolos.
37314500,Gaitas.,Bagpipes.
37314600,Armónicas.,Harmonicas.
37314700,Mirlitones.,Kazoos.
37314800,Cornos ingleses.,English horns.
37314900,Ocarinas.,Ocarinas.
37315000,Instrumentos musicales con amplificación eléctrica del sonido.,Electrically amplified musical instruments.
37315100,Sintetizadores.,Synthesisers.
37316000,Instrumentos de percusión.,Percussion instruments.
37316100,Platillos (instrumento).,Cymbals.
37316200,Campanas (instrumento).,Bells (instrument).
37316300,Panderetas.,Tambourines.
37316400,Castañuelas.,Castanets.
37316500,Tambores (instrumento).,Drums (instrument).
37316600,Xilófonos.,Xylophones.
37316700,Vibráfonos.,Vibraphones.
37320000,Partes y accesorios de instrumentos musicales.,Parts and accessories of musical instruments.
37321000,Accesorios de instrumentos musicales.,Accessories of musical instruments.
37321100,Metrónomos.,Metronomes.
37321200,Lengüetas.,Reeds.
37321300,Accesorios para instrumentos de cuerda.,Accessories for stringed instruments.
37321400,Cuerdas para instrumentos y púas.,Instrument strings or picks.
37321500,Accesorios para instrumentos de percusión.,Percussion instrument accessory.
37321600,Fundas y estuches para instrumentos musicales y sus accesorios.,Musical instrument pouches or cases or accessories.
37321700,Soportes para instrumentos musicales y atriles.,Musical instrument stands or sheet holders.
37322000,Partes de instrumentos musicales.,Parts of musical instruments.
37322100,Clavijas de afinación.,Tuning pins.
37322200,Cajas de música y mecanismos musicales.,Music boxes or mechanisms.
37322300,Boquillas.,Mouthpieces.
37322400,Sordinas.,Mutes.
37322500,Diapasones rectos.,Tuning bars.
37322600,Batutas.,Conductors’ batons.
37322700,Almohadillas para flautines.,Piccolo pads.
37400000,Artículos y material deportivo.,Sports goods and equipment.
37410000,Equipo para deportes al aire libre.,Outdoor sports equipment.
37411000,Equipo de invierno.,Winter equipments.
37411100,Equipo de esquí y snowboard.,Skiing and snowboarding equipment.
37411110,Botas de esquí.,Ski boots.
37411120,Esquíes.,Skis.
37411130,Palos de esquí.,Ski poles.
37411140,Fijaciones.,Bindings.
37411150,Tablas de snowboard.,Snowboards.
37411160,Ropa de esquí.,Skiing outfits.
37411200,Equipo para patinaje y hockey sobre hielo.,Skating and ice hockey equipment.
37411210,Discos de hockey.,Hockey pucks.
37411220,Patines para hielo.,Ice skates.
37411230,Palos de hockey.,Hockey sticks.
37411300,Ropa y equipo polares.,Arctic clothing and equipment.
37412000,Equipo para deportes acuáticos.,Water-sports equipment.
37412100,Esquíes acuáticos.,Water skis.
37412200,Escafandras y equipo de buceo.,Scuba and snorkeling gear.
37412210,Chalecos compensadores.,Bouyancy compensators.
37412220,Botellas de aire comprimido.,Scuba tanks.
37412230,Reguladores de buceo.,Scuba regulators.
37412240,Instrumentos de buceo y sus accesorios.,Diving instruments or accessories.
37412241,Aparatos respiratorios de buceo.,Breathing apparatus for diving.
37412242,Equipo de buceo.,Diving wear.
37412243,Trajes protectores contra inmersión en agua fría.,Immersion suits.
37412250,"Máscaras, aletas y tubos de buceo.","Masks, fins or snorkels."
37412260,Trajes húmedos.,Wetsuits.
37412270,Trajes secos.,Drysuits.
37412300,Equipo y accesorios para surf y natación.,Surf and swim equipment and accessories.
37412310,"Tablas de esquí acuático, tablas de kneeboard y tablas boogie board.","Wakeboards, kneeboards or boogieboards."
37412320,Equipo para windsurf.,Windsurfing equipment.
37412330,Tablas de surf.,Surfboards.
37412340,Gafas y aletas de natación.,Swim goggles or swim fins.
37412350,Equipo de parasailing.,Parasailing equipment.
37413000,Artículos para caza y pesca.,Articles for hunting or fishing.
37413100,Aparejos de pesca.,Fishing tackle.
37413110,Cañas de pescar.,Fishing rods.
37413120,Sedales.,Fishing line.
37413130,Carretes de pesca.,Fishing reels.
37413140,Señuelos de pesca.,Fishing lures.
37413150,Cebos de pesca.,Fishing bait.
37413160,Pesas de pesca.,Fishing weights or sinkers.
37413200,Productos para la caza.,Hunting products.
37413210,Reclamos.,Animal calls.
37413220,Señuelos de caza.,Sporting decoys.
37413230,Máquinas lanzaplatos.,Sporting traps.
37413240,Cañones de escopeta.,Gun barrel.
37414000,Material de acampada.,Camping goods.
37414100,Colchones para acampada.,Sleeping pads.
37414200,Neveras para acampada.,Ice chests.
37414300,Juegos de reparación de tiendas de campaña.,Tent repair kits.
37414600,Cocinas y hornillos para acampada y uso al aire libre.,Camping or outdoor stoves.
37414700,Refrigeradores de bebidas para acampada.,Drink coolers.
37414800,Trajes de supervivencia.,Survival suits.
37415000,Equipo para atletismo.,Athletics equipment.
37416000,Equipo para actividades de ocio.,Leisure equipment.
37420000,Equipo de gimnasio.,Gymnasium equipment.
37421000,Colchonetas de gimnasia.,Gymnasium mats.
37422000,Barras de gimnasia y de equilibrios.,Gymnastic bars or beams.
37422100,Barras de gimnasia.,Gymnastic bars.
37422200,Barras de equilibrios.,Gymnastic beams.
37423000,Cuerdas y anillas para gimnasia y accesorios para escalada.,Gymnastic ropes or rings or climbing accessories.
37423100,Cuerdas para gimnasia.,Gymnastic ropes.
37423200,Anillas para gimnasia.,Gymnastic rings.
37423300,Accesorios para escalada gimnástica.,Gymnastic climbing accessories.
37424000,Equipo para saltos gimnásticos.,Gymnastic vaulting equipment.
37425000,Trampolines de gimnasia.,Gymnastic trampolines.
37426000,Equipo para equilibrios.,Balance equipment.
37430000,Equipo para boxeo.,Boxing equipment.
37431000,Cuadriláteros de boxeo.,Boxing rings.
37432000,Sacos de boxeo.,Punching bags.
37433000,Guantes de boxeo.,Boxing gloves.
37440000,Equipo para el ejercicio físico.,Fitness equipments.
37441000,Equipo para aeróbic.,Aerobic training equipment.
37441100,Cintas rodantes.,Treadmills.
37441200,Máquinas escaladoras.,Stair climbers.
37441300,Bicicletas estáticas.,Stationary bicycles.
37441400,Remadoras.,Rowing machines.
37441500,Cuerdas para saltar.,Jump ropes.
37441600,Trampolines para ejercicios.,Exercise trampolines.
37441700,Pelotas para ejercicios.,Exercise balls.
37441800,Equipo para step-aeróbic.,Step aerobic equipment.
37441900,Máquinas elípticas.,Cross trainers.
37442000,Equipo de entrenamiento con pesas y de resistencia.,Weight and resistance training equipment.
37442100,Pesas.,Dumbbells.
37442200,Halteras.,Barbells.
37442300,Máquinas de resistencia para las partes inferior y superior del cuerpo.,Lower and upper body resistance machines.
37442310,Máquinas de resistencia para la parte inferior del cuerpo.,Lower body resistance machines.
37442320,Máquinas de resistencia para la parte superior del cuerpo.,Upper body resistance machines.
37442400,Bancos de musculación y estantes para pesas.,Weight benches or racks.
37442500,Pesas para el ejercicio físico.,Fitness weights.
37442600,Máquinas para Pilates.,Pilates machines.
37442700,Tensores de mano.,Grip strengthener.
37442800,Bandas y tubos de resistencia.,Resistance bands and tubes.
37442810,Bandas de resistencia.,Resistance bands.
37442820,Tubos de resistencia.,Resistance tubes.
37442900,Máquinas multifuncionales.,Multi gyms.
37450000,Equipo para deportes practicados en terreno de juego y en cancha.,Field and court sports equipment.
37451000,Equipo para deportes practicados en terreno de juego.,Field sports equipment.
37451100,Pelotas de béisbol.,Baseballs.
37451110,«Back-stops» y vallas de béisbol.,Baseball backstops or fences.
37451120,Bases de béisbol.,Baseball bases.
37451130,Bates de béisbol.,Baseball bats.
37451140,Material de ayuda para el bateo (béisbol).,Baseball batting aids.
37451150,Guantes de béisbol.,Baseball gloves.
37451160,Equipo de protección para béisbol y sófbol.,Baseball or softball protective gear.
37451200,Equipo de hockey sobre hierba.,Field hockey equipment.
37451210,Pelotas de hockey sobre hierba.,Field hockey balls.
37451220,Palos de hockey sobre hierba.,Field hockey sticks.
37451300,Balones de fútbol americano.,Footballs.
37451310,«Trineos» de bloqueo para fútbol americano.,Football blocking sleds.
37451320,Soportes de saque para fútbol americano.,Football kicking tees.
37451330,«Dummies» de placaje para fútbol americano.,Football tackling dummies.
37451340,Equipo para flag fútbol.,Flag football gear.
37451400,Pelotas de lacrosse.,Lacrosse balls.
37451500,Palos de lacrosse.,Lacrosse sticks.
37451600,Máquinas lanzapelotas.,Pitching machines.
37451700,Balones de fútbol.,Soccer balls.
37451710,Equipo de marcado de campos de fútbol.,Soccer field marking equipment.
37451720,Equipo de protección para fútbol.,Soccer protective equipment.
37451730,Material de formación para fútbol.,Soccer training aids.
37451800,Pelotas de sófbol.,Softballs.
37451810,Bates de sófbol.,Softball bats.
37451820,Guantes de sófbol.,Softball gloves.
37451900,Balones de balonmano.,Handballs.
37451920,Juegos escolares para balonmano.,Team handball school sets.
37452000,Equipo para deportes de raqueta y cancha.,Racquet and court sports equipment.
37452100,Equipo de bádminton.,Badminton equipment.
37452110,Volantes o plumas de bádminton.,Badminton birdies or shuttlecocks.
37452120,Raquetas de bádminton.,Badminton rackets.
37452200,Balones de baloncesto.,Basketballs.
37452210,Sistemas de juego completos de baloncesto.,Basketball complete game systems.
37452300,Equipo de protección para floorball.,Floor hockey protective equipment.
37452400,"Pelotas, mangos y cuerdas para raquetbol.","Racquetball balls, grips and strings."
37452410,Pelotas de raquetbol.,Racquetball balls.
37452420,Mangos para raquetbol.,Racquetball grips.
37452430,Cuerdas para raquetbol.,Racquetball strings.
37452500,Raquetas para raquetbol.,Racquetball rackets.
37452600,Equipo de squash.,Squash equipment.
37452610,Pelotas de squash.,Squash balls.
37452620,Raquetas de squash.,Squash racquets.
37452700,Equipo de tenis.,Tennis equipment.
37452710,Pelotas de tenis.,Tennis balls.
37452720,Equipo para canchas de tenis.,Tennis court equipment.
37452730,Raquetas de tenis.,Tennis racquets.
37452740,Material de formación para tenis.,Tennis training aids.
37452800,Pelotas y postes para tetherball.,Tether balls and poles.
37452810,Pelotas para tetherball.,Tether balls.
37452820,Postes para tetherball.,Tether poles.
37452900,Pelotas de voleibol.,Volleyballs.
37452910,Postes de voleibol para gimnasio.,Volleyball gymnasium standards.
37452920,Material para el almacenamiento de pelotas y redes de voleibol.,Volleyball storage for balls or nets.
37453000,Equipo de atletismo.,Track sports equipment.
37453100,Jabalinas.,Javelins.
37453200,Barras de salto.,Jumping bars.
37453300,Discos de lanzamiento.,Discus.
37453400,Bolas de lanzamiento de peso.,Shotputs.
37453500,Pértigas.,Vaulting poles.
37453600,Vallas para saltos.,Hurdles.
37453700,Testigos.,Batons.
37460000,Juegos de tiro y mesa y sus equipos.,Target and table games and equipments.
37461000,Juegos de mesa y sus equipos.,Table games and equipment.
37461100,Mesas y accesorios para hockey aéreo.,Air hockey tables or accessories.
37461200,Bolas de futbolín.,Foosballs.
37461210,Jugadores de repuesto para futbolín.,Foosball replacement players.
37461220,Mesas de futbolín.,Foosball tables.
37461300,Tacos de billar.,Pool cues.
37461400,Equipo de juego de tejo.,Shuffleboard equipment.
37461500,Mesas para tenis de mesa.,Tennis tables.
37461510,Pelotas de tenis de mesa.,Table tennis balls.
37461520,Raquetas de tenis de mesa.,Table tennis paddles.
37462000,Juegos de tiro y sus equipos.,Target games and equipment.
37462100,Equipo de tiro con arco.,Archery equipments.
37462110,Protectores de brazo para el tiro con arco.,Archery arm guards.
37462120,Flechas de tiro con arco.,Archery arrows.
37462130,Parapetos para el tiro con arco.,Archery backstops.
37462140,Cuerdas de arco para el tiro con arco.,Archery bow strings.
37462150,Arcos para el tiro con arco.,Archery bows.
37462160,Guantes para el tiro con arco.,Archery gloves.
37462170,Soportes de diana para el tiro con arco.,Archery target stands.
37462180,Dianas de tiro con arco.,Archery targets.
37462200,Dardos.,Darts.
37462210,Dianas para dardos.,Dart boards.
37462300,Dianas para lanzamiento.,Throwing targets.
37462400,Equipo para tiro al plato.,Trapshooting equipment.
37470000,Equipo para golf y bolos.,Golf and bowling equipments.
37471000,Equipo para golf.,Golf equipment.
37471100,Bolsas de golf.,Golf bags.
37471200,Bolas de golf.,Golf balls.
37471300,Palos de golf.,Golf clubs.
37471400,«Tees» de golf.,Golf tees.
37471500,Fundas de cabeza de palo de golf.,Golf club head covers.
37471600,Guantes de golf.,Golf gloves.
37471700,Herramientas de reparación de «divots».,Divot fixers.
37471800,Medidor de distancias para golf.,Golfscopes.
37471900,Dispositivo de práctica de «putting».,Golf putting partner.
37472000,Equipo para bolos.,Bowling equipments.
37480000,Máquinas y aparatos para actividades de ocio.,Machinery or apparatus for leisure equipment.
37481000,Maquinaria de mantenimiento del hielo.,Ice maintenance machines.
37482000,Paneles de información deportiva.,Sports information billboards.
37500000,Juegos y juguetes; atracciones de feria.,Games and toys; fairground amusements.
37510000,Muñecas.,Dolls.
37511000,Casas de muñecas.,Doll houses.
37512000,Partes o accesorios de muñecas.,Doll parts or accessories.
37513000,Títeres.,Puppets.
37513100,Teatros de títeres.,Puppet theatres.
37520000,Juguetes.,Toys.
37521000,Instrumentos musicales de juguete.,Toy musical instruments.
37522000,Juguetes con ruedas.,Wheeled toys.
37523000,Puzzles.,Puzzles.
37524000,Juegos.,Games.
37524100,Juegos educativos.,Educational games.
37524200,Juegos de tablero.,Board games.
37524300,Juegos clásicos.,Classic games.
37524400,Juegos colaborativos.,Collaborative games.
37524500,Juegos de estrategia.,Strategy games.
37524600,Juegos de memoria.,Memory games.
37524700,Accesorios para juegos.,Game accessories.
37524800,Juegos de lotería.,Lotto games.
37524810,Boletos de lotería.,Lottery formulary.
37524900,Juegos reunidos.,Game kits.
37525000,Globos y pelotas.,Toy balloons and balls.
37526000,Cubos de juguete.,Toy pails.
37527000,Trenes y vehículos de juguete.,Toy trains and vehicles.
37527100,Trenes de juguete.,Toy trains.
37527200,Vehículos de juguete.,Toy vehicles.
37528000,Armas de juguete.,Toy weapons.
37529000,Juguetes hinchables y de montar.,Inflatable and riding toys.
37529100,Juguetes hinchables.,Inflatable toys.
37529200,Juguetes de montar.,Riding toys.
37530000,"Artículos para parques de atracciones, juegos de mesa o de salón.","Articles for funfair, table or parlour games."
37531000,Naipes.,Playing cards.
37532000,Videojuegos.,Video games.
37533000,Billares.,Billiards.
37533100,Bolas de billar.,Billiard balls.
37533200,Tizas de billar.,Billiard chalk.
37533300,Puntas de taco de billar.,Billiard cue tips.
37533400,Triángulos para bolas de billar.,Billiard racks.
37533500,Mesas de billar.,Billiard tables.
37534000,Juegos accionados con monedas o fichas.,Coin- or disc-operated games.
37535000,"Tiovivos, columpios, casetas de tiro y otras atracciones de feria.","Roundabouts, swings, shooting galleries and other fairground amusements."
37535100,Columpios.,Swings.
37535200,Equipamiento para terrenos de juego.,Playground equipment.
37535210,Columpios para parques infantiles.,Playground swings.
37535220,Aparatos para trepar para parques infantiles.,Playground climbing apparatus.
37535230,Tiovivos para parques infantiles.,Playground merry go rounds.
37535240,Toboganes para parques infantiles.,Playground slides.
37535250,Balancines para parques infantiles.,Playground see saws.
37535260,Túneles para parques infantiles.,Playground tunnels.
37535270,Cajones de arena para parques infantiles.,Playground sandboxes.
37535280,Gradas para parques infantiles.,Playground bleachers.
37535290,Equipo para trepar muros y cuerdas.,Wall and rope climbing equipment.
37535291,Equipo para trepar muros.,Wall climbing equipment.
37535292,Equipo para trepar cuerdas.,Rope climbing equipment.
37540000,Máquinas de juego.,Gambling machines.
37800000,Artículos para trabajos artesanales y artísticos.,Handicraft and art supplies.
37810000,Artículos para trabajos artesanales.,Handicraft supplies.
37820000,Artículos para trabajos artísticos.,Art supplies.
37821000,Pinceles para la pintura artística.,Artists’ brushes.
37822000,Lápices de dibujo.,Drawing pens.
37822100,Lápices de colores.,Crayons.
37822200,Carboncillos.,Drawing charcoal.
37822300,Tizas.,Chalks.
37822400,Colores pastel.,Pastels.
37823000,Papel resistente a las grasas y otros artículos de papel.,Greaseproof paper and other paper items.
37823100,Papel resistente a las grasas.,Greaseproof paper.
37823200,Papel calco.,Tracing paper.
37823300,Papel cristal.,Glassine paper.
37823400,Papel transparente o translúcido.,Transparent or translucent paper.
37823500,Papel kraft y papel para trabajos artísticos.,Art and craft paper.
37823600,Papel de dibujo.,Drawing paper.
37823700,Papel para mapas.,Paper for maps.
37823800,Papel y cartón multilaminares.,Multi-ply paper and paperboard.
37823900,Papel para caras (cubiertas) («kraftliner»).,Kraftliner.
38000000,"Equipo de laboratorio, óptico y de precisión (excepto gafas).","Laboratory, optical and precision equipments (excl. glasses)."
38100000,Instrumentos de navegación y meteorológicos.,Navigational and meteorological instruments.
38110000,Instrumentos de navegación.,Navigational instruments.
38111000,Equipo de radiogoniometría.,Direction-finding equipment.
38111100,Brújulas.,Compasses.
38111110,Accesorios para brújulas.,Compass accessories.
38112000,Sextantes.,Sextants.
38112100,Sistemas de navegación y posicionamiento globales (GPS o equivalentes).,Global navigation and positioning systems (GPS or equivalent).
38113000,Sonares.,Sonars.
38114000,Ecosondas.,Echo sounders.
38115000,Aparatos de radar.,Radar apparatus.
38115100,Equipo de vigilancia por radar.,Radar surveillance equipment.
38120000,Instrumentos de meteorología.,Meteorological instruments.
38121000,Anemómetros.,Anemometers.
38122000,Barómetros.,Barometers.
38123000,Aparatos de registro de precipitaciones o evaporación.,Precipitation or evaporation recorders.
38124000,Aparatos de radiosondeo.,Radiosonde apparatus.
38125000,Pluviógrafos.,Rainfall recorders.
38126000,Aparatos de observación en superficie.,Surface observing apparatus.
38126100,Aparatos de observación en superficie de las precipitaciones o la evaporación.,Precipitation or evaporation surface observing apparatus.
38126200,Aparatos de observación en superficie de la radiación solar.,Solar radiation surface observing apparatus.
38126300,Aparatos de observación en superficie de la temperatura o la humedad.,Temperature or humidity surface observing apparatus.
38126400,Aparatos de observación en superficie del viento.,Wind surface observing apparatus.
38127000,Estaciones meteorológicas.,Weather stations.
38128000,Accesorios para instrumentos meteorológicos.,Meteorology instrument accessories.
38200000,Instrumentos geológicos y geofísicos.,Geological and geophysical instruments.
38210000,Brújulas geológicas.,Geological compasses.
38220000,Aparatos de prospección geológica.,Geological prospecting apparatus.
38221000,Sistemas de información geográfica (SIG o equivalentes).,Geographic information systems (GIS or equivalent).
38230000,Instrumentos geofísicos electromagnéticos.,Electromagnetic geophysical instruments.
38240000,Instrumentos geofísicos de medición de la gravedad.,Gravity geophysical instruments.
38250000,Instrumentos geofísicos de polarización inducida (PI).,Induced polarization IP geophysical instruments.
38260000,Instrumentos geofísicos de magnetometría.,Magnetometer geophysical instruments.
38270000,Instrumentos geofísicos de resistividad.,Resistivity geophysical instruments.
38280000,Gravímetros.,Gravimeters.
38290000,"Instrumentos y aparatos de geodesia, hidrografía, oceanografía e hidrología.","Surveying, hydrographic, oceanographic and hydrological instruments and appliances."
38291000,Telémetros.,Telemetry apparatus.
38292000,Instrumentos de hidrografía.,Hydrographic instruments.
38293000,Equipo sísmico.,Seismic equipment.
38294000,Teodolitos.,Theodolites.
38295000,Equipo topográfico.,Topography equipment.
38296000,Instrumentos de geodesia.,Surveying instruments.
38300000,Instrumentos de medición.,Measuring instruments.
38310000,Balanzas de precisión.,Precision balances.
38311000,Básculas electrónicas y sus accesorios.,Electronic scales and accessories.
38311100,Balanzas electrónicas analíticas.,Electronic analytical balances.
38311200,Balanzas electrónicas técnicas.,Electronic technical balances.
38311210,Pesas de calibración.,Calibration weights.
38320000,Mesas de dibujo.,Drafting tables.
38321000,Máquinas de dibujar.,Drafting machines.
38322000,Pantógrafos.,Pantographs.
38323000,Reglas de cálculo.,Slide rules.
38330000,Instrumentos de uso manual para medir longitudes.,Hand-held instruments for measuring length.
38331000,Escuadras.,Squares.
38340000,Instrumentos de medida de cantidades.,Instruments for measuring quantities.
38341000,Aparatos para medir radiaciones.,Apparatus for measuring radiation.
38341100,Registradores de haces electrónicos.,Electron-beam recorders.
38341200,Dosímetros de radiaciones.,Radiation dosimeters.
38341300,Instrumentos de medida de magnitudes eléctricas.,Instruments for measuring electrical quantities.
38341310,Amperímetros.,Ammeters.
38341320,Voltímetros.,Voltmeters.
38341400,Contadores geiger.,Geiger counters.
38341500,Aparatos para el control de la contaminación.,Contamination-monitoring devices.
38341600,Monitores de radiación.,Radiation monitors.
38342000,Osciloscopios.,Oscilloscopes.
38342100,Oscilógrafos.,Oscillographs.
38343000,Instrumentos para control de errores.,Error-monitoring equipment.
38344000,Aparatos para el control de la polución.,Pollution-monitoring devices.
38400000,Instrumentos de medida o control de características físicas.,Instruments for checking physical characteristics.
38410000,Instrumentos de cómputo.,Metering instruments.
38411000,Hidrómetros.,Hydrometers.
38412000,Termómetros.,Thermometers.
38413000,Pirómetros.,Pyrometers.
38414000,Higrómetros.,Hygrometers.
38415000,Sicrómetros.,Psychrometers.
38416000,pH-metros.,pH meters.
38417000,Termopares.,Thermocouples.
38418000,Calorímetros.,Calorimeters.
38420000,"Instrumentos de medida del caudal, nivel y presión de líquidos y gases.","Instruments for measuring flow, level and pressure of liquids and gases."
38421000,Equipo de medida del caudal.,Flow-measuring equipment.
38421100,Contadores de agua.,Water meters.
38421110,Caudalímetros.,Flowmeters.
38422000,Equipo de medida del nivel.,Level-measuring equipment.
38423000,Equipo de medida de la presión.,Pressure-measuring equipment.
38423100,Manómetros.,Pressure gauges.
38424000,Equipo de medida y de control.,Measuring and control equipment.
38425000,Equipo para la mecánica de fluidos.,Fluid mechanics equipment.
38425100,Manómetros (mecánica de fluidos).,Manometers.
38425200,Viscosímetros.,Viscosimeters.
38425300,Indicador de profundidad.,Depth indicators.
38425400,Aparatos de estimación de la estructura.,Structure estimation apparatus.
38425500,Aparatos de estimación de la fuerza.,Strength estimation apparatus.
38425600,Picnómetros.,Pycnometers.
38425700,Instrumentos para medir la tensión superficial.,Surface tension measuring instruments.
38425800,Densitómetros.,Densitometers.
38426000,Culombímetros.,Coulometers.
38427000,Fluxómetros.,Fluxmeters.
38428000,Reómetros.,Rheometers.
38429000,Rotámetros.,Rotameters.
38430000,Aparatos de detección y análisis.,Detection and analysis apparatus.
38431000,Aparatos detectores.,Detection apparatus.
38431100,Aparatos detectores de gas.,Gas-detection apparatus.
38431200,Aparatos detectores de humos.,Smoke-detection apparatus.
38431300,Buscafugas.,Fault detectors.
38432000,Aparatos de análisis.,Analysis apparatus.
38432100,Aparatos analizadores de gas.,Gas-analysis apparatus.
38432200,Cromatógrafos.,Chromatographs.
38432210,Cromatógrafos de gas.,Gas chromatographs.
38432300,Aparatos analizadores de humos.,Smoke-analysis apparatus.
38433000,Espectrómetros.,Spectrometers.
38433100,Espectrómetros de masas.,Mass spectrometer.
38433200,Equipo de medir emisiones.,Emission measurement equipment.
38433210,Espectrómetros de emisión.,Emission spectrometer.
38433300,Analizador de espectro.,Spectrum analyser.
38434000,Analizadores.,Analysers.
38434100,Analizadores de dilatación.,Expansion analysers.
38434200,Equipo de sonometría.,Sound-measuring equipment.
38434210,Sonómetros.,Sonometers.
38434220,Analizadores de velocidad del sonido.,Sound velocity analyzers.
38434300,Equipo medidor del ruido.,Noise-measuring equipment.
38434310,Aparatos para medir decibelios.,Decibel meter.
38434400,Analizadores de vibraciones.,Vibration analysers.
38434500,Analizadores bioquímicos.,Biochemical analysers.
38434510,Citómetros.,Cytometers.
38434520,Analizadores de sangre.,Blood analysers.
38434530,Analizadores de leche.,Milk analysers.
38434540,Equipo biomédico.,Biomedical equipment.
38434550,Contadores de células sanguíneas.,Blood-cell counters.
38434560,Analizador químico.,Chemistry analyser.
38434570,Analizadores hematológicos.,Haematology analysers.
38434580,Analizadores de inmunoensayo.,Immunoassay analysers.
38435000,Aparatos de detección de fluidos.,Apparatus for detecting fluids.
38436000,Agitadores y sus accesorios.,Shakers and accessories.
38436100,Agitadores mecánicos.,Mechanical shakers.
38436110,Cestas de matraces Erlenmeyer para agitadores.,Erlenmeyer flask basket for shakers.
38436120,Soportes de matraz Erlenmeyer para agitadores,Erlenmeyer flask clamps for shakers.
38436130,Soportes de embudos de decantación.,Stands for separating funnels.
38436140,Plataformas para soportes de matraz Erlenmeyer para agitadores.,Platform for Erlenmeyer flask clamps for shakers.
38436150,Soportes de placas de Petri para agitadores.,Petri dish stand for shakers.
38436160,Soportes de tubos de ensayo para agitadores.,Test tube stand for shakers.
38436170,Adaptador de matraz para agitadores.,Flask adaptor for shakers.
38436200,Evaporadores rotatorios.,Rotating evaporators.
38436210,Pantalla de protección para evaporadores rotatorios.,Protective shield for rotating evaporators.
38436220,Sensores de temperatura de ebullición para evaporadores rotatorios.,Boiling temperature sensor for rotating evaporators.
38436230,Regulador de presión para evaporadores rotatorios.,Pressure regulator for rotating evaporators.
38436300,Agitadores de incubación.,Incubating shakers.
38436310,Placas térmicas.,Heating plates.
38436320,Placas térmicas para matraces.,Heating plates for flasks.
38436400,Agitadores magnéticos.,Magnetic shakers.
38436410,Reguladores térmicos para agitadores mecánicos con placas térmicas.,Thermal regulators for mechanical shakers with heating plates.
38436500,Mezcladores mecánicos.,Mechanical stirrers.
38436510,Rotores de paletas para mezcladores mecánicos.,Blade impellers for mechanical stirrers.
38436600,Homogenizadores de inmersión.,Immersion homogenisers.
38436610,Instrumentos de dispersión para homogeneizadores de inmersión.,Dispersing instruments for immersion homogenisers.
38436700,Desintegrador ultrasónico.,Ultrasound disintegrators.
38436710,Sondas para desintegradores ultrasónicos.,Probes for ultrasound disintegrators.
38436720,Convertidores para desintegradores ultrasónicos.,Converters for ultrasound disintegrators.
38436730,Cámaras de flujo continuo para desintegradores ultrasónicos.,Continuous-flow chambers for ultrasound disintegrators.
38436800,Homogenizadores de paletas rotatorias.,Rotating blade homogenizers.
38437000,Pipetas de laboratorio y sus accesorios.,Laboratory pipettes and accessories.
38437100,Pipetas.,Pipettes.
38437110,Puntas de pipeta.,Pipette tips.
38437120,Soportes de pipeta.,Pipette stands.
38500000,Aparatos de control y prueba.,Checking and testing apparatus.
38510000,Microscopios.,Microscopes.
38511000,Microscopios electrónicos.,Electron microscopes.
38511100,Microscopios electrónicos de barrido.,Scanning electron microscopes.
38511200,Microscopio electrónico de transmisión.,Transmission electron microscope.
38512000,Microscopios de iones y moleculares.,Ion and molecular microscopes.
38512100,Microscopios de iones.,Ion microscopes.
38512200,Microscopios moleculares.,Molecular microscopes.
38513000,Microscopios invertidos y metalográficos.,Inverted and metallurgical microscopes.
38513100,Microscopios invertidos.,Inverted microscopes.
38513200,Microscopios metalográficos.,Metallurgical microscopes.
38514000,Microscopios de campo oscuro y de sonda de barrido.,Darkfield and scanning probe microscopes.
38514100,Microscopios de campo oscuro.,Darkfield microscopes.
38514200,Microscopios de sonda de barrido.,Scanning probe microscopes.
38515000,Microscopios de fluorescencia y polarizantes.,Fluorescent and polarizing microscopes.
38515100,Microscopios polarizantes.,Polarizing microscopes.
38515200,Microscopios de fluorescencia.,Fluorescent microscopes.
38516000,Microscopios ópticos compuestos monoculares o binoculares.,Monocular and/or binocular light compound microscopes.
38517000,Microscopios acústicos y de proyección.,Acoustic and projection microscopes.
38517100,Microscopios acústicos.,Acoustic microscopes.
38517200,Microscopios de proyección.,Projection microscopes.
38518000,Microscopios de campo amplio y estereoscópicos.,"Wide field, stereo or dissecting light microscopes."
38518100,Microscopios de campo amplio.,Wide field microscopes.
38518200,Microscopios estereoscópicos.,Stereo or dissecting light microscopes.
38519000,Compuestos diversos para microscopios.,Miscellaneous compounds for microscopes.
38519100,Iluminadores para microscopios.,Illuminators for microscopes.
38519200,Objetivos de microscopio.,Microscope objectives.
38519300,Dispositivos fotográficos o de vídeo para microscopios.,Photo or video attachments for microscopes.
38519310,Dispositivos fotográficos para microscopios.,Photo attachments for microscopes.
38519320,Dispositivos de vídeo para microscopios.,Video attachments for microscopes.
38519400,Platinas automáticas de microscopio.,Automated microscope stages.
38519500,Bombillas de repuesto para microscopio de laboratorio.,Laboratory microscope replacement bulbs.
38519600,"Oculares, condensadores, lentes colectoras, tubos, platinas y fundas para microscopio.","Microscope eyepieces, condensers, collectors, tubes, stages and covers."
38519610,Oculares de microscopio.,Microscope eyepieces.
38519620,Condensadores de microscopio.,Microscope condensers.
38519630,Lentes colectoras de microscopio.,Microscope collectors.
38519640,Tubos de microscopio.,Microscope tubes.
38519650,Platinas de microscopio.,Microscope stages.
38519660,Fundas para microscopio.,Microscope covers.
38520000,Escáneres.,Scanners.
38521000,Escáneres de presión.,Pressure scanners.
38522000,Escáneres cromatográficos.,Chromatographic scanners.
38527100,Dosímetros con cámaras de ionización.,Ionization chamber dosimeters.
38527200,Dosímetros.,Dosimeters.
38527300,Sistemas de dosimetría de patrón secundario.,Secondary standard dosimetry systems.
38527400,Dosímetros para maniquí.,Phantom dosimeters.
38530000,Difractógrafos.,Diffraction apparatus.
38540000,Máquinas y aparatos de pruebas y medida.,Machines and apparatus for testing and measuring.
38541000,Equipos de ensayo de soldabilidad.,Solderability testers.
38542000,Aparatos servohidráulicos de pruebas.,Servo-hydraulic test apparatus.
38543000,Equipo de detección de gases.,Gas-detection equipment.
38544000,Aparatos detectores de drogas.,Drug detection apparatus.
38545000,Kits para análisis de gases.,Gas-testing kits.
38546000,Sistema de detección de explosivos.,Explosives detection system.
38546100,Detectores de bombas.,Bomb detectors.
38547000,Sistema de dosimetría.,Dosimetry system.
38548000,Instrumentos para vehículos.,Instruments for vehicles.
38550000,Contadores.,Meters.
38551000,Medidores de energía.,Energy meters.
38552000,Contadores electrónicos.,Electronic meters.
38553000,Contadores magnéticos.,Magnetic meters.
38554000,Contadores de electricidad.,Electricity meters.
38560000,Contadores de producción.,Production counters.
38561000,Cuentavueltas.,Revolution counters.
38561100,Velocímetros para vehículos.,Speed indicators for vehicles.
38561110,Tacómetros.,Tachometers.
38561120,Taxímetros.,Taxi meters.
38562000,Estroboscopios.,Stroboscopes.
38570000,Instrumentos y aparatos de regulación y control.,Regulating and controlling instruments and apparatus.
38571000,Limitadores de velocidad.,Speed limiters.
38580000,Equipo no médico basado en el uso de radiaciones.,Non-medical equipment based on the use of radiations.
38581000,Equipo de escáner para equipajes.,Baggage-scanning equipment.
38582000,Equipo de control por rayos X.,X-ray inspection equipment.
38600000,Instrumentos ópticos.,Optical instruments.
38620000,Materias polarizantes.,Polarising material.
38621000,Aparatos de fibra óptica.,Fibre-optic apparatus.
38622000,Espejos.,Mirrors.
38623000,Filtros ópticos.,Optical filters.
38624000,Ayudas ópticas.,Optical aids.
38630000,Instrumentos ópticos y de astronomía.,Astronomical and optical instruments.
38631000,Binoculares.,Binoculars.
38632000,Gafas para visión nocturna.,Nightglasses.
38633000,Miras telescópicas.,Telescopic sights.
38634000,Microscopios ópticos.,Optical microscopes.
38635000,Telescopios.,Telescopes.
38636000,Instrumentos ópticos especializados.,Specialist optical instruments.
38636100,Láseres.,Lasers.
38636110,Láseres industriales.,Industrial lasers.
38640000,Dispositivos de cristal líquido.,Liquid crystal devices.
38641000,Periscopios.,Periscopes.
38650000,Equipo fotográfico.,Photographic equipment.
38651000,Cámaras fotográficas.,Cameras.
38651100,Lentes para cámaras fotográficas.,Camera lenses.
38651200,Cuerpos de cámaras fotográficas.,Camera bodies.
38651300,Cámaras para la preparación de clisés o cilindros de imprenta.,Cameras for preparing printing plates or cylinders.
38651400,Cámaras fotográficas con autorrevelado.,Instant print cameras.
38651500,Cámaras cinematográficas.,Cinematographic cameras.
38651600,Cámaras fotográficas digitales.,Digital cameras.
38652000,Proyectores cinematográficos.,Cinematographic projectors.
38652100,Proyectores.,Projectors.
38652110,Proyectores de diapositivas.,Slide projectors.
38652120,Videoproyectores.,Video projectors.
38652200,Ampliadoras.,Enlargers.
38652300,Reductoras.,Reducers.
38653000,Aparatos para laboratorios fotográficos.,Apparatus for photographic laboratories.
38653100,Lámparas-flash.,Flashlights.
38653110,Lámparas de destello para fotografía.,Photographic flashbulbs.
38653111,Cubos de destello para fotografía.,Photographic flashcubes.
38653200,Ampliadoras fotográficas.,Photographic enlargers.
38653300,Aparatos y equipos para el revelado de películas.,Apparatus and equipment for developing film.
38653400,Pantallas de proyección.,Projection screens.
38654000,Equipo para microfilmes y microfichas.,Microfilm and microfiche equipment.
38654100,Equipo para microfilmes.,Microfilm equipment.
38654110,Lectores de microfilmes.,Microfilm readers.
38654200,Equipo para microfichas.,Microfiche equipment.
38654210,Lectores de microfichas.,Microfiche readers.
38654300,Equipo para microformatos.,Microform equipment.
38654310,Lectores de microformatos.,Microform readers.
38700000,Registradores de asistencia y contadores similares; parquímetros.,Time registers and the like; parking meters.
38710000,Registradores de asistencia.,Time registers.
38720000,Fechadores y contadores.,Time recorders.
38730000,Parquímetros.,Parking meters.
38731000,Contadores accionados por fichas.,Token meters.
38740000,Cronómetros de tiempos de fabricación.,Process timers.
38750000,Interruptores horarios.,Time switches.
38800000,Equipo de control de procesos industriales y equipo con mando a distancia.,Industrial process control equipment and remote-control equipment.
38810000,Equipo de control de procesos industriales.,Industrial process control equipment.
38820000,Equipo con mando a distancia.,Remote-control equipment.
38821000,Aparatos de radiocontrol.,Radio remote-control apparatus.
38822000,Dispositivos de telecontrol por sirenas.,Remote-control siren devices.
38900000,Instrumentos de evaluación o ensayo diversos.,Miscellaneous evaluation or testing instruments.
38910000,Equipo de control y ensayo higiénicos.,Hygiene monitoring and testing equipment.
38911000,Kits de ensayo de frotis manuales.,Manual swab test kits.
38912000,Kits de ensayo de frotis automatizados.,Automated swab test kits.
38920000,Equipo para semillas y piensos.,Seed and feed equipment.
38921000,Analizadores de grano.,Grain analyzers.
38922000,Contadores de semillas.,Seed counters.
38923000,Analizadores de piensos.,Feed analyzers.
38930000,Instrumentos de medición de la humedad.,Humidity and moisture measuring instruments.
38931000,Comprobadores de temperatura y humedad.,Temperature humidity testers.
38932000,Medidores de humedad.,Moisture meters.
38940000,Instrumentos de evaluación nuclear.,Nuclear evaluation instruments.
38941000,Contadores alfa.,Alpha counters.
38942000,Contadores alfa beta.,Alpha beta counters.
38943000,Contadores beta.,Beta counters.
38944000,Contadores beta gamma.,Beta gamma counters.
38945000,Contadores gamma.,Gamma counters.
38946000,Contadores de kVc.,KVP meters.
38947000,Microanalizadores para radiología.,X ray microanalysers.
38950000,Equipo para reacción en cadena de la polimerasa (PCR).,Polymerase Chain Reaction (PCR) equipment.
38951000,Equipo para reacción en cadena de la polimerasa (PCR) en tiempo real.,Real-time Polymerase Chain Reaction (PCR) equipment.
38960000,Dispositivo antiarranque por alcoholemia.,Alcohol ignition lock.
38970000,"Investigación, ensayos y simuladores científico-técnicos.","Research, testing and scientific technical simulator."
39000000,"Mobiliario (incluido el de oficina), complementos de mobiliario, aparatos electrodomésticos (excluida la iluminación) y productos de limpieza.","Furniture (incl. office furniture), furnishings, domestic appliances (excl. lighting) and cleaning products."
39100000,Mobiliario.,Furniture.
39110000,"Asientos, sillas y productos conexos y piezas correspondientes.","Seats, chairs and related products, and associated parts."
39111000,Asientos.,Seats.
39111100,Asientos giratorios.,Swivel seats.
39111200,Butacas de teatro.,Theatre seats.
39111300,Asientos eyectables.,Ejector seats.
39112000,Sillas.,Chairs.
39112100,Sillas de comedor.,Dining chairs.
39113000,Asientos y sillas diversos.,Miscellaneous seats and chairs.
39113100,Sillones.,Armchairs.
39113200,Sofás.,Settees.
39113300,Banquetas.,Bench seats.
39113400,Tumbonas.,Deck chairs.
39113500,Taburetes.,Stools.
39113600,Bancos para sentarse.,Benches.
39113700,Reposapiés.,Footrests.
39114000,Partes de asientos.,Parts of seats.
39114100,Tapizado.,Upholstering.
39120000,"Mesas, armarios, escritorios y librerías.","Tables, cupboards, desk and bookcases."
39121000,Escritorios y mesas.,Desks and tables.
39121100,Escritorios.,Desks.
39121200,Mesas.,Tables.
39122000,Armarios y librerías.,Cupboards and bookcases.
39122100,Armarios.,Cupboards.
39122200,Librerías.,Bookcases.
39130000,Muebles de oficina.,Office furniture.
39131000,Estanterías de oficina.,Office shelving.
39131100,Estanterías de archivo.,Archive shelving.
39132000,Sistemas de archivo.,Filing systems.
39132100,Archivadores.,Filing cabinets.
39132200,Ficheros.,Card-index cabinets.
39132300,Carpetas colgantes de archivo.,Hanging files.
39132400,Sistemas carrusel.,Carousel systems.
39132500,Carritos para oficina.,Office trolleys.
39133000,Expositores.,Display units.
39134000,Mobiliario de informática.,Computer furniture.
39134100,Mesas para equipo informático.,Computer tables.
39135000,Mesas de clasificación.,Sorting tables.
39135100,Estructuras de clasificación.,Sorting frames.
39136000,Perchas.,Coat hangers.
39137000,Ablandadores de agua.,Water softeners.
39140000,Mobiliario doméstico.,Domestic furniture.
39141000,Muebles y equipo de cocina.,Kitchen furniture and equipment.
39141100,Estantes.,Shelves.
39141200,Encimeras.,Worktops.
39141300,Armarios vitrina.,Cabinets.
39141400,Cocinas equipadas.,Fitted kitchens.
39141500,Campanas extractoras de humos.,Fume cupboards.
39142000,Muebles de jardín.,Garden furniture.
39143000,"Muebles de dormitorio, comedor y cuarto de estar.","Bedroom, dining room and living-room furniture."
39143100,Muebles de dormitorio.,Bedroom furniture.
39143110,Camas y ropa de cama y pasamanería especializada.,Beds and bedding and specialist soft furnishings.
39143111,Somieres.,Mattress supports.
39143112,Colchones.,Mattresses.
39143113,Pasamanería especializada.,Specialist soft furnishings.
39143114,Mantas eléctricas.,Electric blankets.
39143115,Sábanas de hule.,Rubber sheets.
39143116,Cunas.,Cots.
39143120,Muebles de dormitorio distintos de las camas y ropa de cama.,"Bedroom furniture, other than beds and beddings."
39143121,Armarios roperos.,Wardrobes.
39143122,Cómodas.,Chests of drawers.
39143123,Mesillas de noche.,Bedside tables.
39143200,Muebles de comedor.,Dining-room furniture.
39143210,Mesas de comedor.,Dining tables.
39143300,Muebles de cuarto de estar.,Living-room furniture.
39143310,Mesitas bajas.,Coffee tables.
39144000,Mobiliario de cuarto de baño.,Bathroom furniture.
39145000,Accesorios para bodegas.,Wine cellar fixtures.
39150000,Mobiliario y equipo diverso.,Miscellaneous furniture and equipment.
39151000,Mobiliario diverso.,Miscellaneous furniture.
39151100,Estanterías.,Racking.
39151200,Bancos de trabajo.,Work benches.
39151300,Mobiliario modular.,Modular furniture.
39152000,Estanterías móviles para libros.,Mobile bookshelves.
39153000,Mobiliario para sala de conferencias.,Conference-room furniture.
39153100,Atriles.,Bookstands.
39154000,Equipamiento de exposición.,Exhibition equipment.
39154100,Stands de exposición.,Exhibition stands.
39155000,Mobiliario de biblioteca.,Library furniture.
39155100,Equipamiento de biblioteca.,Library equipment.
39156000,Mobiliario de recepción y sala de espera.,Lounge and reception-area furniture.
39157000,Partes de muebles.,Parts of furniture.
39160000,Mobiliario escolar.,School furniture.
39161000,Mobiliario de jardín de infancia.,Kindergarten furniture.
39162000,Equipamiento de enseñanza.,Educational equipment.
39162100,Material pedagógico.,Teaching equipment.
39162110,Material escolar.,Teaching supplies.
39162200,Material y útiles de formación.,Training aids and devices.
39170000,Mobiliario de tienda.,Shop furniture.
39171000,Vitrinas.,Display cases.
39172000,Mostradores.,Counters.
39172100,Barras de hostelería.,Servery counters.
39173000,Unidades de almacenamiento.,Storage units.
39174000,Rótulos comerciales.,Shop signs.
39180000,Mobiliario de laboratorio.,Laboratory furniture.
39181000,Bancos de laboratorio.,Laboratory benching.
39190000,Papel para decorar y otros revestimientos.,Wallpaper and other coverings.
39191000,Revestimientos de pared a base de papel o cartón.,Paper- or paperboard-based wall coverings.
39191100,Papel para decorar.,Wallpaper.
39192000,Revestimientos textiles de pared.,Textile wall coverings.
39193000,Revestimientos de piso a base de papel o cartón.,Paper- or paperboard-based floor coverings.
39200000,Complementos de mobiliario.,Furnishing.
39220000,"Equipo de cocina, artículos de uso doméstico y artículos de catering.","Kitchen equipment, household and domestic items and catering supplies."
39221000,Equipo de cocina.,Kitchen equipment.
39221100,Utensilios de cocina.,Kitchenware.
39221110,Loza.,Crockery.
39221120,Tazas y vasos.,Cups and glasses.
39221121,Tazas.,Cups.
39221122,Tacitas.,Cuplets.
39221123,Artículos de vidrio para beber.,Drinking glasses.
39221130,Recipientes para comida.,Food containers.
39221140,Cantimploras.,Water canteens.
39221150,Termos.,Vacuum flasks.
39221160,Bandejas.,Trays.
39221170,Escurridores.,Drying racks.
39221180,Utensilios para cocinar.,Cooking utensils.
39221190,Escurreplatos.,Plate racks.
39221200,Servicios de mesa.,Tableware.
39221210,Platos.,Plates.
39221220,Fuentes.,Dishes.
39221230,Platillos.,Saucers.
39221240,Tazones.,Bowls.
39221250,Decantadoras.,Decanters.
39221260,Escudillas de campaña.,Mess tins.
39222000,Artículos para catering.,Catering supplies.
39222100,Artículos desechables para catering.,Disposable catering supplies.
39222110,Cubiertos y platos desechables.,Disposable cutlery and plates.
39222120,Tazas desechables.,Disposable cups.
39222200,Bandejas para comida.,Food trays.
39223000,Cucharas y tenedores.,"Spoons, forks."
39223100,Cucharas.,Spoons.
39223200,Tenedores.,Forks.
39224000,Escobas y cepillos y otros artículos de diversos tipos.,Brooms and brushes and other articles of various types.
39224100,Escobas.,Brooms.
39224200,Cepillos.,Brushes.
39224210,Brochas de pintor.,Painters’ brushes.
39224300,Escobas y cepillos y otros artículos de limpieza del hogar.,Brooms and brushes and other articles for household cleaning.
39224310,Escobillas para el inodoro.,Toilet brushes.
39224320,Esponjas.,Sponges.
39224330,Cubos.,Buckets.
39224340,Cubos de basura.,Bins.
39224350,Recogedores.,Dustpans.
39225000,"Encendedores, artículos de material combustible, de pirotecnia, cerillas y combustibles líquidos o de gas licuado.","Lighters, articles of combustible materials, pyrotechnics, matches and liquid or liquefied gas fuels."
39225100,Encendedores.,Cigarette lighters.
39225200,Aleaciones pirofóricas.,Pyrophoric alloys.
39225300,Cerillas.,Matches.
39225400,Gas para encendedores.,Gas fuels for lighters.
39225500,Artículos pirotécnicos.,Pyrotechnics.
39225600,Velas.,Candles.
39225700,"Botellas, jarros y redomas.","Bottles, jars and phials."
39225710,Botellas.,Bottles.
39225720,Jarros.,Jars.
39225730,Redomas.,Phials.
39226000,"Garrafas, cajas de botellas, frascos y bobinas.","Carboys, bottle cases, flasks and bobbins."
39226100,Cajas de botellas.,Bottle cases.
39226200,Garrafas y frascos.,Carboys and flasks.
39226210,Garrafas.,Carboys.
39226220,Frascos.,Flasks.
39226300,Carretes o bobinas.,Spools or bobbins.
39227000,Agujas de coser y tejer y dedales.,"Sewing and knitting needles, and thimbles."
39227100,Agujas de coser o agujas de tejer.,Sewing needles or knitting needles.
39227110,Agujas de coser.,Sewing needles.
39227120,Agujas de tejer.,Knitting needles.
39227200,Dedales.,Thimbles.
39230000,Producto para usos especiales.,Special-purpose product.
39234000,Cajas para compost.,Compost boxes.
39235000,Fichas.,Tokens.
39236000,Cabinas de pintura.,Spray booths.
39237000,Postes indicadores del nivel de nieve.,Snow poles.
39240000,Cubertería.,Cutlery.
39241000,Cuchillos y tijeras.,Knives and scissors.
39241100,Cuchillos.,Knives.
39241110,Cuchillos de mesa.,Table knives.
39241120,Cuchillos de cocina.,Cooks’ knives.
39241130,«Cutters».,Utility knives.
39241200,Tijeras.,Scissors.
39254000,Relojería.,Horology.
39254100,"Relojes, excepto de pulsera o de bolsillo.",Clocks.
39254110,Despertadores.,Alarm clocks.
39254120,Relojes de pared.,Wall clocks.
39254130,Cristal para relojes de pared.,Glass for clocks.
39260000,Bandejas de distribución y material de escritorio.,Delivery trays and desk equipment.
39261000,Bandejas de distribución.,Delivery trays.
39263000,Material de escritorio.,Desk equipment.
39263100,Juegos de escritorio.,Desk sets.
39264000,Accesorios para clasificadores de hojas intercambiables o para archivadores.,Fittings for loose-leaf binders or files.
39265000,Corchetes y hebillas.,Hooks and eyes.
39270000,Artículos religiosos.,Religious articles.
39290000,Complementos de mobiliario diversos.,Miscellaneous furnishing.
39291000,Material de lavandería.,Laundry supplies.
39292000,Pizarras o tableros escolares con superficies o utensilios para escribir o dibujar.,School slates or boards with writing or drawing surfaces or instruments.
39292100,Encerados.,Blackboards.
39292110,Borradores para encerados.,Erasers for blackboards.
39292200,Pizarras para escribir.,Writing slates.
39292300,Utensilios de dibujo.,Drawing instruments.
39292400,Utensilios de escritura.,Writing instruments.
39292500,Reglas.,Rulers.
39293000,Productos artificiales.,Artificial products.
39293100,Fruta artificial.,Artificial fruit.
39293200,Flores artificiales.,Artificial flowers.
39293300,Hierba artificial.,Artificial grass.
39293400,Césped artificial.,Artificial lawn.
39293500,Bisutería.,Imitation jewellery.
39294000,Aparatos y material diseñados para demostraciones.,Apparatus and equipment designed for demonstrational purposes.
39294100,Productos de información y promoción.,Information and promotion products.
39295000,Paraguas y sombrillas; bastones y bastones-asiento.,Umbrellas and sunshades; walking sticks and seat sticks.
39295100,Sombrillas.,Sunshades.
39295200,Paraguas.,Umbrellas.
39295300,Bastones-asiento.,Seat sticks.
39295400,Bastones.,Walking sticks.
39295500,"Partes, adornos y accesorios de paraguas, sombrillas, bastones y artículos similares.","Parts, trimmings and accessories of umbrellas, sunshades, walking sticks and similar articles."
39296000,Artículos funerarios.,Funeral supplies.
39296100,Ataúdes.,Coffins.
39297000,Suministros para cuartel.,Barracks supplies.
39298000,"Estatuillas, objetos de adorno, marcos para fotografías o para cuadros y espejos.","Statuettes, ornaments; photograph or picture frames, and mirrors."
39298100,Marcos para fotografías.,Photograph frames.
39298200,Marcos para cuadros.,Picture frames.
39298300,Floreros.,Flower bowls.
39298400,Estatuillas.,Statuettes.
39298500,Objetos de adorno.,Ornaments.
39298600,Globos.,Globes.
39298700,Trofeos.,Trophies.
39298800,Acuarios.,Aquariums.
39298900,Artículos de decoración diversos.,Miscellaneous decoration items.
39298910,Árboles de Navidad.,Christmas tree.
39299000,Artículos de cristal.,Glassware.
39299100,Ampollas de vidrio.,Glass ampoules.
39299200,Vidrio de seguridad.,Safety glass.
39299300,Espejos de vidrio.,Glass mirrors.
39300000,Equipo diverso.,Miscellaneous equipment.
39310000,Equipo de catering.,Catering equipment.
39311000,Equipo ligero de catering.,Light catering equipment.
39312000,Equipo para preparación de comidas.,Food-preparation equipment.
39312100,Cortadoras de carne.,Meat slicers.
39312200,Equipo de cantina.,Canteen equipment.
39313000,Equipo de hostelería.,Hotel equipment.
39314000,Equipo para cocinas industriales.,Industrial kitchen equipment.
39315000,Equipo de restaurante.,Restaurant equipment.
39330000,Equipo de desinfección.,Disinfection equipment.
39340000,Equipo para red de distribución de gas.,Gas network equipment.
39341000,Equipo para la presión del gas.,Gas pressure equipment.
39350000,Equipo para estaciones de depuración.,Sewerage works equipment.
39360000,Equipo de sellado.,Sealing equipment.
39370000,Instalaciones de tratamiento de aguas.,Water installations.
39500000,Artículos textiles.,Textile articles.
39510000,Artículos textiles para uso doméstico.,Textile household articles.
39511000,Mantas y mantas de viaje.,Blankets and travelling rugs.
39511100,Mantas.,Blankets.
39511200,Mantas de viaje.,Travelling rugs.
39512000,Ropa de cama.,Bed linen.
39512100,Sábanas.,Sheets.
39512200,Fundas de edredón.,Duvet covers.
39512300,Fundas de colchones.,Mattress covers.
39512400,Edredones.,Eiderdowns.
39512500,Fundas de almohada.,Pillowcases.
39512600,Fundas de almohadón.,Bolstercases.
39513000,Ropa de mesa.,Table linen.
39513100,Manteles.,Tablecloths.
39513200,Servilletas de mesa.,Table napkins.
39514000,Ropa de tocador y de cocina.,Toilet and kitchen linen.
39514100,Toallas.,Towels.
39514200,Paños de vajilla.,Tea towels.
39514300,Toalla continua.,Roller towels.
39514400,Dispensadores automáticos de papel toalla.,Automatic towel dispensers.
39514500,Paños de tocador.,Face cloths.
39515000,"Cortinas, cortinajes, guardamalletas y estores de materia textil.","Curtains, drapes, valances and textile blinds."
39515100,Cortinas.,Curtains.
39515110,Cortinas de contención de humos.,Smoke curtains.
39515200,Cortinajes.,Drapes.
39515300,Guardamalletas.,Valances.
39515400,Estores.,Blinds.
39515410,Estores de interior.,Interior blinds.
39515420,Estores de tela.,Textile blinds.
39515430,Persianas venecianas.,Venetian blinds.
39515440,Persianas verticales.,Vertical blinds.
39516000,Artículos de mobiliario.,Furnishing articles.
39516100,Tejidos para mobiliario.,Soft furnishings.
39516110,Cojines.,Cushions.
39516120,Almohadas.,Pillows.
39518000,Ropa de hospital.,Hospital linen.
39518100,Ropa blanca para quirófano.,Operating-theatre drapes.
39518200,Sábanas para quirófano.,Operating-theatre sheets.
39520000,Artículos textiles de confección.,Made-up textile articles.
39522000,"Lonas, velas para embarcaciones, tablas de vela o carros de vela, toldos, persianas, tiendas de campaña y artículos para acampar.","Tarpaulins, sails for boats, sailboards or land craft, awnings, sunblinds, tents and camping goods."
39522100,"Lonas, toldos y estores de exterior.","Tarpaulins, awnings and sunblinds."
39522110,Lonas.,Tarpaulins.
39522120,Toldos.,Awnings.
39522130,Estores de exterior.,Sunblinds.
39522200,Fundas de camuflaje.,Camouflage covers.
39522400,Velas para embarcaciones.,Sails.
39522500,Artículos de acampada de materia textil.,Textile camping goods.
39522510,Colchones neumáticos.,Pneumatic mattresses.
39522520,Camas de acampada.,Camp beds.
39522530,Tiendas de campaña.,Tents.
39522540,Sacos de dormir.,Sleeping bags.
39522541,Sacos de dormir rellenos de plumas o de plumón.,Sleeping bags filled with feathers or down.
39523000,Paracaídas.,Parachutes.
39523100,Paracaídas dirigibles.,Dirigible parachutes.
39523200,Paracaídas con aspas giratorias.,Rotochutes.
39525000,Artículos textiles manufacturados diversos.,Miscellaneous manufactured textile articles.
39525100,Bayetas para el polvo.,Dusters.
39525200,Elementos de tela para filtros.,Filter elements of cloth.
39525300,Chalecos salvavidas.,Life jackets.
39525400,Mantas ignífugas.,Fire blankets.
39525500,Mosquiteros.,Mosquito nets.
39525600,Paños de cocina.,Dishcloths.
39525700,Cinturones salvavidas.,Life belts.
39525800,Bayetas.,Cleaning cloths.
39525810,Trapos para encerar.,Polishing cloths.
39530000,"Alfombras, esteras y alfombrillas.","Carpets, mats and rugs."
39531000,Alfombras.,Carpets.
39531100,Alfombrado de nudos.,Knotted carpeting.
39531200,Alfombrado tejido.,Woven carpeting.
39531300,Alfombrado de pelo insertado.,Tufted carpeting.
39531310,Losetas de moqueta.,Carpet tiles.
39531400,Alfombrado.,Carpeting.
39532000,Esteras.,Mats.
39533000,Alfombrillas.,Rugs.
39534000,Alfombrado industrial.,Industrial carpeting.
39540000,"Cordaje diverso, cuerda, bramante y redes.","Miscellaneous cordage, rope, twine and netting."
39541000,"Cordaje, cuerda, bramante y redes.","Cordage, rope, twine and netting."
39541100,"Bramante, cordaje y cuerda.","Twine, cordage and rope."
39541110,Cuerda.,Rope.
39541120,Cordaje.,Cordage.
39541130,Cordel.,String.
39541140,Bramante.,Twine.
39541200,Redes de materia textil.,Textile nets.
39541210,Redes de malla anudada.,Knotted nets.
39541220,Eslingas.,Slings.
39542000,Trapos.,Rags.
39550000,Artículos no tejidos.,Non-woven articles.
39560000,Artículos textiles diversos.,Miscellaneous textile articles.
39561000,"Tul, encaje, cintas y galones, artículos de pasamanería y bordados.","Tulle, lace, narrow-woven fabrics, trimmings and embroidery."
39561100,Cintas y galones; artículos de pasamanería.,Narrow-woven fabrics; trimmings.
39561110,Cinta.,Ribbon.
39561120,Cinta de materia textil.,Textile tape.
39561130,Etiquetas y escudos de materia textil.,Textile labels and badges.
39561131,Etiquetas de materia textil.,Textile labels.
39561132,Escudos de materia textil.,Textile badges.
39561133,Insignias.,Insignia.
39561140,Artículos de pasamanería y ornamentales.,Ornamental trimmings.
39561141,Trenzas.,Braids.
39561142,Hombreras.,Epaulettes.
39561200,Tejidos de punto de malla.,Net fabrics.
39562000,Fieltro.,Felt.
39563000,"Guata de materias textiles, hilados, tejidos y artículos textiles para usos técnicos.","Textile wadding, yarns, fabrics and articles for technical uses."
39563100,Guata de materias textiles.,Textile wadding.
39563200,Hilados metalizados.,Metallised yarn.
39563300,Tejidos de hilos de metal.,Woven fabrics of metal thread.
39563400,"Tejidos impregnados, recubiertos o revestidos.","Impregnated, coated or covered textile fabrics."
39563500,Artículos textiles para usos técnicos.,Textile articles for technical uses.
39563510,Mangueras de materia textil.,Textile hosepiping.
39563520,Cintas transportadoras de materia textil.,Textile conveyor belts.
39563530,Conductos de ventilación.,Ventilation ducting.
39563600,Productos textiles acolchados.,Quilted textile products.
39700000,Aparatos domésticos.,Domestic appliances.
39710000,Aparatos electrodomésticos.,Electrical domestic appliances.
39711000,Aparatos electrodomésticos destinados a los alimentos.,Electrical domestic appliances for use with foodstuffs.
39711100,Refrigeradores y congeladores.,Refrigerators and freezers.
39711110,Combinaciones de refrigerador y congelador-conservador.,Refrigerator-freezers.
39711120,Congeladores.,Freezers.
39711121,Congeladores de arcón.,Chest-type freezers.
39711122,Congeladores domésticos.,Household freezers.
39711123,Congeladores verticales.,Upright-type freezers.
39711124,Congeladores industriales.,Industrial freezers.
39711130,Refrigeradores.,Refrigerators.
39711200,Procesadores de alimentos.,Food processors.
39711210,Licuadoras.,Food blenders.
39711211,Batidoras.,Food mixers.
39711300,Aparatos electrotérmicos.,Electrothermic appliances.
39711310,Cafeteras eléctricas.,Electric coffee makers.
39711320,Teteras eléctricas.,Electric tea makers.
39711330,Tostadores eléctricos.,Electric toasters.
39711340,Calientaplatos.,Plate warmers.
39711350,Aparatos para hacer barquillos.,Waffle irons.
39711360,Hornos.,Ovens.
39711361,Hornos eléctricos.,Electric ovens.
39711362,Hornos de microondas.,Microwave ovens.
39711400,"Asadores, placas calentadoras y hornillos.","Roasters, hobs, hotplates and boiling rings."
39711410,Asadores.,Roasters.
39711420,Placas para calentar comidas.,Hobs.
39711430,Placas calentadoras.,Hotplates.
39711440,Hornillos.,Boiling rings.
39711500,Abrelatas.,Can openers.
39712000,Aparatos electrodomésticos para el cuidado del cuerpo humano.,Electrical domestic appliances for use with the human body.
39712100,Máquinas de cortar el pelo.,Hair clippers.
39712200,Aparatos de peluquería.,Hairdressing appliances.
39712210,Secadores de pelo.,Hair dryers.
39712300,Aparatos para secar las manos.,Hand-drying apparatus.
39713000,Aparatos electrodomésticos para la limpieza; alisadores.,Electrical domestic appliances for cleaning; smoothing irons.
39713100,Lavavajillas.,Dishwashing machines.
39713200,Lavadoras y secadoras.,Clothes-washing and drying machines.
39713210,Lavadoras-secadoras.,Washer/dryers.
39713211,Unidad de secado y prensado.,Drying and pressing unit.
39713300,Compactadores de basuras.,Rubbish compactors.
39713400,Máquinas para mantenimiento de pisos.,Floor-maintenance machines.
39713410,Máquinas para limpieza de pisos.,Floor-cleaning machines.
39713420,Enceradoras de pisos.,Floor polishers.
39713430,Aspiradoras.,Vacuum cleaners.
39713431,Accesorios para aspiradoras.,Accessories for vacuum cleaners.
39713500,Planchas eléctricas.,Electric irons.
39713510,Planchas de vapor.,Steam irons.
39714000,Campanas aspirantes para extracción o reciclado.,Ventilating or recycling hoods.
39714100,Mecanismos de ventilación.,Ventilators.
39714110,Mecanismos de ventilación mediante extracción.,Extraction ventilators.
39715000,Calentadores de agua y calefacción para edificios; equipo de instalación sanitaria.,Water heaters and heating for buildings; plumbing equipment.
39715100,"Calentadores eléctricos de agua, instantáneos o de acumulación, y calentadores de inmersión.",Electric instantaneous or storage water heaters and immersion heaters.
39715200,Equipo de calefacción.,Heating equipment.
39715210,Equipo de calefacción central.,Central-heating equipment.
39715220,Resistencias eléctricas de calentamiento.,Electric heating resistors.
39715230,Aparatos eléctricos para la calefacción del suelo.,Electric soil-heating apparatus.
39715240,Aparatos eléctricos de calefacción de locales.,Electric space-heating apparatus.
39715300,Equipo de fontanería.,Plumbing equipment.
39716000,Partes de aparatos electrodomésticos.,Parts of electrical domestic appliances.
39717000,Ventiladores y aparatos de aire acondicionado.,Fans and air-conditioning appliances.
39717100,Ventiladores.,Fans.
39717200,Aparatos de aire acondicionado.,Air-conditioning appliances.
39720000,Aparatos domésticos no eléctricos.,Non-electric domestic appliances.
39721000,Aparatos domésticos para cocinar o calentar.,Domestic cooking or heating equipment.
39721100,Aparatos domésticos para cocinar.,Domestic cooking appliances.
39721200,Frigoríficos de gas.,Gas refrigerators.
39721300,Generadores o distribuidores de aire caliente no eléctricos.,Non-electric air heaters or hot air-distributors.
39721310,Generadores de aire caliente.,Air heaters.
39721320,Secadores de aire.,Air dryers.
39721321,Secadores de aire comprimido.,Compressed-air dryers.
39721400,"Calentadores de agua, instantáneos o de acumulación, no eléctricos.",Instantaneous or storage non-electric water heaters.
39721410,Aparatos de gas.,Gas appliances.
39721411,Calentadores de gas.,Gas heaters.
39722000,"Partes de estufas, cocinas, calientaplatos y aparatos domésticos.","Parts of stoves, cookers, plate warmers and domestic appliances."
39722100,Partes de estufas.,Parts of stoves.
39722200,Partes de cocinas.,Parts of cookers.
39722300,Partes de calientaplatos.,Parts of plate warmers.
39800000,Productos de limpieza y pulido.,Cleaning and polishing products.
39810000,Preparaciones odoríferas y ceras.,Odoriferous preparations and waxes.
39811000,Preparaciones para perfumar o desodorizar ambientes.,Preparations for perfuming or deodorising rooms.
39811100,Ambientadores.,Air freshner.
39811110,Dispensadores ambientadores.,Air freshner dispensers.
39811200,Purificadores de aire.,Air sanitizers.
39811300,Desodorizadores.,Deodorizers.
39812000,Betunes y cremas.,Polishes and creams.
39812100,Ceras para pisos.,Floor polishes.
39812200,Betunes para calzado.,Shoe polishes.
39812300,Encáusticos.,Polishing waxes.
39812400,Compuestos absorbentes para barrer.,Sweeping compounds.
39812500,Agentes de estanqueidad.,Sealants.
39813000,Pastas y polvos para fregar.,Scouring pastes and powders.
39820000,Agentes orgánicos tensoactivos.,Organic surface-active agents.
39821000,Limpiadores con amoniaco.,Ammonia cleaners.
39822000,Limpiadores cáusticos.,Caustic cleaners.
39830000,Productos de limpieza.,Cleaning products.
39831000,Preparados para lavar.,Washing preparations.
39831100,Dispersantes.,Oil dispersant.
39831200,Detergentes.,Detergents.
39831210,Detergentes para lavavajillas.,Dishwasher detergents.
39831220,Agentes desengrasantes.,Degreasing agents.
39831230,Digestores de grasa.,Grease digesters.
39831240,Compuestos para limpieza.,Cleaning compounds.
39831250,Soluciones para enjuague.,Rinsing solutions.
39831300,Limpiasuelos.,Floor cleaners.
39831400,Limpiapantallas.,Screen cleaners.
39831500,Productos de limpieza para coches.,Automotive cleaners.
39831600,Limpiainodoros.,Toilet cleaners.
39831700,Dispensadores automáticos de jabón.,Automatic soap dispensers.
39832000,Productos para el lavavajillas.,Dishwashing products.
39832100,Detergentes en polvo para el lavavajillas.,Dishwashing powder.
39833000,Productos contra el polvo.,Anti dust products.
39834000,Soluciones para limpiar joyas.,Jewelry cleaning solutions.
41000000,Agua recogida y depurada.,Collected and purified water.
41100000,Agua natural.,Natural water.
41110000,Agua potable.,Drinking water.
41120000,Agua no potable.,Non-drinking water.
42000000,Maquinaria industrial.,Industrial machinery.
42100000,Maquinaria para producción y uso de energía mecánica.,Machinery for the production and use of mechanical power.
42110000,Turbinas y motores.,Turbines and motors.
42111000,Motores (potencia motriz).,Motors.
42111100,Motores fueraborda para propulsión marina.,Outboard motors for marine propulsion.
42112000,Instalaciones de turbinas.,Turbine installations.
42112100,Turbinas de vapor de agua.,Steam turbines.
42112200,Turbinas hidráulicas.,Hydraulic turbines.
42112210,Ruedas hidráulicas.,Water wheels.
42112300,Turbinas de gas.,Gas turbines.
42112400,Equipo de turbina.,Turbine equipment.
42112410,Instrumentos para turbinas.,Turbine instruments.
42113000,Partes de turbinas.,Parts of turbines.
42113100,Partes de turbinas de vapor de agua.,Parts of steam turbines.
42113110,Placas de asiento.,Base plates.
42113120,Entubado de revestimiento.,Casings.
42113130,Sistemas de refrigeración de aire por condensador.,Condenser air-cooling systems.
42113150,Sistemas de lubrificación.,Lubricating oil systems.
42113160,Separadores de humedad.,Moisture separators.
42113161,Deshumectadores.,Dehumidifiers.
42113170,Equipo rotatorio.,Rotary equipment.
42113171,Rotores.,Rotors.
42113172,Álabes.,Blades.
42113190,Mecanismos de rotación.,Turning gear.
42113200,Partes de turbinas hidráulicas.,Parts of hydraulic turbines.
42113300,Partes de turbinas de gas.,Parts of gas turbines.
42113310,Sistemas de admisión de aire.,Air-inlet systems.
42113320,Módulo de inyección de gas.,Gas-injection module.
42113390,Sistemas de gas combustible.,Fuel-gas systems.
42113400,Partes de ruedas hidráulicas.,Parts of water wheels.
42120000,Bombas y compresores.,Pumps and compressors.
42121000,Máquinas y motores hidráulicos o neumáticos.,Hydraulic or pneumatic power engines and motors.
42121100,Cilindros hidráulicos o neumáticos.,Hydraulic or pneumatic cylinders.
42121200,Motores hidráulicos (vehículos).,Hydraulic power engines.
42121300,Motores neumáticos (vehículos).,Pneumatic power engines.
42121400,Motores hidráulicos (potencia motriz).,Hydraulic power motors.
42121500,Motores neumáticos (potencia motriz).,Pneumatic power motors.
42122000,Bombas (equipos de bombeo).,Pumps.
42122100,Bombas para líquidos.,Pumps for liquids.
42122110,Bombas para extinción de incendios.,Pumps for firefighting.
42122120,Dispositivos de repostaje de helicópteros.,Helicopter refuelling package.
42122130,Bombas de agua.,Water pumps.
42122160,Bombas de enfriamiento.,Cooling pumps.
42122161,Bombas de agua de enfriamiento.,Cooling-water pumps.
42122170,Bombas de lubrificación.,Lubricating pumps.
42122180,Bombas de alimentación de combustible.,Fuel pumps.
42122190,Bombas de hormigón.,Concrete pumps.
42122200,Bombas alternativas de desplazamiento positivo para líquidos.,Reciprocating positive-displacement pumps for liquids.
42122210,Grupos hidráulicos.,Hydraulic power packs.
42122220,Bombas para aguas residuales.,Sewage pumps.
42122230,Bombas dosificadoras.,Dosing pumps.
42122300,Elevadores de presión para líquidos.,Pressure boosters for liquids.
42122400,Bombas centrífugas y elevadores de líquidos.,Centrifugal pumps and liquid elevators.
42122410,Bombas para uso médico.,Pumps for medical use.
42122411,Bombas para uso nutricional.,Nutritional pumps.
42122419,Bombas de perfusión.,Perfusion pumps.
42122420,Elevadores de líquidos.,Liquid elevators.
42122430,Bombas centrífugas.,Centrifugal pumps.
42122440,Bombas rotatorias.,Rotary pumps.
42122450,Bombas de vacío.,Vacuum pumps.
42122460,Bombas de aire.,Air pumps.
42122480,Bombas de impulsor.,Impeller pumps.
42122500,Bombas de laboratorio y accesorios.,Laboratory pumps and accessories.
42122510,Bombas peristálticas.,Peristaltic pumps.
42123000,Compresores.,Compressors.
42123100,Compresores de gas.,Gas compressors.
42123200,Compresores rotatorios.,Rotary compressors.
42123300,Compresores para equipos frigoríficos.,Compressors for refrigerating equipment.
42123400,Compresores de aire.,Air compressors.
42123410,Compresores de aire montados.,Mounted air compressors.
42123500,Turbocompresores.,Turbo-compressors.
42123600,Compresores volumétricos alternativos.,Reciprocating displacement compressors.
42123610,Grupo de aire comprimido.,Compressed-air package.
42123700,Compresores centrífugos.,Centrifugal compressors.
42123800,Compresores para aeronaves civiles.,Compressors for use in civil aircraft.
42124000,"Partes de bombas, compresores, máquinas o motores.","Parts of pumps, compressors, engines or motors."
42124100,Partes de máquinas o motores.,Parts of engines or motors.
42124130,Partes de máquinas neumáticas.,Parts of pneumatic engines.
42124150,Partes de máquinas o motores hidráulicos.,Parts of hydraulic power engines or motors.
42124170,Partes de motores de reacción.,Parts of reaction engines.
42124200,Partes de bombas o elevadores de líquidos.,Parts of pumps or liquid elevators.
42124210,"Partes de bombas para combustible, manuales y para hormigón.","Parts of fuel, hand and concrete pumps."
42124211,Partes de bombas para combustible.,Parts of fuel pumps.
42124212,Partes de bombas manuales.,Parts of hand pumps.
42124213,Partes de bombas de hormigón.,Parts of concrete pumps.
42124220,Partes de bombas alternativas de desplazamiento positivo.,Parts of reciprocating positive-displacement pumps.
42124221,Partes de grupos hidráulicos.,Parts of hydraulic power packs.
42124222,Partes de bombas dosificadoras.,Parts of dosing pumps.
42124230,Partes de bombas rotativas de desplazamiento positivo.,Parts of rotary positive-displacement pumps.
42124290,Partes de bombas centrífugas.,Parts of centrifugal pumps.
42124300,"Partes de bombas de aire o de vacío, de compresores de aire o de gas.","Parts of air or vacuum pumps, of air or gas compressors."
42124310,Partes de bombas de aire.,Parts of air pumps.
42124320,Partes de bombas de vacío.,Parts of vacuum pumps.
42124330,Partes de compresores de aire.,Parts of air compressors.
42124340,Partes de compresores de gas.,Parts of gas compressors.
42130000,"Grifos, llaves, válvulas y aparatos similares.","Taps, cocks, valves and similar appliances."
42131000,"Grifos, llaves y válvulas.","Taps, cocks and valves."
42131100,Válvulas definidas según su función.,Valves defined by function.
42131110,Válvulas de radiador de calefacción central.,Central-heating radiator valves.
42131120,Válvulas de esclusa.,Sluice valves.
42131130,Reguladores de temperatura.,Temperature regulators.
42131140,"Válvulas reductoras de presión, de control, de registro o seguridad.","Pressure-reducing, control, check or safety valves."
42131141,Válvulas reductoras de presión.,Pressure-reducing valves.
42131142,Válvulas de control.,Control valves.
42131143,Válvulas de regulación de crecidas.,Flood-control valves.
42131144,Válvulas de regulación.,Process-control valves.
42131145,Válvulas de registro.,Check valves.
42131146,Válvulas antirretorno.,Non-return valves.
42131147,Válvulas de seguridad.,Safety valves.
42131148,Válvulas de cierre.,Stop valves.
42131150,Válvulas de columnas hidráulicas.,Standpipe valves.
42131160,Hidrantes.,Hydrants.
42131170,Válvulas de escape de botellas y bombonas de gas.,Gas-cylinder outlet valves.
42131200,Válvulas definidas según su construcción.,Valves defined by construction.
42131210,Válvulas de cuchilla.,Knife valves.
42131220,Válvulas de tubería forzada.,Penstock valves.
42131230,Válvulas de compuerta.,Gate valves.
42131240,Válvulas de asiento.,Globe valves.
42131250,Válvulas de aguja.,Needle valves.
42131260,Válvulas esféricas.,Ball valves.
42131270,Válvulas de obturación (de macho cónico).,Plug valves.
42131280,Válvulas de mariposa.,Butterfly valves.
42131290,Válvulas de membrana.,Diaphragm valves.
42131291,Válvulas de corredera.,Sliding valves.
42131292,Válvulas de clapeta.,Flap valves.
42131300,«Árboles de Navidad» y demás conjuntos de válvulas.,Christmas trees and other assemblies of valves.
42131310,«Árboles de Navidad» de plataforma petrolífera.,Oilrig Christmas trees.
42131320,Colectores de estrangulamiento.,Choke manifolds.
42131390,Conjuntos de válvulas.,Assemblies of valves.
42131400,"Grifos, llaves para uso sanitario.","Sanitary taps, cocks."
42132000,Partes de grifos y válvulas.,Parts of taps and valves.
42132100,Servoválvulas.,Valve actuators.
42132110,Servoválvulas eléctricas.,Electric valve actuators.
42132120,Servoválvulas hidráulicas.,Hydraulic valve actuators.
42132130,Servoválvulas neumáticas.,Pneumatic valve actuators.
42132200,Partes de grifos.,Tap parts.
42132300,Partes de válvulas.,Valve parts.
42140000,"Engranajes, ruedas de fricción y elementos de transmisión.","Gears, gearing and driving elements."
42141000,"Engranajes, ruedas de fricción y elementos de transmisión cilíndrico-rectos.","Plain gears, gearing and driving elements."
42141100,"Árboles de transmisión, árboles de levas y cigüeñales.","Transmission, cam- and crank- shafts."
42141110,Árboles de transmisión.,Transmission shafts.
42141120,Árboles de levas.,Camshafts.
42141130,Cigüeñales.,Crankshafts.
42141200,Cajas de cojinetes.,Bearing housings.
42141300,Engranajes y ruedas de fricción.,Gears and gearing.
42141400,Volantes y poleas.,Flywheels and pulleys.
42141410,Chigres.,Winches.
42141500,Embragues.,Clutches.
42141600,Motones.,Pulley blocks.
42141700,Órganos de acoplamiento.,Shaft couplings.
42141800,Juntas de articulación.,Universal joints.
42142000,Partes de ruedas de fricción y de elementos de transmisión.,Parts of gearing and driving elements.
42142100,Partes de ruedas de fricción.,Parts of gearing elements.
42142200,Partes de elementos de transmisión.,Parts of driving elements.
42150000,Reactores nucleares y sus partes.,Nuclear reactors and parts.
42151000,Reactores nucleares.,Nuclear reactors.
42152000,Partes de reactores nucleares.,Parts of nuclear reactors.
42152100,Sistemas de refrigeración de reactores.,Reactor-cooling systems.
42152200,Partes de cubas de seguridad de reactores nucleares.,Parts of nuclear-reactor vessels.
42160000,Instalaciones de calderas.,Boiler installations.
42161000,Calderas de agua caliente.,Hot-water boilers.
42162000,Calderas generadoras de vapor.,Steam-generating boilers.
42163000,Generadores de vapor.,Steam generators.
42164000,Instalaciones auxiliares para calderas.,Auxiliary plant for use with boilers.
42165000,Condensadores de vapor.,Steam condensers.
42200000,"Máquinas y aparatos para la elaboración de alimentos, bebidas y tabaco, y sus partes.","Machinery for food, beverage and tobacco processing and associated parts."
42210000,"Máquinas y aparatos para la elaboración de alimentos, bebidas y tabaco.","Food, beverage and tobacco-processing machinery."
42211000,Máquinas y aparatos para la industria lechera.,Dairy machinery.
42211100,Desnatadoras centrífugas.,Centrifugal cream separators.
42212000,Máquinas y aparatos para procesar cereales o legumbres secas.,Machinery for processing cereals or dried vegetables.
42213000,Máquinas y aparatos usados para la producción de bebidas alcohólicas o jugos de frutas.,Machinery used in the manufacture of alcoholic or fruit beverages.
42214000,"Hornos de cocina, secadores para productos agrícolas y equipo para cocinar o calentar.","Cooking ovens, dryers for agricultural products and equipment for cooking or heating."
42214100,Hornos de cocina.,Cooking ovens.
42214110,Parrillas.,Grills.
42214200,Secadores para productos agrícolas.,Dryers for agricultural products.
42215000,Máquinas y aparatos para la preparación o la fabricación industrial de alimentos o bebidas.,Machinery for the industrial preparation or manufacture of food or drink.
42215100,Máquinas y aparatos para cortar alimentos.,Food-cutting machines.
42215110,Rebanadoras de pan.,Bread-slicing machines.
42215120,Cortafiambres.,Bacon slicers.
42215200,Máquinas y aparatos para procesar alimentos.,Food-processing machinery.
42215300,Máquinas para la fabricación de pastas alimenticias.,Pasta-making machines.
42216000,Máquinas y aparatos para procesar tabaco.,Machinery for processing tobacco.
42220000,"Partes de máquinas y aparatos para procesar alimentos, bebidas y tabaco.","Parts of machinery for food, beverage and tobacco processing."
42221000,Partes de máquinas y aparatos para procesar alimentos.,Parts of machinery for food processing.
42221100,Partes de máquinas y aparatos para la industria láctea.,Parts of dairy machinery.
42221110,Partes de ordeñadoras.,Parts of milking machines.
42222000,Partes de máquinas y aparatos para procesar bebidas.,Parts of machinery for beverage processing.
42223000,Partes de máquinas y aparatos para procesar tabaco.,Parts of machinery for tobacco processing.
42300000,Hornos e incineradores industriales o de laboratorio.,"Industrial or laboratory furnaces, incinerators and ovens."
42310000,Quemadores para la alimentación de hornos.,Furnace burners.
42320000,Incineradores de residuos.,Waste incinerators.
42330000,Hornos de fusión.,Smelting furnaces.
42340000,Hornos de uso no doméstico.,Non-domestic ovens.
42341000,Hornos comerciales.,Commercial ovens.
42350000,Crematorios.,Cremators.
42390000,Partes de quemadores o de hornos.,"Parts of furnace burners, furnaces or ovens."
42400000,"Equipos de elevación y manipulación, y sus partes.",Lifting and handling equipment and parts.
42410000,Equipos de elevación y de manipulación.,Lifting and handling equipment.
42411000,Polipastos y elevadores.,Pulley tackle and hoists.
42412000,Tornos para los pozos de minas; tornos para el interior de las minas; cabrestantes.,"Pithead winding gear, winches for underground use, and capstans."
42412100,Tornos para los pozos de minas y tornos para el interior de las minas.,Pithead winding gear and winches for use underground.
42412110,Máquinas extractoras.,Pithead winding gear.
42412120,Tornos para el interior de las minas.,Winches for use underground.
42412200,Cabrestantes.,Capstans.
42413000,Gatos y elevadores de vehículos.,Jacks and vehicle hoists.
42413100,Elevadores fijos.,Built-in jacking systems.
42413200,Gatos hidráulicos.,Hydraulic jacks.
42413300,Gatos neumáticos.,Pneumatic jacks.
42413400,Gatos mecánicos.,Mechanical jacks.
42413500,Elevadores de vehículos.,Vehicle hoists.
42414000,"Grúas, pórticos móviles sobre neumáticos y carretillas grúa.","Cranes, mobile lifting frames and works trucks fitted with a crane."
42414100,Grúas.,Cranes.
42414110,Grúas de puerto.,Harbour cranes.
42414120,Grúas de muelle.,Quayside cranes.
42414130,Grúas de apilamiento.,Stacker cranes.
42414140,Grúas de contenedores.,Container cranes.
42414150,Grúas de torre.,Tower cranes.
42414200,Puentes rodantes.,Overhead travelling cranes.
42414210,Grúa locomóvil.,Travelling crane.
42414220,Puente transbordador.,Traversing bridge.
42414300,Grúas de brazo de pórtico.,Portal jib cranes.
42414310,Pórticos móviles.,Mobile lifting frames.
42414320,Postes grúa.,Pedestal jib cranes.
42414400,Grúas montadas en vehículos.,Vehicle-mounted cranes.
42414410,Grúas para camiones.,Cranes for trucks.
42414500,Puentes grúa.,Bridge cranes.
42415000,"Carretillas elevadoras de horquilla, carretillas-automóviles, carretillas tractor de estación de ferrocarril.","Forklift trucks, works trucks, railway-station platforms tractors."
42415100,Carretillas elevadoras.,Lifting trucks.
42415110,Carretillas elevadoras de horquilla.,Forklift trucks.
42415200,Carretillas-automóviles.,Works trucks.
42415210,Carretillas-automóviles dotadas de equipo para manipulación.,Works trucks fitted with handling equipment.
42415300,Carretillas tractor del tipo de las utilizadas en las estaciones de ferrocarril.,Railway-station platforms tractors.
42415310,Vehículos con dirección inalámbrica.,Free-steered vehicles (FSVS).
42415320,Equipamiento para vehículos de emergencia.,Equipment for emergency vehicles.
42416000,"Ascensores, montacargas de cajón de vía inclinada, aparatos de elevación, escaleras mecánicas y pasillos móviles.","Lifts, skip hoists, hoists, escalators and moving walkways."
42416100,Ascensores.,Lifts.
42416110,Elevadores para bañeras.,Bath lifts.
42416120,Montacargas pequeños.,Goods lifts.
42416130,Elevadores mecánicos.,Mechanical lifts.
42416200,Montacargas de cajón de vía inclinada.,Skip hoists.
42416210,Elevadores de recipientes acumuladores.,Bin-lifts.
42416300,Aparatos de elevación.,Hoists.
42416400,Escaleras mecánicas.,Escalators.
42416500,Pasillos móviles.,Moving walkways.
42417000,Elevadores y transportadores.,Elevators and conveyors.
42417100,Elevadores o transportadores neumáticos.,Pneumatic elevators or conveyors.
42417200,Transportadores.,Conveyors.
42417210,"Elevadores o transportadores, de acción continua, de tipo cangilón.","Bucket-type, continuous-action elevators or conveyors."
42417220,"Elevadores o transportadores de acción continua, de banda o correa.",Belt-type continuous-action elevators or conveyors.
42417230,Transportadores para minería con blindaje frontal.,Armoured-faced conveyors (AFCS) for mining.
42417300,Equipo de transporte.,Conveyor equipment.
42417310,Correas transportadoras.,Conveyor belts.
42418000,"Máquinas de elevación, manipulación, carga o descarga.","Lifting, handling, loading or unloading machinery."
42418100,Empujavagones para minas y transbordadores de locomotoras o vagones.,Mine-wagon pushers and locomotive or wagon traversers.
42418200,Equipo de monocarril o de remonte de esquí.,Monorail or ski-lift equipment.
42418210,Monorraíles aéreos.,Overhead monorail equipment.
42418220,Telesillas.,Chairlifts.
42418290,Equipo de telesquís.,Ski-lift equipment.
42418300,Equipos de recogida con punta abocinada.,Flare tip removal equipment.
42418400,Carruseles para almacenamiento y recuperación.,Carousel storage and retrieval machines.
42418500,Equipo mecánico de manipulación.,Mechanical handling equipment.
42418900,Maquinaria de carga o manipulación.,Loading or handling machinery.
42418910,Equipo de carga.,Loading equipment.
42418920,Equipo de descarga.,Unloading equipment.
42418930,Cargadores laterales.,Sideloaders.
42418940,Equipo de manipulación de contenedores.,Container-handling equipment.
42419000,Partes de equipos de elevación y manipulación.,Parts of lifting and handling equipment.
42419100,Partes de grúas.,Parts of cranes.
42419200,Partes de carretillas-automóviles.,Parts of works trucks.
42419500,"Partes de ascensores, montacargas de cajón de vía inclinada o escaleras mecánicas.","Parts of lift, skip hoists or escalators."
42419510,Partes de ascensores.,Parts of lifts.
42419520,Partes de montacargas de cajón de vía inclinada.,Parts of skip hoists.
42419530,Partes de escaleras mecánicas.,Parts of escalators.
42419540,Partes de pasillos móviles.,Parts of moving walkways.
42419800,Partes de transportadores.,Parts of conveyors.
42419810,Partes de correas transportadoras.,Parts of belt conveyors.
42419890,Partes de transportadores de tipo cangilón.,Parts of bucket conveyors.
42419900,Partes de cabrestantes y demás equipos de elevación o manipulación.,Parts of winding gear and other lifting or handling equipment.
42420000,"Cangilones, cucharas, cucharas de almeja, palas y garras o pinzas para grúas o excavadoras.","Buckets, shovels, grabs and grips for cranes or excavators."
42500000,Equipos de refrigeración y ventilación.,Cooling and ventilation equipment.
42510000,"Intercambiadores de calor, equipos de aire acondicionado y refrigeración y aparatos para filtrar.","Heat-exchange units, air-conditioning and refrigerating equipment, and filtering machinery."
42511000,Intercambiadores de calor y aparatos para la licuefacción de aire u otros gases.,Heat-exchange units and machinery for liquefying air or other gases.
42511100,Intercambiadores de calor.,Heat-exchange units.
42511110,Bombas de calor.,Heat pumps.
42511200,Aparatos para la licuefacción de aire u otros gases.,Machinery for liquefying air or other gases.
42512000,Instalaciones de aire acondicionado.,Air-conditioning installations.
42512100,Acondicionadores de aire para ventanas.,Window air-conditioning machines.
42512200,Acondicionadores de aire para empotrar.,Wall air-conditioning machines.
42512300,Unidades de climatización.,HVAC packages.
42512400,Acondicionadores de aire para vehículos.,Vehicle air conditioners.
42512500,Partes de acondicionadores de aire.,Parts of air-conditioning machines.
42512510,Reguladores de tiro.,Dampers.
42512520,Rejillas de ventilación.,Louvres.
42513000,Equipos de refrigeración y congelación.,Refrigerating and freezing equipment.
42513100,Equipo de congelación.,Freezing equipment.
42513200,Equipo de refrigeración.,Refrigerating equipment.
42513210,Vitrinas frigoríficas.,Refrigerated showcases.
42513220,Mostradores refrigerados.,Refrigerated counters.
42513290,Equipo frigorífico comercial.,Commercial refrigerating equipment.
42514000,Maquinaria y aparatos de filtrado o purificación de gases.,Machinery and apparatus for filtering or purifying gases.
42514200,Depuradores electrostáticos de aire y gases.,Electrostatic air and gas cleaners.
42514300,Aparatos de filtrado.,Filtering apparatus.
42514310,Filtros de aire.,Air filters.
42514320,Filtros de gas.,Gas filters.
42515000,Caldera de calefacción urbana.,District heating boiler.
42520000,Equipo de ventilación.,Ventilation equipment.
42521000,Equipo de extracción de humos.,Smoke-extraction equipment.
42522000,Ventiladores de uso no doméstico.,Non-domestic fans.
42522100,Partes de ventiladores.,Parts of fans.
42530000,"Partes de equipos refrigeradores y congeladores, y de bombas de calor.",Parts of refrigerating and freezing equipment and heat pumps.
42531000,Partes de equipos refrigeradores.,Parts of refrigerating equipment.
42532000,Partes de equipos congeladores.,Parts of freezing equipment.
42533000,Partes de bombas de calor.,Parts of heat pumps.
42600000,Máquinas herramienta.,Machine tools.
42610000,Máquinas herramienta que funcionan con láser y centros de mecanizado.,Machine tools operated by laser and machining centres.
42611000,Máquinas herramienta para usos especiales.,Special-purpose machine tools.
42612000,Centro de mecanizado.,Machining centre.
42612100,Centro de mecanizado de eje horizontal.,Horizontal-spindle machining centre.
42612200,Centro de mecanizado de eje vertical.,Vertical-spindle machining centre.
42620000,Tornos y máquinas herramienta para taladrar y fresar.,"Lathes, boring and milling machine tools."
42621000,Tornos.,Lathes.
42621100,Torno CNC.,CNC lathe.
42622000,Máquinas de roscar «terrajar o filetear».,Threading or tapping machines.
42623000,Máquinas para fresar.,Milling machines.
42630000,Máquinas herramienta para trabajar metales.,Metal-working machine tools.
42631000,Máquinas herramienta para acabado de metales.,Machine tools for finishing metals.
42632000,Máquinas de control numérico para metales.,Numerically-controlled machines for metal.
42633000,"Máquinas para curvar, plegar, enderezar o aplanar.","Bending, folding, straightening or flattening machines."
42634000,Máquinas para forjar.,Forging machines.
42635000,Máquinas para estampar.,Die-stamping machines.
42636000,Prensas.,Presses.
42636100,Prensas hidráulicas.,Hydraulic presses.
42637000,"Máquinas herramienta para taladrar, mandrinar o fresar metales.","Machine tools for drilling, boring or milling metal."
42637100,Máquinas herramienta para taladrar metales.,Machine tools for drilling metal.
42637200,Máquinas herramienta para mandrinar metales.,Machine tools for boring metal.
42637300,Máquinas herramienta para fresar metales.,Machine tools for milling metal.
42638000,Centro de mecanizado para trabajar metales.,Metal-working machining centre.
42640000,"Máquinas herramienta para trabajar materiales duros, excepto metales.",Machine tools for working hard materials except metals.
42641000,"Máquinas herramienta para trabajar piedra, cerámica, hormigón o vidrio.","Machine tools for working stone, ceramics, concrete or glass."
42641100,Máquinas herramienta para trabajar piedra.,Machine tools for working stone.
42641200,Máquinas herramienta para trabajar cerámica.,Machine tools for working ceramics.
42641300,Máquinas herramienta para trabajar hormigón.,Machine tools for working concrete.
42641400,Máquinas herramienta para trabajar vidrio.,Machine tools for working glass.
42642000,"Máquinas herramienta para trabajar madera, hueso, corcho, caucho endurecido o plásticos duros.","Machine tools for working wood, bone, cork, hard rubber or hard plastics."
42642100,Máquinas herramienta para trabajar madera.,Machine tools for working wood.
42642200,Máquinas herramienta para trabajar hueso.,Machine tools for working bone.
42642300,Máquinas herramienta para trabajar corcho.,Machine tools for working cork.
42642400,Máquinas herramienta para trabajar caucho endurecido.,Machine tools for working hard rubber.
42642500,Máquinas herramienta para trabajar plásticos duros.,Machine tools for working hard plastics.
42650000,Herramientas manuales neumáticas o con motor.,Pneumatic or motorised hand tools.
42651000,Herramientas manuales neumáticas.,Pneumatic hand tools.
42652000,Herramientas electromecánicas de uso manual.,Hand-held electromechanical tools.
42660000,"Herramientas para soldadura blanda y soldadura fuerte, máquinas y equipo para templado de superficies y pulverización en caliente.","Soldering, brazing and welding tools, surface tempering and hot-spraying machines and equipment."
42661000,Equipos de soldadura blanda y de soldadura fuerte.,Soldering and brazing equipment.
42661100,Equipo de soldadura blanda.,Soldering equipment.
42661200,Equipo de soldadura fuerte.,Brazing equipment.
42662000,Equipo de soldadura.,Welding equipment.
42662100,Equipo eléctrico de soldadura.,Electric welding equipment.
42662200,Equipo no-eléctrico de soldadura.,Non-electric welding equipment.
42663000,Máquina para templado de superficies.,Surface tempering machines.
42664000,Equipo de fusión.,Fusion equipment.
42664100,Equipo de fusión para plásticos.,Fusion equipment for plastics.
42665000,Máquinas de metalización por aspersión de metal licuado.,Metal-spraying machinery.
42670000,Partes y accesorios de máquinas herramienta.,Parts and accessories of machine tools.
42671000,Útiles portaherramientas.,Tool holders.
42671100,Portaherramientas de laboratorio.,Laboratory tool carriers.
42671110,Gradilla de tubos de ensayo para baños.,Test tube racks for baths.
42672000,Portapiezas para máquinas herramienta.,Machine-tool work holders.
42673000,Dispositivos divisores especiales para máquinas herramienta.,Machine-tool dividing special attachments.
42674000,Partes y accesorios de máquinas herramienta para trabajar metales.,Parts and accessories for metal-working machine tools.
42675000,Partes y accesorios de máquinas herramienta para trabajar materiales duros.,Parts and accessories for hard material-working machine tools.
42675100,Partes de sierras de cadena.,Parts of chain saws.
42676000,Partes de herramientas manuales.,Parts of hand tools.
42677000,Partes de herramientas neumáticas.,Parts of pneumatic tools.
42700000,"Maquinaria para la fabricación de materias textiles, prendas de vestir y cuero.","Machinery for textile, apparel and leather production."
42710000,Maquinaria para la industria textil.,Machinery for textiles.
42711000,Máquinas para procesar materias textiles manufacturadas.,Machines for processing man-made textile materials.
42712000,Máquinas para el hilado de materias textiles.,Textile spinning machines.
42713000,Telares.,Weaving machines.
42714000,Tricotosas.,Knitting machines.
42715000,Máquinas de coser.,Sewing machines.
42716000,Máquinas para lavar y para secar ropa y máquinas para limpieza en seco.,"Laundry washing, dry-cleaning and drying machines."
42716100,Instalación de lavado.,Washing installation.
42716110,Equipo de lavado.,Washing equipment.
42716120,Lavadoras.,Washing machines.
42716130,Máquinas para limpieza en seco.,Dry-cleaning machines.
42716200,Secadoras.,Drying machines.
42717000,Equipo de planchado y plegado de ropa blanca.,Linen ironing and folding equipment.
42717100,Equipo de plegado de ropa blanca.,Linen folding equipment.
42718000,Máquinas de acabado de textiles.,Textile-finishing machinery.
42718100,Máquinas de planchado.,Ironing machines.
42718200,Prensas de planchado.,Ironing presses.
42720000,Partes de máquinas y aparatos para la producción de materias textiles y prendas de vestir.,Parts of machinery for textile and apparel production.
42800000,Maquinaria para la producción de papel o cartón.,Machinery for paper or paperboard production.
42810000,Partes de máquinas para la producción de papel o cartón.,Parts of machinery for paper or paperboard production.
42900000,Máquinas diversas para usos generales y especiales.,Miscellaneous general and special-purpose machinery.
42910000,"Aparatos de destilación, filtración o rectificación.","Distilling, filtering or rectifying apparatus."
42912000,Maquinaria y aparatos para filtrar o depurar líquidos.,Liquid filtering or purifying machinery and apparatus.
42912100,Máquinas y aparatos para filtrar líquidos.,Machinery and apparatus for filtering liquids.
42912110,Aparatos para filtrar lodos de perforación.,Drilling-mud filtering apparatus.
42912120,Hidrociclones.,Hydrocyclone machinery.
42912130,Aparatos de filtrado o depuración de bebidas.,Apparatus for filtering or purifying beverages.
42912300,Maquinaria y aparatos para filtrar o depurar agua.,Machinery and apparatus for filtering or purifying water.
42912310,Aparatos para filtrar agua.,Water filtration apparatus.
42912320,Aparatos de desaeración.,De-aeration apparatus.
42912330,Aparatos para depurar agua.,Water-purifying apparatus.
42912340,Aparatos para desalinizar.,Desalination apparatus.
42912350,Equipo para planta de filtrado.,Filtration plant equipment.
42913000,"Filtros de aceite, de carburante y de entrada de aire.","Oil, petrol and air-intake filters."
42913300,Filtros de aceite.,Oil filters.
42913400,Filtros de carburante.,Petrol filters.
42913500,Filtros de entrada de aire.,Air-intake filters.
42914000,Equipo de reciclado.,Recycling equipment.
42920000,"Máquinas y aparatos para limpiar botellas, empaquetar y pesar, y máquinas y aparatos para pulverizar.","Machinery for cleaning bottles, packing and weighing and spraying machinery."
42921000,"Máquinas y aparatos para limpiar, llenar, empaquetar o envolver botellas y demás recipientes.","Machinery for cleaning, filling, packing or wrapping bottles or other containers."
42921100,Máquinas y aparatos para limpiar o secar botellas y demás recipientes.,Machinery for cleaning or drying bottles or other containers.
42921200,"Máquinas y aparatos para llenar y capsular botellas, latas y demás recipientes.","Machinery for filling or closing bottles, cans or other containers."
42921300,Máquinas y aparatos para empaquetar o envolver.,Packing or wrapping machinery.
42921310,Aparatos para zunchar envases.,Strapping machines.
42921320,Máquinas para empaquetar.,Packaging machines.
42921330,Máquinas para envolver.,Wrapping machines.
42923000,Instrumentos y aparatos de pesar y balanzas.,Weighing machinery and scales.
42923100,Instrumentos y aparatos de pesar.,Weighing machinery.
42923110,Balanzas.,Balances.
42923200,Básculas.,Scales.
42923210,Balanzas de tienda.,Shop scales.
42923220,Básculas de pesada continua de mercancías.,Scales for continuous weighing of goods.
42923230,Básculas de control de pesos.,Checkweigher scales.
42924200,Máquinas de chorro de arena o de vapor.,Steam or sand blasting machines.
42924300,Equipo de pulverización.,Spraying equipment.
42924310,Pistoletes de pulverización.,Spray guns.
42924700,"Aparatos mecánicos para proyectar, dispersar o pulverizar.","Mechanical appliances for projecting, dispersing or spraying."
42924710,Aparatos para dispersar gases.,Gas-dispersing apparatus.
42924720,Equipo de descontaminación.,Decontamination equipment.
42924730,Aparatos de limpieza por agua a presión.,Pressurised water cleaning apparatus.
42924740,Aparatos de limpieza de alta presión.,High-pressure cleaning apparatus.
42924790,Aparatos para enmascarar olores.,Odour-masking apparatus.
42930000,"Centrifugadoras, calandrias o máquinas automáticas distribuidoras.","Centrifuges, calendering or vending machines."
42931000,Centrifugadoras.,Centrifuges.
42931100,Centrifugadoras de laboratorio y accesorios.,Laboratory centrifuges and accessories.
42931110,Centrifugadoras de pie.,Floor-model centrifuges.
42931120,Centrifugadoras de mesa.,Tabletop centrifuges.
42931130,Reductores para centrifugadoras.,Inserts for centrifuges.
42931140,Equipo rotatorio para centrifugadoras.,Rotary equipment for centrifuges.
42932000,Calandrias.,Calendering machines.
42932100,Laminadores.,Rolling machines.
42933000,Máquinas automáticas distribuidoras.,Vending machines.
42933100,Máquinas automáticas distribuidoras de productos sanitarios.,Sanitary vending machines.
42933200,Máquinas expendedoras automáticas de sellos.,Stamp-vending machines.
42933300,Máquinas automáticas distribuidoras de productos.,Automatic goods-vending machines.
42940000,Maquinaria para el tratamiento térmico de materiales.,Machinery for the heat treatment of materials.
42941000,Maquinaria para el tratamiento térmico de gases.,Machinery for the heat treatment of gas.
42942000,Hornos y accesorios.,Ovens and accessories.
42942200,Hornos de vacío.,Vacuum ovens.
42943000,Baños termostáticos y accesorios.,Thermostatic baths and accessories.
42943100,Serpentín de refrigeración.,Refrigeration coils.
42943200,Baños de ultrasonidos.,Ultrasonic baths.
42943210,Termostatos de inmersión.,Immersion thermostats.
42943300,Enfriadores de inmersión.,Immersion coolers.
42943400,Circuladores refrigerados y refrigerados/de calefacción.,Refrigerated and refrigerated/heating circulators.
42943500,Enfriadores de recirculación.,Recirculating coolers.
42943600,Circuladores de alta temperatura.,High-temperature circulators.
42943700,Circuladores de calefacción.,Heating circulators.
42943710,Tapas de baño.,Bath covers.
42950000,Partes de máquinas de uso general.,Parts of general-purpose machinery.
42952000,Partes de centrifugadoras.,Parts of centrifuges.
42953000,Partes de calandrias.,Parts of calendering machines.
42954000,Partes de máquinas laminadoras.,Parts of rolling machines.
42955000,Partes de máquinas de filtrado.,Parts of filtering machinery.
42956000,Partes de máquinas depuradoras.,Parts of purifying machinery.
42957000,Partes de máquinas de pulverización.,Parts of spraying machines.
42958000,Pesas para máquinas de pesaje.,Weights for weighing machines.
42959000,Lavavajillas industriales.,Non-domestic dishwashing machines.
42960000,"Sistema de mando y control, equipo gráfico, de impresión, ofimático y de procesamiento de la información.","Command and control system, Printing, graphics, Office automation and Information-processing equipment."
42961000,Sistema de mando y control.,Command and control system.
42961100,Sistema de control de acceso.,Access control system.
42961200,Sistema Scada o equivalente.,Scada or equivalent system.
42961300,Sistema de localización de vehículos.,Vehicle location system.
42961400,Sistema de expedición.,Dispatch system.
42962000,Equipo gráfico y de impresión.,Printing and graphics equipment.
42962100,Sistema de impresión sobre película.,Film printing system.
42962200,Prensa de imprimir.,Printing press.
42962300,Puestos de trabajo para la realización de gráficos.,Graphics workstations.
42962400,Hectógrafos.,Hectographs.
42962500,Máquinas para grabado.,Engraving machines.
42963000,Prensa para monedas.,Coin press.
42964000,Equipo de ofimática.,Office automation equipment.
42965000,Equipo de procesamiento de la información.,Information-processing equipment.
42965100,Sistema de gestión de almacenes.,Warehouse management system.
42965110,Sistema de depósito.,Depot system.
42967000,Controlador.,Controller unit.
42967100,Unidad de control remoto digital.,Digital remote-control unit.
42968000,Distribuidores.,Dispensers.
42968100,Distribuidores de bebidas.,Drinks dispensers.
42968200,Distribuidores de artículos higiénicos.,Sanitary dispensing machines.
42968300,Sistema portarrollos para papel higiénico.,Toilet-roll dispenser system.
42970000,"Partes de lavavajillas y máquinas de limpieza, llenado, empaquetado o embalado.","Parts of dishwashing machines and of machines for cleaning, filling, packing or wrapping."
42971000,Partes de lavavajillas.,Parts of dishwashing machines.
42972000,Partes de máquinas de limpieza.,Parts of cleaning machines.
42973000,Partes de máquinas de llenado.,Parts of filling machines.
42974000,Partes de máquinas de empaquetado.,Parts of packing machines.
42975000,Partes de envolvedoras.,Parts of wrapping machines.
42980000,Generadores de gas.,Gas generators.
42981000,Generadores de ozono.,Ozone generators.
42990000,Máquinas diversas para usos especiales.,Miscellaneous special-purpose machinery.
42991000,"Maquinaria para la producción de papel, la impresión y la encuadernación, y sus partes.","Paper, printing and bookbinding machinery and parts."
42991100,Máquinas y aparatos para encuadernación.,Bookbinding machinery.
42991110,Máquinas para coser pliegos.,Book-sewing machinery.
42991200,Maquinaria de imprenta.,Printing machinery.
42991210,Impresoras «offset».,Offset printing machinery.
42991220,Máquinas de composición.,Typesetting machinery.
42991230,Impresoras de billetes.,Ticket printers.
42991300,Sistema de fotocomposición.,Photocomposing system.
42991400,"Secadoras de madera, pasta de papel, papel o cartón.","Dryers for wood, paper pulp, paper or paperboard."
42991500,Partes de máquinas y aparatos para impresión y encuadernación.,Parts of printing or bookbinding machinery.
42992000,Materiales eléctricos para usos especiales.,Special-purpose electrical goods.
42992100,Pantalla Faraday.,Faraday cage.
42992200,Cámara anecoica.,Anechoic chamber.
42992300,Material electromagnético absorbente.,Electromagnetic absorbent material.
42993000,Maquinaria para la industria química.,Chemical industry machinery.
42993100,Cloradores.,Chlorinators.
42993200,Planta dosificadora.,Dosing plant.
42994000,Máquinas para trabajar caucho o plásticos.,Machinery for working rubber or plastics.
42994100,Máquinas para la fabricación de ventanas y marcos de plástico.,Machines for the production of plastic windows and frames.
42994200,Maquinas para trabajar plásticos.,Machinery for working plastics.
42994220,Accesorios de laminación.,Lamination accessories.
42994230,Laminadoras.,Laminators.
42995000,Máquinas de limpieza diversas.,Miscellaneous cleaning machines.
42995100,Túnel de lavado.,Tunnel washer.
42995200,Máquinas de limpieza de playas.,Beach cleaning machines.
42996000,Máquinas y aparatos para tratamiento de aguas residuales.,Machinery for the treatment of sewage.
42996100,Trituradoras.,Comminutors.
42996110,Maceradoras para el tratamiento de aguas residuales.,Macerators for the treatment of sewage.
42996200,Prensas para aguas residuales.,Sewage presses.
42996300,Rascadores.,Scrapers.
42996400,Mezcladores.,Mixer units.
42996500,Rejillas para depuración de aguas residuales.,Sewage screens.
42996600,Equipos de oxigenación.,Oxygenation equipment.
42996700,Precipitadores.,Precipitators.
42996800,Lechos de sedimentación.,Sedimentation beds.
42996900,Equipo para el tratamiento de lodos.,Sludge-processing equipment.
42997000,Equipo para conducciones.,Pipeline machinery.
42997100,Máquinas para la inspección de la superficie interior de conducciones.,Machines for inspecting the internal surface of pipelines.
42997200,Máquinas para la limpieza de la superficie interior de conducciones.,Machines for cleaning the internal surface of pipelines.
42997300,Robots industriales.,Industrial robots.
42998000,Sistema de recogida en paletas.,Pallet-picking system.
42998100,Sistema de recuperación de paletas.,Pallet-retrieving system.
42999000,Aspiradoras y enceradoras de uso no doméstico.,Non-domestic vacuum cleaners and floor polishers.
42999100,Aspiradoras industriales.,Non-domestic vacuum cleaners.
42999200,Enceradoras industriales.,Non-domestic floor polishers.
42999300,Partes de aspiradoras industriales.,Parts of non-domestic vacuum cleaners.
42999400,Partes de enceradoras industriales.,Parts of non-domestic floor polishers.
43000000,Maquinaria para la minería y la explotación de canteras y equipo de construcción.,"Machinery for mining, quarrying, construction equipment."
43100000,Equipo para minería.,Mining equipment.
43120000,Cortadoras y arrancadoras de carbón o roca y maquinaria para hacer túneles o galerías; máquinas de sondeo o de perforación.,"Coal or rock cutters and tunnelling machinery, and boring or sinking machinery."
43121000,Máquinas para la perforación de pozos.,Well-drilling machinery.
43121100,Herramientas de boca de pozo.,Wellhead running tools.
43121200,Dispositivos conectores del «riser».,Riser connector apparatus.
43121300,Equipo para acabado de pozos.,Well-completion equipment.
43121400,Equipo de intervención para pozos.,Well-intervention equipment.
43121500,Equipo para pruebas y ensayos para pozos.,Well-testing equipment.
43121600,Dispositivos antierupción.,Blowout prevention (BOP) apparatus.
43122000,Cortadoras y arrancadoras de carbón o roca.,Coal or rock-cutting machinery.
43123000,Tuneladoras.,Tunnelling machinery.
43124000,Máquinas perforadoras.,Boring machinery.
43124100,Topos.,Moles.
43124900,Equipo de perforación de rocas.,Rock-drilling equipment.
43125000,Maquinaria para excavación de pozos.,Sinking machinery.
43130000,Equipo de perforación.,Drilling equipment.
43131000,Plataformas flotantes de explotación.,Offshore production platforms.
43131100,Equipo de alta mar.,Offshore equipment.
43131200,Unidad de perforación de alta mar.,Offshore drilling unit.
43132000,Equipo de perforación para la extracción de petróleo.,Oil drilling equipment.
43132100,Equipo de sondeo.,Drilling machinery.
43132200,Plataforma de perforación.,Drilling rig.
43132300,Taladros.,Drills.
43132400,Oleoducto.,Line equipment.
43132500,Sujetadores de tuberías colgantes.,Liner hangers.
43133000,Equipo para plataforma de petróleo.,Oil platform equipment.
43133100,Unidades sobre patines.,Skid units.
43133200,Módulos sobre patines.,Skid-mounted modules.
43134000,Maquinaria para yacimientos de petróleo.,Oil-field machinery.
43134100,Bombas sumergibles.,Submersible pumps.
43135000,Equipo submarino.,Subsea equipment.
43135100,Sistemas de control submarino.,Subsea control systems.
43136000,Equipo situado en el fondo del pozo.,Downhole equipment.
43140000,Entibados móviles hidráulicos para minas.,Mobile hydraulic-powered mine roof supports.
43200000,"Maquinaria para el movimiento de tierras y la excavación, y sus partes.","Earthmoving and excavating machinery, and associated parts."
43210000,Maquinaria para el movimiento de tierras.,Earthmoving machinery.
43211000,Bulldozers.,Bulldozers.
43212000,Empujadoras de ángulo.,Angle-dozers.
43220000,Niveladoras.,Graders and levellers.
43221000,Motoniveladoras.,Road graders.
43230000,Máquinas de traillar.,Scraper machines.
43240000,Bateadoras.,Tamping machines.
43250000,Palas cargadoras de carga frontal.,Front-end shovel loaders.
43251000,"Palas cargadoras de carga frontal, con pala retroexcavadora.",Front-end shovel loaders with backhoe.
43252000,"Palas cargadoras de carga frontal, sin pala retroexcavadora.",Front-end shovel loaders without backhoe.
43260000,"Palas mecánicas, excavadoras y palas cargadoras, y otras máquinas para la minería.","Mechanical shovels, excavators and shovel loaders, and mining machinery."
43261000,Palas mecánicas.,Mechanical shovels.
43261100,Palas cargadoras mecánicas.,Mechanical shovel loaders.
43262000,Maquinaria para excavación.,Excavating machinery.
43262100,Excavadoras mecánicas.,Mechanical excavators.
43300000,Maquinaria y equipo de construcción.,Construction machinery and equipment.
43310000,Maquinaria de ingeniería civil.,Civil engineering machinery.
43311000,Martinetes.,Pile drivers.
43312000,Máquinas y aparatos para el acabado de superficies de carreteras.,Road-surfacing machinery.
43312100,Alisadoras de asfalto.,Planers.
43312200,Máquinas esparcidoras de gravilla.,Chippers.
43312300,Máquinas y aparatos para pavimentar.,Paving machinery.
43312400,Rodillos apisonadores.,Road rollers.
43312500,Rodillos mecánicos.,Mechanical rollers.
43313000,Máquinas y turbinas quitanieves.,Snowploughs and snowblowers.
43313100,Máquinas quitanieves.,Snowploughs.
43313200,Turbinas quitanieves.,Snowblowers.
43314000,Arrancapilotes.,Pile extractors.
43315000,Compactadores.,Compacting machinery.
43316000,Máquinas para tendido de cables.,Cable-laying machinery.
43320000,Equipo de construcción.,Construction equipment.
43321000,Equipo de suspensión de puentes.,Bridge-suspension equipment.
43322000,Equipo de desmantelamiento.,Dismantling equipment.
43323000,Equipo de irrigación.,Irrigation equipment.
43324000,Equipo de drenaje.,Drainage equipment.
43324100,Equipo para piscinas.,Equipment for swimming pools.
43325000,Equipo para parques y áreas de juego.,Park and playground equipment.
43325100,Equipo de mantenimiento de terrenos.,Grounds-maintenance equipment.
43327000,Equipo prefabricado.,Prefabricated equipment.
43328000,Instalaciones hidráulicas.,Hydraulic installations.
43328100,Equipo hidráulico.,Hydraulic equipment.
43329000,Juegos de material.,Equipment sets.
43400000,Maquinas y aparatos para la fabricación de moldes de fundición y el tratamiento de minerales.,Mineral-processing and foundry mould-forming machinery.
43410000,Maquinas y aparatos para el tratamiento de minerales.,Mineral-processing machinery.
43411000,Máquinas y aparatos para clasificar y cribar.,Sorting and screening machines.
43412000,Máquinas para mezclar grava con asfalto.,Machines for mixing gravel with bitumen.
43413000,Hormigoneras o mezcladores de mortero.,Concrete or mortar mixers.
43413100,Mezcladores de cemento.,Cement mixers.
43414000,Amoladoras.,Grinding machines.
43414100,Molinos para pulverizar carbón.,Coal pulverizing mills.
43415000,Moldes de fundición.,Foundry moulds.
43420000,Maquinaria para fabricar moldes de fundición.,Foundry mould-forming machinery.
43500000,Vehículos oruga.,Track-laying vehicles.
43600000,"Partes de máquinas para la minería, la explotación de canteras y la construcción.","Parts of machinery for mining, quarrying and construction."
43610000,Partes para máquinas de sondeo.,Parts for boring machinery.
43611000,Partes de máquinas de perforación de pozos.,Parts for well-drilling machinery.
43611100,Tapones de detención.,Bridge plugs.
43611200,Brocas para taladros industriales.,Industrial drill bits.
43611300,Tijeras de perforación.,Drilling jars.
43611400,Sondas de hierro.,Iron roughnecks.
43611500,Mesas rotatorias.,Rotary tables.
43611600,Equipo de suspensión de tubería de lodos.,Mudline suspension equipment.
43611700,Equipo de unión de tuberías.,Tieback equipment.
43612000,Partes de máquinas y aparatos para extracción en pozos.,Parts of well-extraction machinery.
43612100,Colgadores de tuberías.,Casing hangers.
43612200,Equipo de sujeción de tuberías colgantes.,Liner hanger equipment.
43612300,Tensores del «riser» de producción.,Production riser tensioners.
43612400,Cabezas de pozo.,Wellheads.
43612500,Equipo de unión de «risers» de producción.,Production riser tieback equipment.
43612600,Sistema de control de cabeza de pozo.,Wellhead control system.
43612700,Equipo de cabeza de pozo.,Wellhead equipment.
43612800,Elevadores para torre de perforación.,Rig-jacking systems.
43613000,Partes de cortadoras y arrancadoras de carbón o roca.,Parts of coal or rock cutting machinery.
43613100,Partes de cortadoras y arrancadoras de carbón.,Parts of coal cutting machinery.
43613200,Partes de cortadoras y arrancadoras de roca.,Parts of rock cutting machinery.
43614000,Partes de máquinas para perforar túneles o galerías.,Parts of tunnelling machinery.
43620000,Partes de máquinas para tratamiento de minerales.,Parts of mineral-processing machinery.
43630000,Partes de máquinas o aparatos de perforación.,Parts of sinking machinery.
43640000,Partes de maquinaria para excavar.,Parts of excavating machinery.
43700000,Maquinaria para la metalurgia y sus partes.,Machinery for metallurgy and associated parts.
43710000,Máquinas para laminado de metales.,Metal-rolling machinery.
43711000,Partes de maquinaria para laminado de metales.,Parts of metal-rolling machinery.
43720000,Máquinas de colar.,Casting machines.
43721000,Partes de máquinas de colar.,Parts of casting machines.
43800000,Equipo de talleres.,Workshop equipment.
43810000,Equipo para trabajar madera.,Woodworking equipment.
43811000,Máquinas lijadoras.,Sanding machines.
43812000,Equipo de aserrado.,Sawing equipment.
43820000,Equipo para la fabricación de calzado.,Shoe-making equipment.
43830000,Herramientas mecánicas.,Power tools.
43840000,Equipo de herrería.,Blacksmiths' equipment.
44000000,Estructuras y materiales de construcción; productos auxiliares para la construcción (excepto aparatos eléctricos).,Construction structures and materials; auxiliary products to construction (excepts electric apparatus).
44100000,Materiales de construcción y elementos afines.,Construction materials and associated items.
44110000,Materiales de construcción.,Construction materials.
44111000,Materiales para obras de construcción.,Building materials.
44111100,Ladrillos.,Bricks.
44111200,Cemento.,Cement.
44111210,Cemento de perforación.,Drilling cement.
44111300,Cerámica.,Ceramics.
44111400,Pinturas y revestimientos de paredes.,Paints and wallcoverings.
44111500,Aislantes y accesorios aislantes.,Insulators and insulating fittings.
44111510,Aislantes.,Insulators.
44111511,Aislantes eléctricos.,Electrical insulators.
44111520,Material aislante térmico.,Thermal insulating material.
44111530,Accesorios de aislamiento eléctrico.,Electrical insulating fittings.
44111540,Vidrio aislante.,Insulating glass.
44111600,Bloques.,Blocks.
44111700,Baldosas.,Tiles.
44111800,Mortero (construcción).,Mortar (construction).
44111900,Losas de cerámica.,Ceramic flags.
44112000,Estructuras de edificación diversas.,Miscellaneous building structures.
44112100,Refugios.,Shelters.
44112110,Partes de refugios.,Shelter parts.
44112120,Secciones de perfiles.,Profile sections.
44112200,Revestimientos para suelos.,Floor coverings.
44112210,Revestimientos compactos para suelos.,Solid flooring.
44112220,Falsos suelos.,False floors.
44112230,Linóleo.,Linoleum.
44112240,Parqué.,Parquet.
44112300,Tabiques.,Partitions.
44112310,Paredes divisorias.,Partition walls.
44112400,Tejados.,Roof.
44112410,Bastidores para tejados.,Roof frames.
44112420,Cimbras.,Roof supports.
44112430,Cerchas.,Roof trusses.
44112500,Materiales para tejados.,Roofing materials.
44112510,Tablillas.,Shingles.
44112600,Aislamiento acústico.,Sound insulation.
44112700,Vigas.,Beams.
44113000,Materiales para la construcción de carreteras.,Road-construction materials.
44113100,Materiales de pavimentación.,Paving materials.
44113120,Losetas.,Paving slabs.
44113130,Piedra para pavimentación.,Paving stones.
44113140,Pavimentos de cantos rodados.,Roadstone.
44113200,Losas.,Flagstones.
44113300,Materiales revestidos.,Coated materials.
44113310,Materiales revestidos para carreteras.,Coated road materials.
44113320,Grava bituminosa.,Coated roadstone.
44113330,Materiales de recubrimiento.,Coating materials.
44113500,Cuentas de vidrio.,Glass beads.
44113600,Betún y asfalto.,Bitumen and asphalt.
44113610,Betún.,Bitumen.
44113620,Asfalto.,Asphalt.
44113700,Materiales para reparación de carreteras.,Road-repair materials.
44113800,Materiales para el acabado de superficies de carreteras.,Road-surfacing materials.
44113810,Tratamiento de superficies.,Surface dressing.
44113900,Materiales para el mantenimiento de carreteras.,Road-maintenance materials.
44113910,Materiales para la viabilidad invernal.,Winter-maintenance materials.
44114000,Hormigón.,Concrete.
44114100,Hormigón preamasado.,Ready-mixed concrete.
44114200,Productos de hormigón.,Concrete products.
44114210,Pilotes de hormigón.,Concrete piles.
44114220,Tuberías y accesorios de hormigón.,Concrete pipes and fittings.
44114250,Losas de hormigón.,Concrete slabs.
44115000,Accesorios para la construcción.,Building fittings.
44115100,Cañerías.,Ducting.
44115200,Materiales para fontanería y calefacción.,Plumbing and heating materials.
44115210,Materiales de fontanería.,Plumbing materials.
44115220,Materiales para calefacción.,Heating materials.
44115310,Persianas enrollables.,Roller-type shutters.
44115400,Claraboyas.,Skylights.
44115500,Sistemas de extinción por aspersor.,Sprinkler systems.
44115600,Remonte-escalera.,Stairlifts.
44115700,Persianas exteriores.,Exterior blinds.
44115710,Marquesinas.,Canopies.
44115800,Accesorios para interiores de edificios.,Building internal fittings.
44115810,Rieles para cortinas y cortinajes.,Curtain rails and hangings.
44115811,Rieles para cortinas.,Curtain rails.
44115900,Dispositivos de protección contra el sol.,Sun protection devices.
44130000,Colectores.,Sewer mains.
44131000,Cámaras para aguas residuales.,Sewage chambers.
44132000,Elementos para alcantarillas.,Culvert elements.
44133000,Cofias de hierro dúctil.,Ductile-iron end caps.
44134000,Curvas.,Bends.
44140000,Productos relacionados con materiales de construcción.,Products related to construction materials.
44141000,Conductos.,Conduit.
44141100,Conductos eléctricos.,Electric conduit.
44142000,Marcos.,Frames.
44143000,Palets.,Pallets.
44144000,Postes (construcción).,Posts.
44160000,"Conducciones, canalizaciones, tuberías de revestimiento, tubos y artículos conexos.","Pipeline, piping, pipes, casing, tubing and related items."
44161000,Conducciones.,Pipelines.
44161100,Gasoductos.,Gas pipelines.
44161110,Red de distribución de gas.,Gas-distribution network.
44161200,Tuberías maestras.,Water mains.
44161400,Conducciones subacuáticas.,Underwater pipeline.
44161410,Conducciones submarinas.,Subsea pipelines.
44161500,Conducciones de alta presión.,High-pressure pipeline.
44161600,Conductos de baja presión.,Low-pressure pipeline.
44161700,Rascadores de conducciones.,Pipeline pigs.
44161710,Lanzarrascadores.,Pig launchers.
44161720,Receptores de rascador.,Pig receivers.
44161730,Estaciones de rascador.,Pig traps.
44162000,Canalizaciones.,Piping.
44162100,Suministros para canalizaciones.,Piping supplies.
44162200,Canalizaciones de distribución.,Distribution piping.
44162300,Canalizaciones de descarga.,Outfall piping.
44162400,Cámaras registro en arcilla vitrificada.,Vitrified clay manholes.
44162500,Canalización de agua potable.,Drinking-water piping.
44163000,Tuberías y accesorios.,Pipes and fittings.
44163100,Tuberías.,Pipes.
44163110,Tuberías de desagüe.,Drainage pipes.
44163111,Tuberías de drenaje.,Drain pipes.
44163112,Sistema de drenaje.,Drainage system.
44163120,Tuberías de calefacción a distancia.,Distance-heating pipes.
44163121,Tuberías de calefacción.,Heating pipes.
44163130,Tuberías de alcantarilla.,Sewer pipes.
44163140,Tuberías de agua y vapor.,Steam and water pipes.
44163150,Tuberías de baja presión.,Low-pressure pipes.
44163160,Tuberías de distribución y sus accesorios.,Distribution pipes and accessories.
44163200,Accesorios para tubería.,Pipe fittings.
44163210,Abrazaderas para tuberías.,Pipe clamps.
44163230,Racores para tuberías.,Pipe connectors.
44163240,Juntas de tuberías.,Pipe joints.
44163241,Juntas aislantes.,Insulated joints.
44164000,Tubos de entubado y tubos de producción.,Casing and tubing.
44164100,Tubos de entubado.,Casing.
44164200,Tubos de producción.,Tubing.
44164300,Artículos tubulares.,Tubular goods.
44164310,Tubos y accesorios.,Tubes and fittings.
44165000,"Mangueras, tubos y manguitos.","Hoses, risers and sleeves."
44165100,Mangueras.,Hoses.
44165110,Mangueras de perforación.,Drilling hoses.
44165200,Tubos.,Risers.
44165210,Tubos ascendentes flexibles.,Flexible risers.
44165300,Manguitos.,Sleeves.
44166000,Material tubular para pozos de petróleo.,Oil country tubular goods.
44167000,Accesorios diversos para tuberías.,Various pipe fittings.
44167100,Acoplamientos.,Couplings.
44167110,Bridas.,Flanges.
44167111,Adaptadores de brida.,Flange adaptors.
44167200,Abrazaderas y collares de reparación.,Repair clamps and collars.
44167300,"Curvas, tes y accesorios para tuberías.","Bends, tees and pipe fittings."
44167400,Codos.,Elbows.
44170000,"Planchas, hojas, bandas y láminas relacionadas con materiales de construcción.","Plates, sheets, strip and foil related to construction materials."
44171000,Planchas (construcción).,Plates (construction).
44172000,Hojas (construcción).,Sheets (construction).
44173000,Bandas.,Strip.
44174000,Láminas.,Foil.
44175000,Paneles.,Panels.
44176000,Películas.,Film.
44190000,Materiales de construcción diversos.,Miscellaneous construction materials.
44191000,Materiales de madera diversos para construcción.,Miscellaneous construction materials in wood.
44191100,Madera contrachapada.,Plywood.
44191200,Madera laminada.,Laminated wood.
44191300,Tableros de partículas.,Particle board.
44191400,Tableros de fibra.,Fibreboard.
44191500,Madera densificada.,Densified wood.
44191600,Paneles de parqué.,Parquet panels.
44192000,Otros materiales de construcción diversos.,Other miscellaneous construction materials.
44192100,Espuma de PVC.,PVC foam.
44192200,Puntas.,Nails.
44200000,Productos estructurales.,Structural products.
44210000,Estructuras y partes de estructuras.,Structures and parts of structures.
44211000,Edificios prefabricados.,Prefabricated buildings.
44211100,Edificios prefabricados modulares.,Modular and portable buildings.
44211110,Cabinas.,Cabins.
44211200,Cubículos.,Cubicles.
44211300,Hospital de campaña.,Field hospital.
44211400,Cocinas de campaña.,Field kitchens.
44211500,Invernaderos.,Glasshouses.
44212000,"Productos estructurales y partes correspondientes, excepto edificios prefabricados.",Structural products and parts except prefabricated buildings.
44212100,Puente.,Bridge.
44212110,Secciones de puentes.,Bridge sections.
44212120,Estructuras de puentes.,Structures of bridges.
44212200,"Torres, mástiles de celosía, castilletes y pilares.","Towers, lattice masts, derricks and pylons."
44212210,Castilletes.,Derricks.
44212211,Torres de perforación.,Drilling derricks.
44212212,Torres de perforación estáticas.,Static drilling derricks.
44212220,"Pilares, postes y estacas.","Pylons, poles and pickets."
44212221,Pilares.,Pylons.
44212222,Torres para transporte de energía eléctrica.,Electricity transmission pylons.
44212223,Soportes para pilones.,Pylon supports.
44212224,Postes para líneas aéreas.,Poles for carrying overhead lines.
44212225,Postes.,Poles.
44212226,Postes de electricidad.,Electricity poles.
44212227,Estacas.,Pickets.
44212230,Torres.,Towers.
44212233,Torres de agua.,Water towers.
44212240,Vigas de carga.,Girders.
44212250,Mástiles.,Masts.
44212260,Mástiles de antena de radio o de televisión.,Radio or television masts.
44212261,Mástiles de antena de radio.,Radio masts.
44212262,Mástiles de antena de televisión.,Television masts.
44212263,Mástiles de celosía.,Lattice masts.
44212300,Estructuras y partes.,Structures and parts.
44212310,Andamiaje.,Scaffolding.
44212311,Puntales de arco.,Arch struts.
44212312,Soportes de arco.,Arch stilts.
44212313,Soportes.,Supports.
44212314,Soportes para suspensión de tubos.,Pipe-hanging brackets.
44212315,Equipo para andamiaje.,Equipment for scaffolding.
44212316,Bridas de arco.,Arch clips.
44212317,Estructuras de andamiaje.,Scaffolding structures.
44212318,Soportes de conducciones.,Pipeline supports.
44212320,Estructuras diversas.,Miscellaneous structures.
44212321,Marquesinas para paradas de autobús.,Bus shelters.
44212322,Cabinas telefónicas.,Telephone booths.
44212329,Mamparas de seguridad.,Security screens.
44212380,Partes de estructuras.,Parts of structures.
44212381,Revestimiento.,Cladding.
44212382,Compuertas de descarga.,Floodgates.
44212383,Compuertas.,Lock gates.
44212390,Esclusas.,Sluices.
44212391,Compuertas de esclusa.,Sluice gates.
44212400,Estacada.,Piling.
44212410,Tablestacado.,Sheet piling.
44212500,Ángulos y secciones.,Angles and sections.
44212510,Ángulos.,Angles.
44212520,Secciones.,Sections.
44220000,Trabajos de ebanistería para la construcción.,Builders' joinery.
44221000,"Ventanas, puertas y elementos conexos.","Windows, doors and related items."
44221100,Ventanas.,Windows.
44221110,Marcos para ventana.,Window frames.
44221111,Unidades de doble acristalamiento.,Double-glazed units.
44221120,Puertas-ventana.,French windows.
44221200,Puertas.,Doors.
44221210,Tableros en bruto para puertas.,Door blanks.
44221211,Marcos para puerta.,Door frames.
44221212,Puertas mosquiteras.,Door screens.
44221213,Umbrales de puerta.,Door thresholds.
44221220,Puertas cortafuego.,Fire doors.
44221230,Puertas de corredera.,Sliding doors.
44221240,Puertas de garaje.,Garage doors.
44221300,Portones.,Gates.
44221310,Puertas de acceso.,Access gates.
44221400,Contraventanas.,Shutters.
44221500,Umbrales.,Thresholds.
44230000,Trabajos de carpintería para la construcción.,Builders' carpentry.
44231000,Paneles prefabricados para cercas.,Made-up fencing panels.
44232000,Vigas de madera para tejado.,Timber roof trusses.
44233000,Escaleras.,Staircases.
44300000,"Cable, alambre y productos conexos.","Cable, wire and related products."
44310000,Productos de alambre.,Wire products.
44311000,Alambre de cabos.,Stranded wire.
44312000,Alambre para cercas.,Fencing wire.
44312300,Alambre de púas.,Barbed wire.
44313000,Malla metálica.,Metal netting.
44313100,Cercado de tela metálica.,Wire-mesh fencing.
44313200,Tela metálica.,Wire cloth.
44315000,Hilo de máquina.,Wire rods.
44315100,Accesorios para soldadura autógena.,Welding accessories.
44315200,Materiales para soldadura autógena.,Welding materials.
44315300,Materiales para soldadura blanda o para soldadura fuerte.,Soldering or brazing materials.
44315310,Materiales para soldadura blanda.,Soldering materials.
44315320,Materiales para soldadura fuerte.,Brazing materials.
44316000,Ferretería.,Ironmongery.
44316100,Yunques.,Anvils.
44316200,Fragua portátil.,Portable forge.
44316300,Rejillas.,Grilles.
44316400,Artículos de ferretería.,Hardware.
44316500,Artículos de forja.,Smiths' wares.
44316510,Artículos de herrería.,Blacksmiths' wares.
44317000,Eslingas de hierro o de acero.,Iron or steel slings.
44318000,Conductores.,Conductors.
44320000,Cables y productos conexos.,Cable and related products.
44321000,Cables.,Cable.
44322000,Accesorios para cables.,Cable accessories.
44322100,Conductos para cables.,Cable conduits.
44322200,Conectores para cables.,Cable connectors.
44322300,Tuberías para cables.,Cable ducts.
44322400,Sujetacables.,Cable fasteners.
44330000,"Barras, varillas, alambre y perfiles utilizados en la construcción.","Bars, rods, wire and profiles used in construction."
44331000,Barras.,Bars.
44332000,Varillas (construcción).,Rods (construction).
44333000,Alambre.,Wire.
44334000,Perfiles.,Profiles.
44400000,Productos manufacturados diversos y artículos conexos.,Miscellaneous fabricated products and related items.
44410000,Artículos para baño y cocina.,Articles for the bathroom and kitchen.
44411000,Aparatos sanitarios.,Sanitary ware.
44411100,Grifos.,Taps.
44411200,Bañeras.,Baths.
44411300,Lavabos.,Washbasins.
44411400,Platos de ducha.,Shower basins.
44411600,Bidés.,Bidets.
44411700,"Asientos, tapas, cubetas, tazas y cisternas de inodoro.","Lavatory seats, covers, bowls and cisterns."
44411710,Asientos de inodoro.,Lavatory seats.
44411720,Tapas de inodoro.,Lavatory covers.
44411740,Tazas de inodoro.,Lavatory bowls.
44411750,Cisternas de inodoro.,Lavatory cisterns.
44411800,Urinarios.,Urinals.
44420000,Artículos utilizados en la construcción.,Goods used in construction.
44421000,"Cajas fuertes, cajas de seguridad y puertas, blindadas o reforzadas.","Armoured or reinforced safes, strongboxes and doors."
44421300,Cajas de caudales.,Safes.
44421500,Puertas blindadas o reforzadas.,Armoured or reinforced doors.
44421600,Taquillas de seguridad.,Safe-deposit lockers.
44421700,Cajas y taquillas.,Boxes and lockers.
44421710,Taquillas para equipajes en consigna.,Left-luggage lockers.
44421720,Taquillas.,Lockers.
44421721,Cajas fuertes.,Safe-deposit boxes.
44421722,Cajas de seguridad.,Safety cases.
44421780,Cajas de seguridad para documentos.,Deed boxes.
44421790,Cajas de seguridad para fondos.,Cash boxes.
44422000,Buzones.,Letterboxes.
44423000,Artículos diversos.,Miscellaneous articles.
44423100,Campanas.,Bells.
44423200,Escaleras de mano.,Ladders.
44423220,Escaleras de tijera.,Folding steps.
44423230,Taburetes con escalones.,Step stools.
44423300,Equipo para manipulación de mercancías.,Goods-handling equipment.
44423330,Plataformas para la manipulación de mercancías.,Platforms for handling goods.
44423340,Accesorios de cable para la manipulación de mercancías.,Wire-rope accessories for handling goods.
44423400,Señales y artículos conexos.,Signs and related items.
44423450,Placas indicadoras.,Nameplates.
44423460,Placas de dirección.,Address plates.
44423700,Elementos para registros.,Manhole elements.
44423710,Cajas de superficie.,Surface boxes.
44423720,Cajas de delimitación.,Boundary boxes.
44423730,Marcos protectores de registros.,Manhole frames.
44423740,Tapas de registro.,Manhole covers.
44423750,Rejillas de sumidero.,Drain covers.
44423760,Tapas de acceso.,Access covers.
44423790,Escalones de horquilla de registros.,Manhole step irons.
44423800,Sellos metálicos.,Metal stamps.
44423810,Sellos de caucho.,Rubber stamps.
44423850,Formas.,Shapes.
44423900,Ánodos sacrificatorios.,Sacrificial anodes.
44424000,Cajas y precintos para contadores.,Meter-housing boxes and tape.
44424100,Cajas para contadores.,Meter-housing boxes.
44424200,Cinta adhesiva.,Adhesive tape.
44424300,Cinta reflectante.,Reflective tape.
44425000,"Arandelas, juntas, bandas, barras y morteros de relleno.","Rings, seals, bands, sticks and grout packers."
44425100,Arandelas elásticas.,Elastic rings.
44425110,Arandelas de refuerzo autoadhesivas.,Self-adhesive reinforcement rings.
44425200,Juntas de caucho.,Rubber seals.
44425300,Bandas elásticas.,Rubber bands.
44425400,Morteros de relleno.,Grout packers.
44425500,Barras de plástico.,Plastic sticks.
44430000,Blindaje.,Armour plating.
44431000,Cubrejuntas.,Cover plates.
44440000,Cojinetes.,Bearings.
44441000,Microesferas.,Microbeads.
44442000,Cojinetes de rodillos.,Roller bearings.
44450000,Acero dulce.,Mild steel.
44451000,Cospeles.,Coin blanks.
44452000,Depósitos para monedas de máquinas o aparatos que funcionan con monedas.,Coin boxes.
44460000,Estemples y puntales de mina.,Props and mining struts.
44461000,Estemples.,Props.
44461100,Estemples de mina.,Mine props.
44462000,Puntales de mina.,Mining struts.
44464000,Orugas.,Caterpillar tracks.
44470000,Productos de hierro fundido.,Cast-iron products.
44480000,Equipos diversos contra incendios.,Miscellaneous fire-protection equipment.
44481000,Escaleras de plataforma.,Platforms ladders.
44481100,Escaleras contra incendios.,Fire ladders.
44482000,Dispositivos contra incendios.,Fire-protection devices.
44482100,Mangueras para incendios.,Fire hoses.
44482200,Bocas de incendio.,Fire hydrants.
44500000,"Herramientas, cerraduras, llaves, bisagras, elementos de sujeción, cadenas y muelles.","Tools, locks, keys, hinges, fasteners, chain and springs."
44510000,Herramientas.,Tools.
44511000,Herramientas manuales.,Hand tools.
44511100,Layas y palas.,Spades and shovels.
44511110,Layas.,Spades.
44511120,Palas.,Shovels.
44511200,Horcas de jardinería.,Gardening forks.
44511300,"Azadas, picos, binaderas, rastrillos y rastrillos para playa.","Mattocks, picks, hoes, rakes and beach rakes."
44511310,Azadas.,Mattocks.
44511320,Picos.,Picks.
44511330,Binaderas.,Hoes.
44511340,Rastrillos.,Rakes.
44511341,Rastrillos para playa.,Beach rakes.
44511400,Hachas.,Axes.
44511500,Sierras de mano.,Hand saws.
44511510,Hojas para sierras de mano.,Handsaw blades.
44512000,Herramientas manuales diversas.,Miscellaneous hand tools.
44512100,Formones.,Chisels.
44512200,Alicates.,Pliers.
44512210,Alicates de engarzar.,Crimping pliers.
44512300,Martillos.,Hammers.
44512400,Perrillos tensores de mano.,Wire grips.
44512500,Llaves de tuercas.,Spanners.
44512600,Herramientas para trabajos viales.,Roadworking tools.
44512610,Púas para estriar superficies de carreteras.,Spikes for piercing road surfaces.
44512700,Limas o escofinas.,Files or rasps.
44512800,Destornilladores.,Screwdrivers.
44512900,"Brocas para taladros, cabezas para destornillador y demás accesorios.","Drill bits, screwdriver bits and other accessories."
44512910,Brocas para taladros.,Drill bits.
44512920,Cabezas para destornillador.,Screwdriver bits.
44512930,Portaherramientas.,Tool carriers.
44512940,Estuches de herramientas.,Tool kits.
44513000,Herramientas de pedal.,Treadle-operated tools.
44514000,Mangos y piezas de herramientas.,Tool handles and tool parts.
44514100,Mangos de herramientas.,Tool handles.
44514200,Piezas de herramientas.,Tool parts.
44520000,"Cerraduras, llaves y bisagras.","Locks, keys and hinges."
44521000,Cerraduras y candados diversos.,Miscellaneous padlocks and locks.
44521100,Cerraduras.,Locks.
44521110,Cerraduras para puertas.,Door locks.
44521120,Cerraduras de seguridad electrónicas.,Electronic security lock.
44521130,Cerraduras de alta seguridad.,Enhanced security lock.
44521140,Cerraduras para muebles.,Furniture locks.
44521200,Candados y cadenas.,Padlocks and chains.
44521210,Candados.,Padlocks.
44522000,"Cierres, partes de cerraduras y llaves.","Clasps, lock parts and keys."
44522100,Cierres.,Clasps.
44522200,Llaves.,Keys.
44522300,Partes de candados.,Parts of padlocks.
44522400,Partes de cerraduras.,Parts of locks.
44523000,"Bisagras, guarniciones y accesorios.","Hinges, mountings and fittings."
44523100,Bisagras.,Hinges.
44523200,Guarniciones.,Mountings.
44523300,Accesorios.,Fittings.
44530000,Elementos de sujeción.,Fasteners.
44531000,Elementos roscados de sujeción.,Threaded fasteners.
44531100,Tornillos para madera.,Wood screws.
44531200,"Escarpias o armellas, roscadas.",Screw hooks or screw rings.
44531300,Tornillos taladradores.,Self-tapping screws.
44531400,Pernos.,Bolts.
44531500,Juegos de uniones de bridas.,Flange jointing sets.
44531510,Pernos y tornillos.,Bolts and screws.
44531520,Tirafondos y tornillos.,Coach bolts and screws.
44531600,Tuercas.,Nuts.
44531700,Artículos con rosca de hierro o de acero.,Iron or steel threaded articles.
44532000,Elementos de sujeción sin roscar.,Non-threaded fasteners.
44532100,Remaches.,Rivets.
44532200,Arandelas.,Washers.
44532300,Pasadores de chaveta.,Cotter pins.
44532400,Bridas de acero.,Steel fishplates.
44533000,Elementos de sujeción de cobre.,Copper fasteners.
44540000,Cadenas.,Chain.
44541000,Cadena articulada.,Articulated chain.
44542000,Partes de cadenas.,Parts of chain.
44550000,Muelles (resortes).,Springs.
44600000,"Cisternas, depósitos y contenedores; radiadores y calderas de calefacción central.","Tanks, reservoirs and containers; central-heating radiators and boilers."
44610000,"Cisternas, depósitos, contenedores y recipientes a presión.","Tanks, reservoirs, containers and pressure vessels."
44611000,Cisternas.,Tanks.
44611100,Cilindros de aire.,Air cylinders.
44611110,Cilindros neumáticos.,Compressed-air cylinders.
44611200,Aparatos respiratorios.,Breathing apparatus.
44611400,Cisternas para almacenamiento.,Storage tanks.
44611410,Cisternas para almacenamiento de petróleo.,Oil-storage tanks.
44611420,Cisternas para almacenamiento de lodos.,Sludge-storage tanks.
44611500,Cisternas para agua.,Water tanks.
44611600,Depósitos.,Reservoirs.
44612000,Recipientes de gas licuado.,Liquefied-gas containers.
44612100,Bombonas de gas.,Gas cylinders.
44612200,Depósitos de gas.,Gas tanks.
44613000,Grandes contenedores.,Large containers.
44613110,Silos.,Silos.
44613200,Contenedores refrigerados.,Refrigerated containers.
44613210,Cisternas de agua.,Water chambers.
44613300,Contenedores estandarizados para transporte.,Standard freight containers.
44613400,Contenedores de almacenamiento.,Storage containers.
44613500,Contenedores para agua.,Water containers.
44613600,Contenedores sobre ruedas.,Wheeled containers.
44613700,Contenedores de basura.,Refuse skips.
44613800,Contenedores para residuos.,Containers for waste material.
44614000,Barriles.,Casks.
44614100,Recipientes de almacenamiento.,Storage bins.
44614300,Sistema de almacenamiento en contenedores.,Container storage system.
44614310,Apiladora mecánica.,Stacking machinery.
44615000,Recipientes a presión.,Pressure vessels.
44615100,Recipientes a presión de acero.,Steel pressure vessels.
44616000,Bidones.,Drums.
44616200,Bidones de residuos.,Waste drums.
44617000,Cajas.,Boxes.
44617100,Cartones.,Cartons.
44617200,Compartimentos para contadores.,Meter housings.
44617300,Cajas prefabricadas.,Prefabricated boxes.
44618000,"Recipientes ligeros, tapones, tapas, cubas y tapaderas.","Light containers, corks, tops for containers, vats and lids."
44618100,Recipientes ligeros.,Light containers.
44618300,"Tapones, tapones de rosca, tapas y tapaderas.","Corks, stoppers, tops for containers and lids."
44618310,Tapones con opérculo de corcho.,Corks.
44618320,Tapones de rosca.,Stoppers.
44618330,Tapas para contenedores.,Tops for containers.
44618340,Tapaderas.,Lids.
44618350,Cápsulas de plástico.,Plastic caps.
44618400,Latas.,Cans.
44618420,Latas de conservas.,Food cans.
44618500,Cubas.,Vats.
44619000,Otros recipientes.,Other containers.
44619100,Estuches.,Cases.
44619200,Carretes para cables.,Cable drums.
44619300,Jaulas.,Crates.
44619400,Barriles de madera.,Barrels.
44619500,Cajas paleta.,Pallet boxes.
44620000,"Radiadores y calderas para calefacción central, y sus partes.",Central-heating radiators and boilers and parts.
44621000,Radiadores y calderas.,Radiators and boilers.
44621100,Radiadores.,Radiators.
44621110,Radiadores para calefacción central.,Central-heating radiators.
44621111,Radiadores para calefacción central no eléctricos.,Non-electrically-heated central-heating radiators.
44621112,Partes de radiadores para calefacción central.,Parts of central-heating radiators.
44621200,Calderas.,Boilers.
44621210,Calderas de agua.,Water boilers.
44621220,Calderas para calefacción central.,Central-heating boilers.
44621221,Partes de calderas para calefacción central.,Parts of central-heating boilers.
44622000,Sistemas de termorrecuperación.,Heat-recovery systems.
44622100,Equipo termorrecuperador.,Heat-recovery equipment.
44800000,"Pinturas, barnices y mástiques.","Paints, varnishes and mastics."
44810000,Pinturas.,Paints.
44811000,Pintura para señalización de carreteras.,Road paint.
44812000,Pinturas para pintura artística.,Artists' paints.
44812100,Esmaltes y pinturas transparentes.,Enamels and glazes.
44812200,Pinturas al óleo y al agua.,Oil and water paints.
44812210,Pinturas al óleo.,Oil paints.
44812220,Pinturas al agua.,Water paints.
44812300,Pinturas para la enseñanza.,Students' paints.
44812310,Juegos de colores.,Colours in sets.
44812320,Colores para pintura de letreros.,Signboard painters' colours.
44812400,Artículos para decoración.,Decorating supplies.
44820000,Barnices.,Varnishes.
44830000,"Mástiques, plastes de relleno, masillas y disolventes.","Mastics, fillers, putty and solvents."
44831000,"Mástiques, plastes de relleno y masilla.","Mastics, fillers, putty."
44831100,Mástiques.,Mastics.
44831200,Plastes de relleno.,Fillers.
44831300,Masilla.,Putty.
44831400,Lechada de cemento.,Grout.
44832000,Disolventes.,Solvents.
44832100,Decapante para pintura.,Paint stripper.
44832200,Diluyentes.,Thinners.
44900000,"Piedra para construcción, piedra caliza, yeso y pizarra.","Stone for construction, limestone, gypsum and slate."
44910000,Piedra para construcción.,Stone for construction.
44911000,Mármol y piedra calcárea de construcción.,Marble and calcarous building stone.
44911100,Mármol.,Marble.
44911200,Travertino.,Travertine.
44912000,Diversas piedras de construcción.,Miscellaneous building stone.
44912100,Granito.,Granite.
44912200,Arenisca.,Sandstone.
44912300,Basalto.,Basalt.
44912400,Piedras de bordillo.,Kerbstones.
44920000,"Piedra caliza, yeso y creta.","Limestone, gypsum and chalk."
44921000,Piedra caliza y yeso.,Limestone and gypsum.
44921100,Yeso.,Gypsum.
44921200,Cal.,Lime.
44921210,Cal en polvo.,Powdered lime.
44921300,Piedra caliza.,Limestone.
44922000,Creta y dolomita.,Chalk and dolomite.
44922100,Creta.,Chalk.
44922200,Dolomita.,Dolomite.
44930000,Pizarra.,Slate.
45000000,Trabajos de construcción.,Construction work.
45100000,Trabajos de preparación del terreno.,Site preparation work.
45110000,Trabajos de demolición de inmuebles y movimiento de tierras.,Building demolition and wrecking work and earthmoving work.
45111000,"Trabajos de demolición, explanación y limpieza del terreno.","Demolition, site preparation and clearance work."
45111100,Trabajos de demolición.,Demolition work.
45111200,Trabajos de explanación y limpieza del terreno.,Site preparation and clearance work.
45111210,Trabajos de voladura y consiguiente retirada de rocas.,Blasting and associated rock-removal work.
45111211,Trabajos de voladura.,Blasting work.
45111212,Trabajos de retirada de rocas.,Rock-removal work.
45111213,Trabajos de limpieza del terreno.,Site-clearance work.
45111214,Trabajos de evacuación de escombros de demolición.,Blast-clearing work.
45111220,Trabajos de desbrozo.,Scrub-removal work.
45111230,Trabajos de estabilización del terreno.,Ground-stabilisation work.
45111240,Trabajos de drenaje del terreno.,Ground-drainage work.
45111250,Trabajos de estudio del suelo.,Ground investigation work.
45111260,Trabajos de preparación del terreno para la minería.,Site-preparation work for mining.
45111290,Trabajos primarios para servicios.,Primary works for services.
45111291,Trabajos de ordenación del terreno.,Site-development work.
45111300,Trabajos de desmantelamiento.,Dismantling works.
45111310,Trabajos de desmantelamiento para instalaciones militares.,Dismantling works for military installations.
45111320,Trabajos de desmantelamiento para instalaciones de seguridad.,Dismantling works for security installations.
45112000,Trabajos de excavación y movimiento de tierras.,Excavating and earthmoving work.
45112100,Trabajos de excavación de zanjas.,Trench-digging work.
45112200,Trabajos de desmonte de suelos.,Soil-stripping work.
45112210,Trabajos de levantamiento de las capas superficiales.,Topsoil-stripping work.
45112300,Trabajos de relleno y recuperación del suelo.,Infill and land-reclamation work.
45112310,Trabajos de relleno.,Infill work.
45112320,Trabajos de recuperación del suelo.,Land-reclamation work.
45112330,Trabajos de recuperación del terreno.,Site-reclamation work.
45112340,Trabajos de descontaminación de suelos.,Soil-decontamination work.
45112350,Aprovechamiento de tierras estériles.,Reclamation of waste land.
45112360,Trabajos de rehabilitación del suelo.,Land rehabilitation work.
45112400,Trabajos de excavación.,Excavating work.
45112410,Trabajos de excavación de sepulturas.,Grave-digging work.
45112420,Trabajos de excavación del basamento.,Basement excavation work.
45112440,Terraplenado de laderas.,Terracing of hillsides.
45112441,Trabajos de terraplenado.,Terracing work.
45112450,Obras de excavación en yacimientos arqueológicos.,Excavation work at archaeological sites.
45112500,Trabajos de movimiento de tierras.,Earthmoving work.
45112600,Corte y relleno.,Cut and fill.
45112700,Trabajos de paisajismo.,Landscaping work.
45112710,Trabajos de paisajismo en zonas verdes.,Landscaping work for green areas.
45112711,Trabajos de paisajismo en parques.,Landscaping work for parks.
45112712,Trabajos de paisajismo en jardines.,Landscaping work for gardens.
45112713,Paisajismo para jardines de terraza.,Landscaping work for roof gardens.
45112714,Trabajos de paisajismo en cementerios.,Landscaping work for cemeteries.
45112720,Trabajos de paisajismo en zonas deportivas y recreativas.,Landscaping work for sports grounds and recreational areas.
45112721,Trabajos de paisajismo en campos de golf.,Landscaping work for golf courses.
45112722,Trabajos de paisajismo de campos de equitación.,Landscaping work for riding areas.
45112723,Trabajos de paisajismo en parques infantiles.,Landscaping work for playgrounds.
45112730,Paisajismo en carreteras y autopistas.,Landscaping work for roads and motorways.
45112740,Obras de paisajismo en aeropuertos.,Landscaping work for airports.
45113000,Trabajos a pie de obra.,Siteworks.
45120000,Trabajos de perforación y sondeo.,Test drilling and boring work.
45121000,Trabajos de perforación.,Test drilling work.
45122000,Trabajos de sondeo.,Test boring work.
45200000,Trabajos generales de construcción de inmuebles y obras de ingeniería civil.,Works for complete or part construction and civil engineering work.
45210000,Trabajos de construcción de inmuebles.,Building construction work.
45211000,Trabajos de construcción de inmuebles de viviendas colectivas y unifamiliares.,Construction work for multi-dwelling buildings and individual houses.
45211100,Trabajos de construcción para viviendas.,Construction work for houses.
45211200,Trabajos de construcción de viviendas tuteladas.,Sheltered housing construction work.
45211300,Trabajos de construcción de viviendas.,Houses construction work.
45211310,Trabajos de construcción de cuartos de baño.,Bathrooms construction work.
45211320,Trabajos de construcción de porches.,Porches construction work.
45211340,Trabajos de construcción de inmuebles de viviendas colectivas.,Multi-dwelling buildings construction work.
45211341,Trabajos de construcción de pisos.,Flats construction work.
45211350,Trabajos de construcción de inmuebles multifuncionales.,Multi-functional buildings construction work.
45211360,Trabajos de construcción de desarrollo urbano.,Urban development construction work.
45211370,Trabajos de construcción de saunas.,Construction works for saunas.
45212000,"Trabajos de construcción de edificios relacionados con el ocio, los deportes, la cultura y el alojamiento y restaurantes.","Construction work for buildings relating to leisure, sports, culture, lodging and restaurants."
45212100,Trabajos de construcción de instalaciones de ocio.,Construction work of leisure facilities.
45212110,Trabajos de construcción de centros de ocio.,Leisure centre construction work.
45212120,Trabajos de construcción de parques temáticos.,Theme park construction work.
45212130,Trabajos de construcción de parques de atracciones.,Amusement park construction work.
45212140,Instalación de recreo.,Recreation installation.
45212150,Trabajos de construcción de cines.,Cinema construction work.
45212160,Trabajos de construcción de casinos.,Casino construction work.
45212170,Trabajos de construcción de edificios para actividades de recreo.,Entertainment building construction work.
45212171,Trabajos de construcción de centros de esparcimiento.,Entertainment centre construction work.
45212172,Trabajos de construcción de centros de recreo.,Recreation centre construction work.
45212180,Trabajos de construcción de taquillas de billetes.,Ticket offices construction work.
45212190,Obras de protección contra el sol.,Sun-protection works.
45212200,Trabajos de construcción de instalaciones deportivas.,Construction work for sports facilities.
45212210,Trabajos de construcción de instalaciones deportivas para la práctica de un solo deporte.,Single-purpose sports facilities construction work.
45212211,Trabajos de construcción de pistas de patinaje.,Ice rink construction work.
45212212,Trabajos de construcción de piscinas.,Construction work for swimming pool.
45212213,Trabajos de marcado para instalaciones deportivas.,Sport markings works.
45212220,Trabajos de construcción de instalaciones polideportivas.,Multi-purpose sports facilities construction work.
45212221,Trabajos de construcción de estructuras para campos de deportes.,Construction work in connection with structures for sports ground.
45212222,Trabajos de construcción de gimnasios.,Gymnasium construction work.
45212223,Trabajos de construcción de instalaciones para deportes de invierno.,Winter-sports facilities construction work.
45212224,Trabajos de construcción de estadios.,Stadium construction work.
45212225,Trabajos de construcción de polideportivos.,Sports hall construction work.
45212230,Instalación de vestuarios.,Installation of changing rooms.
45212290,Reparación y mantenimiento de instalaciones deportivas.,Repair and maintenance work in connection with sports facilities.
45212300,Trabajos de construcción de edificios culturales y relacionados con el arte.,Construction work for art and cultural buildings.
45212310,Trabajos de construcción de edificios relacionados con exposiciones.,Construction work for buildings relating to exhibitions.
45212311,Trabajos de construcción de galerías de arte.,Art gallery construction work.
45212312,Trabajos de construcción de centros de exposiciones.,Exhibition centre construction work.
45212313,Trabajos de construcción de museos.,Museum construction work.
45212314,Trabajos de construcción de monumentos históricos o conmemorativos.,Historical monument or memorial construction work.
45212320,Trabajos de construcción de edificios relacionados con actividades artísticas.,Construction work for buildings relating to artistic performances.
45212321,Trabajos de construcción de auditorios.,Auditorium construction work.
45212322,Trabajos de construcción de teatros.,Theatre construction work.
45212330,Trabajos de construcción de bibliotecas.,Library construction work.
45212331,Trabajos de construcción de bibliotecas multimedia.,Multimedia library construction work.
45212340,Trabajos de construcción de salas de conferencias.,Lecture hall construction work.
45212350,Edificios de interés histórico o arquitectónico.,Buildings of particular historical or architectural interest.
45212351,Trabajos de construcción de monumentos prehistóricos.,Prehistoric monument construction work.
45212352,Trabajos de construcción de monumentos industriales.,Industrial monument construction work.
45212353,Trabajos de construcción de palacios.,Palace construction work.
45212354,Trabajos de construcción de castillos.,Castle construction work.
45212360,Trabajos de construcción de edificios religiosos.,Religious buildings construction work.
45212361,Trabajos de construcción de iglesias.,Church construction work.
45212400,Edificios de alojamiento y de restauración.,Accommodation and restaurant buildings.
45212410,Trabajos de construcción de edificios de alojamiento.,Construction work for lodging buildings.
45212411,Trabajos de construcción de hoteles.,Hotel construction work.
45212412,Trabajos de construcción de albergues.,Hostel construction work.
45212413,Trabajos de construcción de alojamientos de corta duración.,Short-stay accommodation construction work.
45212420,Trabajos de construcción de restaurantes y establecimientos similares.,Construction work for restaurants and similar facilities.
45212421,Trabajos de construcción de restaurantes.,Restaurant construction work.
45212422,Trabajos de construcción de cantinas.,Canteen construction work.
45212423,Trabajos de construcción de cafeterías.,Cafeteria construction work.
45212500,Transformación de cocinas o restaurantes.,Kitchen or restaurant conversion.
45212600,Trabajos de construcción de pabellones.,Pavilion construction work.
45213000,"Trabajos de construcción de locales comerciales, almacenes y edificios industriales, edificios relacionados con el transporte.","Construction work for commercial buildings, warehouses and industrial buildings, buildings relating to transport."
45213100,Trabajos de construcción de edificios comerciales.,Construction work for commercial buildings.
45213110,Trabajos de construcción de establecimientos comerciales.,Shop buildings construction work.
45213111,Trabajos de construcción de centros comerciales.,Shopping centre construction work.
45213112,Trabajos de construcción de comercios.,Shop units construction work.
45213120,Trabajos de construcción de oficinas de correos.,Post office construction work.
45213130,Trabajos de construcción de bancos.,Bank construction work.
45213140,Trabajos de construcción de mercados.,Market construction work.
45213141,Trabajos de construcción de mercados cubiertos.,Covered market construction work.
45213142,Trabajos de construcción de mercados al aire libre.,Open-air market construction work.
45213150,Trabajos de construcción de edificios de oficinas.,Office block construction work.
45213200,Trabajos de construcción de almacenes y edificios industriales.,Construction work for warehouses and industrial buildings.
45213210,Instalaciones de depósitos frigoríficos.,Cold-storage installations.
45213220,Trabajos de construcción de locales de almacenamiento.,Construction work for warehouses.
45213221,Trabajos de construcción de almacenes.,Warehouse stores construction work.
45213230,Trabajos de construcción de mataderos.,Abattoir construction work.
45213240,Trabajos de construcción de edificios agrícolas.,Agricultural buildings construction work.
45213241,Trabajos de construcción de graneros.,Barn construction work.
45213242,Trabajos de construcción de establos.,Cowsheds construction work.
45213250,Trabajos de construcción de edificios industriales.,Construction work for industrial buildings.
45213251,Trabajos de construcción de locales industriales.,Industrial units construction work.
45213252,Trabajos de construcción de talleres.,Workshops construction work.
45213260,Trabajos de construcción de depósitos.,Stores depot construction work.
45213270,Trabajos de construcción de plantas de reciclado.,Construction works for recycling station.
45213280,Trabajos de construcción de instalaciones de compostaje.,Construction works for compost facility.
45213300,Edificios relacionados con el transporte.,Buildings associated with transport.
45213310,Trabajos de construcción de edificios relacionados con el transporte por carretera.,Construction work for buildings relating to road transport.
45213311,Trabajos de construcción de estaciones de autobuses.,Bus station construction work.
45213312,Trabajos de construcción de edificios de estacionamiento de vehículos.,Car park building construction work.
45213313,Trabajos de construcción de edificios de áreas de servicio.,Service-area building construction work.
45213314,Trabajos de construcción de cocheras de autobuses.,Bus garage construction work.
45213315,Trabajos de construcción de marquesinas de paradas de autobús.,Bus-stop shelter construction work.
45213316,Trabajos de instalación de pasarelas.,Installation works of walkways.
45213320,Trabajos de construcción de edificios relacionados con el transporte ferroviario.,Construction work for buildings relating to railway transport.
45213321,Trabajos de construcción de estaciones de ferrocarril.,Railway station construction work.
45213322,Trabajos de construcción de edificios de terminales ferroviarias.,Rail terminal building construction work.
45213330,Trabajos de construcción de edificios relacionados con el transporte aéreo.,Construction work for buildings relating to air transport.
45213331,Trabajos de construcción de edificios de aeropuerto.,Airport buildings construction work.
45213332,Trabajos de construcción de torres de control de aeropuerto.,Airport control tower construction work.
45213333,Trabajos de instalación de mostradores de facturación de aeropuertos.,Installation works of airport check-in counters.
45213340,Trabajos de construcción de edificios relacionados con el transporte por vías navegables.,Construction work for buildings relating to water transport.
45213341,Trabajos de construcción de edificios de terminales de transbordadores.,Ferry terminal building construction work.
45213342,Trabajos de construcción de terminales Ro-Ro.,Ro-Ro terminal construction work.
45213350,Trabajos de construcción de edificios relacionados con diversos medios de transporte.,Construction work for buildings relating to various means of transport.
45213351,Trabajos de construcción de hangares de mantenimiento.,Maintenance hangar construction work.
45213352,Trabajos de construcción de depósitos de servicio.,Service depot construction work.
45213353,Trabajos de instalación de pasarelas de embarque de pasajeros.,Installation works of passenger boarding bridges.
45213400,Instalación de salas de personal.,Installation of staff rooms.
45214000,Trabajos de construcción de edificios relacionados con la enseñanza y la investigación.,Construction work for buildings relating to education and research.
45214100,Trabajos de construcción de edificios para jardín de infancia.,Construction work for kindergarten buildings.
45214200,Trabajos de construcción de edificios escolares.,Construction work for school buildings.
45214210,Trabajos de construcción de centros de enseñanza primaria.,Primary school construction work.
45214220,Trabajos de construcción de centros de enseñanza secundaria.,Secondary school construction work.
45214230,Trabajos de construcción de centros de enseñanzas especiales.,Special school construction work.
45214300,Trabajos de construcción de centros de formación profesional y técnica,Construction work for college buildings.
45214310,Trabajos de construcción de centros de formación profesional.,Vocational college construction work.
45214320,Trabajos de construcción de centros de formación técnica.,Technical college construction work.
45214400,Trabajos de construcción de edificios universitarios.,Construction work for university buildings.
45214410,Trabajos de construcción de escuelas politécnicas superiores.,Polytechnic construction work.
45214420,Trabajos de construcción de aulas de conferencias.,Lecture theatre construction work.
45214430,Trabajos de construcción de laboratorios de idiomas.,Language laboratory construction work.
45214500,Trabajos de construcción de edificios de enseñanza postescolar.,Construction work for buildings of further education.
45214600,Trabajos de construcción de edificios de investigaciones.,Construction work for research buildings.
45214610,Trabajos de construcción de edificios de laboratorio.,Laboratory building construction work.
45214620,Trabajos de construcción de instalaciones para investigación y ensayos.,Research and testing facilities construction work.
45214630,Instalaciones científicas.,Scientific installations.
45214631,Trabajos de instalación de salas blancas.,Installation works of cleanrooms.
45214640,Trabajos de construcción de estaciones meteorológicas.,Meteorological stations construction work.
45214700,Trabajos de construcción de colegios mayores.,Construction work for halls of residence.
45214710,Trabajos de construcción de vestíbulos.,Entrance hall construction work.
45214800,Edificio con instalaciones para formación.,Training facilities building.
45215000,"Trabajos de construcción de edificios relacionados con la salud y los servicios sociales, de crematorios y aseos públicos.","Construction work for buildings relating to health and social services, for crematoriums and public conveniences."
45215100,Trabajos de construcción de edificios relacionados con la salud.,Construction work for buildings relating to health.
45215110,Trabajos de construcción de balnearios.,Spa construction work.
45215120,Trabajos de construcción de edificios de medicina especializada.,Special medical building construction work.
45215130,Trabajos de construcción de clínicas.,Clinic construction work.
45215140,Trabajos de construcción de establecimientos hospitalarios.,Hospital facilities construction work.
45215141,Trabajos de construcción de quirófanos.,Operating theatre construction work.
45215142,Trabajos de construcción de unidades de cuidados intensivos.,Intensive-care unit construction work.
45215143,Trabajos de construcción de salas de detección y diagnóstico.,Diagnostic screening room construction work.
45215144,Trabajos de construcción de salas de detección de enfermedades.,Screening rooms construction work.
45215145,Trabajos de construcción de salas de fluoroscopia.,Fluoroscopy room construction work.
45215146,Trabajos de construcción de salas de patología.,Pathology room construction work.
45215147,Trabajos de construcción de salas de medicina legal.,Forensic room construction work.
45215148,Trabajos de construcción de salas de catéteres.,Catheter room construction work.
45215200,Trabajos de construcción de edificios para servicios sociales.,Construction work for social services buildings.
45215210,Trabajos de construcción de centros de acogida.,Construction work for subsidised residential accommodation.
45215212,Trabajos de construcción de residencias de ancianos.,Retirement home construction work.
45215213,Trabajos de construcción de casas de reposo.,Nursing home construction work.
45215214,Trabajos de construcción de hogares residenciales.,Residential homes construction work.
45215215,Trabajos de construcción de centros de acogida infantil.,Children's home construction work.
45215220,"Trabajos de construcción de edificios para instituciones sociales, excepto centros de acogida.",Construction work for social facilities other than subsidised residential accommodation.
45215221,Trabajos de construcción de centros de día.,Daycare centre construction work.
45215222,Trabajos de construcción de centros cívicos.,Civic centre construction work.
45215300,Construcción de crematorio.,Construction work for crematoriums.
45215400,Cementerio.,Cemetery works.
45215500,Aseos públicos.,Public conveniences.
45216000,Trabajos de construcción de edificios relacionados con los servicios de orden público o con los servicios de emergencia y de edificios militares.,Construction work for buildings relating to law and order or emergency services and for military buildings.
45216100,Trabajos de construcción de edificios relacionados con los servicios de orden público o servicios de emergencia.,Construction work for buildings relating to law and order or emergency services.
45216110,Trabajos de construcción de edificios relacionados con los servicios de orden público.,Construction work for buildings relating to law and order.
45216111,Trabajos de construcción de comisarías de policía.,Police station construction work.
45216112,Trabajos de construcción de tribunales.,Court building construction work.
45216113,Trabajos de construcción de establecimientos penitenciarios.,Prison building construction work.
45216114,Edificios destinados al Parlamento y a asambleas públicas.,Parliament and public assembly buildings.
45216120,Trabajos de construcción de edificios relacionados con los servicios de emergencia.,Construction work for buildings relating to emergency services.
45216121,Trabajos de construcción de cuarteles de bomberos.,Fire station construction work.
45216122,Trabajos de construcción de puestos de ambulancia.,Ambulance station construction work.
45216123,Trabajos de construcción de edificios de rescate en montaña.,Mountain-rescue building construction work.
45216124,Trabajos de construcción de puestos de botes salvavidas.,Lifeboat station construction work.
45216125,Trabajos de construcción de edificios para servicios de emergencia.,Emergency-services building construction work.
45216126,Trabajos de construcción de puestos de guardacostas.,Coastguard building construction work.
45216127,Trabajos de construcción de estaciones de salvamento.,Rescue-service station construction work.
45216128,Trabajos de construcción de faros.,Lighthouse construction work.
45216129,Refugios de protección.,Protective shelters.
45216200,Trabajos de construcción de edificios e instalaciones militares.,Construction work for military buildings and installations.
45216220,Trabajos de construcción de búnkeres militares.,Military bunker construction work.
45216230,Trabajos de construcción de refugios militares.,Military shelter construction work.
45216250,Trabajos de construcción de trincheras defensivas.,Trench defences construction work.
45217000,Trabajos de construcción de edificios inflables.,Inflatable buildings construction work.
45220000,Obras de ingeniería y trabajos de construcción.,Engineering works and construction works.
45221000,"Trabajos de construcción de puentes y túneles, pozos y pasos subterráneos.","Construction work for bridges and tunnels, shafts and subways."
45221100,Trabajos de construcción para puentes.,Construction work for bridges.
45221110,Trabajos de construcción de puentes.,Bridge construction work.
45221111,Trabajos de construcción de puentes de carretera.,Road bridge construction work.
45221112,Trabajos de construcción de puentes de ferrocarril.,Railway bridge construction work.
45221113,Trabajos de construcción de pasarelas.,Footbridge construction work.
45221114,Obras de construcción de puentes de hierro.,Construction work for iron bridges.
45221115,Obras de construcción de puentes de acero.,Construction work for steel bridges.
45221117,Trabajos de construcción de básculas puente.,Weighbridge construction work.
45221118,Trabajos de construcción de puentes para conducciones.,Pipeline-carrying bridge construction work.
45221119,Trabajos de renovación de puentes.,Bridge renewal construction work.
45221120,Trabajos de construcción de viaductos.,Viaduct construction work.
45221121,Trabajos de construcción de viaductos de carretera.,Road viaduct construction work.
45221122,Trabajos de construcción de viaductos de ferrocarril.,Railway viaduct construction work.
45221200,"Trabajos de construcción de túneles, pozos y pasos subterráneos.","Construction work for tunnels, shafts and subways."
45221210,Excavaciones cubiertas o parcialmente cubiertas.,Covered or partially-covered excavations.
45221211,Paso inferior.,Underpass.
45221213,Excavaciones cubiertas o parcialmente cubiertas de ferrocarril.,Covered or partially-covered railway excavations.
45221214,Excavaciones cubiertas o parcialmente cubiertas de carretera.,Covered or partially-covered road excavations.
45221220,Alcantarillas.,Culverts.
45221230,Pozos de inspección.,Shafts.
45221240,Trabajos de construcción de túneles.,Construction work for tunnels.
45221241,Trabajos de construcción de túneles de carretera.,Road tunnel construction work.
45221242,Trabajos de construcción de túneles de ferrocarril.,Railway tunnel construction work.
45221243,Trabajos de construcción de túneles peatonales.,Pedestrian tunnel construction work.
45221244,Trabajos de construcción de túneles de canal.,Canal tunnel construction work.
45221245,Trabajos de construcción de túneles subfluviales.,Under-river tunnel construction work.
45221246,Trabajos de construcción de túneles submarinos.,Undersea tunnel construction work.
45221247,Trabajos de tunelización.,Tunnelling works.
45221248,Trabajos de construcción de revestimientos para túneles.,Tunnel linings construction work.
45221250,"Trabajos subterráneos distintos de los túneles, pozos y pasos subterráneos.","Underground work other than tunnels, shafts and subways."
45222000,"Trabajos de construcción de obras de ingeniería, excepto puentes, túneles, pozos y pasos subterráneos.","Construction work for engineering works except bridges, tunnels, shafts and subways."
45222100,Trabajos de construcción de plantas de tratamiento de residuos.,Waste-treatment plant construction work.
45222110,Trabajos de construcción de vertederos de residuos.,Waste disposal site construction work.
45222200,Trabajos de ingeniería para instalaciones militares.,Engineering work for military installations.
45222300,Trabajos de ingeniería para instalaciones de seguridad.,Engineering work for security installations.
45223000,Trabajos de construcción de estructuras.,Structures construction work.
45223100,Montaje de estructuras metálicas.,Assembly of metal structures.
45223110,Instalación de estructuras metálicas.,Installation of metal structures.
45223200,Obras de estructura.,Structural works.
45223210,Obras de estructura de acero.,Structural steelworks.
45223220,Trabajos de obra bruta.,Structural shell work.
45223300,Trabajos de construcción de estacionamientos.,Parking lot construction work.
45223310,Trabajos de construcción de estacionamientos subterráneos.,Underground car park construction work.
45223320,Trabajos de construcción de estacionamientos disuasorios.,Park-and-ride facility construction work.
45223400,Trabajos de construcción de estaciones de radar.,Radar station construction work.
45223500,Estructuras de hormigón armado.,Reinforced-concrete structures.
45223600,Trabajos de construcción de perreras.,Dog kennels construction work.
45223700,Trabajos de construcción de áreas de servicio.,Service area construction work.
45223710,Trabajos de construcción de áreas de servicio de autopista.,Motorway service area construction work.
45223720,Trabajos de construcción de gasolineras.,Petrol/gas stations construction work.
45223800,Montaje e instalación de estructuras prefabricadas.,Assembly and erection of prefabricated structures.
45223810,Construcciones prefabricadas.,Prefabricated constructions.
45223820,Elementos prefabricados y sus componentes.,Prefabricated units and components.
45223821,Unidades prefabricadas.,Prefabricated units.
45223822,Elementos prefabricados.,Prefabricated components.
45230000,"Trabajos de construcción de tuberías, líneas de comunicación y líneas de conducción eléctrica, de autopistas, carreteras, aeródromos y vías férreas; trabajos de explanación.","Construction work for pipelines, communication and power lines, for highways, roads, airfields and railways; flatwork."
45231000,"Trabajos de construcción de tuberías, líneas de comunicación y líneas de conducción eléctrica.","Construction work for pipelines, communication and power lines."
45231100,Trabajos generales de construcción de tuberías.,General construction work for pipelines.
45231110,Trabajos de construcción de tendidos de tuberías.,Pipelaying construction work.
45231111,Elevación y reinstalación de tuberías.,Pipeline lifting and relaying.
45231112,Instalación de sistema de tuberías.,Installation of pipe system.
45231113,Trabajos de reinstalación de tuberías.,Pipeline relaying works.
45231200,Trabajos de construcción de oleoductos y gasoductos.,Construction work for oil and gas pipelines.
45231210,Construcción de oleoducto.,Construction work for oil pipelines.
45231220,Construcción de gasoducto.,Construction work for gas pipelines.
45231221,Trabajos de construcción de redes de suministro de gas.,Gas supply mains construction work.
45231222,Trabajos en gasómetros.,Gasholder works.
45231223,Obras auxiliares de distribución de gas.,Gas distribution ancillary work.
45231300,Trabajos de construcción de tuberías para agua y aguas residuales.,Construction work for water and sewage pipelines.
45231400,Trabajos de construcción de líneas de conducción eléctrica.,Construction work for electricity power lines.
45231500,Trabajos en conducciones de aire comprimido.,Compressed-air pipeline work.
45231510,Trabajos en circuitos neumáticos de distribución postal.,Compressed-air pipeline work for mailing system.
45231600,Trabajos de construcción de líneas de comunicación.,Construction work for communication lines.
45232000,Obras auxiliares para tuberías y cables.,Ancillary works for pipelines and cables.
45232100,Obras auxiliares para tuberías de agua.,Ancillary works for water pipelines.
45232120,Trabajos de regadío.,Irrigation works.
45232121,Trabajos de construcción de canalizaciones de riego.,Irrigation piping construction work.
45232130,Trabajos de construcción de canalizaciones de aguas pluviales.,Storm-water piping construction work.
45232140,Trabajos de construcción de redes de calefacción urbana.,District-heating mains construction work.
45232141,Trabajos relacionados con la calefacción.,Heating works.
45232142,Trabajos de construcción de estaciones de termotransferencia.,Heat-transfer station construction work.
45232150,Trabajos relacionados con tuberías de distribución de agua.,Works related to water-distribution pipelines.
45232151,Trabajos de construcción de reacondicionamiento de canalizaciones de agua.,Water-main refurbishment construction work.
45232152,Trabajos de construcción de estaciones de bombeo.,Pumping station construction work.
45232153,Construcción de torre de agua.,Construction work for water towers.
45232154,Trabajos de construcción de cisternas elevadas de agua potable.,Construction work of elevated tanks for drinking water.
45232200,Obras auxiliares para líneas de conducción eléctrica.,Ancillary works for electricity power lines.
45232210,Construcción de línea aérea.,Overhead line construction.
45232220,Trabajos de construcción de subestaciones.,Substation construction work.
45232221,Subestación transformadora.,Transformer substation.
45232300,Trabajos de construcción y obras auxiliares de líneas telefónicas y de comunicación.,Construction and ancillary works for telephone and communication lines.
45232310,Trabajos de construcción de líneas telefónicas.,Construction work for telephone lines.
45232311,Líneas telefónicas de socorro en carretera.,Roadside emergency telephone lines.
45232320,Líneas de radiodifusión por cable.,Cable broadcasting lines.
45232330,Montaje de antenas.,Erection of aerials.
45232331,Obras auxiliares para radiodifusión.,Ancillary works for broadcasting.
45232332,Obras auxiliares para telecomunicaciones.,Ancillary works for telecommunications.
45232340,Trabajos de construcción de estaciones de base de telefonía móvil.,Mobile-telephone base-stations construction work.
45232400,Obras de alcantarillado.,Sewer construction work.
45232410,Obras de saneamiento.,Sewerage work.
45232411,Trabajos de construcción de canalizaciones de aguas sucias.,Foul-water piping construction work.
45232420,Construcción de planta depuradora de aguas residuales.,Sewage work.
45232421,Planta de tratamiento de aguas residuales.,Sewage treatment works.
45232422,Planta de tratamiento de lodos.,Sludge-treatment works.
45232423,Trabajos de construcción de centrales de bombeo de aguas residuales.,Sewage pumping stations construction work.
45232424,Trabajos de construcción de descarga de aguas residuales.,Sewage outfall construction work.
45232430,Obras para el tratamiento de agua.,Water-treatment work.
45232431,Estación de bombeo de aguas residuales.,Wastewater pumping station.
45232440,Trabajos de construcción de tuberías para aguas residuales.,Construction work for sewage pipes.
45232450,Trabajos de construcción de sistemas de desagüe.,Drainage construction works.
45232451,Trabajos de drenaje y de superficie.,Drainage and surface works.
45232452,Trabajos de desagüe.,Drainage works.
45232453,Trabajos de construcción de desagües.,Drains construction work.
45232454,Trabajos de construcción de depósitos de aguas pluviales.,Rain-water basin construction work.
45232460,Trabajos sanitarios.,Sanitary works.
45232470,Centro de transferencia de residuos.,Waste transfer station.
45233000,"Trabajos de construcción, cimentación y pavimentación de autopistas y carreteras.","Construction, foundation and surface works for highways, roads."
45233100,Trabajos de construcción de autopistas y carreteras.,"Construction work for highways, roads."
45233110,Obras de construcción de autopistas.,Motorway construction works.
45233120,Trabajos de construcción de carreteras.,Road construction works.
45233121,Trabajos de construcción de carretera de gran circulación.,Main road construction works.
45233122,Trabajos de construcción de carreteras de circunvalación.,Ring road construction work.
45233123,Trabajos de construcción de carreteras secundarias.,Secondary road construction work.
45233124,Trabajos de construcción de carreteras principales.,Trunk road construction work.
45233125,Trabajos de construcción de intersecciones de carreteras.,Road junction construction work.
45233126,Trabajos de construcción de intersecciones a desnivel.,Grade-separated junction construction work.
45233127,Trabajos de construcción de intersecciones en T.,T-junction construction work.
45233128,Trabajos de construcción de rotondas.,Roundabout construction work.
45233129,Trabajos de construcción de cruces de carreteras.,Crossroad construction work.
45233130,Trabajos de construcción de autopistas.,Construction work for highways.
45233131,Trabajos de construcción de carreteras elevadas.,Construction work for elevated highways.
45233139,Mantenimiento de autopistas.,Highway maintenance work.
45233140,Obras viales.,Roadworks.
45233141,Trabajos de mantenimiento de carreteras.,Road-maintenance works.
45233142,Trabajos de reparación de carreteras.,Road-repair works.
45233144,Trabajos de construcción de pasos elevados.,Overpass construction work.
45233150,Trabajos destinados a la restricción del tráfico.,Traffic-calming works.
45233160,Caminos y otras superficies empedradas.,Paths and other metalled surfaces.
45233161,Trabajos de construcción de caminos peatonales.,Footpath construction work.
45233162,Trabajos de construcción de pistas para bicicletas.,Cycle path construction work.
45233200,Trabajos diversos de pavimentación.,Various surface works.
45233210,Trabajos de pavimentación de autopistas.,Surface work for highways.
45233220,Trabajos de pavimentación de carreteras.,Surface work for roads.
45233221,Trabajos de pintura de la superficie de la calzada.,Road-surface painting work.
45233222,Trabajos de pavimentación y asfaltado.,Paving and asphalting works.
45233223,Trabajos de repavimentación de calzadas.,Carriageway resurfacing works.
45233224,Trabajos de construcción de carreteras de calzada doble.,Dual carriageway construction work.
45233225,Trabajos de construcción de carreteras de calzada única.,Single carriageway construction work.
45233226,Trabajos de construcción de vías de acceso.,Access road construction work.
45233227,Trabajos de construcción de ramales de enlace.,Slip road construction work.
45233228,Trabajos de construcción de recubrimientos de superficies.,Surface coating construction work.
45233229,Mantenimiento de arcenes.,Verge maintenance work.
45233250,"Trabajos de pavimentación, excepto carreteras.",Surfacing work except for roads.
45233251,Trabajos de repavimentación.,Resurfacing works.
45233252,Trabajos de pavimentación de calles.,Surface work for streets.
45233253,Trabajos de pavimentación de caminos peatonales.,Surface work for footpaths.
45233260,Trabajos de construcción de vías peatonales.,Pedestrian ways construction work.
45233261,Trabajos de construcción de pasos elevados de peatones.,Pedestrian overpass construction work.
45233262,Trabajos de construcción de zonas peatonales.,Pedestrian zone construction work.
45233270,Trabajos de pintura de superficies de aparcamiento.,Parking-lot-surface painting work.
45233280,Instalación de barreras viarias.,Erection of road-barriers.
45233290,Instalación de señales de tráfico.,Installation of road signs.
45233291,Instalación de bolardos.,Installation of bollards.
45233292,Instalación de equipo de seguridad.,Installation of safety equipment.
45233293,Instalación de mobiliario urbano.,Installation of street furniture.
45233294,Instalación de señalización viaria.,Installation of road signals.
45233300,"Trabajos de cimentación de autopistas, carreteras, calles y caminos peatonales.","Foundation work for highways, roads, streets and footpaths."
45233310,Trabajos de cimentación de autopistas.,Foundation work for highways.
45233320,Trabajos de cimentación de carreteras.,Foundation work for roads.
45233330,Trabajos de cimentación de calles.,Foundation work for streets.
45233340,Trabajos de cimentación de aceras.,Foundation work for footpaths.
45234000,Trabajos de construcción de vías férreas y sistemas de transporte por cable.,Construction work for railways and cable transport systems.
45234100,Trabajos de construcción ferroviaria.,Railway construction works.
45234110,Obras en vías férreas interurbanas.,Intercity railway works.
45234111,Trabajos de construcción de ferrocarriles urbanos.,City railway construction work.
45234112,Trabajos de construcción de depósitos ferroviarios.,Railway depot construction work.
45234113,Demolición de vías.,Demolition of tracks.
45234114,Trabajos de construcción de terraplenes ferroviarios.,Railway embankment construction work.
45234115,Trabajos de señalización ferroviaria.,Railway signalling works.
45234116,Trabajos de construcción de vías férreas.,Track construction works.
45234120,Obras en vías férreas urbanas.,Urban railway works.
45234121,Obras tranviarias.,Tramway works.
45234122,Obras en la red de ferrocarriles subterráneos.,Underground railway works.
45234123,Obras en la red de ferrocarriles parcialmente subterráneos.,Partially underground railway works.
45234124,Transporte de pasajeros por ferrocarril subterráneo.,Underground passenger railway transport.
45234125,Estación de ferrocarril subterráneo.,Underground railway station.
45234126,Trabajos de construcción de línea tranviaria.,Tramline construction works.
45234127,Trabajos de construcción de depósitos de tranvías.,Tramway depot construction work.
45234128,Trabajos de construcción de plataformas de tranvías.,Tramway platforms construction work.
45234129,Trabajos de construcción de vías férreas urbanas.,Urban railway track construction works.
45234130,Trabajos de construcción de balastado.,Ballast construction works.
45234140,Trabajos de construcción de pasos a nivel.,Level crossing construction works.
45234160,Trabajos de construcción de catenarias.,Catenary's construction works.
45234170,Trabajos de construcción de subestaciones ferroviarias.,Locomotive-substations construction works.
45234180,Trabajos de construcción para talleres ferroviarios.,Construction work for railways workshop.
45234181,Trabajos de construcción para cabinas de seccionamiento de vías férreas.,Construction work for rail track sectioning cabins.
45234200,Sistemas de transporte por cable.,Cable-supported transport systems.
45234210,Sistemas de transporte por cable con cabinas.,Cable-supported transport systems with cabins.
45234220,Construcción de telesquí.,Construction work for ski lifts.
45234230,Construcción de telesilla.,Construction work for chair lifts.
45234240,Ferrocarril funicular.,Funicular railway system.
45234250,Trabajos de construcción de teleféricos.,Teleferic construction work.
45235000,"Trabajos de construcción de aeródromos, pistas de despegue y aterrizaje y superficies de maniobra.","Construction work for airfields, runways and manoeuvring surfaces."
45235100,Trabajos de construcción de aeropuertos.,Construction work for airports.
45235110,Trabajos de construcción de aeródromos.,Construction work for airfields.
45235111,Trabajos de construcción de pavimentos de aeródromos.,Airfield pavement construction work.
45235200,Obras de construcción de pistas de despegue y aterrizaje.,Runway construction works.
45235210,Repavimentación de pistas.,Runway resurfacing.
45235300,Trabajos de construcción de superficies de maniobra de aeronaves.,Construction work for aircraft-manoeuvring surfaces.
45235310,Trabajos de construcción de pistas de rodaje.,Taxiway construction work.
45235311,Trabajos de construcción de pavimentos de pistas de rodaje.,Taxiway pavement construction work.
45235320,Trabajos de construcción de zonas de estacionamiento de aeronaves.,Construction work for aircraft aprons.
45236000,Trabajos de explanación.,Flatwork.
45236100,Trabajos de explanación para diversas instalaciones deportivas.,Flatwork for miscellaneous sports installations.
45236110,Trabajos de explanación para campos de deporte.,Flatwork for sports fields.
45236111,Trabajos de explanación para campo de golf.,Flatwork for golf course.
45236112,Trabajos de explanación para pista de tenis.,Flatwork for tennis court.
45236113,Trabajos de explanación para hipódromo.,Flatwork for racecourse.
45236114,Trabajos de explanación para pista de pruebas deportivas.,Flatwork for running tracks.
45236119,Trabajos de reparación de campos de deporte.,Repair work on sports fields.
45236200,Trabajos de explanación para instalaciones recreativas.,Flatwork for recreation installations.
45236210,Trabajos de explanación de áreas de juego para niños.,Flatwork for children's play area.
45236220,Trabajos de explanación de parque zoológico.,Flatwork for zoo.
45236230,Trabajos de explanación de jardines.,Flatwork for gardens.
45236250,Trabajos de explanación de parques.,Flatwork for parks.
45236290,Trabajos de reparación de zonas recreativas.,Repair work on recreational areas.
45236300,Trabajos de explanación de cementerios.,Flatwork for cemeteries.
45237000,Trabajos de construcción de escenarios.,Stage construction works.
45240000,Trabajos de construcción para proyectos hidráulicos.,Construction work for water projects.
45241000,Trabajos de construcción de instalaciones portuarias.,Harbour construction works.
45241100,Trabajos de construcción de muelles de atraque.,Quay construction work.
45241200,Trabajos de construcción «in situ» de terminales marítimas extraportuarias.,Offshore terminal in situ construction work.
45241300,Trabajos de construcción de pantalanes fijos.,Pier construction work.
45241400,Trabajos de construcción de muelles industriales.,Dock construction work.
45241500,Trabajos de construcción de muelles sobre pilotes.,Wharf construction work.
45241600,Instalación de equipo de iluminación portuaria.,Installation of port lighting equipment.
45242000,Trabajos de construcción de instalaciones de ocio ribereñas.,Waterside leisure facilities construction work.
45242100,Trabajos de construcción de instalaciones para deportes acuáticos.,Water-sports facilities construction work.
45242110,Trabajos de construcción de gradas de lanzamiento.,Launchway construction work.
45242200,Trabajos de construcción de puertos deportivos.,Marina construction work.
45242210,Trabajos de construcción de puertos para yates.,Yacht harbour construction work.
45243000,Obras de defensa costera.,Coastal-defence works.
45243100,Obras de protección de acantilados.,Cliff-protection works.
45243110,Trabajos de estabilización de acantilados.,Cliff-stabilisation works.
45243200,Trabajos de construcción de rompeolas.,Breakwater construction work.
45243300,Trabajos de construcción de malecones.,Sea wall construction work.
45243400,Obras de consolidación de playas.,Beach-consolidation works.
45243500,Trabajos de construcción de defensas marítimas.,Sea defences construction work.
45243510,Obras de terraplenado.,Embankment works.
45243600,Trabajos de construcción de muros de muelles.,Quay wall construction work.
45244000,Obras marítimas.,Marine construction works.
45244100,Instalaciones marítimas.,Marine installations.
45244200,Espigones.,Jetties.
45245000,Trabajos de dragado y de bombeo para plantas depuradoras de agua.,Dredging and pumping works for water treatment plant installations.
45246000,Trabajos de regulación y control del caudal fluvial.,River regulation and flood control works.
45246100,Construcción de muros de encauzamiento.,River-wall construction.
45246200,Trabajos de protección de riberas fluviales.,Riverbank protection works.
45246400,Obras de protección contra inundaciones.,Flood-prevention works.
45246410,Mantenimiento de defensas contra crecidas.,Flood-defences maintenance works.
45246500,Trabajos de construcción de paseos marítimos.,Promenade construction work.
45246510,Trabajos de construcción de pasarelas de madera.,Boardwalk construction work.
45247000,"Trabajos de construcción de represas, canales, acequias y acueductos.","Construction work for dams, canals, irrigation channels and aqueducts."
45247100,Trabajos de construcción de vías acuáticas.,Construction work for waterways.
45247110,Construcción de canales.,Canal construction.
45247111,Trabajos de construcción de acequias.,Irrigation channel construction work.
45247112,Trabajos de construcción de canales de desagüe.,Drainage canal construction work.
45247120,"Vías acuáticas, excepto canales.",Waterways except canals.
45247130,Trabajos de construcción de acueductos.,Aqueduct construction work.
45247200,Trabajos de construcción de presas y estructuras fijas similares.,Construction work for dams and similar fixed structures.
45247210,Trabajos de construcción de presas.,Dam construction work.
45247211,Trabajos de construcción de muros de presa.,Dam wall construction work.
45247212,Trabajos de refuerzo de presas.,Dam-reinforcement works.
45247220,Trabajos de construcción de vertederos.,Weir construction work.
45247230,Trabajos de construcción de escolleras.,Dyke construction work.
45247240,Trabajos de construcción de presas fijas.,Static barrage construction work.
45247270,Trabajos de construcción de embalses.,Reservoir construction works.
45248000,Trabajos de construcción de estructuras hidromecánicas.,Construction work for hydro-mechanical structures.
45248100,Trabajos de construcción de esclusas de canal.,Canal locks construction work.
45248200,Trabajos de construcción de diques secos.,Dry docks construction work.
45248300,Construcción de diques flotantes.,Construction work for floating docks.
45248400,Trabajos de construcción de pasarelas de embarque.,Landing stages construction work.
45248500,Trabajos de construcción de presas móviles.,Movable barrages construction work.
45250000,"Trabajos de construcción de plantas, de instalaciones para la minería y la industria y de edificios relacionados con la industria del gas y del petróleo.","Construction works for plants, mining and manufacturing and for buildings relating to the oil and gas industry."
45251000,Trabajos de construcción de centrales eléctricas y plantas de calefacción.,Construction works for power plants and heating plants.
45251100,Trabajos de construcción de centrales eléctricas.,Construction work for power plant.
45251110,Trabajos de construcción de centrales nucleares.,Nuclear-power station construction work.
45251111,Construcción de reactor nuclear.,Construction work for nuclear reactors.
45251120,Trabajos de construcción de centrales hidroeléctricas.,Hydro-electric plant construction work.
45251140,Trabajos de construcción de centrales térmicas.,Thermal power plant construction work.
45251141,Trabajos de construcción de centrales geotérmicas.,Geothermal power station construction work.
45251142,Trabajos de construcción de centrales eléctricas alimentadas con leña.,Wood-fired power station construction work.
45251143,Trabajos de construcción de plantas generadoras de aire comprimido.,Compressed-air generating plant construction work.
45251150,Construción de torre de refrigeración.,Construction work for cooling towers.
45251160,Trabajos relacionados con instalaciones eólicas.,Wind-power installation works.
45251200,Trabajos de construcción de plantas de calefacción.,Heating plant construction work.
45251220,Trabajos de construcción de centrales de cogeneración.,Cogeneration plant construction work.
45251230,Trabajos de construcción de centrales generadoras de vapor.,Steam-generation plant construction work.
45251240,Trabajos de construcción de plantas generadoras de electricidad alimentadas con gas de vertedero.,Landfill-gas electricity generating plant construction work.
45251250,Trabajos de construcción de plantas de calefacción urbana.,District-heating plant construction work.
45252000,"Trabajos de construcción de plantas de tratamiento de aguas residuales, plantas depuradoras y plantas de incineración de desperdicios.","Construction works for sewage treatment plants, purification plants and refuse incineration plants."
45252100,Trabajos de construcción de plantas depuradoras de aguas residuales.,Sewage-treatment plant construction work.
45252110,Trabajos de construcción de estaciones móviles.,Mobile plant construction work.
45252120,Trabajos de construcción de plantas de tratamiento de aguas.,Water-treatment plant construction work.
45252121,Instalaciones de sedimentación.,Sedimentation installations.
45252122,Digestores de aguas residuales.,Sewage digesters.
45252123,Instalaciones de cribado.,Screening installations.
45252124,Trabajos de dragado y de bombeo.,Dredging and pumping works.
45252125,Trabajos de descarga de rocas.,Rock-dumping work.
45252126,Trabajos de construcción de plantas de tratamiento de agua potable.,Drinking-water treatment plant construction work.
45252127,Trabajos de construcción de plantas de tratamiento de aguas residuales.,Wastewater treatment plant construction work.
45252130,Equipo de planta depuradora de aguas residuales.,Sewage plant equipment.
45252140,Trabajos de construcción de plantas de deshidratación de lodos.,Sludge-dewatering plant construction work.
45252150,Trabajos de construcción de plantas de manipulación de carbón.,Coal-handling plant construction work.
45252200,Equipo de planta depuradora.,Purification plant equipment.
45252210,Trabajos de construcción de plantas de depuración de agua.,Water purification plant construction work.
45252300,Trabajos de construcción de plantas de incineración de residuos.,Refuse-incineration plant construction work.
45253000,Trabajos de construcción de plantas de tratamiento químico.,Construction work for chemical-processing plant.
45253100,Trabajos de construcción de plantas de desmineralización.,Demineralisation plant construction work.
45253200,Trabajos de construcción de plantas de desulfuración.,Desulphurisation plant construction work.
45253300,Trabajos de construcción de instalaciones de destilación o de rectificación.,Distilling or rectifying plant construction work.
45253310,Trabajos de construcción de instalaciones de destilación de agua.,Water-distillation plants construction work.
45253320,Trabajos de construcción de instalaciones de destilación de alcohol.,Alcohol-distillation plants construction work.
45253400,Trabajos de construcción de plantas petroquímicas.,Construction work for petrochemical plant.
45253500,Trabajos de construcción de plantas farmacéuticas.,Construction work for pharmaceutical plant.
45253600,Trabajos de construcción de plantas de desionización.,Deionisation plant construction work.
45253700,Trabajos de construcción de plantas digestoras.,Digestion plant construction work.
45253800,Trabajos de construcción de plantas de compostaje.,Composting plant construction work.
45254000,Trabajos de construcción para la minería y la industria.,Construction work for mining and manufacturing.
45254100,Trabajos de construcción para la minería.,Construction work for mining.
45254110,Trabajos de construcción de bocaminas.,Pithead construction work.
45254200,Trabajos de construcción de fábricas.,Construction work for manufacturing plant.
45255000,Trabajos de construcción para la industria del petróleo y del gas.,Construction work for the oil and gas industry.
45255100,Obras de construcción de plataformas de producción.,Construction work for production platforms.
45255110,Trabajos de construcción de pozos de extracción.,Wells construction work.
45255120,Trabajos de construcción de instalaciones para plataformas.,Platforms facilities construction work.
45255121,Trabajos de construcción de instalaciones de superficie.,Topside facilities construction work.
45255200,Trabajos de construcción de refinerías de petróleo.,Oil refinery construction work.
45255210,Trabajos de construcción de terminales de petróleo.,Oil terminal construction work.
45255300,Trabajos de construcción de terminales de gas.,Gas terminal construction work.
45255400,Trabajos de montaje.,Fabrication work.
45255410,Trabajos de montaje en alta mar.,Offshore fabrication work.
45255420,Trabajos de montaje en la costa.,Onshore fabrication work.
45255430,Demolición de plataformas petrolíferas.,Demolition of oil platforms.
45255500,Trabajos de perforación y de exploración.,Drilling and exploration work.
45255600,Trabajos en pozos con tubería helicoidal.,Coiled-tubing wellwork.
45255700,Trabajos de construcción de plantas de gasificación de carbón.,Coal-gasification plant construction work.
45255800,Trabajos de construcción de plantas de producción de gas.,Gas-production plant construction work.
45259000,Reparación y mantenimiento de instalaciones.,Repair and maintenance of plant.
45259100,Reparación y mantenimiento de planta depuradora de aguas residuales.,Wastewater-plant repair and maintenance work.
45259200,Reparación y mantenimiento de planta de depuración.,Purification-plant repair and maintenance work.
45259300,Reparación y mantenimiento de plantas de calefacción.,Heating-plant repair and maintenance work.
45259900,Actualización de instalaciones.,Plant upgrade work.
45260000,Trabajos de techado y otros trabajos de construcción especializados.,Roof works and other special trade construction works.
45261000,"Trabajos de construcción de cubiertas y estructuras de cerramiento, y trabajos conexos.",Erection and related works of roof frames and coverings.
45261100,Trabajos de construcción de armaduras para cubiertas.,Roof-framing work.
45261200,Trabajos de recubrimiento y pintura de cubiertas.,Roof-covering and roof-painting work.
45261210,Trabajos de recubrimiento.,Roof-covering work.
45261211,Colocación de tejas.,Roof-tiling work.
45261212,Empizarrado de tejados.,Roof-slating work.
45261213,Colocación de cubiertas metálicas.,Metal roof-covering work.
45261214,Revestimiento de cubiertas con tela asfáltica.,Bituminous roof-covering work.
45261215,Revestimiento de cubiertas con placas solares.,Solar panel roof-covering work.
45261220,Trabajos de pintura y demás trabajos de recubrimiento de cubiertas.,Roof-painting and other coating work.
45261221,Trabajos de pintura de cubiertas.,Roof-painting work.
45261222,Recubrimiento de cubiertas con cemento.,Cement roof-coating work.
45261300,Colocación de vierteaguas y canalones.,Flashing and guttering work.
45261310,Colocación de vierteaguas.,Flashing work.
45261320,Colocación de canalones.,Guttering work.
45261400,Trabajos de revestimiento.,Sheeting work.
45261410,Trabajos de aislamiento para tejados.,Roof insulation work.
45261420,Trabajos de impermeabilización.,Waterproofing work.
45261900,Reparación y mantenimiento de tejados.,Roof repair and maintenance work.
45261910,Reparación de tejados.,Roof repair.
45261920,Mantenimiento de tejados.,Roof maintenance work.
45262000,Trabajos de construcción especializados distintos de los trabajos de techado.,Special trade construction works other than roof works.
45262100,Trabajos de andamiaje.,Scaffolding work.
45262110,Desmantelamiento de andamios.,Scaffolding dismantling work.
45262120,Montaje de andamios.,Scaffolding erection work.
45262200,Trabajos de cimentación y perforación de pozos de agua.,Foundation work and water-well drilling.
45262210,Trabajos de cimentación.,Foundation work.
45262211,Instalación de pilotes.,Pile driving.
45262212,Trabajos de entibación.,Trench sheeting work.
45262213,Procedimiento de rozas en los paramentos.,Diaphragm wall technique.
45262220,Perforación de pozos de agua.,Water-well drilling.
45262300,Trabajos de hormigonado.,Concrete work.
45262310,Trabajos con hormigón armado.,Reinforced-concrete work.
45262311,Trabajos de estructuras de hormigón.,Concrete carcassing work.
45262320,Trabajos de enrasado.,Screed works.
45262321,Trabajos de enrasado de suelos.,Floor-screed works.
45262330,Trabajos de reparación de hormigón.,Concrete repair work.
45262340,Trabajos de inyección de cemento.,Grouting work.
45262350,Trabajos con hormigón en masa.,Unreinforced-concrete work.
45262360,Trabajos de consolidación con cemento.,Cementing work.
45262370,Trabajos de colocación de recubrimientos de hormigón.,Concrete-coating work.
45262400,Trabajos de montaje de estructuras de acero.,Structural steel erection work.
45262410,Trabajos de montaje de estructuras de acero para edificios.,Structural steel erection work for buildings.
45262420,Trabajos de montaje de piezas de acero para la construcción de estructuras.,Structural steel erection work for structures.
45262421,Trabajos de amarre en alta mar.,Offshore mooring work.
45262422,Trabajos de perforación submarina.,Subsea drilling work.
45262423,Trabajos de fabricación de pontones.,Deck-fabrication work.
45262424,Trabajos de fabricación de módulos en alta mar.,Offshore-module fabrication work.
45262425,Trabajos de fabricación de pilares de tubo de acero.,Jacket-fabrication work.
45262426,Trabajos de fabricación de pilotes.,Pile-fabrication work.
45262500,Trabajos de mampostería y albañilería.,Masonry and bricklaying work.
45262510,Cantería.,Stonework.
45262511,Tallado de piedras.,Stone carving.
45262512,Trabajos con piedra tallada.,Dressed stonework.
45262520,Trabajos de albañilería.,Bricklaying work.
45262521,Obras de revestimiento con ladrillos.,Facing brickwork.
45262522,Trabajos de mampostería.,Masonry work.
45262600,Trabajos de construcción especializados diversos.,Miscellaneous special-trade construction work.
45262610,Chimeneas industriales.,Industrial chimneys.
45262620,Muros de contención.,Supporting walls.
45262630,Construcción de hornos.,Construction of furnaces.
45262640,Trabajos de mejoramiento del medio ambiente.,Environmental improvement works.
45262650,Trabajos de revestimiento de fachadas.,Cladding works.
45262660,Trabajos de retirada de amianto.,Asbestos-removal work.
45262670,Trabajos de metalistería.,Metalworking.
45262680,Soldaduras.,Welding.
45262690,Remozamiento de edificios degradados.,Refurbishment of run-down buildings.
45262700,Trabajos de transformación de edificios.,Building alteration work.
45262710,Trabajos de mantenimiento de frescos.,Fresco maintenance work.
45262800,Trabajos de ampliación de edificios.,Building extension work.
45262900,Trabajos de balcones y terrazas.,Balcony work.
45300000,Trabajos de instalación en edificios.,Building installation work.
45310000,Trabajos de instalación eléctrica.,Electrical installation work.
45311000,Trabajos de instalación de cableado y accesorios eléctricos.,Electrical wiring and fitting work.
45311100,Trabajos de cableado eléctrico.,Electrical wiring work.
45311200,Trabajos de instalación de accesorios eléctricos.,Electrical fitting work.
45312000,Instalación de sistemas de alarma y antenas.,Alarm system and antenna installation work.
45312100,Instalación de sistemas de alarma contra incendios.,Fire-alarm system installation work.
45312200,Instalación de sistemas de alarma antirrobo.,Burglar-alarm system installation work.
45312300,Instalación de antenas.,Antenna installation work.
45312310,Trabajos de protección contra rayos.,Lightning-protection works.
45312311,Instalación de pararrayos.,Lightning-conductor installation work.
45312320,Instalación de antenas de televisión.,Television aerial installation work.
45312330,Instalación de antenas de radio.,Radio aerial installation work.
45313000,Instalación de ascensores y escaleras mecánicas.,Lift and escalator installation work.
45313100,Instalación de ascensores.,Lift installation work.
45313200,Instalación de escaleras mecánicas.,Escalator installation work.
45313210,Instalación de pasillos móviles.,Travelator installation work.
45314000,Instalación de equipo de telecomunicaciones.,Installation of telecommunications equipment.
45314100,Instalación de centrales telefónicas.,Installation of telephone exchanges.
45314120,Instalación de centros de conmutación.,Installation of switchboards.
45314200,Instalación de líneas telefónicas.,Installation of telephone lines.
45314300,Infraestructura para cables.,Installation of cable infrastructure.
45314310,Tendido de cables.,Installation of cable laying.
45314320,Instalación de cableado informático.,Installation of computer cabling.
45315000,Trabajos de instalación eléctrica de equipos de calefacción y otros equipos eléctricos para edificios.,Electrical installation work of heating and other electrical building-equipment.
45315100,Trabajos de instalación de ingeniería eléctrica.,Electrical engineering installation works.
45315200,Trabajos relacionados con turbinas.,Turbine works.
45315300,Instalaciones de suministro de electricidad.,Electricity supply installations.
45315400,Instalaciones de alta tensión.,High voltage installation work.
45315500,Instalaciones de media tensión.,Medium-voltage installation work.
45315600,Instalaciones de baja tensión.,Low-voltage installation work.
45315700,Instalación de puestos de seccionamiento.,Switching station installation work.
45316000,Trabajos de instalación de sistemas de alumbrado y señalización.,Installation work of illumination and signalling systems.
45316100,Instalación de equipo de alumbrado exterior.,Installation of outdoor illumination equipment.
45316110,Instalación de equipo de alumbrado para carreteras.,Installation of road lighting equipment.
45316200,Instalación de equipo de señalización.,Installation of signalling equipment.
45316210,Instalación de equipo de control del tráfico.,Installation of traffic monitoring equipment.
45316211,Instalación de señales luminosas para carretera.,Installation of illuminated road signs.
45316212,Instalación de semáforos.,Installation of traffic lights.
45316213,Instalación de equipo de balizamiento.,Installation of traffic guidance equipment.
45316220,Instalación de equipo de señalización de aeropuertos.,Installation of airport signalling equipment.
45316230,Instalación de equipo de señalización de puertos.,Installation of port signalling equipment.
45317000,Otros trabajos de instalación eléctrica.,Other electrical installation work.
45317100,Trabajos de instalación eléctrica de equipos de bombeo.,Electrical installation work of pumping equipment.
45317200,Trabajos de instalación eléctrica de transformadores.,Electrical installation work of transformers.
45317300,Trabajos de instalación eléctrica de aparatos de distribución eléctrica.,Electrical installation work of electrical distribution apparatus.
45317400,Trabajos de instalación eléctrica de equipo de filtración.,Electrical installation work of filtration equipment.
45320000,Trabajos de aislamiento.,Insulation work.
45321000,Trabajos de aislamiento térmico.,Thermal insulation work.
45323000,Trabajos de aislamiento acústico.,Sound insulation work.
45324000,Trabajos de colocación de cartón-yeso.,Plasterboard works.
45330000,Trabajos de fontanería.,Plumbing and sanitary works.
45331000,"Trabajos de instalación de calefacción, ventilación y aire acondicionado.","Heating, ventilation and air-conditioning installation work."
45331100,Trabajos de instalación de calefacción central.,Central-heating installation work.
45331110,Trabajos de instalación de calderas.,Boiler installation work.
45331200,Trabajos de instalación de ventilación y aire acondicionado.,Ventilation and air-conditioning installation work.
45331210,Trabajos de instalación de ventilación.,Ventilation installation work.
45331211,Trabajos de instalación de ventilación para intemperie.,Outdoor ventilation installation work.
45331220,Trabajos de instalación de aire acondicionado.,Air-conditioning installation work.
45331221,Trabajos de instalación de aire acondicionado que renueva el aire natural solamente de forma parcial.,Partial air-conditioning installation work.
45331230,Trabajos de instalación de equipos de refrigeración.,Installation work of cooling equipment.
45331231,Trabajos de instalación de equipos técnicos de refrigeración.,Installation work of refrigeration equipment.
45332000,Trabajos de instalación sanitaria y de colocación de tuberías de desagüe.,Plumbing and drain-laying work.
45332200,Trabajos de tendido de cañerías de agua.,Water plumbing work.
45332300,Trabajos de tendido de cañerías de desagüe.,Drain-laying work.
45332400,Trabajos de instalación de artículos sanitarios.,Sanitary fixture installation work.
45333000,Trabajos de instalación de aparatos de gas.,Gas-fitting installation work.
45333100,Trabajos de instalación de equipos reguladores de gas.,Gas regulation equipment installation work.
45333200,Trabajos de instalación de contadores de gas.,Gas meter installation work.
45340000,"Trabajos de instalación de barandillas, pasamanos y dispositivos de seguridad.","Fencing, railing and safety equipment installation work."
45341000,Instalación de pasamanos.,Erection of railings.
45342000,Instalación de barandillas.,Erection of fencing.
45343000,Trabajos de instalación de dispositivos de protección contra incendios.,Fire-prevention installation works.
45343100,Trabajos de ignifugación.,Fireproofing work.
45343200,Trabajos de instalación de dispositivos contra incendios.,Firefighting equipment installation work.
45343210,Trabajos de instalación de dispositivos de extinción de incendios con CO2.,CO2 fire-extinguishing equipment installation work.
45343220,Trabajos de instalación de aparatos extintores.,Fire-extinguishers installation work.
45343230,Trabajos de instalación de sistemas de aspersión automática.,Sprinkler systems installation work.
45350000,Instalaciones mecánicas.,Mechanical installations.
45351000,Trabajos de instalación de ingeniería mecánica.,Mechanical engineering installation works.
45400000,Acabado de edificios.,Building completion work.
45410000,Trabajos de enlucido.,Plastering work.
45420000,Trabajos de instalación de carpintería de madera.,Joinery and carpentry installation work.
45421000,Trabajos de ebanistería.,Joinery work.
45421100,"Instalación de puertas, ventanas y elementos conexos.",Installation of doors and windows and related components.
45421110,Instalación de marcos de puertas y ventanas.,Installation of door and window frames.
45421111,Instalación de marcos de puertas.,Installation of door frames.
45421112,Instalación de marcos de ventanas.,Installation of window frames.
45421120,Instalación de umbrales.,Installation of thresholds.
45421130,Instalación de puertas y ventanas.,Installation of doors and windows.
45421131,Instalación de puertas.,Installation of doors.
45421132,Instalación de ventanas.,Installation of windows.
45421140,"Instalación de carpintería metálica, excepto puertas y ventanas.",Installation of metal joinery except doors and windows.
45421141,Instalación de tabiques.,Installation of partitioning.
45421142,Instalación de contraventanas.,Installation of shutters.
45421143,Trabajos de instalación de persianas.,Installation work of blinds.
45421144,Trabajos de instalación de toldos.,Installation work of awnings.
45421145,Trabajos de instalación de persianas enrollables.,Installation work of roller blinds.
45421146,Instalación de falsos techos.,Installation of suspended ceilings.
45421147,Instalación de rejas.,Installation of grilles.
45421148,Instalación de verjas.,Installation of gates.
45421150,Trabajos de instalación de carpintería no metálica.,Non-metal joinery installation work.
45421151,Instalación de cocinas equipadas.,Installation of fitted kitchens.
45421152,Instalación de paredes divisorias.,Installation of partition walls.
45421153,Instalación de muebles empotrados.,Installation of built-in furniture.
45421160,Trabajos de cerrajería y carpintería metálica.,Ironmongery work.
45422000,Carpintería y ebanistería.,Carpentry installation work.
45422100,Trabajos en madera.,Woodwork.
45430000,Trabajos de revestimiento de suelos y paredes.,Floor and wall covering work.
45431000,Trabajos de alicatado.,Tiling work.
45431100,Trabajos de alicatado de suelos.,Floor-tiling work.
45431200,Trabajos de alicatado de paredes.,Wall-tiling work.
45432000,"Trabajos de pavimentación, revestimiento y empapelado de paredes.","Floor-laying and covering, wall-covering and wall-papering work."
45432100,Trabajos de pavimentación y revestimiento de suelos.,Floor laying and covering work.
45432110,Trabajos de solado.,Floor-laying work.
45432111,Colocación de pavimentos flexibles.,Laying work of flexible floor coverings.
45432112,Colocación de adoquinado.,Laying of paving.
45432113,Revestimiento de parqué.,Parquet flooring.
45432114,Trabajos de entarugado.,Wood flooring work.
45432120,Trabajos de instalación de falsos suelos.,False floor installation work.
45432121,Pisos para salas de informática.,Computer floors.
45432130,Trabajo de revestimiento de suelos.,Floor-covering work.
45432200,Trabajos de revestimiento y empapelado de paredes.,Wall-covering and wall-papering work.
45432210,Trabajos de revestimiento de paredes.,Wall-covering work.
45432220,Trabajos de empapelado de paredes.,Wall-papering work.
45440000,Trabajos de pintura y acristalamiento.,Painting and glazing work.
45441000,Trabajos de acristalamiento.,Glazing work.
45442000,Aplicación de recubrimiento protector.,Application work of protective coatings.
45442100,Trabajos de pintura.,Painting work.
45442110,Trabajos de pintura de edificios.,Painting work of buildings.
45442120,Trabajos de pintura y aplicación de recubrimiento protector de estructuras.,Painting and protective-coating work of structures.
45442121,Trabajos de pintura de estructuras.,Painting work of structures.
45442180,Trabajos de renovación de pintura.,Repainting work.
45442190,Trabajos de decapado de pintura.,Paint-stripping work.
45442200,Aplicación de recubrimientos anticorrosivos.,Application work of anti-corrosive coatings.
45442210,Trabajos de galvanización.,Galvanizing works.
45442300,Obras de protección de superficies.,Surface-protection work.
45443000,Trabajos de fachada.,Facade work.
45450000,Otros trabajos de acabado de edificios.,Other building completion work.
45451000,Trabajos de decoración.,Decoration work.
45451100,Trabajos de ornamentación.,Ornamentation fitting work.
45451200,Revestimiento con paneles.,Panelling work.
45451300,Jardines interiores.,Interior gardens.
45452000,Trabajos de limpieza exterior de edificios.,Exterior cleaning work for buildings.
45452100,Limpieza con chorro de arena de paredes exteriores.,Blast cleaning work for building exteriors.
45453000,Trabajos de revisión y reacondicionamiento.,Overhaul and refurbishment work.
45453100,Trabajos de reacondicionamiento.,Refurbishment work.
45454000,Trabajos de reestructuración.,Restructuring work.
45454100,Trabajos de restauración.,Restoration work.
45500000,Alquiler de maquinaria y equipo de construcción y de ingeniería civil con maquinista.,Hire of construction and civil engineering machinery and equipment with operator.
45510000,Alquiler de grúas con maquinista.,Hire of cranes with operator.
45520000,Alquiler de maquinaria para movimiento de tierras con maquinista.,Hire of earthmoving equipment with operator.
48000000,Paquetes de software y sistemas de información.,Software package and information systems.
48100000,Paquetes de software específico de un sector económico.,Industry specific software package.
48110000,Paquetes de software de puntos de venta.,Point of sale (POS) software package.
48120000,Paquetes de software de control de vuelos.,Flight control software package.
48121000,Paquetes de software de control del tránsito aéreo.,Air traffic control software package.
48130000,Paquetes de software de apoyo en tierra y de ensayos para la aviación.,Aviation ground support and test software package.
48131000,Paquetes de software de apoyo en tierra para la aviación.,Aviation ground support software package.
48132000,Paquetes de software de ensayos para la aviación.,Aviation test software package.
48140000,Paquetes de software de control del tráfico ferroviario.,Railway traffic control software package.
48150000,Paquetes de software de control industrial.,Industrial control software package.
48151000,Sistema de control informático.,Computer control system.
48160000,Paquetes de software de bibliotecas.,Library software package.
48161000,Sistema de gestión de biblioteca.,Library management system.
48170000,Paquetes de software de conformidad.,Compliance software package.
48180000,Paquetes de software médico.,Medical software package.
48190000,Paquetes de software educativo.,Educational software package.
48200000,"Paquetes de software de conexión en red, Internet e intranet.","Networking, Internet and intranet software package."
48210000,Paquetes de software de conexión en red.,Networking software package.
48211000,Paquetes de software de interconectividad de plataformas.,Platform interconnectivity software package.
48212000,Paquetes de software de servidor de discos ópticos.,Optical jukebox server software package.
48213000,Paquetes de software para mejorar el sistema operativo.,Operating system enhancement software package.
48214000,Paquetes de software de sistemas operativos en red.,Network operating system software package.
48215000,Paquetes de software de desarrolladores de redes.,Networking developers' software package.
48216000,Paquetes de software de emulación de terminal de conectividad de redes.,Network connectivity terminal emulation software package.
48217000,Paquetes de software de proceso de transacciones.,Transaction-processing software package.
48217100,Paquetes de software de proceso de transacciones de la unidad central.,Mainframe transaction processing software package.
48217200,Paquetes de software de proceso de transacciones para miniordenadores.,Minicomputer transaction processing software package.
48217300,Paquetes de software de proceso de transacciones para microordenadores.,Microcomputer transaction processing software package.
48218000,Paquetes de software de gestión de licencias.,License management software package.
48219000,Paquetes de software diversos de conexión en red.,Miscellaneous networking software package.
48219100,Paquetes de software de pasarela.,Gateway software package.
48219200,Paquetes de software de servidor de discos compactos (CD).,Compact disc (CD) server software package.
48219300,Paquetes de software de administración.,Administration software package.
48219400,Paquetes de software de servidor de transacciones.,Transaction server software package.
48219500,Paquetes de software de desvío o conmutación.,Switch or router software package.
48219600,Paquetes de software de multiplexor.,Multiplexer software package.
48219700,Paquetes de software de servidor de comunicaciones.,Communications server software package.
48219800,Paquetes de software puente.,Bridge software package.
48220000,Paquetes de software de Internet e intranet.,Internet and intranet software package.
48221000,Paquetes de software de navegación en Internet.,Internet browsing software package.
48222000,Paquetes de software de servidor web.,Web server software package.
48223000,Paquetes de software de correo electrónico.,Electronic mail software package.
48224000,Paquetes de software de edición de páginas web.,Web page editing software package.
48300000,"Paquetes de software de creación de documentos, dibujo, tratamiento de imágenes, planificación y productividad.","Document creation, drawing, imaging, scheduling and productivity software package."
48310000,Paquetes de software de creación de documentos.,Document creation software package.
48311000,Paquetes de software de gestión de documentos.,Document management software package.
48311100,Sistema de gestión de documentos.,Document management system.
48312000,Paquetes de software de edición electrónica.,Electronic publishing software package.
48313000,Paquetes de software de reconocimiento óptico de caracteres (OCR).,Optical-character-recognition (OCR) software package.
48313100,Sistema de lectura óptica.,Optical reading system.
48314000,Paquetes de software de reconocimiento vocal.,Voice recognition software package.
48315000,Paquetes de software de autoedición.,Desktop-publishing software package.
48316000,Paquetes de software de presentación.,Presentation software package.
48317000,Paquetes de software de tratamiento de textos.,Word-processing software package.
48318000,Paquetes de software de escáner.,Scanner software package.
48319000,Correctores ortográficos.,Spell checkers.
48320000,Paquetes de software de dibujo y tratamiento de imágenes.,Drawing and imaging software package.
48321000,Paquetes de software de diseño asistido por ordenador (DAO).,Computer aided design (CAD) software package.
48321100,Sistema de diseño asistido por ordenador (DAO).,Computer-Aided Design (CAD) system.
48322000,Paquetes de software de gráficos.,Graphics software package.
48323000,Paquetes de software de fabricación asistida por ordenador (FAO).,Computer aided manufacturing (CAM) software package.
48324000,Paquetes de software de trazado de diagramas.,Charting software package.
48325000,Paquetes de software de diseño de formularios.,Form making software package.
48326000,Paquetes de software cartográfico.,Mapping software package.
48326100,Sistema de cartografía digital.,Digital mapping system.
48327000,Paquetes de software de dibujo y pintura.,Drawing and painting software package.
48328000,Paquetes de software de tratamiento de imágenes.,Image-processing software package.
48329000,Sistema de imágenes y archivo.,Imaging and archiving system.
48330000,Paquetes de software de planificación y productividad.,Scheduling and productivity software package.
48331000,Paquetes de software de gestión de proyectos.,Project management software package.
48332000,Paquetes de software de planificación.,Scheduling software package.
48333000,Paquetes de software de gestión de contactos.,Contact management software package.
48400000,Paquetes de software de transacciones comerciales y personales.,Business transaction and personal business software package.
48410000,Paquetes de software de gestión de inversiones y elaboración de declaraciones fiscales.,Investment management and tax preparation software package.
48411000,Paquetes de software de gestión de inversiones.,Investment management software package.
48412000,Paquetes de software de elaboración de declaraciones fiscales.,Tax preparation software package.
48420000,Paquetes de software de gestión de instalaciones y «suite» de paquetes de software.,Facilities management software package and software package suite.
48421000,Paquetes de software de gestión de instalaciones.,Facilities management software package.
48422000,«Suites» de paquetes de software.,software package suites.
48430000,Paquetes de software de gestión de inventarios.,Inventory management software package.
48440000,Paquetes de software de análisis financiero y contabilidad.,Financial analysis and accounting software package.
48441000,Paquetes de software de análisis financiero.,Financial analysis software package.
48442000,Paquetes de software de sistemas financieros.,Financial systems software package.
48443000,Paquetes de software de contabilidad.,Accounting software package.
48444000,Sistema de contabilidad.,Accounting system.
48444100,Sistema de facturación.,Billing system.
48445000,Paquetes de software de gestión de relaciones con el consumidor.,Customer Relation Management software package.
48450000,Paquetes de software de contabilización del tiempo o recursos humanos.,Time accounting or human resources software package.
48451000,Paquetes de software de planificación de recursos empresariales.,Enterprise resource planning software package.
48460000,"Paquetes de software analítico, científico, matemático o predictivo.","Analytical, scientific, mathematical or forecasting software package."
48461000,Paquetes de software analítico o científico.,Analytical or scientific software package.
48462000,Paquetes de software matemático o predictivo.,Mathematical or forecasting software package.
48463000,Paquetes de software estadístico.,Statistical software package.
48470000,Paquetes de software de subastas.,Auction software package.
48480000,"Paquetes de software de ventas, mercadotecnia e inteligencia empresarial.","Sales, marketing and Business intelligence software package."
48481000,Paquetes de software de ventas o mercadotecnia.,Sales or marketing software package.
48482000,Paquetes de software de inteligencia empresarial.,Business intelligence software package.
48490000,Paquetes de software de contratación administrativa.,Procurement software package.
48500000,Paquetes de software de comunicación y multimedia.,Communication and multimedia software package.
48510000,Paquetes de software de comunicación.,Communication software package.
48511000,Paquetes de software de comunicaciones de escritorio.,Desktop communications software package.
48512000,Paquetes de software de respuesta vocal interactiva.,Interactive voice response software package.
48513000,Paquetes de software de módem.,Modem software package.
48514000,Paquetes de software de acceso remoto.,Remote access software package.
48515000,Paquetes de software de videoconferencia.,Video conferencing software package.
48516000,Paquetes de software de intercambio.,Exchange software package.
48517000,Paquetes de software de TI.,IT software package.
48518000,Paquetes de software de emulación.,Emulation software package.
48519000,Paquetes de software de gestión de memoria.,Memory-management software package.
48520000,Paquetes de software multimedia.,Multimedia software package.
48521000,Paquetes de software de edición de música o sonido.,Music or sound editing software package.
48522000,Paquetes de software de teclado virtual.,Virtual keyboard software package.
48600000,Paquetes de software de bases de datos y de funcionamiento.,Database and operating software package.
48610000,Sistemas de bases de datos.,Database systems.
48611000,Paquetes de software de bases de datos.,Database software package.
48612000,Sistema de gestión de base de datos.,Database-management system.
48613000,Gestión electrónica de datos.,Electronic data management (EDM).
48614000,Sistema de recopilación de datos.,Data-acquisition system.
48620000,Sistemas operativos.,Operating systems.
48621000,Paquetes de software de sistema operativo de unidad central.,Mainframe operating system software package.
48622000,Paquetes de software de sistema operativo de miniordenador.,Minicomputer operating system software package.
48623000,Paquetes de software de sistema operativo de microordenador.,Microcomputer operating system software package.
48624000,Paquetes de software de sistema operativo de ordenador personal (PC).,Personal computer (PC) operating system software package.
48625000,Sistemas operativos de sistemas abiertos.,Open systems operating systems.
48626000,Paquetes de software de agrupamiento.,Clustering software package.
48627000,Paquetes de software de sistema operativo de tiempo real.,Real time operating system software package.
48628000,Arquitectura microcanal.,Micro-channel architecture.
48700000,Utilidades de paquetes de software.,Software package utilities.
48710000,Paquetes de software de copia de seguridad o recuperación.,Backup or recovery software package.
48720000,Paquetes de software de código de barras.,Bar coding software package.
48730000,Paquetes de software de seguridad.,Security software package.
48731000,Paquetes de software de seguridad de archivos.,File security software package.
48732000,Paquetes de software de seguridad de datos.,Data security software package.
48740000,Paquetes de software de traducción de lenguas extranjeras.,Foreign language translation software package.
48750000,Paquetes de software de carga de medios de almacenamiento.,Storage media loading software package.
48760000,Paquetes de software de protección antivirus.,Virus protection software package.
48761000,Paquetes de software antivirus.,Anti-virus software package.
48770000,"Paquetes de software de utilidades generales, de compresión y de impresión.","General, compression and print utility software package."
48771000,Paquetes de software de utilidades generales.,General utility software package.
48772000,Utilidades de compresión.,Compression utilities.
48773000,Paquetes de software de utilidades de impresión.,Print utility software package.
48773100,Paquetes de software de cola de impresión.,Print-spooling software package.
48780000,"Paquetes de software de gestión de sistemas, almacenamiento y contenido.","System, storage and content management software package."
48781000,Paquetes de software de gestión de sistemas.,System management software package.
48782000,Paquetes de software de gestión de almacenamiento.,Storage management software package.
48783000,Paquetes de software de gestión de contenido.,Content management software package.
48790000,Paquetes de software de comprobación de versiones.,Version checker software package.
48800000,Sistemas y servidores de información.,Information systems and servers.
48810000,Sistemas de información.,Information systems.
48811000,Sistema de correo electrónico.,E-mail system.
48812000,Sistemas de información financiera.,Financial information systems.
48813000,Sistema de información al pasajero.,Passenger information system.
48813100,Tablones de anuncios electrónicos.,Electronic bulletin boards.
48813200,Sistema de información a los pasajeros en tiempo real.,Real-time passenger information system.
48814000,Sistemas de información médica.,Medical information systems.
48814100,Sistema de información de enfermería.,Nursing information system.
48814200,Sistema de administración de pacientes.,Patient-administration system.
48814300,Sistema de gestión de quirófanos.,Theatre management system.
48814400,Sistema de información clínica.,Clinical information system.
48814500,Sistema de gestión de pacientes (Casemix).,Casemix system.
48820000,Servidores.,Servers.
48821000,Servidores de red.,Network servers.
48822000,Servidores de ordenador.,Computer servers.
48823000,Servidores de fichero.,File servers.
48824000,Servidores de impresora.,Printer servers.
48825000,Servidores web.,Web servers.
48900000,Paquetes de software y sistemas informáticos diversos.,Miscellaneous software package and computer systems.
48910000,"Paquetes de software de juegos informáticos, juegos para la familia y salvapantallas.","Computer game software package, family titles and screen savers."
48911000,Paquetes de software de juegos informáticos.,Computer game software package.
48912000,Juegos para la familia.,Family titles.
48913000,Salvapantallas.,Screen savers.
48920000,Paquetes de software ofimático.,Office automation software package.
48921000,Sistema de automatización.,Automation system.
48930000,Paquetes de software de formación y entretenimiento.,Training and entertainment software package.
48931000,Paquetes de software de formación.,Training software package.
48932000,Paquetes de software de entretenimiento.,Entertainment software package.
48940000,Paquetes de software de diseños y calendario.,Pattern design and calendar software package.
48941000,Paquetes de software de diseños.,Pattern design software package.
48942000,Paquetes de software de calendario.,Calendar software package.
48950000,Sistema de localización de barcos y de megafonía.,Boat-location and public address system.
48951000,Sistema de localización de barcos.,Boat-location system.
48952000,Sistemas de megafonía.,Public address systems.
48960000,Paquetes de software de controladores y sistemas.,Drivers and system software package.
48961000,Controladores de ethernet.,Ethernet drivers.
48962000,Controladores de tarjetas de gráficos.,Graphics card drivers.
48970000,Paquetes de software para imprenta.,Print shop software package.
48971000,Paquetes de software para crear libretas de direcciones.,Address book making software package.
48972000,Paquetes de software de elaboración de etiquetas.,Label making software package.
48980000,Lenguajes y herramientas de programación.,Programming languages and tools.
48981000,Paquetes de software de compilación.,Compiling software packages.
48982000,Paquetes de software de gestión de la configuración.,Configuration management software package.
48983000,Paquetes de software de desarrollo.,Development software package.
48984000,Herramientas de interfaz gráfica de usuario (GUI).,Graphical user interface (GUI) tools.
48985000,Lenguajes de programación.,Programming languages.
48986000,Paquetes de software de ensayo de programas.,Program testing software package.
48987000,Paquetes de software de depuración.,Debugging software package.
48990000,Paquetes de software de hoja de cálculo y de mejora de hoja de cálculo.,Spreadsheets and enhancement software package.
48991000,Paquetes de software de hoja de cálculo.,Spreadsheet software package.
50000000,Servicios de reparación y mantenimiento.,Repair and maintenance services.
50100000,"Servicios de reparación, mantenimiento y servicios asociados de vehículos y equipo conexo.","Repair, maintenance and associated services of vehicles and related equipment."
50110000,Servicios de reparación y mantenimiento de vehículos de motor y equipo asociado.,Repair and maintenance services of motor vehicles and associated equipment.
50111000,"Servicios de administración, reparación y mantenimiento de parque de vehículos.","Fleet management, repair and maintenance services."
50111100,Servicios de gestión de parque de vehículos.,Vehicle-fleet management services.
50111110,Servicios de soporte de parque de vehículos.,Vehicle-fleet-support services.
50112000,Servicios de reparación y mantenimiento de automóviles.,Repair and maintenance services of cars.
50112100,Servicios de reparación de automóviles.,Car repair services.
50112110,Servicios de reparación de carrocerías de vehículos.,Body-repair services for vehicles.
50112111,Servicios de chapistería.,Panel-beating services.
50112120,Servicios de reemplazo de parabrisas.,Windscreen replacement services.
50112200,Servicios de mantenimiento de automóviles.,Car maintenance services.
50112300,Servicios de lavado de automóviles y similares.,Car-washing and similar services.
50113000,Servicios de reparación y mantenimiento de autobuses.,Repair and maintenance services of buses.
50113100,Servicios de reparación de autobuses.,Bus repair services.
50113200,Servicios de mantenimiento de autobuses.,Bus maintenance services.
50114000,Servicios de reparación y mantenimiento de camiones.,Repair and maintenance services of trucks.
50114100,Servicios de reparación de camiones.,Truck repair services.
50114200,Servicios de mantenimiento de camiones.,Truck maintenance services.
50115000,Servicios de reparación y mantenimiento de motocicletas.,Repair and maintenance services of motorcycles.
50115100,Servicios de reparación de motocicletas.,Motorcycle repair services.
50115200,Servicios de mantenimiento de motocicletas.,Motorcycle maintenance services.
50116000,Servicios de mantenimiento y reparación relacionados con partes específicas de vehículos.,Maintenance and repair services related to specific parts of vehicles.
50116100,Servicios de reparación de sistemas eléctricos.,Electrical-system repair services.
50116200,Servicios de reparación y mantenimiento de frenos y partes de frenos de vehículos.,Repair and maintenance services of vehicle brakes and brake parts.
50116300,Servicios de reparación y mantenimiento de cajas de cambio de vehículos.,Repair and maintenance services of vehicle gearboxes.
50116400,Servicios de reparación y mantenimiento de transmisiones de vehículos.,Repair and maintenance services of vehicle transmissions.
50116500,"Servicios de reparación de neumáticos, incluidos el ajuste y el equilibrado de ruedas.","Tyre repair services, including fitting and balancing."
50116510,Servicios de recauchutado de neumáticos.,Tyre-remoulding services.
50116600,Servicios de reparación y mantenimiento de motores de arranque.,Repair and maintenance services of starter motors.
50117000,Servicios de transformación y reacondicionamiento de vehículos.,Vehicle conversion and reconditioning services.
50117100,Servicios de transformación de vehículos.,Motor vehicle conversion services.
50117200,Servicios de transformación de ambulancias.,Ambulance conversion services.
50117300,Servicios de reacondicionamiento de vehículos.,Reconditioning services of vehicles.
50118000,Servicios de auxilio de automóviles en carretera.,Automobile emergency road services.
50118100,Servicios de reparación de averías y recuperación de automóviles.,Breakdown and recovery services for cars.
50118110,Servicios de remolque de vehículos.,Vehicle towing-away services.
50118200,Servicios de reparación de averías y recuperación de vehículos comerciales.,Breakdown and recovery services for commercial vehicles.
50118300,Servicios de reparación de averías y recuperación de autobuses.,Breakdown and recovery services for buses.
50118400,Servicios de reparación de averías y recuperación de vehículos de motor.,Breakdown and recovery services for motor vehicles.
50118500,Servicios de reparación de averías y recuperación de motocicletas.,Breakdown and recovery services for motorcycles.
50190000,Servicios de demolición de vehículos.,Demolition services of vehicles.
50200000,"Servicios de reparación, mantenimiento y servicios asociados relacionados con aeronaves, vías férreas, carreteras y la marina.","Repair, maintenance and associated services related to aircraft, railways, roads and marine equipment."
50210000,Servicios de reparación y mantenimiento y servicios asociados relacionados con aeronaves y otros equipos.,"Repair, maintenance and associated services related to aircraft and other equipment."
50211000,Servicios de reparación y mantenimiento de aeronaves.,Repair and maintenance services of aircraft.
50211100,Servicios de mantenimiento de aeronaves.,Aircraft maintenance services.
50211200,Servicios de reparación de aeronaves.,Aircraft repair services.
50211210,Servicios de reparación y mantenimiento de motores de aviación.,Repair and maintenance services of aircraft engines.
50211211,Servicios de mantenimiento de motores de aviación.,Aircraft-engine maintenance services.
50211212,Servicios de reparación de motores de aviación.,Aircraft-engine repair services.
50211300,Servicios de reacondicionamiento de aeronaves.,Reconditioning services of aircraft.
50211310,Servicios de reacondicionamiento de motores de aviación.,Reconditioning services of aircraft engines.
50212000,Servicios de reparación y mantenimiento de helicópteros.,Repair and maintenance services of helicopters.
50220000,"Servicios de reparación, mantenimiento y servicios asociados relacionados con vías férreas y otros equipos.","Repair, maintenance and associated services related to railways and other equipment."
50221000,Servicios de reparación y mantenimiento de locomotoras.,Repair and maintenance services of locomotives.
50221100,Servicios de reparación y mantenimiento de cajas de cambio de locomotoras.,Repair and maintenance services of locomotive gearboxes.
50221200,Servicios de reparación y mantenimiento de sistemas de transmisión de locomotoras.,Repair and maintenance services of locomotive transmissions.
50221300,Servicios de reparación y mantenimiento de ejes de locomotoras.,Repair and maintenance services of locomotive wheelsets.
50221400,Servicios de reparación y mantenimiento de frenos y partes de frenos de locomotoras.,Repair and maintenance services of locomotive brakes and brake parts.
50222000,Servicios de reparación y mantenimiento de material móvil.,Repair and maintenance services of rolling stock.
50222100,Servicios de reparación y mantenimiento de amortiguadores.,Repair and maintenance services of dampers.
50223000,Servicios de reacondicionamiento de locomotoras.,Reconditioning services of locomotives.
50224000,Servicios de reacondicionamiento de material móvil.,Reconditioning services of rolling stock.
50224100,Servicios de reacondicionamiento de asientos de material móvil.,Reconditioning services of rolling stock seats.
50224200,Servicios de reacondicionamiento de coches de pasajeros.,Reconditioning services of passenger coaches.
50225000,Servicios de mantenimiento de vías férreas.,Railway-track maintenance services.
50229000,Demolición de material móvil.,Demolition of rolling stock.
50230000,"Servicios de reparación, mantenimiento y servicios asociados relacionados con carreteras y otros equipos.","Repair, maintenance and associated services related to roads and other equipment."
50232000,Servicios de mantenimiento de instalaciones de alumbrado público y semáforos.,Maintenance services of public-lighting installations and traffic lights.
50232100,Servicios de mantenimiento de alumbrado público de calles.,Street-lighting maintenance services.
50232110,Puesta a punto de instalaciones de iluminación pública.,Commissioning of public lighting installations.
50232200,Servicios de mantenimiento de señales de tráfico.,Traffic-signal maintenance services.
50240000,"Servicios de reparación, mantenimiento y servicios asociados relacionados con equipos navales y otros equipos.","Repair, maintenance and associated services related to marine and other equipment."
50241000,Servicios de reparación y mantenimiento de buques.,Repair and maintenance services of ships.
50241100,Servicios de reparación de barcos.,Vessel repair services.
50241200,Servicios de reparación de transbordadores.,Ferry repair services.
50242000,Servicios de transformación de buques.,Conversion services of ships.
50243000,Servicios de demolición de buques.,Demolition services of ships.
50244000,Servicios de reacondicionamiento de buques o barcos.,Reconditioning services of ships or boats.
50245000,Servicios de modernización de buques.,Upgrading services of ships.
50246000,Servicios de mantenimiento de equipo portuario.,Harbour equipment maintenance services.
50246100,Servicios de entrada en dique seco.,Dry-docking services.
50246200,Servicios de mantenimiento de boyas.,Buoy maintenance services.
50246300,Servicios de reparación y mantenimiento de estructuras flotantes.,Repair and maintenance services of floating structures.
50246400,Servicios de reparación y mantenimiento de plataformas flotantes.,Repair and maintenance services of floating platforms.
50300000,"Servicios de reparación, mantenimiento y servicios asociados relacionados con ordenadores personales, equipo de oficina, telecomunicaciones y equipo audiovisual.","Repair, maintenance and associated services related to personal computers, office equipment, telecommunications and audio-visual equipment."
50310000,Mantenimiento y reparación de máquinas de oficina.,Maintenance and repair of office machinery.
50311000,Mantenimiento y reparación de máquinas de contabilidad de oficina.,Maintenance and repair of office accounting machinery.
50311400,Mantenimiento y reparación de calculadoras y máquinas de contabilidad.,Maintenance and repair of calculators and accounting machinery.
50312000,Mantenimiento y reparación de equipo informático.,Maintenance and repair of computer equipment.
50312100,Mantenimiento y reparación de ordenadores «mainframe».,Maintenance and repair of mainframe computers.
50312110,Mantenimiento de ordenadores «mainframe».,Maintenance of mainframe computers.
50312120,Reparación de ordenadores «mainframe».,Repair of mainframe computers.
50312200,Mantenimiento y reparación de miniordenadores.,Maintenance and repair of minicomputers.
50312210,Mantenimiento de miniordenadores.,Maintenance of minicomputers.
50312220,Reparación de miniordenadores.,Repair of minicomputers.
50312300,Mantenimiento y reparación de equipos de redes de datos.,Maintenance and repair of data network equipment.
50312310,Mantenimiento de equipos de redes de datos.,Maintenance of data network equipment.
50312320,Reparación de equipos de redes de datos.,Repair of data network equipment.
50312400,Mantenimiento y reparación de microordenadores.,Maintenance and repair of microcomputers.
50312410,Mantenimiento de microordenadores.,Maintenance of microcomputers.
50312420,Reparación de microordenadores.,Repair of microcomputers.
50312600,Mantenimiento y reparación de equipo de tecnología de la información.,Maintenance and repair of information technology equipment.
50312610,Mantenimiento de equipo de tecnología de la información.,Maintenance of information technology equipment.
50312620,Reparación de equipo de tecnología de la información.,Repair of information technology equipment.
50313000,Mantenimiento y reparación de máquinas de reprografía.,Maintenance and repair of reprographic machinery.
50313100,Servicios de reparación de fotocopiadoras.,Photocopier repair services.
50313200,Servicios de mantenimiento de fotocopiadoras.,Photocopier maintenance services.
50314000,Servicios de reparación y mantenimiento de máquinas telecopiadoras.,Repair and maintenance services of facsimile machines.
50315000,Servicios de reparación y mantenimiento de contestadores telefónicos.,Repair and maintenance services of telephone-answering machines.
50316000,Mantenimiento y reparación de máquinas expendedoras de billetes.,Maintenance and repair of ticket-issuing machinery.
50317000,Mantenimiento y reparación de máquinas de validación de billetes.,Maintenance and repair of ticket-validation machinery.
50320000,Servicios de reparación y mantenimiento de ordenadores personales.,Repair and maintenance services of personal computers.
50321000,Servicios de reparación de ordenadores personales.,Repair services of personal computers.
50322000,Servicios de mantenimiento de ordenadores personales.,Maintenance services of personal computers.
50323000,Mantenimiento y reparación de periféricos informáticos.,Maintenance and repair of computer peripherals.
50323100,Mantenimiento de periféricos informáticos.,Maintenance of computer peripherals.
50323200,Reparación de periféricos informáticos.,Repair of computer peripherals.
50324000,Servicios de asistencia a ordenadores personales.,Support services of personal computers.
50324100,Servicios de mantenimiento de sistemas.,System maintenance services.
50324200,Servicios de mantenimiento preventivo.,Preventive maintenance services.
50330000,Servicios de mantenimiento de equipo de telecomunicación.,Maintenance services of telecommunications equipment.
50331000,Servicios de reparación y mantenimiento de líneas de telecomunicación.,Repair and maintenance services of telecommunications lines.
50332000,Servicios de mantenimiento de infraestructura de telecomunicaciones.,Telecommunications-infrastructure maintenance services.
50333000,Servicios de mantenimiento de equipo de radiocomunicaciones.,Maintenance services of radio-communications equipment.
50333100,Servicios de reparación y mantenimiento de radiotransmisores.,Repair and maintenance services of radio transmitters.
50333200,Reparación y mantenimiento de aparatos de radiotelefonía.,Repair and maintenance services of radiotelephony apparatus.
50334000,Servicios de reparación y mantenimiento de equipos de telefonía por hilo y telegrafía por hilo.,Repair and maintenance services of line telephony and line telegraphy equipment.
50334100,Servicios de reparación y mantenimiento de equipos de telefonía por hilo.,Repair and maintenance services of line telephony equipment.
50334110,Servicios de mantenimiento de redes telefónicas.,Telephone network maintenance services.
50334120,Servicios de actualización de equipos de conmutación telefónica.,Upgrade services of telephone switching equipment.
50334130,Servicios de reparación y mantenimiento de aparatos de conmutación telefónica.,Repair and maintenance services of telephone switching apparatus.
50334140,Servicios de reparación y mantenimiento de aparatos telefónicos.,Repair and maintenance services of telephone sets.
50334200,Servicios de reparación y mantenimiento de equipos de telegrafía por hilo.,Repair and maintenance services of line telegraphy equipment.
50334300,Servicios de reparación y mantenimiento de equipos de télex por hilo.,Repair and maintenance services of line telex equipment.
50334400,Servicios de mantenimiento de sistemas de comunicaciones.,Communications system maintenance services.
50340000,Servicios de reparación y mantenimiento de equipos audiovisual y óptico.,Repair and maintenance services of audio-visual and optical equipment.
50341000,Servicios de reparación y mantenimiento de equipos de televisión.,Repair and maintenance services of television equipment.
50341100,Servicios de reparación y mantenimiento de equipos de videotexto.,Repair and maintenance services of videotext equipment.
50341200,Servicios de reparación y mantenimiento de transmisores de televisión.,Repair and maintenance services of television transmitters.
50342000,Servicios de reparación y mantenimiento de equipos de audio.,Repair and maintenance services of audio equipment.
50343000,Servicios de reparación y mantenimiento de equipos de vídeo.,Repair and maintenance services of video equipment.
50344000,Servicios de reparación y mantenimiento de equipos ópticos.,Repair and maintenance services of optical equipment.
50344100,Servicios de reparación y mantenimiento de equipos fotográficos.,Repair and maintenance services of photographic equipment.
50344200,Servicios de reparación y mantenimiento de equipos cinematográficos.,Repair and maintenance services of cinematographic equipment.
50400000,Servicios de reparación y mantenimiento de equipo médico y de precisión.,Repair and maintenance services of medical and precision equipment.
50410000,"Servicios de reparación y mantenimiento de aparatos de medida, pruebas y verificación.","Repair and maintenance services of measuring, testing and checking apparatus."
50411000,Servicios de reparación y mantenimiento de aparatos de medida.,Repair and maintenance services of measuring apparatus.
50411100,Servicios de reparación y mantenimiento de contadores de agua.,Repair and maintenance services of water meters.
50411200,Servicios de reparación y mantenimiento de contadores de gas.,Repair and maintenance services of gas meters.
50411300,Servicios de reparación y mantenimiento de contadores de electricidad.,Repair and maintenance services of electricity meters.
50411400,Servicios de reparación y mantenimiento de tacómetros.,Repair and maintenance services of tachometers.
50411500,Servicios de reparación y mantenimiento de equipos industriales de cronomedición.,Repair and maintenance services of industrial time-measuring equipment.
50412000,Servicios de reparación y mantenimiento de aparatos de pruebas.,Repair and maintenance services of testing apparatus.
50413000,Servicios de reparación y mantenimiento de aparatos de verificación.,Repair and maintenance services of checking apparatus.
50413100,Servicios de reparación y mantenimiento de equipos detectores de gas.,Repair and maintenance services of gas-detection equipment.
50413200,Servicios de reparación y mantenimiento de instalaciones contra incendios.,Repair and maintenance services of firefighting equipment.
50420000,Servicios de reparación y mantenimiento de aparatos médicos y quirúrgicos.,Repair and maintenance services of medical and surgical equipment.
50421000,Servicios de reparación y mantenimiento de equipos médicos.,Repair and maintenance services of medical equipment.
50421100,Servicios de reparación y mantenimiento de sillas de ruedas.,Repair and maintenance services of wheelchairs.
50421200,Servicios de reparación y mantenimiento de equipos de rayos X.,Repair and maintenance services of X-ray equipment.
50422000,Servicios de reparación y mantenimiento de equipos quirúrgicos.,Repair and maintenance services of surgical equipment.
50430000,Servicios de reparación y mantenimiento de equipos de precisión.,Repair and maintenance services of precision equipment.
50431000,Servicios de reparación y mantenimiento de relojes de pulsera.,Repair and maintenance services of watches.
50432000,Servicios de reparación y mantenimiento de relojes de pared.,Repair and maintenance services of clocks.
50433000,Servicios de calibrado.,Calibration services.
50500000,"Servicios de reparación y mantenimiento de bombas, válvulas, grifos, contenedores metálicos y maquinaria.","Repair and maintenance services for pumps, valves, taps and metal containers and machinery."
50510000,"Servicios de reparación y mantenimiento de bombas, válvulas, grifos y contenedores de metal.","Repair and maintenance services of pumps, valves, taps and metal containers."
50511000,Servicios de reparación y mantenimiento de bombas.,Repair and maintenance services of pumps.
50511100,Servicios de reparación y mantenimiento de bombas para líquidos.,Repair and maintenance services of liquid pumps.
50511200,Servicios de reparación y mantenimiento de bombas de gas.,Repair and maintenance services of gas pumps.
50512000,Servicios de reparación y mantenimiento de válvulas.,Repair and maintenance services of valves.
50513000,Servicios de reparación y mantenimiento de grifos.,Repair and maintenance services of taps.
50514000,Servicios de reparación y mantenimiento de contenedores metálicos.,Repair and maintenance services of metal containers.
50514100,Servicios de reparación y mantenimiento de cisternas.,Repair and maintenance services of tanks.
50514200,Servicios de reparación y mantenimiento de depósitos.,Repair and maintenance services of reservoirs.
50514300,Servicios de reparación del revestimiento de los tubos de encamisado.,Sleeving repair services.
50530000,Servicios de reparación y mantenimiento de maquinaria.,Repair and maintenance services of machinery.
50531000,Servicios de reparación y mantenimiento de maquinaria no eléctrica.,Repair and maintenance services for non-electrical machinery.
50531100,Servicios de reparación y mantenimiento de calderas.,Repair and maintenance services of boilers.
50531200,Servicios de mantenimiento de aparatos de gas.,Gas appliance maintenance services.
50531300,Servicios de reparación y mantenimiento de compresores.,Repair and maintenance services of compressors.
50531400,Servicios de reparación y mantenimiento de grúas.,Repair and maintenance services of cranes.
50531500,Servicios de reparación y mantenimiento de grúas derrick.,Repair and maintenance services of derricks.
50531510,Servicios de desmontaje de torres de perforación.,Derrick-dismantling services.
50532000,"Servicios de reparación y mantenimiento de maquinaria eléctrica, aparatos y equipo asociado.","Repair and maintenance services of electrical machinery, apparatus and associated equipment."
50532100,Servicios de reparación y mantenimiento de motores eléctricos.,Repair and maintenance services of electric motors.
50532200,Servicio de reparación y mantenimiento de transformadores.,Repair and maintenance services of transformers.
50532300,Servicios de reparación y mantenimiento de generadores.,Repair and maintenance services of generators.
50532400,Servicios de reparación y mantenimiento de equipos de distribución eléctrica.,Repair and maintenance services of electrical distribution equipment.
50600000,Servicios de reparación y mantenimiento de materiales de seguridad y defensa.,Repair and maintenance services of security and defence materials.
50610000,Servicios de reparación y mantenimiento de equipos de seguridad.,Repair and maintenance services of security equipment.
50620000,Servicios de reparación y mantenimiento de armas de fuego y munición.,Repair and maintenance services of firearms and ammunition.
50630000,Servicios de reparación y mantenimiento de vehículos militares.,Repair and maintenance services of military vehicles.
50640000,Servicios de reparación y mantenimiento de buques de guerra.,Repair and maintenance services of warships.
50650000,"Servicios de reparación y mantenimiento de aeronaves militares, misiles y naves espaciales.","Repair and maintenance services of military aircrafts, missiles and spacecrafts."
50660000,Servicios de reparación y mantenimiento de sistemas electrónicos militares.,Repair and maintenance services of military electronic systems.
50700000,Servicios de reparación y mantenimiento de equipos de edificios.,Repair and maintenance services of building installations.
50710000,Servicios de reparación y mantenimiento de equipos eléctricos y mecánicos de edificios.,Repair and maintenance services of electrical and mechanical building installations.
50711000,Servicios de reparación y mantenimiento de equipos eléctricos de edificios.,Repair and maintenance services of electrical building installations.
50712000,Servicios de reparación y mantenimiento de equipos mecánicos de edificios.,Repair and maintenance services of mechanical building installations.
50720000,Servicios de reparación y mantenimiento de calefacción central.,Repair and maintenance services of central heating.
50721000,Puesta a punto de instalaciones de calefacción.,Commissioning of heating installations.
50730000,Servicios de reparación y mantenimiento de grupos refrigeradores.,Repair and maintenance services of cooler groups.
50740000,Servicios de reparación y mantenimiento de escaleras mecánicas.,Repair and maintenance services of escalators.
50750000,Servicios de mantenimiento de ascensores.,Lift-maintenance services.
50760000,Reparación y mantenimiento de aseos públicos.,Repair and maintenance of public conveniences.
50800000,Servicios varios de reparación y mantenimiento.,Miscellaneous repair and maintenance services.
50810000,Servicios de reparación de joyería.,Repair services of jewellery.
50820000,Servicios de reparación de artículos personales de cuero.,Repair services of leather personal goods.
50821000,Servicios de reparación de botas.,Repair services of boots.
50822000,Servicios de reparación de zapatos.,Repair services of shoes.
50830000,Servicios de reparación de ropa y tejidos.,Repair services of garments and textiles.
50840000,Servicios de reparación y mantenimiento de armas y sistemas de armas.,Repair and maintenance services of weapons and weapon systems.
50841000,Servicios de reparación y mantenimiento de armas.,Repair and maintenance services of weapons.
50842000,Servicios de reparación y mantenimiento de sistemas de armas.,Repair and maintenance services of weapon systems.
50850000,Servicios de reparación y mantenimiento de mobiliario.,Repair and maintenance services of furniture.
50860000,Servicios de reparación y mantenimiento de instrumentos musicales.,Repair and maintenance services of musical instruments.
50870000,Servicios de reparación y mantenimiento de equipos de terrenos de juegos.,Repair and maintenance services of playground equipment.
50880000,Servicios de reparación y mantenimiento de equipos de hostelería y restaurante.,Repair and maintenance services of hotel and restaurant equipment.
50881000,Servicios de reparación y mantenimiento de equipo de hostelería.,Repair and maintenance services of hotel equipment.
50882000,Servicios de reparación y mantenimiento de equipo de restaurante.,Repair and maintenance services of restaurant equipment.
50883000,Servicios de reparación y mantenimiento de equipo de catering.,Repair and maintenance services of catering equipment.
50884000,Servicios de reparación y mantenimiento de equipo de camping.,Repair and maintenance services of camping equipment.
51000000,Servicios de instalación (excepto software).,Installation services (except software).
51100000,Servicios de instalación de equipos eléctrico y mecánico.,Installation services of electrical and mechanical equipment.
51110000,Servicios de instalación de equipo eléctrico.,Installation services of electrical equipment.
51111000,"Servicios de instalación de motores eléctricos, generadores y transformadores.","Installation services of electric motors, generators and transformers."
51111100,Servicios de instalación de motores eléctricos.,Installation services of electric motors.
51111200,Servicios de instalación de generadores.,Installation services of generators.
51111300,Servicios de instalación de transformadores.,Installation services of transformers.
51112000,Servicios de instalación de equipos de distribución y de control de electricidad.,Installation services of electricity distribution and control equipment.
51112100,Servicios de instalación de equipos de distribución de electricidad.,Installation services of electricity distribution equipment.
51112200,Servicios de instalación de equipos de control de electricidad.,Installation services of electricity control equipment.
51120000,Servicios de instalación de equipos mecánicos.,Installation services of mechanical equipment.
51121000,Servicios de instalación de aparatos de ejercicio físico.,Installation services of fitness equipment.
51122000,Servicios de instalación de mástiles de bandera.,Installation services of flagpoles.
51130000,"Servicios de instalación de generadores de vapor, turbinas, compresores y quemadores.","Installation services of steam generators, turbines, compressors and burners."
51131000,Servicios de instalación de generadores de vapor.,Installation services of steam generators.
51133000,Servicios de instalación de turbinas.,Installation services of turbines.
51133100,Servicios de instalación de turbinas de gas.,Installation services of gas turbines.
51134000,Servicios de instalación de compresores.,Installation services of compressors.
51135000,Servicios de instalación de hornos.,Installation services of furnaces.
51135100,Servicios de instalación de quemadores.,Installation services of burners.
51135110,Servicios de instalación de incineradores de residuos.,Installation services of waste incinerators.
51140000,Servicios de instalación de motores.,Installation services of engines.
51141000,Servicios de instalación de motores de gasolina.,Installation services of petrol engines.
51142000,Servicios de instalación de motores diesel.,Installation services of diesel engines.
51143000,Servicios de instalación de motores de ferrocarril.,Installation services of railway engines.
51144000,Servicios de instalación de motores de vehículos.,Installation services of vehicle engines.
51145000,Servicios de instalación de motores marinos.,Installation services of marine engines.
51146000,Servicios de instalación de motores de aeronaves.,Installation services of aircraft engines.
51200000,"Servicios de instalación de equipos de medida, verificación, pruebas y navegación.","Installation services of equipment for measuring, checking, testing and navigating."
51210000,Servicios de instalación de equipo de medida.,Installation services of measuring equipment.
51211000,Servicios de instalación de equipo de cronomedición.,Installation services of time-measuring equipment.
51212000,Servicios de instalación de equipos de registro de asistencia.,Installation services of time register equipment.
51213000,Servicios de instalación de equipos de control horario (fechadores y contadores).,Installation services of time recorder equipment.
51214000,Servicios de instalación de equipos de parquímetros.,Installation services of parking meter equipment.
51215000,Servicios de instalación de equipos meteorológicos.,Installation services of meteorological equipment.
51216000,Servicios de instalación de equipos geológicos.,Installation services of geological equipment.
51220000,Servicios de instalación de equipo de verificación.,Installation services of checking equipment.
51221000,Servicios de instalación de dispositivos de facturación automática en aeropuertos.,Installation services of automatic airport check-in devices.
51230000,Servicios de instalación de equipo de pruebas.,Installation services of testing equipment.
51240000,Servicios de instalación de equipo de navegación.,Installation services of navigating equipment.
51300000,Servicios de instalación de equipos de comunicaciones.,Installation services of communications equipment.
51310000,"Servicios de instalación de equipos de radio, televisión, sonido y vídeo.","Installation services of radio, television, sound and video equipment."
51311000,Servicios de instalación de equipo de radio.,Installation services of radio equipment.
51312000,Servicios de instalación de equipo de televisión.,Installation services of television equipment.
51313000,Servicios de instalación de equipo de sonido.,Installation services of sound equipment.
51314000,Servicios de instalación de equipo de vídeo.,Installation services of video equipment.
51320000,Servicios de instalación de transmisores de radio y televisión.,Installation services of radio and television transmitters.
51321000,Servicios de instalación de radiotransmisores.,Installation services of radio transmitters.
51322000,Servicios de instalación de transmisores de televisión.,Installation services of television transmitters.
51330000,Servicios de instalación de aparatos de radiotelefonía.,Installation services of radiotelephony apparatus.
51340000,Servicios de instalación de equipo de telefonía por hilo.,Installation services of line telephony equipment.
51350000,Servicios de instalación de equipo de telegrafía por hilo.,Installation services of line telegraphy equipment.
51400000,Servicios de instalación de equipo médico y quirúrgico.,Installation services of medical and surgical equipment.
51410000,Servicios de instalación de equipo médico.,Installation services of medical equipment.
51411000,Servicios de instalación de equipos de imaginería.,Installation services of imaging equipment.
51412000,Servicios de instalación de equipos de odontología y sus especialidades.,Installation services of dental and subspecialty equipment.
51413000,Servicios de instalación de equipos de radioterapia.,Installation services of radiotherapy equipment.
51414000,Servicios de instalación de equipos de mecanoterapia.,Installation services of mechanotherapy equipment.
51415000,Servicios de instalación de equipos de electroterapia.,Installation services of electrotherapyequipment.
51416000,Servicios de instalación de equipos de fisioterapia.,Installation services of physical therapy equipment.
51420000,Servicios de instalación de equipo quirúrgico.,Installation services of surgical equipment.
51430000,Servicios de instalación de equipo técnico de laboratorio.,Installation services of laboratory equipment.
51500000,Servicios de instalación de maquinaria y equipos.,Installation services of machinery and equipment.
51510000,Servicios de instalación de maquinaria y equipos de uso general.,Installation services of general-purpose machinery and equipment.
51511000,"Servicios de instalación de equipos de elevación y de manipulación, excepto ascensores y escaleras mecánicas.","Installation services of lifting and handling equipment, except lifts and escalators."
51511100,Servicios de instalación de equipos de elevación.,Installation services of lifting equipment.
51511110,Servicios de instalación de grúas.,Installation services of cranes.
51511200,Servicios de instalación de equipos de manipulación.,Installation services of handling equipment.
51511300,Servicios de instalación de equipos suspendidos de acceso.,Installation services of suspended access equipment.
51511400,Servicios de instalación de equipos transportadores automáticos.,Installation services of special conveying systems.
51514000,Servicios de instalación de maquinaria diversa de uso general.,Installation services of miscellaneous general-purpose machinery.
51514100,Servicios de instalación de maquinaria y aparatos para filtrar o depurar líquidos.,Installation services of liquid filtering or purifying machinery and apparatus.
51514110,Servicios de instalación de maquinaria y aparatos para filtrar o depurar agua.,Installation services of machinery and apparatus for filtering or purifying water.
51520000,Servicios de instalación de maquinaria agrícola y forestal.,Installation services of agricultural and forestry machinery.
51521000,Servicios de instalación de maquinaria agrícola.,Installation services of agricultural machinery.
51522000,Servicios de instalación de maquinaria forestal.,Installation services of forestry machinery.
51530000,Servicios de instalación de máquinas herramienta.,Installation services of machine tools.
51540000,Servicios de instalación de maquinaria y equipos para usos especiales.,Installation services of special-purpose machinery and equipment.
51541000,"Servicios de instalación de maquinaria para extracción, construcción y metalurgia.","Installation services of mining, quarrying, construction and metallurgy machinery."
51541100,Servicios de instalación de maquinaria para la minería.,Installation services of mining machinery.
51541200,Servicios de instalación de maquinaria para explotación de canteras.,Installation services of quarrying machinery.
51541300,Servicios de instalación de maquinaria para la construcción.,Installation services of construction machinery.
51541400,Servicios de instalación de maquinaria para la metalurgia.,Installation services of metallurgy machinery.
51542000,"Servicios de instalación de maquinaria para la elaboración de alimentos, bebidas y tabaco.","Installation services of food-, beverage- and tobacco-processing machinery."
51542100,Servicios de instalación de maquinaria para la elaboración de alimentos.,Installation services of food-processing machinery.
51542200,Servicios de instalación de maquinaria para la elaboración de bebidas.,Installation services of beverage-processing machinery.
51542300,Servicios de instalación de maquinaria para la elaboración de tabaco.,Installation services of tobacco-processing machinery.
51543000,"Servicios de instalación de maquinaria para la producción de textiles, prendas de vestir y cuero.","Installation services of textile-, clothing- and leather-production machinery."
51543100,Servicios de instalación de maquinaria para la producción de textiles.,Installation services of textile-production machinery.
51543200,Servicios de instalación de maquinaria para la producción de prendas de vestir.,Installation services of clothing-production machinery.
51543300,Servicios de instalación de maquinaria para la producción de cuero.,Installation services of leather-production machinery.
51543400,Servicios de instalación de máquinas para lavar y para secar ropa y máquinas para limpieza en seco.,"Installation services of laundry washing, dry-cleaning and drying machines."
51544000,Servicios de instalación de maquinaria para la producción de papel y cartón.,Installation services of paper- and paperboard-production machinery.
51544100,Servicios de instalación de maquinaria para la producción de papel.,Installation services of paper-production machinery.
51544200,Servicios de instalación de maquinaria para la producción de cartón.,Installation services of paperboard-production machinery.
51545000,Servicios de instalación de buzones de exterior.,Installation services of street mailboxes.
51550000,Servicios de instalación de sistemas de armas.,Installation services of weapon systems.
51600000,Servicios de instalación de ordenadores y equipo de oficina.,Installation services of computers and office equipment.
51610000,Servicios de instalación de ordenadores y de equipo para procesamiento de la información.,Installation services of computers and information-processing equipment.
51611000,Servicios de instalación de ordenadores.,Installation services of computers.
51611100,Servicios de instalación de equipo informático.,Hardware installation services.
51611110,Servicios de instalación de pantallas o paneles de anuncios de salidas y llegadas para aeropuertos.,Installation services of airport real-time departures and arrival display screens or boards.
51611120,Servicios de instalación de pantallas o paneles de anuncios de salidas y llegadas para estaciones de tren.,Installation services of railway real-time departures and arrival display screens or boards.
51612000,Servicios de instalación de equipo para procesamiento de la información.,Installation services of information-processing equipment.
51620000,Servicios de instalación de equipo de oficina.,Installation services of office equipment.
51700000,Servicios de instalación de equipos de protección contra incendios.,Installation services of fire protection equipment.
51800000,Servicios de instalación de recipientes de metal.,Installation services of metal containers.
51810000,Servicios de instalación de cisternas.,Installation services of tanks.
51820000,Servicios de instalación de depósitos.,Installation services of reservoirs.
51900000,Servicios de instalación de sistemas de guía y control.,Installation services of guidance and control systems.
55000000,Servicios comerciales al por menor de hostelería y restauración.,"Hotel, restaurant and retail trade services."
55100000,Servicios de hostelería.,Hotel services.
55110000,Servicios de alojamiento hotelero.,Hotel accomodation services.
55120000,Servicios de reuniones y congresos en hoteles.,Hotel meeting and conference services.
55130000,Otros servicios hoteleros.,Other hotel services.
55200000,Zonas de acampada y otros alojamientos no hoteleros.,Camping sites and other non-hotel accommodation.
55210000,Servicios de albergues juveniles.,Youth hostel services.
55220000,Servicios para acampada.,Camping-site services.
55221000,Servicios para acampada con caravana.,Caravan-site services.
55240000,Servicios de centros de vacaciones y hogares de vacaciones.,Holiday centre and holiday home services.
55241000,Servicios de centros de vacaciones.,Holiday centre services.
55242000,Servicios de hogares de vacaciones.,Holiday home services.
55243000,Servicios de colonias de vacaciones para niños.,Children's holiday-camp services.
55250000,Servicios de arrendamiento de alojamiento amueblado de corta duración.,Letting services of short-stay furnished accommodation.
55260000,Servicios de coches cama.,Sleeping-car services.
55270000,Servicios prestados por establecimientos de alojamiento que ofrecen cama y desayuno.,Services provided by bed and breakfast establishments.
55300000,Servicios de restaurante y de suministro de comidas.,Restaurant and food-serving services.
55310000,Servicios de camareros de restaurante.,Restaurant waiter services.
55311000,Servicios de camareros de restaurante para clientela restringida.,Restricted-clientele restaurant waiter services.
55312000,Servicios de camareros de restaurante para clientela en general.,Unrestricted-clientele restaurant waiter services.
55320000,Servicios de suministro de comidas.,Meal-serving services.
55321000,Servicios de preparación de comidas.,Meal-preparation services.
55322000,Servicios de elaboración de comidas.,Meal-cooking services.
55330000,Servicios de cafetería.,Cafeteria services.
55400000,Servicios de suministro de bebidas.,Beverage-serving services.
55410000,Servicios de gestión de bares.,Bar management services.
55500000,Servicios de cantina y de suministros de comidas desde el exterior.,Canteen and catering services.
55510000,Servicios de cantina.,Canteen services.
55511000,Servicios de cantina y otros servicios de cafetería para clientela restringida.,Canteen and other restricted-clientele cafeteria services.
55512000,Servicios de gestión de cantina.,Canteen management services.
55520000,Servicios de suministro de comidas desde el exterior.,Catering services.
55521000,Servicios de suministro de comidas para particulares.,Catering services for private households.
55521100,Servicios de entrega de comidas a domicilio.,Meals-on-wheels services.
55521200,Servicios de entrega de comidas.,Meal delivery service.
55522000,Servicios de suministro de comidas para empresas de transporte.,Catering services for transport enterprises.
55523000,Servicios de suministro de comidas para otras empresas e instituciones.,Catering services for other enterprises or other institutions.
55523100,Servicios de comidas para escuelas.,School-meal services.
55524000,Servicios de suministro de comidas para escuelas.,School catering services.
55900000,Servicios comerciales al por menor.,Retail trade services.
60000000,Servicios de transporte (excluido el transporte de residuos).,Transport services (excl. Waste transport).
60100000,Servicios de transporte por carretera.,Road transport services.
60112000,Servicios de transporte por la vía pública.,Public road transport services.
60120000,Servicios de taxi.,Taxi services.
60130000,Servicios especiales de transporte de pasajeros por carretera.,Special-purpose road passenger-transport services.
60140000,Transporte no regular de pasajeros.,Non-scheduled passenger transport.
60150000,Transporte de pasajeros en vehículos de tracción animal.,Passenger transport by animal-drawn vehicles.
60160000,Transporte de correspondencia por carretera.,Mail transport by road.
60161000,Servicios de transporte de paquetes.,Parcel transport services.
60170000,Alquiler de vehículos para el transporte de pasajeros con conductor.,Hire of passenger transport vehicles with driver.
60171000,Alquiler de automóviles de pasajeros con conductor.,Hire of passenger cars with driver.
60172000,Alquiler de autobuses y autocares con conductor.,Hire of buses and coaches with driver.
60180000,Alquiler de vehículos de transporte de mercancías con conductor.,Hire of goods-transport vehicles with driver.
60181000,Alquiler de camiones con conductor.,Hire of trucks with driver.
60182000,Alquiler de vehículos industriales con conductor.,Hire of industrial vehicles with driver.
60183000,Alquiler de camionetas con conductor.,Hire of vans with driver.
60200000,Servicios de transporte ferroviario.,Railway transport services.
60210000,Servicios de transporte público por ferrocarril.,Public transport services by railways.
60220000,Transporte de correspondencia por ferrocarril.,Mail transport by railway.
60300000,Servicios de transporte por tuberías.,Pipeline transport services.
60400000,Servicios de transporte aéreo.,Air transport services.
60410000,Servicios de transporte aéreo regular.,Scheduled air transport services.
60411000,Servicios de transporte de correo aéreo regular.,Scheduled airmail transport services.
60420000,Servicios de transporte aéreo no regular.,Non-scheduled air transport services.
60421000,Servicios de transporte de correo aéreo no regular.,Non-scheduled airmail transport services.
60423000,Servicios chárter.,Air-charter services.
60424000,Alquiler de medios de transporte aéreo con tripulación.,Hire of air transport equipment with crew.
60424100,Alquiler de aeronaves con tripulación.,Hire of aircraft with crew.
60424110,Alquiler de aeronaves de ala fija con tripulación.,Hire of fixed-wing aircraft with crew.
60424120,Alquiler de helicópteros con tripulación.,Hire of helicopters with crew.
60440000,Servicios aéreos y servicios conexos.,Aerial and related services.
60441000,Servicios de pulverización aérea.,Aerial spraying services.
60442000,Servicios de extinción aérea de incendios forestales.,Aerial forest-firefighting services.
60443000,Servicios de rescate aéreo.,Air-rescue services.
60443100,Servicios de rescate aéreo-marítimo.,Air-sea rescue services.
60444000,Servicios de explotación de aeronaves.,Aircraft-operation services.
60444100,Servicios de piloto.,Pilot services.
60445000,Servicios de operación de aeronaves.,Aircraft operating services.
60500000,Servicios de transporte espacial.,Space transport services.
60510000,Servicios de lanzamiento de satélites.,Satellite launch services.
60520000,Servicios de carga útil experimental.,Experimental payload services.
60600000,Servicios de transporte por vías navegables.,Water transport services.
60610000,Servicios de transporte en transbordador.,Ferry transport services.
60620000,Transporte de correspondencia por vías navegables.,Transport by water of mail.
60630000,Servicios de embarcaciones para tendido de cables.,Cable-laying ship services.
60640000,Transportes marítimos.,Shipping operations.
60650000,Alquiler de medios de transporte por vías navegables con tripulación.,Hire of water transport equipment with crew.
60651000,Alquiler de embarcaciones con tripulación.,Hire of vessels with crew.
60651100,"Alquiler de embarcaciones de navegación marítima, con tripulación.",Hire of sea-going vessels with crew.
60651200,Alquiler de barcos de navegación interior con tripulación.,Hire of inland waterway vessels with crew.
60651300,Servicios de buques anticontaminantes.,Anti-pollution ship services.
60651400,Servicios de buques de cargas pesadas.,Heavy-lift ship services.
60651500,Servicios de buques de socorro.,Standby ship services.
60651600,Servicios de embarcaciones de suministro en alta mar.,Offshore supply ship services.
60653000,Alquiler de barcos con tripulación.,Hire of boats with crew.
63000000,Servicios de transporte complementarios y auxiliares; servicios de agencias de viajes.,Supporting and auxiliary transport services; travel agencies services.
63100000,"Servicios de carga, descarga y almacenamiento.",Cargo handling and storage services.
63110000,Servicios de manipulación de la carga.,Cargo handling services.
63111000,Servicios de carga y descarga de contenedores.,Container handling services.
63112000,Servicios de manipulación de equipajes.,Baggage handling services.
63112100,Servicios de manipulación de equipajes de pasajeros.,Passenger baggage handling services.
63112110,Servicios de recogida de equipaje.,Baggage collection services.
63120000,Servicios de almacenamiento y depósito.,Storage and warehousing services.
63121000,Servicios de almacenamiento y recuperación.,Storage and retrieval services.
63121100,Servicios de almacenamiento.,Storage services.
63121110,Servicios de almacenamiento de gas.,Gas storage services.
63122000,Servicios de depósito.,Warehousing services.
63500000,"Servicios de agencia de viajes, operadores turísticos y asistencia al turista.","Travel agency, tour operator and tourist assistance services."
63510000,Servicios de agencias de viajes y servicios similares.,Travel agency and similar services.
63511000,Organización de viajes combinados.,Organisation of package tours.
63512000,Servicios de venta de billetes y de viajes combinados.,Sale of travel tickets and package tours services.
63513000,Servicios de información turística.,Tourist information services.
63514000,Servicios de guías de turismo.,Tourist guide services.
63515000,Servicios de viajes.,Travel services.
63516000,Servicios de gestión de viajes.,Travel management services.
63520000,Servicios de compañía de transporte.,Transport agency services.
63521000,Servicios de compañía de transporte de carga.,Freight transport agency services.
63522000,Servicios de corretaje marítimo.,Ship brokerage services.
63523000,Servicios de agencias portuarias y expedidoras.,Port and forwarding agency services.
63524000,Servicios de preparación de documentos de transporte.,Transport document preparation services.
63700000,"Servicios complementarios para el transporte terrestre, marítimo y aéreo.","Support services for land, water and air transport."
63710000,Servicios complementarios para el transporte terrestre.,Support services for land transport.
63711000,Servicios complementarios para el transporte ferroviario.,Support services for railway transport.
63711100,Servicios de monitorización de trenes.,Train monitoring services.
63711200,Servicios de talleres móviles.,Moving workshops services.
63712000,Servicios complementarios para el transporte por carretera.,Support services for road transport.
63712100,Servicios de estaciones de autobuses.,Bus station services.
63712200,Servicios de explotación de autopistas.,Highway operation services.
63712210,Servicios de peaje en autopistas.,Highway toll services.
63712300,Servicios de explotación de puentes y túneles.,Bridge and tunnel operation services.
63712310,Servicios de operación de puentes.,Bridge operating services.
63712311,Servicios de peaje en puentes.,Bridge toll services.
63712320,Servicios de explotación de túneles.,Tunnel operation services.
63712321,Servicios de peaje en túneles.,Tunnel toll services.
63712400,Servicios de estacionamiento.,Parking services.
63712500,Servicios de puente-báscula.,Weighbridge services.
63712600,Servicios de repostaje de vehículos.,Vehicle refuelling services.
63712700,Servicios de control del tráfico.,Traffic control services.
63712710,Servicios de monitorización del tráfico.,Traffic monitoring services.
63720000,Servicios complementarios para transporte por vías navegables.,Support services for water transport.
63721000,Servicios de explotación de puertos y vías de navegación y servicios asociados.,Port and waterway operation services and associated services.
63721100,Servicios de reabastecimiento.,Bunkering services.
63721200,Servicios de explotación de puertos.,Port operation services.
63721300,Servicios de explotación de vías de navegación.,Waterway operation services.
63721400,Servicios de repostaje de buques.,Ship refuelling services.
63721500,Servicios de explotación de terminales de pasajeros.,Passenger terminal operation services.
63722000,Servicios de pilotaje naval.,Ship-piloting services.
63723000,Servicios de atraque.,Berthing services.
63724000,Servicios de navegación.,Navigation services.
63724100,Servicios de posicionamiento en alta mar.,Offshore positioning services.
63724110,Servicios de posicionamiento de buques faro.,Lightship positioning services.
63724200,Servicios de buques faro.,Lightship services.
63724300,Servicios de posicionamiento de boyas.,Buoy positioning services.
63724310,Servicios de balizado con boyas.,Buoy marking services.
63724400,Servicios de faro.,Lighthouse services.
63725000,Servicios de salvamento y puesta a flote.,Salvage and refloating services.
63725100,Servicios de salvamento de embarcaciones.,Vessel-salvaging services.
63725200,Servicios de embarcaciones de socorro.,Standby vessel services.
63725300,Servicios de puesta a flote de embarcaciones.,Vessel refloating services.
63726000,Servicios varios de soporte al transporte por vías navegables.,Miscellaneous water transport support services.
63726100,Servicios de matriculación de embarcaciones.,Vessel registration services.
63726200,Servicios de rompehielos.,Ice breaking services.
63726300,Servicios de depósito de barcos.,Vessel storage services.
63726400,Servicios de fletamento de barcos.,Ship chartering services.
63726500,Servicios de amarre de embarcaciones.,Vessel laying-up services.
63726600,Servicios de explotación de embarcaciones.,Ship-operating services.
63726610,Servicios de botadura de buques.,Ship-launching services.
63726620,Servicios de vehículos de control remoto (ROV).,ROV services.
63726700,Servicios de embarcaciones de pesca.,Fishing-vessel services.
63726800,Servicios de barcos de investigación.,Research vessel services.
63726900,Servicios de manipulación de anclas.,Anchor handling services.
63727000,Servicios de embarcaciones de remolque y tracción.,Towing and pushing services of ships.
63727100,Servicios de remolque.,Towing services.
63727200,Servicios de tracción.,Pushing services.
63730000,Servicios complementarios para el transporte aéreo.,Support services for air transport.
63731000,Servicios de explotación de aeropuertos.,Airport operation services.
63731100,Servicios de coordinación de franjas horarias en los aeropuertos.,Airport slot coordination services.
63732000,Servicios de control del tráfico aéreo.,Air-traffic control services.
63733000,Servicios de repostaje de aeronaves.,Aircraft refuelling services.
63734000,Servicios de hangares.,Hangar services.
64000000,Servicios de correos y telecomunicaciones.,Postal and telecommunications services.
64100000,Servicios postales y de correo rápido.,Post and courier services.
64110000,Servicios postales.,Postal services.
64111000,Servicios postales relacionados con periódicos y revistas.,Postal services related to newspapers and periodicals.
64112000,Servicios postales relacionados con cartas.,Postal services related to letters.
64113000,Servicios postales relacionados con paquetes.,Postal services related to parcels.
64114000,Servicios de ventanilla de correos.,Post office counter services.
64115000,Alquiler de apartados de correos.,Mailbox rental.
64116000,Servicios de lista de correos.,Post-restante services.
64120000,Servicios de correo rápido.,Courier services.
64121000,Servicios multimodales de correo.,Multi-modal courier services.
64121100,Servicios de distribución postal.,Mail delivery services.
64121200,Servicios de distribución de paquetes.,Parcel delivery services.
64122000,Servicios de correo interno.,Internal office mail and messenger services.
64200000,Servicios de telecomunicaciones.,Telecommunications services.
64210000,Servicios telefónicos y de transmisión de datos.,Telephone and data transmission services.
64211000,Servicios de teléfonos públicos.,Public-telephone services.
64211100,Servicios de telefonía local.,Local telephone services.
64211200,Servicios de telefonía de larga distancia.,Long distance telephone services.
64212000,Servicios de telefonía móvil.,Mobile-telephone services.
64212100,Servicios del Servicio de Mensajes Cortos (SMS).,Short Message Service (SMS) services.
64212200,Servicios del Servicio de Mensajería Multimedia (EMS).,Enhanced Messaging Service (EMS) services.
64212300,Servicios del Servicio de Mensajes Multimedia (MMS),Multimedia Message Service (MMS) services.
64212400,Servicios del Protocolo de Acceso Inalámbrico (WAP).,Wireless Application Protocol (WAP) services.
64212500,Servicios del Servicio General de Radio por Paquetes (GPRS).,General Packet Radio Services (GPRS) services.
64212600,Servicios de Datos Ampliados para la Evolución de GSM (EDGE).,Enhanced Data for GSM Evolution (EDGE) services.
64212700,Servicios del Sistema Universal de Telefonía Móvil (UMTS).,Universal Mobile Telephone System (UMTS) services.
64212800,Servicios de proveedor de telefonía de pago.,Pay phone provider services.
64212900,Servicios de proveedor de tarjetas telefónicas de prepago.,Pre paid phone card provider services.
64213000,Servicios de redes telefónicas comerciales compartidas.,Shared-business telephone network services.
64214000,Servicios de redes telefónicas comerciales especializadas.,Dedicated-business telephone network services.
64214100,Servicios de alquiler de circuitos por satélite.,Satellite circuit rental services.
64214200,Servicios de centralitas telefónicas.,Telephone switchboard services.
64214400,Alquiler de líneas terrestres de comunicación.,Communication land-line rental.
64215000,Servicios telefónicos PI.,IP Telephone services.
64216000,Servicios de mensajería y de información electrónicas.,Electronic message and information services.
64216100,Servicios de mensajería electrónica.,Electronic message services.
64216110,Servicios de intercambio electrónico de datos.,Electronic data exchange services.
64216120,Servicios de correo electrónico.,Electronic mail services.
64216130,Servicios de télex.,Telex services.
64216140,Servicios de telegrafía.,Telegraph services.
64216200,Servicios de información electrónica.,Electronic information services.
64216210,Servicios de información con valor añadido.,Value-added information services.
64216300,Servicios de teletexto.,Teletext services.
64220000,"Servicios de telecomunicaciones, excepto servicios telefónicos y de transmisión de datos.",Telecommunication services except telephone and data transmission services.
64221000,Servicios de interconexión.,Interconnection services.
64222000,Servicios de teletrabajo.,Teleworking services.
64223000,Servicios de radiobúsqueda.,Paging services.
64224000,Servicios de teleconferencia.,Teleconferencing services.
64225000,Servicios de telecomunicaciones aire-tierra.,Air-to-ground telecommunications services.
64226000,Servicios de telemática.,Telematics services.
64227000,Servicios de telecomunicaciones integradas.,Integrated telecommunications services.
64228000,Servicios de transmisión de programas de televisión y de radio.,Television and radio broadcast transmission services.
64228100,Servicios de transmisión de programas de televisión.,Television broadcast transmission services.
64228200,Servicios de transmisión de programas de radio.,Radio broadcast transmission services.
65000000,Servicios públicos.,Public utilities.
65100000,Distribución de agua y servicios conexos.,Water distribution and related services.
65110000,Distribución de agua.,Water distribution.
65111000,Distribución de agua potable.,Drinking-water distribution.
65120000,Explotación de una planta depuradora de agua.,Operation of a water-purification plant.
65121000,Servicios de desmineralización del agua.,Water demineralisation services.
65122000,Servicios de desalinización del agua.,Water desalination services.
65123000,Servicios de ablandamiento del agua.,Water softening services.
65130000,Explotación del suministro de agua.,Operation of water supplies.
65200000,Distribución de gas y servicios conexos.,Gas distribution and related services.
65210000,Distribución de gas.,Gas distribution.
65300000,Distribución de electricidad y servicios conexos.,Electricity distribution and related services.
65310000,Distribución de electricidad.,Electricity distribution.
65320000,Explotación de instalaciones eléctricas.,Operation of electrical installations.
65400000,Otras fuentes de aprovisionamiento y distribución de energía.,Other sources of energy supplies and distribution.
65410000,Explotación de una central eléctrica.,Operation of a power plant.
65500000,Servicio de lectura de contadores.,Meter reading service.
66000000,Servicios financieros y de seguros.,Financial and insurance services.
66100000,Servicios bancarios y de inversión.,Banking and investment services.
66110000,Servicios bancarios.,Banking services.
66111000,Servicios prestados por los bancos centrales.,Central bank services.
66112000,Servicios de depósito de fondos.,Deposit services.
66113000,Servicios de concesión de crédito.,Credit granting services.
66113100,Servicios de concesión de microcréditos.,Micro-credit granting services.
66114000,Servicios de arrendamiento financiero.,Financial leasing services.
66115000,Servicios de transferencias internacionales.,International payment transfer services.
66120000,Servicios bancarios de inversiones y servicios relacionados.,Investment banking services and related services.
66121000,Servicios de fusiones y adquisiciones.,Mergers and acquisition services.
66122000,Servicios de financiación de empresas y de capital riesgo.,Corporate finance and venture capital services.
66130000,Servicios de corretaje y servicios relativos a valores y mercancías.,Brokerage and related securities and commodities services.
66131000,Servicios de corretaje de valores.,Security brokerage services.
66131100,Servicios de inversión en los fondos de jubilaciones.,Pension investment services.
66132000,Servicios de corretaje de mercancías.,Commodity brokerage services.
66133000,Servicios de tramitación y liquidación.,Processing and clearing services.
66140000,Servicios de gestión de cartera.,Portfolio management services.
66141000,Servicios de gestión de fondos de pensiones.,Pension fund management services.
66150000,Servicios de administración de los mercados financieros.,Financial markets administration services.
66151000,Servicios operativos del mercado financiero.,Financial market operational services.
66151100,Servicios de venta minorista electrónica.,Electronic marketplace retailing services.
66152000,Servicios de regulación del mercado financiero.,Financial market regulatory services.
66160000,Servicios fiduciarios y de custodia.,Trust and custody services.
66161000,Servicios fiduciarios.,Trust services.
66162000,Servicios de custodia.,Custody services.
66170000,"Servicios de asesoramiento financiero, de procesamiento de transacciones financieras y de cámara de compensación.","Financial consultancy, financial transaction processing and clearing-house services."
66171000,Servicios de asesoramiento financiero.,Financial consultancy services.
66172000,Servicios de procesamiento de transacciones financieras y de cámara de compensación.,Financial transaction processing and clearing-house services.
66180000,Servicios de cambio de divisas.,Foreign exchange services.
66190000,Servicios de corretaje de prestamos.,Loan brokerage services.
66500000,Servicios de seguros y pensiones.,Insurance and pension services.
66510000,Servicios de seguros.,Insurance services.
66511000,Servicios de seguros de vida.,Life insurance services.
66512000,Servicios de seguros de accidentes y de enfermedad.,Accident and health insurance services.
66512100,Servicios de seguros de accidentes.,Accident insurance services.
66512200,Servicios de seguros de asistencia médica.,Health insurance services.
66512210,Servicios de seguro voluntario de asistencia médica.,Voluntary health insurance services.
66512220,Servicios de seguros médicos.,Medical insurance services.
66513000,Servicios de seguros de defensa jurídica y de seguros a todo riesgo.,Legal insurance and all-risk insurance services.
66513100,Servicios de seguros de defensa jurídica.,Legal expenses insurance services.
66513200,Servicios de seguros de todo riesgo para la construcción.,Contractor's all-risk insurance services.
66514000,Seguros de flete y servicios de seguros relacionados con el transporte.,Freight insurance and Insurance services relating to transport.
66514100,Seguros relacionados con el transporte.,Insurance related to Transport.
66514110,Servicios de seguros de automóviles.,Motor vehicle insurance services.
66514120,"Servicios de seguro marítimo, de aviación y de transportes de otro tipo.","Marine, aviation and other transport insurance services."
66514130,Servicios de seguros de ferrocarril.,Railway insurance services.
66514140,Servicios de seguros de aeronaves.,Aircraft insurance services.
66514150,Servicios de seguros de embarcaciones.,Vessel insurance services.
66514200,Servicios de seguros de fletes.,Freight insurance services.
66515000,Servicios de seguros de daños.,Damage or loss insurance services.
66515100,Servicios de seguros de incendio.,Fire insurance services.
66515200,Servicios de seguros de cosas.,Property insurance services.
66515300,Servicios de seguros contra inclemencias del tiempo y pérdida financiera.,Weather and financial loss insurance services.
66515400,Servicios de seguros contra las inclemencias del tiempo.,Weather-related insurance services.
66515410,Servicios de seguros contra pérdidas financieras.,Financial loss insurance services.
66515411,Servicios de seguros de pérdida pecuniaria.,Pecuniary loss insurance services.
66516000,Servicios de seguros de responsabilidad civil.,Liability insurance services.
66516100,Servicios de seguros de responsabilidad civil de automóviles.,Motor vehicle liability insurance services.
66516200,Servicios de seguros de responsabilidad civil de aeronaves.,Aircraft liability insurance services.
66516300,Servicios de seguros de responsabilidad civil de embarcaciones.,Vessel liability insurance services.
66516400,Servicios de seguros de responsabilidad civil general.,General liability insurance services.
66516500,Servicios de seguros de responsabilidad profesional.,Professional liability insurance services.
66517000,Servicios de seguros de crédito y caución.,Credit and surety insurance services.
66517100,Servicios de seguros de crédito.,Credit insurance services.
66517200,Servicios de seguros de caución.,Surety insurance services.
66517300,Servicios de seguros de administración de riesgos.,Risk management insurance services.
66518000,Servicios de corretaje y de agencias de seguros.,Insurance brokerage and agency services.
66518100,Servicios de corretaje de seguros.,Insurance brokerage services.
66518200,Servicios de compañías de seguros.,Insurance agency services.
66518300,Servicios de peritaje de daños.,Insurance claims adjustment services.
66519000,"Servicios de seguros de ingeniería, complementarios, de liquidación de avería gruesa, de liquidación de siniestros, actuariales y de rescates.","Engineering, auxiliary, average, loss, actuarial and salvage insurance services."
66519100,Servicios de seguros de plataformas de petróleo o de gas.,Oil or gas platforms insurance services.
66519200,Servicios de seguros de ingeniería.,Engineering insurance services.
66519300,Servicios de seguros complementarios.,Auxiliary insurance services.
66519310,Servicios de asesoramiento en materia de seguros.,Insurance consultancy services.
66519400,Servicios de liquidación de avería gruesa.,Average adjustment services.
66519500,Servicios de liquidación de siniestros.,Loss adjustment services.
66519600,Servicios actuariales.,Actuarial services.
66519700,Servicios de gestión de rescates.,Salvage administration services.
66520000,Servicios de pensiones.,Pension services.
66521000,Servicios de planes de pensiones individuales.,Individual pension services.
66522000,Servicios de pensiones de grupo.,Group pension services.
66523000,Servicios de asesoramiento sobre fondos de pensiones.,Pension fund consultancy services.
66523100,Servicios de administración de fondos de pensiones.,Pension fund administration services.
66600000,Servicios de tesorería.,Treasury services.
66700000,Servicios de reaseguro.,Reinsurance services.
66710000,Servicios de reaseguro de vida.,Life reinsurance services.
66720000,Servicios de reaseguro de accidente y enfermedad.,Accident and health reinsurance services.
70000000,Servicios inmobiliarios.,Real estate services.
70100000,Servicios inmobiliarios relacionados con bienes raíces propios.,Real estate services with own property.
70110000,Servicios de promoción de bienes raíces.,Development services of real estate.
70111000,Promoción de bienes raíces residenciales.,Development of residential real estate.
70112000,Promoción de bienes raíces no residenciales.,Development of non-residential real estate.
70120000,Compraventa de bienes raíces.,Buying and selling of real estate.
70121000,Servicios de compra o venta de edificios.,Building sale or purchase services.
70121100,Servicios de venta de edificios.,Building sale services.
70121200,Servicios de compra de edificios.,Building purchase services.
70122000,Servicios de compra o venta de terrenos.,Land sale or purchase services.
70122100,Servicios de venta de terrenos.,Land sale services.
70122110,Servicios de venta de terrenos desocupados.,Vacant-land sale services.
70122200,Servicios de compra de terrenos.,Land purchase services.
70122210,Servicios de compra de terrenos desocupados.,Vacant-land purchase services.
70123000,Venta de bienes raíces.,Sale of real estate.
70123100,Venta de bienes raíces residenciales.,Sale of residential real estate.
70123200,Venta de bienes raíces no residenciales.,Sale of non-residential estate.
70130000,Servicios de arrendamiento de bienes raíces propios.,Letting services of own property.
70200000,Servicios de alquiler o arrendamiento financiero relativos a bienes raíces propios.,Renting or leasing services of own property.
70210000,Residential property renting or leasing services.,Residential property renting or leasing services.
70220000,Servicios de alquiler o arrendamiento financiero relativos a bienes raíces no residenciales propios.,Non-residential property renting or leasing services.
70300000,Servicios varios de agencias inmobiliarias a comisión o por contrato.,Real estate agency services on a fee or contract basis.
70310000,Servicios de alquiler o venta de edificios.,Building rental or sale services.
70311000,Servicios de alquiler o venta de edificios residenciales.,Residential building rental or sale services.
70320000,Servicios de alquiler o venta de terrenos.,Land rental or sale services.
70321000,Servicios de alquiler de terrenos.,Land rental services.
70322000,Servicios de alquiler o venta de terrenos desocupados.,Vacant-land rental or sale services.
70330000,Servicios de administración de bienes raíces a comisión o por contrato.,Property management services of real estate on a fee or contract basis.
70331000,Servicios relacionados con propiedades residenciales.,Residential property services.
70331100,Servicios de gestión de instituciones.,Institution management services.
70332000,Servicios relacionados con propiedades no residenciales.,Non-residential property services.
70332100,Servicios de administración de terrenos.,Land management services.
70332200,Servicios de administración de propiedades comerciales.,Commercial property management services.
70332300,Servicios relacionados con la propiedad industrial.,Industrial property services.
70333000,Servicios relacionados con viviendas.,Housing services.
70340000,Servicios relacionados con la multipropiedad.,Time-sharing services.
71000000,"Servicios de arquitectura, construcción, ingeniería e inspección.","Architectural, construction, engineering and inspection services."
71200000,Servicios de arquitectura y servicios conexos.,Architectural and related services.
71210000,Servicios de asesoramiento en arquitectura.,Advisory architectural services.
71220000,Servicios de diseño arquitectónico.,Architectural design services.
71221000,Servicios de arquitectura para edificios.,Architectural services for buildings.
71222000,Servicios de arquitectura para instalaciones al aire libre.,Architectural services for outdoor areas.
71222100,Servicios de cartografía de zonas urbanas.,Urban areas mapping services.
71222200,Servicios de cartografía de zonas rurales.,Rural areas mapping services.
71223000,Servicios de arquitectura para trabajos de ampliación de edificios.,Architectural services for building extensions.
71230000,Servicios de organización de concursos de proyectos de arquitectura.,Organisation of architectural design contests.
71240000,"Servicios de arquitectura, ingeniería y planificación.","Architectural, engineering and planning services."
71241000,"Estudio de viabilidad, servicios de asesoramiento, análisis.","Feasibility study, advisory service, analysis."
71242000,"Elaboración de proyectos y diseños, presupuestos.","Project and design preparation, estimation of costs."
71243000,Anteproyectos (sistemas e integración).,Draft plans (systems and integration).
71244000,"Cálculo de costes, seguimiento de costes.","Calculation of costs, monitoring of costs."
71245000,"Proyectos presentados para aprobación, planos de ejecución y especificaciones.","Approval plans, working drawings and specifications."
71246000,Determinación y listado de cantidades necesarias para la construcción.,Determining and listing of quantities in construction.
71247000,Supervisión del trabajo de construcción.,Supervision of building work.
71248000,Supervisión del proyecto y documentación.,Supervision of project and documentation.
71250000,"Servicios de arquitectura, ingeniería y agrimensura.","Architectural, engineering and surveying services."
71251000,Servicios de arquitectura y de planimetría de edificios.,Architectural and building-surveying services.
71300000,Servicios de ingeniería.,Engineering services.
71310000,Servicios de consultoría en ingeniería y construcción.,Consultative engineering and construction services.
71311000,Servicios de consultoría en ingeniería civil.,Civil engineering consultancy services.
71311100,Servicios de asistencia en ingeniería civil.,Civil engineering support services.
71311200,Servicios de consultoría en sistemas de transporte.,Transport systems consultancy services.
71311210,Servicios de consultoría en materia de carreteras.,Highways consultancy services.
71311220,Servicios de ingeniería de caminos.,Highways engineering services.
71311230,Servicios de ingeniería ferroviaria.,Railway engineering services.
71311240,Servicios de ingeniería aeroportuaria.,Airport engineering services.
71311300,Servicios de consultoría en infraestructura.,Infrastructure works consultancy services.
71312000,Servicios de consultoría en ingeniería de estructuras.,Structural engineering consultancy services.
71313000,Servicios de consultoría en ingeniería ambiental.,Environmental engineering consultancy services.
71313100,Servicios de consultoría en control del ruido.,Noise-control consultancy services.
71313200,Servicios de consultoría en aislamiento acústico y acústica arquitectural.,Sound insulation and room acoustics consultancy services.
71313400,Evaluación del impacto ambiental para la construcción.,Environmental impact assessment for construction.
71313410,Evaluación del riesgo o peligro para la construcción.,Risk or hazard assessment for construction.
71313420,Normas ambientales para la construcción.,Environmental standards for construction.
71313430,Análisis de indicadores ambientales para la construcción.,Environmental indicators analysis for construction.
71313440,Servicios de evaluación del Impacto Ambiental (EIA) para la construcción.,Environmental Impact Assessment (EIA) services for construction.
71313450,Seguimiento ambiental para la construcción.,Environmental monitoring for construction.
71314000,Servicios de energía y servicios conexos.,Energy and related services.
71314100,Servicios de electricidad.,Electrical services.
71314200,Servicios de gestión de energía.,Energy-management services.
71314300,Servicios de consultoría en rendimiento energético.,Energy-efficiency consultancy services.
71314310,Servicios de física térmica para edificios.,Heating engineering services for buildings.
71315000,Instalaciones técnicas de edificios.,Building services.
71315100,Servicios de consultoría en construcción de edificios.,Building-fabric consultancy services.
71315200,Servicios de consultoría en materia de edificios.,Building consultancy services.
71315210,Servicios de consultoría en acometidas de edificios.,Building services consultancy services.
71315300,Servicios de planimetría de edificios.,Building surveying services.
71315400,Servicios de inspección de edificios.,Building-inspection services.
71315410,Inspección del sistema de ventilación.,Inspection of ventilation system.
71316000,Servicios de consultoría en telecomunicaciones.,Telecommunication consultancy services.
71317000,Servicios de consultoría en protección y control de riesgos.,Hazard protection and control consultancy services.
71317100,Servicios de consultoría en protección y control de incendios y explosiones.,Fire and explosion protection and control consultancy services.
71317200,Servicios de salud y seguridad.,Health and safety services.
71317210,Servicios de consultoría en salud y seguridad.,Health and safety consultancy services.
71318000,Servicios de asesoramiento y consultoría en ingeniería.,Advisory and consultative engineering services.
71318100,Servicios de luminotecnia y de iluminación natural.,Artificial and natural lighting engineering services for buildings.
71319000,Servicios de peritaje.,Expert witness services.
71320000,Servicios de diseño técnico.,Engineering design services.
71321000,Servicios de diseño técnico de instalaciones mecánicas y eléctricas para edificios.,Engineering design services for mechanical and electrical installations for buildings.
71321100,Servicios de evaluación económica de la construcción.,Construction economics services.
71321200,Servicios de diseño de sistemas de calefacción.,Heating-system design services.
71321300,Servicios de consultoría en fontanería.,Plumbing consultancy services.
71321400,Servicios de consultoría en ventilación.,Ventilation consultancy services.
71322000,Servicios de diseño técnico para la construcción de obras de ingeniería civil.,Engineering design services for the construction of civil engineering works.
71322100,Servicios de estudio de dimensiones para obras de ingeniería civil.,Quantity surveying services for civil engineering works.
71322200,Servicios de diseño de tuberías.,Pipeline design services.
71322300,Servicios de diseño de puentes.,Bridge-design services.
71322400,Servicios de diseño de represas.,Dam-design services.
71322500,Servicios de diseño técnico de instalaciones de tráfico.,Engineering design services for traffic installations.
71323000,Servicios de diseño técnico del proceso y la producción industriales.,Engineering design services for industrial process and production.
71323100,Servicios de diseño de sistemas eléctricos.,Electrical power systems design services.
71323200,Servicios de diseño de ingeniería de instalaciones.,Plant engineering design services.
71324000,Servicios de estudio de dimensiones.,Quantity surveying services.
71325000,Servicios de proyecto de cimientos.,Foundation design services.
71326000,Servicios auxiliares de edificios.,Ancillary building services.
71327000,Servicios de diseño de la estructura.,Load-bearing structure design services.
71328000,Servicios de verificación de la estructura.,Verification of load-bearing structure design services.
71330000,Servicios diversos de ingeniería.,Miscellaneous engineering services.
71331000,Servicios de ingeniería en materia de lodos de perforación.,Drilling-mud engineering services.
71332000,Servicios de ingeniería geotécnica.,Geotechnical engineering services.
71333000,Servicios de ingeniería mecánica.,Mechanical engineering services.
71334000,Servicios de ingeniería mecánica y eléctrica.,Mechanical and electrical engineering services.
71335000,Estudios de ingeniería.,Engineering studies.
71336000,Servicios complementarios de ingeniería.,Engineering support services.
71337000,Servicios técnicos de protección contra la corrosión.,Corrosion engineering services.
71340000,Servicios integrados de ingeniería.,Integrated engineering services.
71350000,Servicios científicos y técnicos relacionados con la ingeniería.,Engineering-related scientific and technical services.
71351000,"Servicios de prospección geológica, geofísica y otros tipos de prospección científica.","Geological, geophysical and other scientific prospecting services."
71351100,Servicios de preparación y análisis de testigos.,Core preparation and analysis services.
71351200,Servicios de consultoría en materia geológica y geofísica.,Geological and geophysical consultancy services.
71351210,Servicios de consultoría en geofísica.,Geophysical consultancy services.
71351220,Servicios de consultoría en geología.,Geological consultancy services.
71351300,Servicios de análisis micropaleontológico.,Micropalaeontological analysis services.
71351400,Servicios de interpretación petrofísica.,Petrophysical interpretation services.
71351500,Servicios de estudio de suelos.,Ground investigation services.
71351600,Servicios de predicción del tiempo.,Weather-forecasting services.
71351610,Servicios de meteorología.,Meteorology services.
71351611,Servicios de climatología.,Climatology services.
71351612,Servicios de hidrometeorología.,Hydrometeorology services.
71351700,Servicios de prospección científica.,Scientific prospecting services.
71351710,Servicios de prospección geofísica.,Geophysical prospecting services.
71351720,Levantamiento geofísico de yacimientos arqueológicos.,Geophysical surveys of archaeological sites.
71351730,Servicios de prospección geológica.,Geological prospecting services.
71351800,Servicios topográficos y de radiestesia.,Topographical and water divining services.
71351810,Servicios topográficos.,Topographical services.
71351811,Levantamiento topográfico de yacimientos arqueológicos.,Topographical surveys of archaeological sites.
71351820,Servicios de radiestesia.,Water divining services.
71351900,"Servicios de geología, oceanografía e hidrología.","Geology, oceanography and hydrology services."
71351910,Servicios de geología.,Geology services.
71351911,Servicios de fotogeología.,Photogeology services.
71351912,Servicios de geología estratigráfica.,Stratigraphic geology services.
71351913,Servicios de exploración geológica.,Geological exploration services.
71351914,Servicios arqueológicos.,Archaeological services.
71351920,Servicios de oceanografía e hidrología.,Oceanography and hydrology services.
71351921,Servicios de oceanografía estuarial.,Estuarine oceanography services.
71351922,Servicios de oceanografía física.,Physical oceanography services.
71351923,Servicios de mediciones batimétricas.,Bathymetric surveys services.
71351924,Servicios de exploración subacuática.,Underwater exploration services.
71352000,Servicios de topografía subterránea.,Subsurface surveying services.
71352100,Servicios de sismología.,Seismic services.
71352110,Servicios de estudios sismográficos.,Seismographic surveying services.
71352120,Servicios de adquisición de datos sísmicos.,Seismic data acquisition services.
71352130,Servicios de recogida de datos sísmicos.,Seismic data collection services.
71352140,Servicios de tratamiento de datos sísmicos.,Seismic processing services.
71352300,Servicios de exploración magnetométrica.,Magnetometric surveying services.
71353000,Servicios de mediciones topográficas de superficie.,Surface surveying services.
71353100,Servicios de estudios hidrográficos.,Hydrographic surveying services.
71353200,Servicios de topografía dimensional.,Dimensional surveying services.
71354000,Servicios de cartografía.,Map-making services.
71354100,Servicios de cartografía digital.,Digital mapping services.
71354200,Servicios de cartografía aérea.,Aerial mapping services.
71354300,Servicios de estudios catastrales.,Cadastral surveying services.
71354400,Servicios hidrográficos.,Hydrographic services.
71354500,Servicios de investigación marítima.,Marine survey services.
71355000,Servicios de agrimensura.,Surveying services.
71355100,Servicios de fotogrametría.,Photogrammetry services.
71355200,Servicio oficial de topografía catastral.,Ordnance surveying.
71356000,Servicios técnicos.,Technical services.
71356100,Servicios de control técnico.,Technical control services.
71356200,Servicios de asistencia técnica.,Technical assistance services.
71356300,Servicios de apoyo técnico.,Technical support services.
71356400,Servicios de planificación técnica.,Technical planning services.
71400000,Servicios de planificación urbana y de arquitectura paisajística.,Urban planning and landscape architectural services.
71410000,Servicios de urbanismo.,Urban planning services.
71420000,Servicios de arquitectura paisajística.,Landscape architectural services.
71421000,Servicios de jardinería paisajística.,Landscape gardening services.
71500000,Servicios relacionados con la construcción.,Construction-related services.
71510000,Servicios de estudio del emplazamiento.,Site-investigation services.
71520000,Servicios de supervisión de obras.,Construction supervision services.
71521000,Servicios de supervisión del emplazamiento de la obra.,Construction-site supervision services.
71530000,Servicios de consultoría en materia de construcción.,Construction consultancy services.
71540000,Servicios de gestión de obras.,Construction management services.
71541000,Servicios de gestión de proyectos de construcción.,Construction project management services.
71550000,Servicios de herrería.,Blacksmith services.
71600000,"Servicios de ensayo, análisis y consultoría técnicos.","Technical testing, analysis and consultancy services."
71610000,Servicios de ensayo y análisis de composición y pureza.,Composition and purity testing and analysis services.
71620000,Servicios de análisis.,Analysis services.
71621000,Servicios de ensayo o consultoría técnicos.,Technical analysis or consultancy services.
71630000,Servicios de inspección y ensayo técnicos.,Technical inspection and testing services.
71631000,Servicios de inspección técnica.,Technical inspection services.
71631100,Servicios de inspección de maquinaria.,Machinery-inspection services.
71631200,Servicios de inspección técnica de automóviles.,Technical automobile inspection services.
71631300,Servicios de inspección técnica de edificios.,Technical building-inspection services.
71631400,Servicios de inspección técnica de estructuras de ingeniería.,Technical inspection services of engineering structures.
71631420,Servicios de inspección relacionados con la seguridad marítima.,Maritime safety inspection services.
71631430,Servicios de verificación de fugas.,Leak-testing services.
71631440,Servicios de control de flujos.,Flow-monitoring services.
71631450,Servicios de inspección de puentes.,Bridge-inspection services.
71631460,Servicios de inspección de represas.,Dam-inspection services.
71631470,Servicios de inspección de vías férreas.,Railway-track inspection services.
71631480,Servicios de inspección de carreteras.,Road inspection services.
71631490,Servicios de inspección de pistas de aterrizaje.,Runway inspection services.
71632000,Servicios de ensayo técnico.,Technical testing services.
71632100,Servicios de ensayo de válvulas.,Valve-testing services.
71632200,Servicios de ensayo no destructivo.,Non-destructive testing services.
71700000,Servicios de monitorización y control.,Monitoring and control services.
71730000,Servicios de inspección industrial.,Industrial inspection services.
71731000,Servicios de control de calidad industrial.,Industrial quality control services.
71800000,Servicios de consultoría en suministro de agua y en materia de desechos.,Consulting services for water-supply and waste consultancy.
71900000,Servicios de laboratorio.,Laboratory services.
72000000,"Servicios TI: consultoría, desarrollo de software, Internet y apoyo.","IT services: consulting, software development, Internet and support."
72100000,Servicios de consultoría en equipo informático.,Hardware consultancy services.
72110000,Servicios de consultoría en la selección del equipo informático.,Hardware selection consultancy services.
72120000,Servicios de consultoría en recuperación de equipo informático en caso de catástrofe.,Hardware disaster-recovery consultancy services.
72130000,Servicios de consultoría en planificación de instalaciones informáticas.,Computer-site planning consultancy services.
72140000,Servicios de consultoría en pruebas de aceptación de equipo informático.,Computer hardware acceptance testing consultancy services.
72150000,Servicios de consultoría en auditoría informática y en equipo informático.,Computer audit consultancy and hardware consultancy services.
72200000,Servicios de programación de «software» y de consultoría.,Software programming and consultancy services.
72210000,Servicios de programación de paquetes de «software».,Programming services of packaged software products.
72211000,Servicios de programación de sistemas y «software» de usuario.,Programming services of systems and user software.
72212000,Servicios de programación de «software» de aplicación.,Programming services of application software.
72212100,Servicios de desarrollo de software específico de un sector económico.,Industry specific software development services.
72212110,Servicios de desarrollo de software de puntos de venta.,Point of sale (POS) software development services.
72212120,Servicios de desarrollo de software de control de vuelos.,Flight control software development services.
72212121,Servicios de desarrollo de software de control del tránsito aéreo.,Air traffic control software development services.
72212130,Servicios de desarrollo de software de apoyo en tierra y de ensayos para la aviación.,Aviation ground support and test software development services.
72212131,Servicios de desarrollo de software de equipos de apoyo en tierra para la aviación.,Aviation ground support software development services.
72212132,Servicios de desarrollo de software de ensayos para la aviación.,Aviation test software development services.
72212140,Servicios de desarrollo de software de control del tráfico ferroviario.,Railway traffic control software development services.
72212150,Servicios de desarrollo de software de control industrial.,Industrial control software development services.
72212160,Servicios de desarrollo de software de bibliotecas.,Library software development services.
72212170,Servicios de desarrollo de software de conformidad.,Compliance software development services.
72212180,Servicios de desarrollo de software médico.,Medical software development services.
72212190,Servicios de desarrollo de software educativo.,Educational software development services.
72212200,"Servicios de desarrollo de software de conexión en red, Internet e intranet.","Networking, Internet and intranet software development services."
72212210,Servicios de desarrollo de software de conexión en red.,Networking software development services.
72212211,Servicios de desarrollo de software de interconectividad de plataformas.,Platform interconnectivity software development services.
72212212,Servicios de desarrollo de software de servidor de discos ópticos.,Optical jukebox server software development services.
72212213,Servicios de desarrollo de software para mejorar el sistema operativo.,Operating system enhancement software development services.
72212214,Servicios de desarrollo de software de sistemas operativos en red.,Network operating system software development services.
72212215,Servicios de desarrollo de software de desarrolladores de redes.,Networking developers software development services.
72212216,Servicios de desarrollo de software de emulación de terminal de conectividad de redes.,Network connectivity terminale mulation software development services.
72212217,Servicios de desarrollo de software de proceso de transacciones.,Transaction-processing software development services.
72212218,Servicios de desarrollo de software de gestión de licencias.,License management software development services.
72212219,Servicios diversos de desarrollo de software de conexión en red.,Miscellaneous networking software development services.
72212220,Servicios de desarrollo de software de Internet e intranet.,Internet and intranet software development services.
72212221,Servicios de desarrollo de software de navegación en Internet.,Internet browsing software development services.
72212222,Servicios de desarrollo de software de servidores web.,Web server software development services.
72212223,Servicios de desarrollo de software de correo electrónico.,Electronic mail software development services.
72212224,Servicios de desarrollo de software de edición de páginas web.,Web page editing software development services.
72212300,"Servicios de desarrollo de software de creación de documentos, dibujo, tratamiento de imágenes, planificación y productividad.","Document creation, drawing, imaging, scheduling and productivity software development services."
72212310,Servicios de desarrollo de software de creación de documentos.,Document creation software development services.
72212311,Servicios de desarrollo de software de gestión de documentos.,Document management software development services.
72212312,Servicios de desarrollo de software de edición electrónica.,Electronic publishing software development services.
72212313,Servicios de desarrollo de software de reconocimiento óptico de caracteres (OCR).,Optical-character-recognition (OCR) software development services.
72212314,Servicios de desarrollo de software de reconocimiento vocal.,Voice recognition software development services.
72212315,Servicios de desarrollo de software de autoedición.,Desktop-publishing software development services.
72212316,Servicios de desarrollo de software de presentación.,Presentation software development services.
72212317,Servicios de desarrollo de software de tratamiento de textos.,Word-processing software development services.
72212318,Servicios de desarrollo de software de escáner.,Scanner software development services.
72212320,Servicios de desarrollo de software de dibujo y tratamiento de imágenes.,Drawing and imaging software development services.
72212321,Servicios de desarrollo de software de diseño asistido por ordenador (DAO).,Computer aided design (CAD) software development services.
72212322,Servicios de desarrollo de software de gráficos.,Graphics software development services.
72212323,Servicios de desarrollo de software de fabricación asistida por ordenador (FAO).,Computer aided manufacturing (CAM) software development services.
72212324,Servicios de desarrollo de software de trazado de diagramas.,Charting software development services.
72212325,Servicios de desarrollo de software de diseño de formularios.,Form making software development services.
72212326,Servicios de desarrollo de software cartográfico.,Mapping software development services.
72212327,Servicios de desarrollo de software de dibujo y pintura.,Drawing and painting software development services.
72212328,Servicios de desarrollo de software de tratamiento de imágenes.,Image-processing software development services.
72212330,Servicios de desarrollo de software de planificación y productividad.,Scheduling and productivity software development services.
72212331,Servicios de desarrollo de software de gestión de proyectos.,Project management software development services.
72212332,Servicios de desarrollo de software de planificación.,Scheduling software development services.
72212333,Servicios de desarrollo de software de gestión de contactos.,Contact management software development services.
72212400,Servicios de desarrollo de software de transacciones comerciales y personales.,Business transaction and personal business software development services.
72212410,Servicios de desarrollo de software de gestión de inversiones y elaboración de declaraciones fiscales.,Investment management and tax preparation software development services.
72212411,Servicios de desarrollo de software de gestión de inversiones.,Investment management software development services.
72212412,Servicios de desarrollo de software de elaboración de declaraciones fiscales.,Tax preparation software development services.
72212420,Servicios de desarrollo de software de la gestión de instalaciones y suite de servicios de desarrollo de software.,Facilities management software development services and software development services suite.
72212421,Servicios de desarrollo de software de gestión de instalaciones.,Facilities management software development services.
72212422,Suites de servicios de desarrollo de software.,Software development services suites.
72212430,Servicios de desarrollo de software de gestión de inventarios.,Inventory management software development services.
72212440,Servicios de desarrollo de software de análisis financiero y contabilidad.,Financial analysis and accounting software development services.
72212441,Servicios de desarrollo de software de análisis financiero.,Financial analysis software development services.
72212442,Servicios de desarrollo de software de sistemas financieros.,Financial systems software development services.
72212443,Servicios de desarrollo de software de contabilidad.,Accounting software development services.
72212445,Servicios de desarrollo de software de gestión de relaciones con el consumidor.,Customer Relation Management software development services.
72212450,Servicios de desarrollo de software de contabilización del tiempo o recursos humanos.,Time accounting or human resources software development services.
72212451,Servicios de desarrollo de software de planificación de recursos empresariales.,Enterprise resource planning software development services.
72212460,"Servicios de desarrollo de software analítico, científico, matemático o predictivo.","Analytical, scientific, mathematical or forecasting software development services."
72212461,Servicios de desarrollo de software analítico o científico.,Analytical or scientific software development services.
72212462,Servicios de desarrollo de software matemático o predictivo.,Mathematical or forecasting software development services.
72212463,Servicios de desarrollo de software estadístico.,Statistical software development services.
72212470,Servicios de desarrollo de software de subastas.,Auction software development services.
72212480,"Servicios de desarrollo de software de ventas, mercadotecnia e inteligencia empresarial.","Sales, marketing and business intelligence software development services."
72212481,Servicios de desarrollo de software de ventas y mercadotecnia.,Sales or marketing software development services.
72212482,Servicios de desarrollo de software de inteligencia empresarial.,Business intelligence software development services.
72212490,Servicios de desarrollo de software de contratación administrativa.,Procurement software development services.
72212500,Servicios de desarrollo de software de comunicación y multimedia.,Communication and multimedia software development services.
72212510,Servicios de desarrollo de software de comunicación.,Communication software development services.
72212511,Servicios de desarrollo de software de comunicaciones de escritorio.,Desktop communications software development services.
72212512,Servicios de desarrollo de software de respuesta vocal interactiva.,Interactive voice response software development services.
72212513,Servicios de desarrollo de software de módem.,Modem software development services.
72212514,Servicios de desarrollo de software de acceso remoto.,Remote access software development services.
72212515,Servicios de desarrollo de software de videoconferencia.,Video conferencing software development services.
72212516,Servicios de desarrollo de software de intercambio.,Exchange software development services.
72212517,Servicios de desarrollo de software de TI.,IT software development services.
72212518,Servicios de desarrollo de software de emulación.,Emulation software development services.
72212519,Servicios de desarrollo de software de gestión de memoria.,Memory-management software development services.
72212520,Servicios de desarrollo de software multimedia.,Multimedia software development services.
72212521,Servicios de desarrollo de software de edición de música o sonido.,Music or sound editing software development services.
72212522,Servicios de desarrollo de software de teclado virtual.,Virtual keyboard software development services.
72212600,Servicios de desarrollo de software de bases de datos y de funcionamiento.,Database and operating software development services.
72212610,Servicios de desarrollo de software de bases de datos.,Database software development services.
72212620,Servicios de desarrollo de software del sistema operativo de la unidad central.,Mainframe operating system software development services.
72212630,Servicios de desarrollo de software de sistema operativo de miniordenador.,Minicomputer operating system software development services.
72212640,Servicios de desarrollo de software de sistema operativo de microordenador.,Microcomputer operating system software development services.
72212650,Servicios de desarrollo de software de sistema operativo de ordenador personal (PC).,Personal computer (PC )operating system software development services.
72212660,Servicios de desarrollo de software de agrupamiento.,Clustering software development services.
72212670,Servicios de desarrollo de software de sistema operativo de tiempo real.,Real time operating system software development services.
72212700,Utilidades de servicios de desarrollo de software.,Software development services utilities.
72212710,Servicios de desarrollo de software de copia de seguridad o recuperación.,Backup or recovery software development services.
72212720,Servicios de desarrollo de software de código de barras.,Bar coding software development services.
72212730,Servicios de desarrollo de software de seguridad.,Security software development services.
72212731,Servicios de desarrollo de software de seguridad de archivos.,File security software development services.
72212732,Servicios de desarrollo de software de seguridad de datos.,Data security software development services.
72212740,Servicios de desarrollo de software de traducción de lenguas extranjeras.,Foreign language translation software development services.
72212750,Servicios de desarrollo de software de carga de medios de almacenamiento.,Storage media loading software development services.
72212760,Servicios de desarrollo de software de protección antivirus.,Virus protection software development services.
72212761,Servicios de desarrollo de software antivirus.,Anti-virus software development services.
72212770,"Servicios de desarrollo de software de utilidades generales, de compresión y de impresión.","General, compression and print utility software development services."
72212771,Servicios de desarrollo de software de utilidades generales.,General utility software development services.
72212772,Servicios de desarrollo de software de utilidades de impresión.,Print utility software development services.
72212780,"Servicios de desarrollo de software de gestión de sistemas, almacenamiento y contenido.","System, storage and content management software development services."
72212781,Servicios de desarrollo de software de gestión de sistemas.,System management software development services.
72212782,Servicios de desarrollo de software de gestión de almacenamiento.,Storage management software development services.
72212783,Servicios de desarrollo de software de gestión de contenido.,Content management software development services.
72212790,Servicios de desarrollo de software de comprobación de versiones.,Version checker software development services.
72212900,Servicios de desarrollo de software y sistemas informáticos diversos.,Miscellaneous software development services and computer systems.
72212910,"Servicios de desarrollo de software de juegos informáticos, títulos para toda la familia y salvapantallas.","Computer game software development services, family titles and screen savers."
72212911,Servicios de desarrollo de software de juegos informáticos.,Computer game software development services.
72212920,Servicios de desarrollo de software ofimático.,Office automation software development services.
72212930,Servicios de desarrollo de software de formación y entretenimiento.,Training and entertainment software development services.
72212931,Servicios de desarrollo de software de formación.,Training software development services.
72212932,Servicios de desarrollo de software de entretenimiento.,Entertainment software development services.
72212940,Servicios de desarrollo de software de diseños y calendario.,Pattern design and calendar software development services.
72212941,Servicios de desarrollo de software de diseños.,Pattern design software development services.
72212942,Servicios de desarrollo de software de calendario.,Calendar software development services.
72212960,Servicios de desarrollo de software de controladores y sistemas.,Drivers and system software development services.
72212970,Servicios de desarrollo de software para imprenta.,Print shop software development services.
72212971,Servicios de desarrollo de software de elaboración de libretas de direcciones.,Address book making software development services.
72212972,Servicios de desarrollo de software de elaboración de etiquetas.,Label making software development services.
72212980,Servicios de lenguajes de programación y de desarrollo de herramientas.,Programming languages and tools development services.
72212981,Servicios de desarrollo de software de compilación.,Compiling software development services.
72212982,Servicios de desarrollo de software de gestión de la configuración.,Configuration management software development services.
72212983,Servicios de desarrollo de software de desarrollo.,Development software development services.
72212984,Servicios de desarrollo de software de ensayo de programas.,Program testing software development services.
72212985,Servicios de desarrollo de software de depuración.,Debugging software development services.
72212990,Servicios de desarrollo de software de hoja de cálculo y mejora de hoja de cálculo.,Spreadsheets and enhancement software development services.
72212991,Servicios de desarrollo de software de hoja de cálculo.,Spreadsheet software development services.
72220000,Servicios de consultoría en sistemas y consultoría técnica.,Systems and technical consultancy services.
72221000,Servicios de consultoría en análisis empresarial.,Business analysis consultancy services.
72222000,Servicios de planificación y revisión estratégica de sistemas de información o de tecnología de la información.,Information systems or technology strategic review and planning services.
72222100,Servicios de revisión estratégica de sistemas de información o de tecnología de la información.,Information systems or technology strategic review services.
72222200,Servicios de planificación de sistemas de información o de tecnología de la información.,Information systems or technology planning services.
72222300,Servicios de tecnología de la información.,Information technology services.
72223000,Servicios de revisión de las exigencias de tecnología de la información.,Information technology requirements review services.
72224000,Servicios de consultoría en gestión de proyectos.,Project management consultancy services.
72224100,Servicios de planificación de la implementación de sistemas.,System implementation planning services.
72224200,Servicios de planificación de la garantía de calidad del sistema.,System quality assurance planning services.
72225000,Servicios de evaluación y revisión de la garantía de calidad del sistema.,System quality assurance assessment and review services.
72226000,Servicios de consultoría en pruebas de aceptación del «software» del sistema.,System software acceptance testing consultancy services.
72227000,Servicios de consultoría en integración de «software».,Software integration consultancy services.
72228000,Servicios de consultoría en integración del equipo informático.,Hardware integration consultancy services.
72230000,Servicios de desarrollo de «software» personalizado.,Custom software development services.
72231000,Desarrollo de software para aplicaciones militares.,Development of software for military applications.
72232000,Desarrollo de «software» de procesamiento de transacciones y «software» personalizado.,Development of transaction processing and custom software.
72240000,Servicios de análisis de sistemas y de programación.,Systems analysis and programming services.
72241000,Servicios de especificación de objetivos de diseños críticos.,Critical design target specification services.
72242000,Servicios de modelado de diseños.,Design-modelling services.
72243000,Servicios de programación.,Programming services.
72244000,Servicios de creación de prototipos.,Prototyping services.
72245000,Servicios contractuales de programación y análisis de sistemas.,Contract systems analysis and programming services.
72246000,Servicios de consultoría en sistemas.,Systems consultancy services.
72250000,Servicios de sistemas y apoyo.,System and support services.
72251000,Servicios de recuperación en caso de catástrofe.,Disaster recovery services.
72252000,Servicios de archivo informático.,Computer archiving services.
72253000,Servicios de unidad de asistencia y de apoyo.,Help-desk and support services.
72253100,Servicios de unidad de asistencia.,Help-desk services.
72253200,Servicios de apoyo a sistemas.,Systems support services.
72254000,Ensayo de software.,Software Testing.
72254100,Servicios de prueba de sistemas.,Systems testing services.
72260000,Servicios relacionados con el «software».,Software-related services.
72261000,Servicios de apoyo al «software».,Software support services.
72262000,Servicios de desarrollo de «software».,Software development services.
72263000,Servicios de implementación de «software».,Software implementation services.
72264000,Servicios de reproducción de «software».,Software reproduction services.
72265000,Servicios de configuración de «software».,Software configuration services.
72266000,Servicios de consultoría en «software».,Software consultancy services.
72267000,Servicios de mantenimiento y reparación de software.,Software maintenance and repair services.
72267100,Mantenimiento de «software» de tecnología de la información.,Maintenance of information technology software.
72267200,Reparación de «software» de tecnología de la información.,Repair of information technology software.
72268000,Servicios de suministro de «software».,Software supply services.
72300000,Servicios relacionados con datos.,Data services.
72310000,Servicios de tratamiento de datos.,Data-processing services.
72311000,Servicios de tabulación de datos.,Computer tabulation services.
72311100,Servicios de conversión de datos.,Data conversion services.
72311200,Servicios de procesamiento por lotes.,Batch processing services.
72311300,Servicios informáticos de tiempo compartido.,Computer time-sharing services.
72312000,Servicios de introducción de datos.,Data entry services.
72312100,Servicios de preparación de datos.,Data preparation services.
72312200,Servicios de reconocimiento óptico de caracteres.,Optical character recognition services.
72313000,Servicios de recogida de datos.,Data capture services.
72314000,Servicios de recogida e intercalación de datos.,Data collection and collation services.
72315000,Servicios de gestión de redes de datos y servicios de apoyo.,Data network management and support services.
72315100,Servicios de apoyo a redes de datos.,Data network support services.
72315200,Servicios de gestión de redes de datos.,Data network management services.
72316000,Servicios de análisis de datos.,Data analysis services.
72317000,Servicios de almacenamiento de datos.,Data storage services.
72318000,Servicios de transmisión de datos.,Data transmission services.
72319000,Servicios de suministro de datos.,Data supply services.
72320000,Servicios relacionados con bases de datos.,Database services.
72321000,Servicios de bases de datos con valor añadido.,Added-value database services.
72322000,Servicios de gestión de datos.,Data management services.
72330000,Servicios de normalización y clasificación de contenidos o datos.,Content or data standardization and classification services.
72400000,Servicios de Internet.,Internet services.
72410000,Servicios de proveedor.,Provider services.
72411000,Proveedor de servicios de Internet (PSI).,Internet service providers ISP.
72412000,Proveedor de servicios de correo electrónico.,Electronic mail service provider.
72413000,Servicios de diseño de sitios web WWW.,World wide web WWW site design services.
72414000,Proveedores de motores de búsqueda en la web.,Web search engine providers.
72415000,Servicios de hospedaje de operación de sitios web WWW.,World wide web WWW site operation host services.
72416000,Proveedores de servicio de aplicaciones.,Application service providers.
72417000,Nombres de dominio de Internet.,Internet domain names.
72420000,Servicios de desarrollo de Internet.,Internet development services.
72421000,Servicios de desarrollo de aplicaciones cliente en Internet o intranet.,Internet or intranet client application development services.
72422000,Servicios de desarrollo de aplicaciones servidor en Internet o intranet.,Internet or intranet server application development services.
72500000,Servicios informáticos.,Computer-related services.
72510000,Servicios de gestión relacionados con la informática.,Computer-related management services.
72511000,Servicios de «software» de gestión de redes.,Network management software services.
72512000,Servicios de gestión de documentos.,Document management services.
72513000,Servicios de ofimática.,Office automation services.
72514000,Servicios de gestión de instalaciones informáticas.,Computer facilities management services.
72514100,Servicios de explotación de instalaciones que entrañan el manejo de ordenadores.,Facilities management services involving computer operation.
72514200,Servicios de gestión de instalaciones para el desarrollo de sistemas informáticos.,Facilities management services for computer systems development.
72514300,Servicios de gestión de instalaciones para el mantenimiento de sistemas informáticos.,Facilities management services for computer systems maintenance.
72540000,Servicios de actualización informática.,Computer upgrade services.
72541000,Servicios de expansión informática.,Computer expansion services.
72541100,Servicios de expansión de memoria.,Memory expansion services.
72590000,Servicios profesionales relacionados con la informática.,Computer-related professional services.
72591000,Elaboración de acuerdos de nivel de servicios.,Development of service level agreements.
72600000,Servicios de apoyo informático y de consultoría.,Computer support and consultancy services.
72610000,Servicios de apoyo informático.,Computer support services.
72611000,Servicios de apoyo informático técnico.,Technical computer support services.
72700000,Servicios de red informática.,Computer network services.
72710000,Servicios de red local.,Local area network services.
72720000,Servicios de red de amplia cobertura.,Wide area network services.
72800000,Servicios de ensayo y auditoría informáticos.,Computer audit and testing services.
72810000,Servicios de auditoría informática.,Computer audit services.
72820000,Servicios de ensayo informático.,Computer testing services.
72900000,Servicios de copia de seguridad y de conversión informática de catálogos.,Computer back-up and catalogue conversion services.
72910000,Servicios de copia de seguridad.,Computer back-up services.
72920000,Servicios de conversión informática de catálogos.,Computer catalogue conversion services.
73000000,Servicios de investigación y desarrollo y servicios de consultoría conexos.,Research and development services and related consultancy services.
73100000,Servicios de investigación y desarrollo experimental.,Research and experimental development services.
73110000,Servicios de investigación.,Research services.
73111000,Servicios de laboratorio de investigación.,Research laboratory services.
73112000,Servicios de investigación marina.,Marine research services.
73120000,Servicios de desarrollo experimental.,Experimental development services.
73200000,Servicios de consultoría en investigación y desarrollo.,Research and development consultancy services.
73210000,Servicios de consultoría en investigación.,Research consultancy services.
73220000,Servicios de consultoría en desarrollo.,Development consultancy services.
73300000,Diseño y ejecución en materia de investigación y desarrollo.,Design and execution of research and development.
73400000,Servicios de investigación y desarrollo de materiales de seguridad y defensa.,Research and Development services on security and defence materials.
73410000,Investigación y tecnología militares.,Military Research & Technology.
73420000,Estudio de previabilidad y demostración tecnológica.,Pre-feasibility study & technological demonstration.
73421000,Desarrollo de equipos de seguridad.,Development of security equipment.
73422000,Desarrollo de armas de fuego y munición.,Development of firearms and ammunition.
73423000,Desarrollo de vehículos militares.,Development of military vehicles.
73424000,Desarrollo de buques de guerra.,Development of warships.
73425000,"Desarrollo de aeronaves militares, misiles y naves espaciales.","Development of military aircrafts, missiles and spacecrafts."
73426000,Desarrollo de sistemas electrónicos militares.,Development of military electronic systems.
73430000,Ensayo y evaluación.,Test and Evaluation.
73431000,Ensayo y evaluación de equipos de seguridad.,Test and Evaluation of security equipment.
73432000,Ensayo y evaluación de armas de fuego y munición.,Test and Evaluation of firearms and ammunition.
73433000,Ensayo y evaluación de vehículos militares.,Test and Evaluation of military vehicles.
73434000,Ensayo y evaluación de buques de guerra.,Test and Evaluation of warships.
73435000,"Ensayo y evaluación de aeronaves militares, misiles y naves espaciales.","Test and Evaluation of military aircrafts, missiles and spacecrafts."
73436000,Ensayo y evaluación de sistemas electrónicos militares.,Test and Evaluation of military electronic systems.
75000000,"Servicios de administración pública, defensa y servicios de seguridad social.","Administration, defence and social security services."
75100000,Servicios de administración pública.,Administration services.
75110000,Servicios públicos generales.,General public services.
75111000,Servicios ejecutivos y legislativos.,Executive and legislative services.
75111100,Servicios ejecutivos.,Executive services.
75111200,Servicios legislativos.,Legislative services.
75112000,Servicios administrativos para operaciones comerciales.,Administrative services for business operations.
75112100,Servicios de administración de proyectos de desarrollo.,Administrative development project services.
75120000,Servicios administrativos de agencias.,Administrative services of agencies.
75121000,Servicios administrativos educativos.,Administrative educational services.
75122000,Servicios administrativos relacionados con la asistencia sanitaria.,Administrative healthcare services.
75123000,Servicios administrativos de alojamiento.,Administrative housing services.
75124000,"Servicios administrativos en el ámbito del recreo, la cultura y la religión.","Administrative recreational, cultural and religious services."
75125000,Servicios administrativos relacionados con asuntos turísticos.,Administrative services related to tourism affairs.
75130000,Servicios de apoyo a los poderes públicos.,Supporting services for the government.
75131000,Servicios gubernamentales.,Government services.
75131100,Servicios generales de personal para el gobierno.,General personnel services for the government.
75200000,Prestación de servicios para la comunidad.,Provision of services to the community.
75210000,Servicios de asuntos exteriores y otros servicios.,Foreign affairs and other services.
75211000,Servicios de asuntos exteriores.,Foreign-affairs services.
75211100,Servicios diplomáticos.,Diplomatic services.
75211110,Servicios consulares.,Consular services.
75211200,Servicios relacionados con la ayuda económica exterior.,Foreign economic-aid-related services.
75211300,Servicios relacionados con la ayuda militar exterior.,Foreign military-aid-related services.
75220000,Servicios de defensa.,Defence services.
75221000,Servicios de defensa militar.,Military defence services.
75222000,Servicios de defensa civil.,Civil defence services.
75230000,Servicios de justicia.,Justice services.
75231000,Servicios judiciales.,Judicial services.
75231100,Servicios administrativos relacionados con los tribunales de justicia.,Law-courts-related administrative services.
75231200,Servicios relacionados con el encarcelamiento y la rehabilitación de delincuentes.,Services related to the detention or rehabilitation of criminals.
75231210,Servicios de encarcelamiento.,Imprisonment services.
75231220,Servicios de escolta de prisioneros.,Prisoner-escort services.
75231230,Servicios penitenciarios.,Prison services.
75231240,Servicios de reinserción.,Probation services.
75240000,Servicios de seguridad y orden públicos.,"Public security, law and order services."
75241000,Servicios de seguridad pública.,Public security services.
75241100,Servicios de policía.,Police services.
75242000,Servicios públicos de seguridad ciudadana.,Public law and order services.
75242100,Servicios de orden público.,Public-order services.
75242110,Servicios de agentes judiciales.,Bailiff services.
75250000,Servicios de los cuerpos de bomberos y servicios de rescate.,Fire-brigade and rescue services.
75251000,Servicios de los cuerpos de bomberos.,Fire-brigade services.
75251100,Servicios de extinción de incendios.,Firefighting services.
75251110,Servicios de prevención de incendios.,Fire-prevention services.
75251120,Servicios de extinción de incendios forestales.,Forest-firefighting services.
75252000,Servicios de rescate.,Rescue services.
75300000,Servicios de seguridad social de afiliación obligatoria.,Compulsory social security services.
75310000,Servicios de prestaciones sociales.,Benefit services.
75311000,Prestaciones de enfermedad.,Sickness benefits.
75312000,Prestaciones de maternidad.,Maternity benefits.
75313000,Prestaciones de invalidez.,Disability benefits.
75313100,Prestaciones de invalidez temporal.,Temporary disablement benefits.
75314000,Prestaciones de indemnización por desempleo.,Unemployment compensation benefits.
75320000,Planes de pensiones de empleados públicos.,Government employee pension schemes.
75330000,Prestaciones familiares.,Family allowances.
75340000,Prestaciones por hijos a cargo.,Child allowances.
76000000,Servicios relacionados con la industria del gas y del petróleo.,Services related to the oil and gas industry.
76100000,Servicios profesionales para la industria del gas.,Professional services for the gas industry.
76110000,Servicios relacionados con la extracción de gas.,Services incidental to gas extraction.
76111000,Servicios de regasificación.,Regasification services.
76120000,Servicios de buceo relacionados con la extracción de gas.,Diving services incidental to gas extraction.
76121000,Servicios de buceo en pozos submarinos.,Subsea well diving services.
76200000,Servicios profesionales para la industria del petróleo.,Professional services for the oil industry.
76210000,Servicios relacionados con la extracción de petróleo.,Services incidental to oil extraction.
76211000,Servicios de sujeción de tuberías colgantes.,Liner-hanger services.
76211100,Servicios de revestimiento.,Lining services.
76211110,Servicios de revestimiento de pozos de exploración.,Test pit lining services.
76211120,Servicios de revestimiento de pozos en su emplazamiento.,Well site pit lining services.
76211200,Servicios de diagrafía de lodos de perforación.,Mudlogging services.
76300000,Servicios de perforación.,Drilling services.
76310000,Servicios de perforación relacionados con la extracción de gas.,Drilling services incidental to gas extraction.
76320000,Servicios de perforación en alta mar.,Offshore drilling services.
76330000,Servicios de turbosondeo.,Turbine drilling services.
76331000,Servicios de turbosondeo espiral.,Coiled turbine drilling services.
76340000,Perforación con extracción de testigos.,Core drilling.
76400000,Servicios de posicionamiento de plataformas de sondeo.,Rig-positioning services.
76410000,Servicios de revestimiento y entubado de pozos.,Well-casing and tubing services.
76411000,Servicios de revestimiento de pozos.,Well-casing services.
76411100,Servicios de suministro de personal de revestimiento de pozos.,Well-casing crew services.
76411200,Servicios de planificación de revestimiento de pozos.,Well-casing planning services.
76411300,Servicios de fresado de revestimiento de pozos.,Well-casing milling services.
76411400,Servicios de acabado de revestimiento de pozos.,Well-casing completion services.
76420000,Servicios de cementación de pozos.,Well-cementing services.
76421000,Servicios de cementación de tuberías.,Liner cementing services.
76422000,Servicios de cementación de obturadores.,Plug cementing services.
76423000,Servicios de cementación con espuma.,Foam cementing services.
76430000,Servicios de perforación y explotación de pozos.,Well-drilling and production services.
76431000,Servicios de perforación de pozos.,Well-drilling services.
76431100,Servicios de control de perforación de pozos.,Well-drilling control services.
76431200,Servicios de extracción de la herramienta de perforación de pozos.,Well-drilling pickup services.
76431300,Servicios de deposición de la herramienta de perforación de pozos.,Well-drilling laydown services.
76431400,Servicios de perforación de pozos de tamaño reducido.,Rathole well-drilling services.
76431500,Servicios de supervisión de perforación de pozos.,Well-drilling supervision services.
76431600,Servicios de control del equipo de perforación de pozos.,Well-drilling rig monitor services.
76440000,Servicios de diagrafía del sondeo.,Well-logging services.
76441000,Servicios de diagrafía de pozos entubados.,Cased hole logging services.
76442000,Servicios de diagrafía de pozos sin entubar.,Open hole logging services.
76443000,Otros servicios de diagrafía.,Other logging services.
76450000,Servicios de gestión de pozos.,Well-management services.
76460000,Servicios de asistencia para pozos.,Well-support services.
76470000,Servicios de pruebas en pozos.,Well-testing services.
76471000,Servicios de pruebas de fractura de pozos.,Well fracture testing services.
76472000,Servicios de inspección o pruebas de emplazamiento de pozos.,Well site inspection or testing services.
76473000,Servicios de pruebas de equipos de pozos.,Well equipment testing services.
76480000,Servicios de entubado.,Tubing services.
76490000,Servicios de terminación de pozos.,Well-completion services.
76491000,Servicios de colmatado de pozos.,Well-plugging services.
76492000,Servicios de posicionamiento de pozos.,Well-positioning services.
76500000,Servicios prestados en tierra y en alta mar.,Onshore and offshore services.
76510000,Servicios prestados en la costa.,Onshore services.
76520000,Servicios prestados en alta mar.,Offshore services.
76521000,Servicios de instalaciones en alta mar.,Offshore installation services.
76522000,Servicios en alta mar de buques de apoyo logístico.,Offshore supply-vessel services.
76530000,Servicios de fondo de pozo.,Downhole services.
76531000,Servicios de diagrafía en fondo de pozo.,Downhole logging services.
76532000,Servicios de bombeo de fondo de pozo.,Downhole pumping services.
76533000,Servicios de registro de fondo de pozo.,Downhole recording services.
76534000,Servicios de ampliación de fondo de pozo.,Downhole underreaming services.
76535000,Servicios de perforación de fondo de pozo.,Downhole hole opening services.
76536000,Servicios de control de vibraciones de fondo de pozo.,Downhole vibration control services.
76537000,Servicios de herramientas para fondo de pozo.,Downhole tool services.
76537100,Servicios de herramientas de yacimiento petrolífero para fondo de pozo.,Downhole oilifield tools services.
76600000,Servicios de inspección de tuberías.,Pipeline-inspection services.
77000000,"Servicios agrícolas, forestales, hortícolas, acuícolas y apícolas.","Agricultural, forestry, horticultural, aquacultural and apicultural services."
77100000,Servicios agrícolas.,Agricultural services.
77110000,Servicios relacionados con la producción agrícola.,Services incidental to agricultural production.
77111000,Alquiler de maquinaria agrícola con maquinista.,Hire of agricultural machinery with operator.
77112000,Alquiler de segadoras o equipo agrícola con maquinista.,Hire of mowers or agricultural equipment with operator.
77120000,Servicios de producción de compost.,Composting services.
77200000,Servicios forestales.,Forestry services.
77210000,Servicios de explotación forestal.,Logging services.
77211000,Servicios relacionados con la explotación forestal.,Services incidental to logging.
77211100,Servicios de producción maderera.,Timber harvesting services.
77211200,Transporte de madera en el interior del bosque.,Transport of logs within the forest.
77211300,Servicios de deforestación.,Tree-clearing services.
77211400,Servicios de tala de árboles.,Tree-cutting services.
77211500,Servicios de mantenimiento de árboles.,Tree-maintenance services.
77211600,Siembra de árboles.,Tree seeding.
77220000,Servicios de impregnación de madera.,Timber-impregnation services.
77230000,Servicios relacionados con la silvicultura.,Services incidental to forestry.
77231000,Servicios de gestión forestal.,Forestry management services.
77231100,Servicios de gestión de recursos forestales.,Forest resources management services.
77231200,Servicios de control de plagas forestales.,Forest pest control services.
77231300,Servicios de administración forestal.,Forest administration services.
77231400,Servicios de inventario forestal.,Forest inventory services.
77231500,Servicios de seguimiento o evaluación forestal.,Forest monitoring or evaluation services.
77231600,Servicios de repoblación forestal.,Afforestation services.
77231700,Servicios de extensión forestal.,Forestry extension services.
77231800,Servicios de gestión de viveros forestales.,Forest nursery management services.
77231900,Servicios de planificación forestal sectorial.,Forest sectoral planning services.
77300000,Servicios hortícolas.,Horticultural services.
77310000,Servicios de plantación y mantenimiento de zonas verdes.,Planting and maintenance services of green areas.
77311000,Servicios de mantenimiento de jardines y parques.,Ornamental and pleasure gardens maintenance services.
77312000,Servicios de desbrozo.,Weed-clearance services.
77312100,Servicios de eliminación de malezas.,Weed-killing services.
77313000,Servicios de mantenimiento de parques.,Parks maintenance services.
77314000,Servicios de mantenimiento de terrenos.,Grounds maintenance services.
77314100,Servicios de encespedado.,Grassing services.
77315000,Trabajos de siembra.,Seeding services.
77320000,Servicios de mantenimiento de campos deportivos.,Sports fields maintenance services.
77330000,Servicios de exposición floral.,Floral-display services.
77340000,Poda de árboles y setos.,Tree pruning and hedge trimming.
77341000,Poda de árboles.,Tree pruning.
77342000,Poda de setos.,Hedge trimming.
77400000,Servicios de parques zoológicos.,Zoological services.
77500000,Servicios de cría de ganado.,Animal husbandry services.
77510000,Servicios de propagación de animales de caza.,Game-propagation services.
77600000,Servicios relacionados con la caza.,Hunting services.
77610000,Servicios de trampas.,Trapping services.
77700000,Servicios relacionados con la pesca.,Services incidental to fishing.
77800000,Servicios de acuicultura.,Aquaculture services.
77810000,Servicios de maricultura.,Mariculture services.
77820000,Servicios de ostricultura.,Ostreiculture services.
77830000,Servicios de cultivo de mariscos.,Shellfish culture services.
77840000,Servicios de cría de camarones.,Shrimp farming services.
77850000,Servicios de piscicultura.,Fish farming services.
77900000,Servicios de apicultura.,Apiculture services.
79000000,"Servicios a empresas: legislación, mercadotecnia, asesoría, selección de personal, imprenta y seguridad.","Business services: law, marketing, consulting, recruitment, printing and security."
79100000,Servicios jurídicos.,Legal services.
79110000,Servicios de asesoría y representación jurídicas.,Legal advisory and representation services.
79111000,Servicios de asesoría jurídica.,Legal advisory services.
79112000,Servicios de representación jurídica.,Legal representation services.
79112100,Servicios de representación de las partes interesadas.,Stakeholders representation services.
79120000,Servicios de consultoría en patentes y derechos de autor.,Patent and copyright consultancy services.
79121000,Servicios de consultoría en derechos de autor.,Copyright consultancy services.
79121100,Servicios de consultoría en materia de derechos de autor de «software».,Software copyright consultancy services.
79130000,Servicios de documentación y certificación jurídicas.,Legal documentation and certification services.
79131000,Servicios de documentación.,Documentation services.
79132000,Servicios de certificación.,Certification services.
79132100,Servicios de certificación relacionados con la firma electrónica.,Electronic signature certification services.
79140000,Servicios de asesoría e información jurídica.,Legal advisory and information services.
79200000,"Servicios de contabilidad, de auditoría y fiscales.","Accounting, auditing and fiscal services."
79210000,Servicios de contabilidad y auditoría.,Accounting and auditing services.
79211000,Servicios de contabilidad.,Accounting services.
79211100,Servicios de de contabilidad.,Bookkeeping services.
79211110,Servicios de gestión de nóminas.,Payroll management services.
79211120,Servicios de registro de compras y ventas.,Sales and purchases recording services.
79211200,Servicios de compilación de estados financieros.,Compilation of financial statements services.
79212000,Servicios de auditoría.,Auditing services.
79212100,Servicios de auditoría financiera.,Financial auditing services.
79212110,Servicios de calificación de gobernanza empresarial.,Corporate governance rating services.
79212200,Servicios de auditoría interna.,Internal audit services.
79212300,Servicios de auditoría legal de cuentas.,Statutory audit services.
79212400,Servicios de control de fraudes.,Fraud audit services.
79212500,Servicios de verificación contable.,Accounting review services.
79220000,Servicios fiscales.,Fiscal services.
79221000,Servicios de asesoramiento tributario.,Tax consultancy services.
79222000,Servicios de preparación de declaraciones de impuestos.,Tax-return preparation services.
79223000,Servicios de agente de aduanas.,Custom broker services.
79300000,Investigación mercadotécnica y económica; sondeos y estadísticas.,Market and economic research; polling and statistics.
79310000,Servicios de estudios de mercado.,Market research services.
79311000,Servicios de estudios.,Survey services.
79311100,Servicios de concepción de estudios.,Survey design services.
79311200,Servicios de dirección de estudios.,Survey conduction services.
79311210,Servicios de encuesta telefónica.,Telephone survey services.
79311300,Servicios de análisis de estudios.,Survey analysis services.
79311400,Servicios de investigación económica.,Economic research services.
79311410,Evaluación de repercusiones económicas.,Economic impact assessment.
79312000,Servicios de control de mercado.,Market-testing services.
79313000,Servicios de verificación de comportamiento.,Performance review services.
79314000,Estudio de viabilidad.,Feasibility study.
79315000,Servicios de investigación social.,Social research services.
79320000,Servicios de encuestas de opinión pública.,Public-opinion polling services.
79330000,Servicios estadísticos.,Statistical services.
79340000,Servicios de publicidad y de marketing.,Advertising and marketing services.
79341000,Servicios de publicidad.,Advertising services.
79341100,Servicios de consultoría en publicidad.,Advertising consultancy services.
79341200,Servicios de gestión publicitaria.,Advertising management services.
79341400,Servicios de campañas de publicidad.,Advertising campaign services.
79341500,Servicios de publicidad aérea.,Aeral advertising services.
79342000,Servicios de marketing.,Marketing services.
79342100,Servicios de marketing directo.,Direct marketing services.
79342200,Servicios de promoción.,Promotional services.
79342300,Servicios al cliente.,Customer services.
79342310,Servicios de encuesta a clientes.,Customer survey services.
79342311,Servicios de evaluación de la satisfacción del cliente.,Customer satisfaction survey.
79342320,Servicios de atención al cliente.,Customer-care services.
79342321,Programa de fidelización del cliente.,Customer-loyalty programme.
79342400,Servicios de subasta.,Auction services.
79342410,Servicios de subasta electrónica.,Electronic auction services.
79400000,Servicios de consultoría comercial y de gestión y servicios afines.,Business and management consultancy and related services.
79410000,Servicios de consultoría comercial y en gestión.,Business and management consultancy services.
79411000,Servicios generales de consultoría en gestión.,General management consultancy services.
79411100,Servicios de consultoría en desarrollo comercial.,Business-development consultancy services.
79412000,Servicios de consultoría en gestión financiera.,Financial management consultancy services.
79413000,Servicios de consultoría en gestión de marketing.,Marketing management consultancy services.
79414000,Servicios de consultoría en gestión de recursos humanos.,Human resources management consultancy services.
79415000,Servicios de consultoría en gestión de la producción.,Production management consultancy services.
79415200,Servicios de consultoría en diseño.,Design consultancy services.
79416000,Servicios de relaciones públicas.,Public relations services.
79416100,Servicios de gestión en relaciones públicas.,Public relations management services.
79416200,Servicios de consultoría en relaciones públicas.,Public relations consultancy services.
79417000,Servicios de consultoría en seguridad.,Safety consultancy services.
79418000,Servicios de consultoría en aprovisionamiento.,Procurement consultancy services.
79419000,Servicios de consultoría en evaluación.,Evaluation consultancy services.
79420000,Servicios relacionados con la gestión.,Management-related services.
79421000,Servicios de gestión de proyectos que no sean los de construcción.,Project-management services other than for construction work.
79421100,Servicios de surervisión de proyectos que no sean los de construcción.,Project-supervision services other than for construction work.
79421200,Servicios de concepción de proyectos que no sean los de construcción.,Project-design services other than for construction work.
79422000,Servicios de arbitraje y conciliación.,Arbitration and conciliation services.
79430000,Servicios de gestión de crisis.,Crisis management services.
79500000,Servicios de ayuda en las funciones de oficina.,Office-support services.
79510000,Servicios de contestación de llamadas telefónicas.,Telephone-answering services.
79511000,Servicios de operador telefónico.,Telephone operator services.
79512000,Centro de llamadas.,Call centre.
79520000,Servicios de reprografía.,Reprographic services.
79521000,Servicios de fotocopia.,Photocopying services.
79530000,Servicios de traducción.,Translation services.
79540000,Servicios de interpretación.,Interpretation services.
79550000,"Servicios de mecanografía, tratamiento de textos y autoedición.","Typing, word-processing and desktop publishing services."
79551000,Servicios de mecanografía.,Typing services.
79552000,Servicios de tratamiento de textos.,Word-processing services.
79553000,Servicios de autoedición.,Desktop publishing services.
79560000,Servicios de archivo.,Filing services.
79570000,Servicios de recopilación de listas de direcciones y servicios de envío por correo.,Mailing-list compilation and mailing services.
79571000,Servicios de envío por correo.,Mailing services.
79600000,Servicios de contratación.,Recruitment services.
79610000,Servicios de colocación de personal.,Placement services of personnel.
79611000,Servicios de búsqueda de trabajo.,Job search services.
79612000,Servicios de colocación de personal de apoyo para oficinas.,Placement services of office-support personnel.
79613000,Servicios de reubicación de empleados.,Employee relocation services.
79620000,"Servicios de suministro de personal, incluido personal temporal.",Supply services of personnel including temporary staff.
79621000,Servicios de suministro de personal para oficinas.,Supply services of office personnel.
79622000,Servicios de suministro de personal doméstico.,Supply services of domestic help personnel.
79623000,Servicios de suministro de personal para el comercio o la industria.,Supply services of commercial or industrial workers.
79624000,Servicios de suministro de personal de enfermería.,Supply services of nursing personnel.
79625000,Servicios de suministro de personal médico.,Supply services of medical personnel.
79630000,"Servicios de personal, excepto servicios de colocación y suministro de personal.",Personnel services except placement and supply services.
79631000,Servicios de personal y de nóminas.,Personnel and payroll services.
79632000,Servicios de formación de personal.,Personnel-training services.
79633000,Servicios de desarrollo del personal.,Staff development services.
79634000,Servicios de orientación profesional.,Career guidance services.
79635000,Servicios de centros de evaluación para selección de personal.,Assessment centre services for recruitment.
79700000,Servicios de investigación y seguridad.,Investigation and security services.
79710000,Servicios de seguridad.,Security services.
79711000,Servicios de vigilancia de sistemas de alarma.,Alarm-monitoring services.
79713000,Servicios de guardias de seguridad.,Guard services.
79714000,Servicios de vigilancia.,Surveillance services.
79714100,Servicios relacionados con el sistema de localización.,Tracing system services.
79714110,Servicios de búsqueda de prófugos.,Absconder-tracing services.
79715000,Servicios de patrullas.,Patrol services.
79716000,Servicios de expedición de distintivos de identificación.,Identification badge release services.
79720000,Servicios de investigación (criminológica).,Investigation services.
79721000,Servicios de agencia de detectives.,Detective agency services.
79722000,Servicios de grafología.,Graphology services.
79723000,Servicios de análisis de residuos.,Waste analysis services.
79800000,Servicios de impresión y servicios conexos.,Printing and related services.
79810000,Servicios de impresión.,Printing services.
79811000,Servicios de impresión digital.,Digital printing services.
79812000,Servicios de impresión de billetes de banco.,Banknote printing services.
79820000,Servicios relacionados con la impresión.,Services related to printing.
79821000,Servicios de acabado de impresiones.,Print finishing services.
79821100,Servicios de lectura de pruebas.,Proofreading services.
79822000,Servicios de composición.,Composition services.
79822100,Servicios de estereotipia.,Print-plate making services.
79822200,Servicios de fotograbado.,Photogravure services.
79822300,Servicios de tipografía.,Typesetting services.
79822400,Servicios de litografía.,Lithographic services.
79822500,Servicios de diseño gráfico.,Graphic design services.
79823000,Servicios de impresión y entrega.,Printing and delivery services.
79824000,Servicios de impresión y distribución.,Printing and distribution services.
79900000,Servicios comerciales diversos y otros servicios conexos.,Miscellaneous business and business-related services.
79910000,Servicios de grupos holding.,Management holdings services.
79920000,Servicios de empaquetado y servicios conexos.,Packaging and related services.
79921000,Servicios de empaquetado.,Packaging services.
79930000,Servicios especializados de diseño.,Specialty design services.
79931000,Servicios de decoración de interiores.,Interior decorating services.
79932000,Servicios de diseño de interiores.,Interior design services.
79933000,Servicios de apoyo al diseño.,Design support services.
79934000,Servicios de diseño de mobiliario.,Furniture design services.
79940000,Servicios de agencias de recaudación de fondos.,Collection agency services.
79941000,Servicios de peajes.,Toll-collection services.
79950000,"Servicios de organización de exposiciones, ferias y congresos.","Exhibition, fair and congress organisation services."
79951000,Servicio de organización de seminarios.,Seminar organisation services.
79952000,Servicios de eventos.,Event services.
79952100,Servicios de organización de eventos culturales.,Cultural event organisation services.
79953000,Servicios de organización de festivales.,Festival organisation services.
79954000,Servicios de organización de fiestas.,Party organisation services.
79955000,Servicios de organización de desfiles de modas.,Fashion shows organisation services.
79956000,Servicios de organización de ferias y exposiciones.,Fair and exhibition organisation services.
79957000,Servicios de organización de subastas.,Auction organisation services.
79960000,Servicios de fotografía y servicios auxiliares.,Photographic and ancillary services.
79961000,Servicios de fotografía.,Photographic services.
79961100,Servicios de fotografía publicitaria.,Advertising photography services.
79961200,Servicios de fotografía aérea.,Aerial photography services.
79961300,Servicios especializados de fotografía.,Specialised photography services.
79961310,Servicios de fotografía de fondo de pozo.,Downhole photography services.
79961320,Servicios de fotografía submarina.,Underwater photography services.
79961330,Servicios de microfilmación.,Microfilming services.
79961340,Servicios de fotografía por rayos X.,X-ray photography services.
79961350,Servicios de fotografía de estudio.,Studio photography services.
79962000,Servicios de revelado fotográfico.,Photograph processing services.
79963000,"Servicios de restauración, copia y retocado de fotografías.","Photograph restoration, copying and retouching services."
79970000,Servicios de edición.,Publishing services.
79971000,Servicios de encuadernación y acabado de libros.,Bookbinding and finishing services.
79971100,Servicios de acabado de libros.,Book finishing services.
79971200,Servicios de encuadernación de libros.,Bookbinding services.
79972000,Servicios de edición de diccionarios lingüísticos.,Language dictionary publishing services.
79972100,Servicios de edición de diccionarios de lenguas regionales.,Regional language dictionary publishing services.
79980000,Servicios de suscripción.,Subscription services.
79990000,Servicios comerciales diversos.,Miscellaneous business-related services.
79991000,Servicios de control de existencias.,Stock-control services.
79992000,Servicios de recepción.,Reception services.
79993000,Servicios de gestión de edificios e instalaciones.,Building and facilities management services.
79993100,Servicios de gestión de instalaciones.,Facilities management services.
79994000,Servicios de administración de contratos.,Contract administration services.
79995000,Servicios de gestión de bibliotecas.,Library management services.
79995100,Servicios de archivado.,Archiving services.
79995200,Servicios de catalogación.,Cataloguing services.
79996000,Servicios de organización de empresas.,Business organisation services.
79996100,Gestión de registros.,Records management.
79997000,Servicios de viajes de negocios.,Business travel services.
79998000,Servicios de autocar.,Coaching services.
79999000,Servicios de escaneado y facturación.,Scanning and invoicing services.
79999100,Servicios de escaneado.,Scanning services.
79999200,Servicios de facturación.,Invoicing services.
80000000,Servicios de enseñanza y formación.,Education and training services.
80100000,Servicios de enseñanza primaria.,Primary education services.
80110000,Servicios de enseñanza preescolar.,Pre-school education services.
80200000,Servicios de enseñanza secundaria.,Secondary education services.
80210000,Servicios de enseñanza secundaria técnica y profesional.,Technical and vocational secondary education services.
80211000,Servicios de enseñanza secundaria técnica.,Technical secondary education services.
80212000,Servicios de enseñanza secundaria profesional.,Vocational secondary education services.
80300000,Servicios de enseñanza superior.,Higher education services.
80310000,Servicios de enseñanza para la juventud.,Youth education services.
80320000,Servicios de enseñanza médica.,Medical education services.
80330000,Servicios de enseñanza en temas de seguridad.,Safety education services.
80340000,Servicios de educación especial.,Special education services.
80400000,Servicios de enseñanza para adultos y otros servicios de enseñanza.,Adult and other education services.
80410000,Servicios escolares diversos.,Various school services.
80411000,Servicios de autoescuela.,Driving-school services.
80411100,Servicios para examen de conducir.,Driving-test services.
80411200,Clases de conducir.,Driving lessons.
80412000,Servicios de escuela de aviación.,Flying-school services.
80413000,Servicios de escuela de vela.,Sailing-school services.
80414000,Servicios de escuela de buceo.,Diving-school services.
80415000,Servicios de entrenamiento de esquí.,Ski-training services.
80420000,Servicios de aprendizaje electrónico.,E-learning services.
80430000,Servicios de enseñanza universitaria para adultos.,Adult-education services at university level.
80490000,Explotación de un centro educacional.,Operation of an educational centre.
80500000,Servicios de formación.,Training services.
80510000,Servicios de formación especializada.,Specialist training services.
80511000,Servicios de formación del personal.,Staff training services.
80512000,Servicios de adiestramiento de perros.,Dog training services.
80513000,Servicios de escuelas de hípica.,Horse riding school services.
80520000,Instalaciones para la formación.,Training facilities.
80521000,Servicios de programación de la formación.,Training programme services.
80522000,Seminarios de formación.,Training seminars.
80530000,Servicios de formación profesional.,Vocational training services.
80531000,Servicios de formación industrial y técnica.,Industrial and technical training services.
80531100,Servicios de formación industrial.,Industrial training services.
80531200,Servicios de formación técnica.,Technical training services.
80532000,Servicios de formación en materia de gestión.,Management training services.
80533000,Servicios de familiarización y formación para el usuario de ordenadores.,Computer-user familiarisation and training services.
80533100,Servicios de formación informática.,Computer training services.
80533200,Cursos de informática.,Computer courses.
80540000,Servicios de formación en materia ambiental.,Environmental training services.
80550000,Servicios de formación en materia de seguridad.,Safety training services.
80560000,Servicios de formación en materia de salud y primeros auxilios.,Health and first-aid training services.
80561000,Servicios de formación en materia de salud.,Health training services.
80562000,Servicios de formación en materia de primeros auxilios.,First-aid training services.
80570000,Servicios de formación para el perfeccionamiento personal.,Personal development training services.
80580000,Provisión de cursos de idiomas.,Provision of language courses.
80590000,Servicios de tutoría.,Tutorial services.
80600000,Servicios de formación en materia de equipos de defensa y seguridad.,Training services in defence and security materials.
80610000,Formación y simulación en materia de equipos de seguridad.,Training and simulation in security equipment.
80620000,Formación y simulación en materia de armas de fuego y munición.,Training and simulation in firearms and ammunition.
80630000,Formación y simulación en materia de vehículos militares.,Training and simulation in military vehicles.
80640000,Formación y simulación en materia de buques de guerra.,Training and simulation in warships.
80650000,"Formación y simulación en materia de aeronaves, misiles y naves espaciales.","Training and simulation in aircrafts, missiles and spacecrafts."
80660000,Formación y simulación en materia de sistemas electrónicos militares.,Training and simulation in military electronic systems.
85000000,Servicios de salud y asistencia social.,Health and social work services.
85100000,Servicios de salud.,Health services.
85110000,Servicios hospitalarios y servicios conexos.,Hospital and related services.
85111000,Servicios hospitalarios.,Hospital services.
85111100,Servicios hospitalarios de cirugía.,Surgical hospital services.
85111200,Servicios hospitalarios de medicina.,Medical hospital services.
85111300,Servicios hospitalarios de ginecología.,Gynaecological hospital services.
85111310,Servicios de fertilización in vitro.,In-vitro fertilisation services.
85111320,Servicios hospitalarios de obstetricia.,Obstetrical hospital services.
85111400,Servicios hospitalarios de rehabilitación.,Rehabilitation hospital services.
85111500,Servicios hospitalarios de psiquiatría.,Psychiatric hospital services.
85111600,Servicios ortóticos.,Orthotic services.
85111700,Servicios de oxigenoterapia.,Oxygen-therapy services.
85111800,Servicios de patología.,Pathology services.
85111810,Servicios de análisis de sangre.,Blood analysis services.
85111820,Servicios de análisis bacteriológicos.,Bacteriological analysis services.
85111900,Servicios de diálisis en el hospital.,Hospital dialysis services.
85112000,Servicios de asistencia hospitalaria.,Hospital support services.
85112100,Servicios relacionados con ropa de cama para hospitales.,Hospital-bedding services.
85112200,Servicios de ambulatorio.,Outpatient care services.
85120000,Servicios de ejercicio de la medicina y servicios conexos.,Medical practice and related services.
85121000,Servicios de ejercicio de la medicina.,Medical practice services.
85121100,Servicios de médicos de medicina general.,General-practitioner services.
85121200,Servicios de médicos especialistas.,Medical specialist services.
85121210,Servicios ginecológicos u obstétricos.,Gyneacologic or obstetric services.
85121220,Servicios nefrológicos o neurológicos.,Nephrology or nervous system specialist services.
85121230,Servicios cardiológicos o de neumología.,Cardiology services or pulmonary specialists services.
85121231,Servicios cardiológicos.,Cardiology services.
85121232,Servicios de neumología.,Pulmonary specialists services.
85121240,Servicios de otorrinolaringología o audiología.,ENT or audiologist services.
85121250,Servicios gastroenterológicos y geriátricos.,Gastroenterologist and geriatric services.
85121251,Servicios gastroenterológicos.,Gastroenterologist services.
85121252,Servicios geriátricos.,Geriatric services.
85121270,Servicios psiquiátricos o psicológicos.,Psychiatrist or psychologist services.
85121271,Servicios a domicilio para personas con trastornos psicológicos.,Home for the psychologically disturbed services.
85121280,"Servicios oftalmológicos, dermatológicos u ortopédicos.","Ophthalmologist, dermatology or orthopedics services."
85121281,Servicios oftalmológicos.,Ophthalmologist services.
85121282,Servicios dermatológicos.,Dermatology services.
85121283,Servicios ortopédicos.,Orthopaedic services.
85121290,Servicios pediátricos o urológicos.,Paediatric or urologist services.
85121291,Servicios pediátricos.,Paediatric services.
85121292,Servicios urológicos.,Urologist services.
85121300,Servicios de cirujanos especialistas.,Surgical specialist services.
85130000,Servicios de odontología y servicios conexos.,Dental practice and related services.
85131000,Servicios de odontología.,Dental-practice services.
85131100,Servicios de ortodoncia.,Orthodontic services.
85131110,Servicios quirúrgicos de ortodoncia.,Orthodontic-surgery services.
85140000,Servicios varios de salud.,Miscellaneous health services.
85141000,Servicios prestados por personal médico.,Services provided by medical personnel.
85141100,Servicios prestados por comadronas.,Services provided by midwives.
85141200,Servicios prestados por enfermeros.,Services provided by nurses.
85141210,Servicios de tratamiento médico a domicilio.,Home medical treatment services.
85141211,Servicios de tratamiento médico de diálisis a domicilio.,Dialysis home medical treatment services.
85141220,Servicios de asesoramiento prestados por personal de enfermería.,Advisory services provided by nurses.
85142000,Servicios paramédicos.,Paramedical services.
85142100,Servicios fisioterapéuticos.,Physiotherapy services.
85142200,Servicios homeopáticos.,Homeopathic services.
85142300,Servicios de higiene.,Hygiene services.
85142400,Entrega a domicilio de productos para incontinentes.,Home delivery of incontinence products.
85143000,Servicios de ambulancia.,Ambulance services.
85144000,Servicios de instituciones residenciales de salud.,Residential health facilities services.
85144100,Servicios de cuidados de enfermería de residencias.,Residential nursing care services.
85145000,Servicios prestados por laboratorios médicos.,Services provided by medical laboratories.
85146000,Servicios prestados por bancos de sangre.,Services provided by blood banks.
85146100,Servicios prestados por bancos de esperma.,Services provided by sperm banks.
85146200,Servicios prestados por bancos de órganos para transplante.,Services provided by transplant organ banks.
85147000,Servicios de sanidad de las empresas.,Company health services.
85148000,Servicios de análisis médicos.,Medical analysis services.
85149000,Servicios farmacéuticos.,Pharmacy services.
85150000,Servicios de imaginería.,Medical imaging services.
85160000,Servicios ópticos.,Optician services.
85170000,Servicios de acupuntura y quiropráctica.,Acupuncture and chiropractor services.
85171000,Servicios de acupuntura.,Acupuncture services.
85172000,Servicios de quiropráctica.,Chiropractor services.
85200000,Servicios de veterinaria.,Veterinary services.
85210000,Guarderías para animales de compañía.,Domestic animal nurseries.
85300000,Servicios de asistencia social y servicios conexos.,Social work and related services.
85310000,Servicios de asistencia social.,Social work services.
85311000,Servicios de asistencia social con alojamiento.,Social work services with accommodation.
85311100,Servicios de bienestar social proporcionados a ancianos.,Welfare services for the elderly.
85311200,Servicios de bienestar social proporcionados a minusválidos.,Welfare services for the handicapped.
85311300,Servicios de bienestar social proporcionados a niños y jóvenes.,Welfare services for children and young people.
85312000,Servicios de asistencia social sin alojamiento.,Social work services without accommodation.
85312100,Servicios de centros de día.,Daycare services.
85312110,Servicios de cuidado diurno para niños.,Child daycare services.
85312120,Servicios de cuidado diurno para niños y jóvenes discapacitados.,Daycare services for handicapped children and young people.
85312200,Reparto a domicilio de alimentos.,Homedelivery of provisions.
85312300,Servicios de orientación y asesoramiento.,Guidance and counselling services.
85312310,Servicios de orientación.,Guidance services.
85312320,Servicios de asesoramiento.,Counselling services.
85312330,Servicios de planificación familiar.,Family-planning services.
85312400,Servicios de bienestar social no prestados por instituciones residenciales.,Welfare services not delivered through residential institutions.
85312500,Servicios de rehabilitación.,Rehabilitation services.
85312510,Servicios de rehabilitación profesional.,Vocational rehabilitation services.
85320000,Servicios sociales.,Social services.
85321000,Servicios sociales administrativos.,Administrative social services.
85322000,Programa de acción municipal.,Community action programme.
85323000,Servicio municipal de salud.,Community health services.
90000000,"Servicios de alcantarillado, basura, limpieza y medio ambiente.","Sewage-, refuse-, cleaning-, and environmental services."
90400000,Servicios de alcantarillado.,Sewage services.
90410000,Servicios de retirada de aguas residuales.,Sewage removal services.
90420000,Servicios de tratamiento de aguas residuales.,Sewage treatment services.
90430000,Servicios de utilización de aguas residuales.,Sewage disposal services.
90440000,Servicios de tratamiento de pozos negros.,Treatment services of cesspools.
90450000,Servicios de tratamiento de fosas sépticas.,Treatment services of septic tanks.
90460000,Servicios de vaciado de pozos negros y fosas sépticas.,Cesspool or septic tank emptying services.
90470000,Servicios de limpieza de alcantarillas.,Sewer cleaning services.
90480000,Servicios de gestión de alcantarillados.,Sewerage management services.
90481000,Explotación de una planta de tratamiento de aguas residuales.,Operation of a sewage plant.
90490000,Servicios de inspección de alcantarillas y de asesoramiento en materia de aguas residuales.,Sewer survey and sewage treatment consultancy services.
90491000,Servicios de inspección de alcantarillas.,Sewer survey services.
90492000,Servicios de consultoría en tratamiento de aguas residuales.,Sewage treatment consultancy services.
90500000,Servicios relacionados con desperdicios y residuos.,Refuse and waste related services.
90510000,Eliminación y tratamiento de desperdicios.,Refuse disposal and treatment.
90511000,Servicios de recogida de desperdicios.,Refuse collection services.
90511100,Servicios de recogida de desperdicios sólidos urbanos.,Urban solid-refuse collection services.
90511200,Servicios de recogida de desperdicios domésticos.,Household-refuse collection services.
90511300,Servicios de recogida de basuras.,Litter collection services.
90511400,Servicios de recogida de papel.,Paper collecting services.
90512000,Servicios de transporte de desperdicios.,Refuse transport services.
90513000,Servicios de tratamiento y eliminación de desperdicios y residuos no peligrosos.,Non-hazardous refuse and waste treatment and disposal services.
90513100,Servicios de eliminación de desperdicios domésticos.,Household-refuse disposal services.
90513200,Servicios de eliminación de desperdicios sólidos urbanos.,Urban solid-refuse disposal services.
90513300,Servicios de incineración de desperdicios.,Refuse incineration services.
90513400,Servicios de evacuación de cenizas.,Ash disposal services.
90513500,Tratamiento y eliminación de líquidos residuales.,Treatment and disposal of foul liquids.
90513600,Servicios de retirada de lodos.,Sludge removal services.
90513700,Servicios de transporte de lodos.,Sludge transport services.
90513800,Servicios de tratamiento de lodos.,Sludge treatment services.
90513900,Servicios de eliminación de lodos.,Sludge disposal services.
90514000,Servicios de reciclado de desperdicios.,Refuse recycling services.
90520000,"Servicios de residuos radiactivos, tóxicos, médicos y peligrosos.","Radioactive-, toxic-, medical- and hazardous waste services."
90521000,Servicios de tratamiento de desechos radiactivos.,Radioactive waste treatment services.
90521100,Recogida de desechos radiactivos.,Collection of radioactive waste.
90521200,Servicios de almacenamiento de desechos radiactivos.,Radioactive waste storage services.
90521300,Eliminación de desechos radiactivos.,Disposal of radioactive waste.
90521400,Transporte de desechos radiactivos.,Transport of radioactive waste.
90521410,Transporte de desechos nucleares de baja actividad.,Transportation of low level nuclear waste.
90521420,Transporte de desechos nucleares de actividad media.,Transportation of intermediate level nuclear waste.
90521500,Embalaje de desechos radiactivos.,Packaging of radioactive waste.
90521510,Embalaje de desechos nucleares de baja actividad.,Packaging of low level nuclear waste.
90521520,Embalaje de desechos nucleares de actividad media.,Packaging of intermediate level nuclear waste.
90522000,Servicios relacionados con los terrenos contaminados.,Services relating to contaminated soil.
90522100,Retirada de terrenos contaminados.,Removal of contaminated soil.
90522200,Eliminación de terrenos contaminados.,Disposal of contaminated soil.
90522300,Servicios de tratamiento de terrenos contaminados.,Contaminated-soil treatment services.
90522400,Limpieza y tratamiento de terrenos.,Cleaning and treatment of soil.
90523000,"Servicios de eliminación de desechos tóxicos, excepto desechos radiactivos y terrenos contaminados.",Toxic waste disposal services except radioactive waste and contaminated soil.
90523100,Servicios de neutralización de armas y municiones.,Weapons and ammunition disposal services.
90523200,Servicios de destrucción o desarme de bombas sin explosionar.,Bomb-disposal services.
90523300,Servicios de retirada de minas.,Mine sweeping services.
90524000,Servicios relacionados con los desechos médicos.,Medical waste services.
90524100,Servicios de recogida de desechos clínicos.,Clinical-waste collection services.
90524200,Servicios de eliminación de desechos clínicos.,Clinical-waste disposal services.
90524300,Servicios de evacuación de desechos biológicos.,Removal services of biological waste.
90524400,"Recogida, transporte y eliminación de desechos hospitalarios.","Collection, transport and disposal of hospital waste."
90530000,Explotación de una instalación de vertido de desechos.,Operation of a refuse site.
90531000,Servicios de gestión de vertederos públicos.,Landfill management services.
90532000,Servicios de gestión de escoriales.,Coal-tip management services.
90533000,Servicios de gestión de vertederos.,Waste-tip management services.
90600000,Servicios de saneamiento y limpieza en áreas urbanas o rurales y relacionados con ellos.,"Cleaning and sanitation services in urban or rural areas, and related services."
90610000,Servicios de limpieza y barrido de calles.,Street-cleaning and sweeping services.
90611000,Servicios de limpieza de calles.,Street-cleaning services.
90612000,Servicios de barrido de calles.,Street-sweeping services.
90620000,Servicios de limpieza y eliminación de nieve.,Snow-clearing services.
90630000,Servicios de limpieza y eliminación de hielo.,Ice-clearing services.
90640000,Servicios de limpieza y vaciado de sumideros.,Gully cleaning and emptying services.
90641000,Servicios de limpieza de sumideros.,Gully cleaning services.
90642000,Servicios de vaciado de sumideros.,Gully emptying services.
90650000,Servicios de retirada de amianto.,Asbestos removal services.
90660000,Servicios de eliminación del plomo.,Deleading services.
90670000,Servicios de desinfección y exterminio en áreas urbanas o rurales.,Disinfecting and exterminating services in urban or rural areas.
90680000,Servicios de limpieza de playas.,Beach cleaning services.
90690000,Servicios de limpieza de pintadas.,Graffiti removal services.
90700000,Servicios medioambientales.,Environmental services.
90710000,Gestión medioambiental.,Environmental management.
90711000,Evaluación del impacto medioambiental que no sea para la construcción.,Environmental impact assessment other than for construction.
90711100,Evaluación de riesgos o peligros que no sea para la construcción.,Risk or hazard assessment other than for construction.
90711200,Criterios medioambientales que no sean para la construcción.,Environmental standards other than for construction.
90711300,Análisis de indicadores medioambientales que no sean para la construcción.,Environmental indicators analysis other than for construction.
90711400,Servicios de evaluación del impacto medioambiental (EIA) que no sean para la construcción.,Environmental Impact Assessment EIA services other than for construction.
90711500,Seguimiento medioambiental que no sea para la construcción.,Environmental monitoring other than for construction.
90712000,Planificación medioambiental.,Environmental planning.
90712100,Planificación del desarrollo medioambiental urbano.,Urban environmental development planning.
90712200,Planificación de la estrategia de conservación forestal.,Forest conservation strategy planning.
90712300,Planificación de la estrategia de conservación marítima.,Marine conservation strategy planning.
90712400,Servicios de planificación de la estrategia de gestión o conservación de recursos naturales.,Natural resources management or conservation strategy planning services.
90712500,Creación o planificación de instituciones medioambientales.,Environmental institution building or planning.
90713000,Servicios de asesoramiento sobre asuntos ambientales.,Environmental issues consultancy services.
90713100,Servicios de asesoramiento sobre suministro de agua y sobre aguas residuales que no sean para la construcción.,Consulting services for water-supply and waste-water other than for construction.
90714000,Auditoría medioambiental.,Environmental auditing.
90714100,Sistemas de información medioambiental.,Environmental information systems.
90714200,Servicios de auditoría medioambiental de empresas.,Corporate environmental auditing services.
90714300,Servicios de auditoría medioambiental sectoriales.,Sectoral environmental auditing services.
90714400,Servicios de auditoría medioambiental de actividades específicas.,Activity specific environmental auditing services.
90714500,Servicios de control de la calidad medioambiental.,Environmental quality control services.
90714600,Servicios de control de la seguridad medioambiental.,Environmental security control services.
90715000,Servicios de estudio de la contaminación.,Pollution investigation services.
90715100,Servicios de estudio de la contaminación química y petrolera.,Chemicals and oil pollution investigation services.
90715110,Estudio de emplazamientos de fábricas de gas.,Gasworks site investigation.
90715120,Estudio de emplazamientos de vertederos de desechos de fábricas de productos químicos o refinerías de petróleo.,Chemical works or oil refinery waste site investigation.
90715200,Otros servicios de estudio de la contaminación.,Other pollution investigation services.
90715210,Estudio de emplazamientos de depósitos o terminales petroleros.,Oil depot or terminal site investigation.
90715220,Estudio de emplazamientos industriales.,Industrial site investigation.
90715230,Estudio de vertederos de desechos industriales.,Industrial waste site investigation.
90715240,Estudio de emplazamientos de plantas de tratamiento de la madera.,Wood treatment plant site investigation.
90715250,Estudio de emplazamientos de plantas de limpieza en seco.,Dry cleaning plants site investigation.
90715260,Estudio de emplazamientos de fundición.,Foundry site investigation.
90715270,Estudio de emplazamientos de planta de reciclado.,Recycling plant site investigation.
90715280,Estudio de emplazamientos de planta de transformación de alimentos.,Food processing plant site investigation.
90720000,Protección del medio ambiente.,Environmental protection.
90721000,Servicios de seguridad medioambiental.,Environmental safety services.
90721100,Servicios de protección del paisaje.,Landscape protection services.
90721200,Servicios de protección de la capa de ozono.,Ozone protection services.
90721300,Servicios de protección contra la contaminación de alimentos y piensos.,Food or feed contamination protection services.
90721400,Servicios de protección de los recursos genéticos.,Genetic resources protection services.
90721500,Servicios de protección contra las sustancias tóxicas.,Toxic substances protection services.
90721600,Servicios de protección contra la radiación.,Radiation protection services.
90721700,Servicios de protección de las especies en peligro.,Endangered species protection services.
90721800,Servicios de protección contra los riesgos o peligros naturales.,Natural risks or hazards protection services.
90722000,Rehabilitación medioambiental.,Environmental rehabilitation.
90722100,Rehabilitación de emplazamientos industriales.,Industrial site rehabilitation.
90722200,Servicios de descontaminación medioambiental.,Environmental decontamination services.
90722300,Servicios de recuperación del suelo.,Land reclamation services.
90730000,Rastreo y seguimiento de la contaminación y rehabilitación.,Pollution tracking and monitoring and rehabilitation.
90731000,Servicios relacionados con la contaminación atmosférica.,Services related to air pollution.
90731100,Gestión de la calidad del aire.,Air quality management.
90731200,Servicios de gestión o control de la contaminación atmosférica transfronteriza.,Transboundary air pollution management or control services.
90731210,Compra de créditos de emisión de CO2.,Purchase of CO2 emission credits.
90731300,Servicios de protección contra la contaminación atmosférica.,Air pollution protection services.
90731400,Servicios de seguimiento o medición de la contaminación atmosférica.,Air pollution monitoring or measurement services.
90731500,Servicios de detección de gases tóxicos.,Toxic gas detection services.
90731600,Seguimiento del metano.,Methane monitoring.
90731700,Servicios de seguimiento del dióxido de carbono.,Carbon dioxide monitoring services.
90731800,Seguimiento de partículas en suspensión.,Airborne particle monitoring.
90731900,Servicios de seguimiento de la disminución de la capa de ozono.,Ozone depletion monitoring services.
90732000,Servicios relacionados con la contaminación del suelo.,Services related to soil pollution.
90732100,Servicios de protección contra la contaminación del suelo.,Soil pollution protection services.
90732200,Servicios de retirada de suelos contaminados.,Polluted soil removal services.
90732300,Tratamiento o rehabilitación de suelos contaminados.,Polluted soil treatment or rehabilitation.
90732400,Servicios de asesoramiento sobre la contaminación del suelo.,Soil pollution advisory services.
90732500,Cartografía de contaminación del suelo.,Soil pollution mapping.
90732600,Medición o seguimiento de la contaminación del suelo.,Soil pollution measurement or monitoring.
90732700,Evaluación de la contaminación por abonos orgánicos.,Organic fertilizer pollution assessment.
90732800,Evaluación de la contaminación por pesticidas.,Pesticides pollution assessment.
90732900,Evaluación de la contaminación por nitratos y fosfatos.,Nitrates and phosphates pollution assessment.
90732910,Evaluación de la contaminación por nitratos.,Nitrates pollution assessment.
90732920,Evaluación de la contaminación por fosfatos.,Phosphates pollution assessment.
90733000,Servicios relacionados con la contaminación del agua.,Services related to water pollution.
90733100,Servicios de seguimiento o control de la contaminación de aguas superficiales.,Surface water pollution monitoring or control services.
90733200,Servicios de rehabilitación de la contaminación de aguas superficiales.,Surface water pollution rehabilitation services.
90733300,Servicios de protección contra la contaminación de aguas superficiales.,Surface water pollution protection services.
90733400,Servicios de tratamiento de aguas superficiales.,Surface water treatment services.
90733500,Servicios de drenaje de la contaminación de aguas superficiales.,Surface water pollution drainage services.
90733600,Servicios de gestión o control de la contaminación transfronteriza de aguas.,Transboundary water pollution management or control services.
90733700,Servicios de seguimiento o control de la contaminación de aguas subterráneas.,Groundwater pollution monitoring or control services.
90733800,Servicios de drenaje de la contaminación de aguas subterráneas.,Groundwater pollution drainage services.
90733900,Tratamiento o rehabilitación de la contaminación de aguas subterráneas.,Groundwater pollution treatment or rehabilitation.
90740000,Servicios de rastreo y seguimiento de productos contaminantes y rehabilitación.,Pollutants tracking and monitoring and rehabilitation services.
90741000,Servicios relacionados con la contaminación por hidrocarburos.,Services related to oil pollution.
90741100,Servicios de seguimiento de vertidos de hidrocarburos.,Oil spillage monitoring services.
90741200,Servicios de control de vertidos de hidrocarburos.,Oil spillage control services.
90741300,Servicios de rehabilitación por vertido de hidrocarburos.,Oil spillage rehabilitation services.
90742000,Servicios relacionados con la contaminación acústica.,Services related to noise pollution.
90742100,Servicios de control del ruido.,Noise control services.
90742200,Servicios de protección contra la contaminación acústica.,Noise pollution protection services.
90742300,Servicios de seguimiento de la contaminación acústica.,Noise pollution monitoring services.
90742400,Servicios de asesoramiento sobre la contaminación acústica.,Noise pollution advisory services.
90743000,Servicios relacionados con la contaminación de sustancias tóxicas.,Services related to toxic substances pollution.
90743100,Servicios de seguimiento de sustancias tóxicas.,Toxic substances monitoring services.
90743200,Servicios de rehabilitación de sustancias tóxicas.,Toxic substances rehabilitation services.
90900000,Servicios sanitarios y de limpieza.,Cleaning and sanitation services.
90910000,Servicios de limpieza.,Cleaning services.
90911000,"Servicios de limpieza de viviendas, edificios y ventanas.","Accommodation, building and window cleaning services."
90911100,Servicios de limpieza de viviendas.,Accommodation cleaning services.
90911200,Servicios de limpieza de edificios.,Building-cleaning services.
90911300,Servicios de limpieza de ventanas.,Window-cleaning services.
90912000,Servicios de limpieza de estructuras tubulares por chorro de arena o de perdigones.,Blast-cleaning services for tubular structures.
90913000,Servicios de limpieza de tanques y depósitos.,Tank and reservoir cleaning services.
90913100,Servicios de limpieza de tanques.,Tank-cleaning services.
90913200,Servicios de limpieza de depósitos.,Reservoir cleaning services.
90914000,Servicios de limpieza de aparcamientos.,Car park cleaning services.
90915000,Servicios de limpieza de hornos y chimeneas.,Furnace and chimney cleaning services.
90916000,Servicios de limpieza de equipos telefónicos.,Cleaning services of telephone equipment.
90917000,Servicios de limpieza de medios de transporte.,Cleaning services of transport equipment.
90918000,Servicio de limpieza de cubos de basura.,Bin-cleaning services.
90919000,"Servicios de limpieza de oficinas, escuelas y equipo de oficina.","Office, school and office equipment cleaning services."
90919100,Servicios de limpieza de equipo de oficina.,Cleaning services of office equipment.
90919200,Servicios de limpieza de oficinas.,Office cleaning services.
90919300,Servicios de limpieza de escuelas.,School cleaning services.
90920000,Servicios de higienización de instalaciones.,Facility related sanitation services.
90921000,Servicios de desinfección y exterminio.,Disinfecting and exterminating services.
90922000,Servicios de control de plagas.,Pest-control services.
90923000,Servicios de desratización,Rat-disinfestation services.
90924000,Servicios de fumigación.,Fumigation services.
92000000,"Servicios de esparcimiento, culturales y deportivos.","Recreational, cultural and sporting services."
92100000,Servicios de cine y vídeo.,Motion picture and video services.
92110000,Servicios de producción de películas de cine y videocintas y servicios conexos.,Motion picture and video tape production and related services.
92111000,Servicios de producción de películas de cine y vídeo.,Motion picture and video production services.
92111100,Producción de películas y videocintas de formación.,Training-film and video-tape production.
92111200,"Producción de películas y videocintas de publicidad, propaganda e información.","Advertising, propaganda and information film and video-tape production."
92111210,Producción de películas publicitarias.,Advertising film production.
92111220,Producción de videocintas publicitarias.,Advertising video-tape production.
92111230,Producción de películas de propaganda.,Propaganda film production.
92111240,Producción de videocintas de propaganda.,Propaganda video-tape production.
92111250,Producción de películas informativas.,Information film production.
92111260,Producción de videocintas informativas.,Information video-tape production.
92111300,Producción de películas y videocintas de entretenimiento.,Entertainment film and video-tape production.
92111310,Producción de películas de entretenimiento.,Entertainment film production.
92111320,Producción de videocintas de entretenimiento.,Entertainment video-tape production.
92112000,Servicios relacionados con la producción de películas cinematográficas y videocintas.,Services in connection with motion-picture and video-tape production.
92120000,Servicios de distribución de películas cinematográficas o videocintas.,Motion-picture or video-tape distribution services.
92121000,Servicios de distribución de videocintas.,Video-tape distribution services.
92122000,Servicios de distribución de películas cinematográficas.,Motion picture distribution services.
92130000,Servicios de proyección cinematográfica.,Motion picture projection services.
92140000,Servicios de proyección de videocintas.,Video-tape projection services.
92200000,Servicios de radio y televisión.,Radio and television services.
92210000,Servicios de radio.,Radio services.
92211000,Servicios de producción radiofónica.,Radio production services.
92213000,Servicios de sistemas de radio de corto alcance.,Small scale radio systems services.
92214000,Servicios de equipos o estudios radiofónicos.,Radio studio or equipment services.
92215000,Servicios de radio móvil general (GMRS).,General Mobile Radio Services (GMRS).
92216000,Servicios de radio familiar (FRS),Family Radio Services (FRS).
92217000,Servicios de radio móvil general/Servicios de radio familiar (GMRS/FRS).,General Mobile Radio Services/Family Radio Services (GMRS/FRS).
92220000,Servicios de televisión.,Television services.
92221000,Servicios de producción de televisión.,Television production services.
92222000,Servicios de televisión en circuito cerrado.,Closed circuit television services.
92224000,Televisión digital.,Digital Television.
92225000,Televisión interactiva.,Interactive Television.
92225100,Televisión con películas a la carta.,Film on demand Television.
92226000,Teleprogramación.,Teleprogrammation.
92230000,Servicios de radio y televisión por cable.,Radio and television cable services.
92231000,Servicios bilaterales internacionales y líneas privadas internacionales arrendadas.,International bilateral services and international private leased lines.
92232000,Televisión por cable.,Cable-TV.
92300000,Servicios de entretenimiento.,Entertainment services.
92310000,Servicios de creación e interpretación de obras artísticas y literarias.,Artistic and literary creation and interpretation services.
92311000,Obras de arte.,Works of art.
92312000,Servicios artísticos.,Artistic services.
92312100,"Servicios artísticos de productores de teatro, grupos de cantantes, bandas y orquestas.","Theatrical producers', singer groups', bands' and orchestras' entertainment services."
92312110,Servicios artísticos de productores de teatro.,Theatrical producer entertainment services.
92312120,Servicios artísticos de grupos de cantantes.,Singer group entertainment services.
92312130,Servicios artísticos de bandas de músicos.,Band entertainment services.
92312140,Servicios artísticos de orquestas.,Orchestral entertainment services.
92312200,"Servicios proporcionados por autores, compositores, escultores, artistas del espectáculo y otros artistas que trabajan individualmente.","Services provided by authors, composers, sculptors, entertainers and other individual artists."
92312210,Servicios prestados por autores.,Services provided by authors.
92312211,Servicios de agencia de redacción.,Writing agency services.
92312212,Servicios relacionados con la preparación de manuales de formación.,Services related to the preparation of training manuals.
92312213,Servicios de autoría técnica.,Technical author services.
92312220,Servicios prestados por compositores.,Services provided by composers.
92312230,Servicios prestados por escultores.,Services provided by sculptors.
92312240,Servicios prestados por artistas del espectáculo.,Services provided by entertainers.
92312250,Servicios prestados por artistas que trabajan individualmente.,Services provided by individual artists.
92312251,Servicios de disc jockey.,Disk-jockey services.
92320000,Servicios de explotación de instalaciones artísticas.,Arts-facility operation services.
92330000,Servicios de zona recreativa.,Recreational-area services.
92331000,Servicios de ferias y parques de atracciones.,Fair and amusement park services.
92331100,Servicios de ferias.,Fair services.
92331200,Servicios de parques de atracciones.,Amusement park services.
92331210,Servicios de animación para niños.,Children animation services.
92332000,Servicios de playas.,Beach services.
92340000,Servicios de baile y de diversión.,Dance and performance entertainment services.
92341000,Servicios de circo.,Circus services.
92342000,Servicios de enseñanza de baile.,Dance-instruction services.
92342100,Servicios de enseñanza de bailes de salón.,Ballroom dance-instruction services.
92342200,Servicios de enseñanza de bailes de discoteca.,Discotheque dance-instruction services.
92350000,Servicios de juegos de azar y apuestas.,Gambling and betting services.
92351000,Servicios de juegos de azar.,Gambling services.
92351100,Servicios de explotación de loterías.,Lottery operating services.
92351200,Servicios de explotación de casinos.,Casino operating services.
92352000,Servicios de apuestas.,Betting services.
92352100,Servicios de explotación de sistema de apuestas mutuas.,Totalisator operating services.
92352200,Servicios de corretaje de apuestas.,Bookmaking services.
92360000,Servicios de pirotecnia.,Pyrotechnic services.
92370000,Técnico de sonido.,Sound technician.
92400000,Servicios de agencias de noticias.,News-agency services.
92500000,"Servicios de bibliotecas, archivos, museos y otros servicios culturales.","Library, archives, museums and other cultural services."
92510000,Servicios de bibliotecas y archivos.,Library and archive services.
92511000,Servicios de bibliotecas.,Library services.
92512000,Servicios de archivos.,Archive services.
92512100,Servicios de destrucción de archivos.,Archive destruction services.
92520000,Servicios de museos y de preservación de lugares y edificios históricos.,Museum services and preservation services of historical sites and buildings.
92521000,Servicios de museos.,Museum services.
92521100,Servicios de exposición en museos.,Museum-exhibition services.
92521200,Servicios de preservación de material y especímenes de exposición.,Preservation services of exhibits and specimens.
92521210,Servicios de preservación del material de exposición.,Preservation services of exhibits.
92521220,Servicios de preservación de especímenes.,Preservation services of specimens.
92522000,Servicios de preservación de lugares y edificios históricos.,Preservation services of historical sites and buildings.
92522100,Servicios de preservación de lugares históricos.,Preservation services of historical sites.
92522200,Servicios de preservación de edificios históricos.,Preservation services of historical buildings.
92530000,Servicios de jardines botánicos y zoológicos y de reservas naturales.,Botanical and zoological garden services and nature reserve services.
92531000,Servicios de jardines botánicos.,Botanical garden services.
92532000,Servicios de jardines zoológicos.,Zoological garden services.
92533000,Servicios de reservas naturales.,Nature reserve services.
92534000,Servicios de preservación de la vida silvestre.,Wildlife preservation services.
92600000,Servicios deportivos.,Sporting services.
92610000,Servicios de explotación de instalaciones deportivas.,Sports facilities operation services.
92620000,Servicios relacionados con los deportes.,Sport-related services.
92621000,Servicios de promoción de espectáculos deportivos.,Sports-event promotion services.
92622000,Servicios de organización de espectáculos deportivos.,Sports-event organisation services.
92700000,Servicios de cibercafé.,Cybercafé services.
98000000,"Otros servicios comunitarios, sociales o personales.","Other community, social and personal services."
98100000,Servicios de asociaciones.,Membership organisation services.
98110000,"Servicios proporcionados por organizaciones comerciales, profesionales y asociaciones especializadas.","Services furnished by business, professional and specialist organisations."
98111000,Servicios proporcionados por organizaciones comerciales.,Services furnished by business organisations.
98112000,Servicios prestados por organizaciones profesionales.,Services furnished by professional organisations.
98113000,Servicios proporcionados por organizaciones especializadas.,Services furnished by specialist organisations.
98113100,Servicios relacionados con la seguridad nuclear.,Nuclear safety services.
98120000,Servicios prestados por sindicatos.,Services furnished by trade unions.
98130000,Servicios diversos prestados por asociaciones.,Miscellaneous membership organisations services.
98131000,Servicios religiosos.,Religious services.
98132000,Servicios prestados por organizaciones políticas.,Services furnished by political organisations.
98133000,Servicios prestados por asociaciones de carácter social.,Services furnished by social membership organisations.
98133100,Servicios para el mejoramiento cívico y de apoyo a los servicios para la comunidad.,Civic betterment and community facility support services.
98133110,Servicios proporcionados por asociaciones juveniles.,Services provided by youth associations.
98200000,Servicios de asesoramiento sobre igualdad de oportunidades.,Equal opportunities consultancy services.
98300000,Servicios diversos.,Miscellaneous services.
98310000,Servicios de lavado y limpieza en seco.,Washing and dry-cleaning services.
98311000,Servicios de recogida de lavandería.,Laundry-collection services.
98311100,Servicios de gestión de lavanderías.,Laundry management services.
98311200,Servicios de explotación de lavanderías.,Laundry operation services.
98312000,Servicios de limpieza de artículos textiles.,Textile-cleaning services.
98312100,Servicios de impregnación de artículos textiles.,Textile impregnation services.
98313000,Servicios de limpieza de artículos de piel.,Fur-products cleaning services.
98314000,Servicios de coloración.,Colouring services.
98315000,Servicios de planchado.,Pressing services.
98316000,Servicios de teñido.,Dyeing services.
98320000,Servicios de peluquería y tratamiento de belleza.,Hairdressing and beauty treatment services.
98321000,Servicios de peluquería.,Hairdressing services.
98321100,Servicios de barbería.,Barbers' services.
98322000,Servicios de tratamiento de belleza.,Beauty treatment services.
98322100,"Servicios de tratamiento cosmético, manicura y pedicura.","Cosmetic treatment, manicuring and pedicuring services."
98322110,Servicios de tratamiento con cosméticos.,Cosmetic treatment services.
98322120,Servicios de manicura.,Manicuring services.
98322130,Servicios de pedicura.,Pedicuring services.
98322140,Servicios de maquillaje.,Make-up services.
98330000,Servicios relacionados con el bienestar físico.,Physical well-being services.
98331000,Servicios de baños turcos.,Turkish bath services.
98332000,Servicios de balneario.,Spa services.
98333000,Servicios de masajes.,Massage services.
98334000,Servicios de bienestar físico.,Wellness services.
98336000,"Servicios de entrenamiento, ejercicio o aeróbic.","Training, workout or aerobic services."
98340000,Servicios de alojamiento y de oficina.,Accommodation and office services.
98341000,Servicios de alojamiento.,Accommodation services.
98341100,Servicios de gestión de alojamientos.,Accommodation management services.
98341110,Servicios de administración interna.,Housekeeping services.
98341120,Servicios de portería.,Portering services.
98341130,Servicios de conserjería.,Janitorial services.
98341140,Servicios de vigilancia de inmuebles.,Caretaker services.
98342000,Servicios relativos al entorno de trabajo.,Work environment services.
98350000,Servicios de instalaciones municipales.,Civic-amenity services.
98351000,Servicios de gestión de aparcamientos.,Car park management services.
98351100,Servicios de aparcamientos.,Car park services.
98351110,Servicios de aplicación de la reglamentación de aparcamientos.,Parking enforcement services.
98360000,Servicios marítimos.,Marine services.
98361000,Servicios relacionados con la flora y fauna marina.,Aquatic marine services.
98362000,Servicios de gestión de puertos.,Port management services.
98362100,Servicios de apoyo de bases marítimas.,Marine-base support services.
98363000,Servicios de buceo.,Diving services.
98370000,Servicios funerarios y servicios conexos.,Funeral and related services.
98371000,Servicios funerarios.,Funeral services.
98371100,Servicios de cementerio y de cremación.,Cemetery services and cremation services.
98371110,Servicios de cementerio.,Cemetery services.
98371111,Servicios de mantenimiento de cementerios.,Cemetery maintenance services.
98371120,Servicios de cremación.,Cremation services.
98371200,Servicios de empresa funeraria.,Undertaking services.
98380000,Servicios de perrera.,Dog kennel services.
98390000,Otros servicios.,Other services.
98391000,Servicios de desmantelamiento.,Decommissioning services.
98392000,Servicios de traslado.,Relocation services.
98393000,Servicios de sastrería.,Tailoring services.
98394000,Servicios de tapicería.,Upholstering services.
98395000,Servicios de cerrajería.,Locksmith services.
98396000,Servicios de afinación de instrumentos.,Instrument tuning services.
98500000,Casas particulares con personas empleadas.,Private households with employed persons.
98510000,Servicios de trabajadores del comercio y la industria.,Services of commercial and industrial workers.
98511000,Servicios de trabajadores del comercio.,Services of commercial workers.
98512000,Servicios de trabajadores de la industria.,Services of industrial workers.
98513000,Servicios de mano de obra para particulares.,Manpower services for households.
98513100,Servicios de personal de agencia para particulares.,Agency staff services for households.
98513200,Servicios de personal administrativo para particulares.,Clerical staff services for households.
98513300,Personal temporal para particulares.,Temporary staff for households.
98513310,Servicios de ayuda en tareas domésticas.,Home-help services.
98514000,Servicios domésticos.,Domestic services.
98900000,Servicios prestados por organizaciones y entidades extraterritoriales.,Services provided by extra-territorial organisations and bodies.
98910000,Servicios específicos de organizaciones y entidades extraterritoriales.,Services specific to international organisations and bodies.
