buyer,category,n_tenders,technology_score
"Empresa de Transformación Agraria S.A.,S.M.E., M.P., (TRAGSA)",Other,5272,0
"Dirección General de Renfe Ingeniería y Mantenimiento Sociedad Mercantil Estatal, S.A.",Other,2236,0
"Paradores de Turismo de España, S.M.E., S.A.",Other,1492,0
Dirección General de Racionalización y Centralización de la Contratación-Junta de Contratación Centralizada,Other,987,0
"Dirección General de IBERMUTUA, Mutua Colaboradora con la Seguridad Social nº 274",Other,638,0
Gerencia de la Empresa Municipal Autobuses de Córdoba S.A. (AUCORSA),Other,627,0
ADIF - Presidencia,Other,616,0
Dirección General de Racionalización y Centralización de la Contratación-Junta de Contratación Centralizada,Software & Development,527,663
Servicio Cántabro de Salud,Other,478,0
"Dirección General de Renfe Viajeros Sociedad Mercantil Estatal, S.A.",Other,464,0
"Comité Central de Compras de Navantia S.A., S.M.E.",Other,457,0
Aena. Dirección de Contratación,Other,453,0
"Dirección General de la Mutual Midat Cyclops, Mutua Colaboradora con la Seguridad Social, nº 1",Other,444,0
Dirección Gerencia Hospital Universitario de Gran Canaria Doctor Negrín,Other,426,0
Inspección General de Sanidad de la Defensa,Other,388,0
Concejalía Delegada de Contratación del Ajuntament de València,Other,378,0
Intendente de Rota,Other,376,0
Presidencia de la Diputación Provincial de Alicante,Other,373,0
Dirección General de Racionalización y Centralización de la Contratación-Junta de Contratación Centralizada,Infrastructure & Hardware,372,84
Jefatura de Asuntos Económicos del Mando de Apoyo Logístico,Other,367,0
"Empresa Municipal de Transportes de Madrid, S.A.",Other,356,0
Intendente de Ferrol,Other,333,0
"Mutua Universal Mugenat, Mutua Colaboradora con la Seguridad Social nº 10",Other,319,0
"Tecnologías y Servicios Agrarios S.A.,S.M.E., M.P., (TRAGSATEC)",Other,315,0
Dirección de Gestión Económica de la Jefatura de Apoyo Logístico de la Armada,Other,312,0
Dirección de Compras de la Corporación de Radio y Televisión Española S.A.,Other,310,0
Director Gerente de FREMAP,Other,308,0
Consejero Delegado de la Empresa Municipal de Aguas de Málaga S.A.,Other,307,0
Consejo de Administración-Comité de Inversiones de la Sociedad Estatal Correos y Telégrafos S.A,Other,292,0
Alcaldía del Ayuntamiento de Lucena,Other,289,0
Junta de Gobierno de la Diputación Provincial de Almería,Other,285,0
"Gerencia umivale Activa, Mutua Colaboradora con la Seguridad Social número 3",Other,284,0
Secretaría General de la Agencia Estatal Consejo Superior de Investigaciones Científicas,Other,278,0
Junta de Gobierno del Ayuntamiento de Marbella,Other,271,0
Servicio de Salud de las Illes Balears,Other,268,0
Administrador de Infraestructuras Ferroviarias,Other,266,0
Consejería de Hacienda de la Ciudad Autónoma de Melilla,Other,265,0
Junta de Gobierno del Ayuntamiento de Molina de Segura,Other,258,0
"Área de Gobierno de Economía, Innovación y Hacienda del Ayuntamiento de Madrid",Other,257,0
Presidencia de la Diputación Provincial de Pontevedra,Other,255,0
"Consejo de Administración de la Sociedad Mercantil Estatal de Gestión Inmobiliaria de Patrimonio, M.P.S.A. (Segipsa)",Other,254,0
"Madrid Destino Cultura Turismo y Negocio, S.A.",Other,252,0
Subdirección General Sanitaria de ASEPEYO. Mutua Colaboradora con la Seguridad Social. num. 151,Other,252,0
Gerencia de MAZ Mútua de Accidentes de Trabajo y Enfermedades Profesionales de la Seguridad Social nº 11,Other,245,0
Dirección del Ente Público Extremeño de Servicios Educativos Complementarios,Other,235,0
"Área de Gobierno de Urbanismo, Medio Ambiente y Movilidad del Ayuntamiento de Madrid",Other,232,0
Presidencia de la Diputación Provincial de Cáceres,Other,228,0
Alcaldía del Ajuntament de Calp,Other,223,0
"Infraestructures de la Generalitat de Catalunya, SAU",Other,218,0
ADIF Alta Velocidad - Presidencia,Other,217,0
"Consejero Delegado de Ingeniería de Sistemas para la Defensa de España S.A., S.M.E. y M.P.",Other,217,0
"Consejo de Administración de EMAYA, Empresa Municipal d'Aigües i Clavegueram, S.A.",Other,217,0
Jefatura de Intendencia de Asuntos Económicos Sur,Other,216,0
Junta de Gobierno del Ajuntament de València,Other,216,0
Presidencia del Consejo de Administración de la Autoridad Portuaria de Barcelona (PORT DE BARCELONA),Other,212,0
"Consejo de Administración de la Sociedad de Gestión de Activos procedentes de la Reestructuración Bancaria, S.A",Other,209,0
Órganos Directivos del Ayuntamiento de Sevilla,Other,207,0
"Área de Gobierno de Vicealcaldía, Portavoz, Seguridad y Emergencias del Ayuntamiento de Madrid",Other,204,0
Junta de Gobierno del Ayuntamiento de Sevilla,Other,203,0
Sociedad Pública de Infraestructuras y Medio Ambiente de Castilla y León S.A.,Other,202,0
Junta de Gobierno del Ayuntamiento de Málaga,Other,199,0
"Empresa de Transformación Agraria S.A.,S.M.E., M.P., (TRAGSA)",Infrastructure & Hardware,197,185
Junta de Gobierno del Ayuntamiento de Fuengirola,Other,196,0
Intendente de San Fernando,Other,192,0
Aena. Dirección del Aeropuerto Adolfo Suárez Madrid-Barajas,Other,188,0
Junta de Gobierno del Ayuntamiento de Logroño,Other,187,0
Presidencia de la Diputación Provincial de Jaén,Other,186,0
Aena. Dirección del Aeropuerto de Josep Tarradellas Barcelona-El Prat,Other,185,0
Junta de Gobierno del Ayuntamiento de Cádiz,Other,183,0
Jefatura de Intendencia de Asuntos Económicos Oeste,Other,182,0
Junta de Gobierno del Ayuntamiento de Murcia,Other,178,0
ADIF -Consejo de Administración,Other,175,0
Diputación Provincial de Cádiz,Other,173,0
Dirección Gerencia del Complejo Hospitalario Universitario de Canarias,Other,173,0
Junta de Gobierno del Ayuntamiento de Orihuela,Other,173,0
Dirección Provincial de Educación en Burgos,Other,170,0
Dirección Económico-Financiera de ENAIRE,Other,168,0
Dirección Gerente del Hospital Universitario Nuestra Señora de Candelaria,Other,168,0
Jefatura de Intendencia de Asuntos Económicos Este,Other,168,0
Junta de Gobierno Local del Ayuntamiento de Fuenlabrada,Other,168,0
Banco de España,Other,164,0
Junta de Gobierno del Ayuntamiento de Granada,Other,163,0
Comité Ejecutivo de la Mancomunidad de los Canales del Taibilla,Other,162,0
Presidencia de la Diputación Provincial de Sevilla,Other,161,0
Presidencia de la Diputación de Badajoz,Other,161,0
Junta de Gobierno del Ayuntamiento de A Coruña,Other,160,0
Dirección Gerencia del Complejo Hospitalario Universitario Insular Materno Infantil,Other,159,0
"Empresa Municipal de la Vivienda y Suelo de Madrid, S.A.",Other,159,0
Jefatura de Asuntos Económicos del Mando de Personal,Other,158,0
Intendente de Cartagena,Other,155,0
Junta de Gobierno del Ayuntamiento de Almería,Other,155,0
Jefatura de Asuntos Económicos de la Guardia Civil,Other,154,0
Consejería Delegada de la Empresa Metropolitana de Abastecimiento y Saneamiento de Aguas de Sevilla S.A. (EMASESA),Other,152,0
"Metro de Madrid, S.A.",Other,152,0
Rectorado de la Universidad de Sevilla,Other,152,0
Dirección Provincial de Educación en Salamanca,Other,150,0
Gerencia de Servicios Sanitarios del Área de Salud de Lanzarote,Other,150,0
Intendencia de Madrid,Other,149,0
Gerencia de Fraternidad Muprespa - Mútua Colaboradora con la Seguridad Social nº 275,Other,145,0
Presidencia de la Diputación Provincial de Granada,Other,143,0
Alcaldía del Ayuntamiento de Guadalajara,Other,142,0
Servicio de Contratación y Compras del Ayuntamiento de San Bartolomé de Tirajana,Other,140,0
Intendente de las Palmas,Other,139,0
Presidencia de la Diputación Provincial de A Coruña,Other,139,0
Junta de Gobierno del Ayuntamiento de Albacete,Other,138,0
Gerencia de la Empresa Municipal de Aguas y Saneamiento de Murcia S.A.,Other,137,0
Junta de Gobierno del Ayuntamiento de Oviedo,Other,137,0
Presidencia del Cabildo Insular de Lanzarote,Other,137,0
Dirección General de Planificación Económica,Other,135,0
Aena. Consejo de Administración,Other,134,0
Dirección de la Fundación para la Internacionalización de las Administraciones Públicas,Other,134,0
"Consejo de Administración de ICEX España Exportación e Inversiones, E.P.E.",Other,133,0
Junta de Gobierno del Ayuntamiento de Córdoba,Other,132,0
"Consejería Delegada de Gestión y Planeamiento Territorial y Medioambiental, S.A.",Other,131,0
Presidencia de la Autoridad Portuaria de Baleares,Other,131,0
Aena. Dirección del Aeropuerto de Málaga-Costa del Sol,Other,130,0
Dirección General de Carreteras,Other,130,0
Comité de Dirección de Equipos Nucleares S.A.,Other,129,0
Jefatura de Intendencia de Asuntos Económicos Centro,Other,129,0
"ENUSA Industrias Avanzadas S.A., S.M.E.",Other,127,0
"Empresa Nacional de Residuos Radiactivos, S.A., S.M.E. (ENRESA)",Other,126,0
Presidencia de la Fundación Municipal de Cultura,Other,126,0
Alcaldía del Ayuntamiento de Algeciras,Other,125,0
Alcaldía del Ayuntamiento de Badajoz,Other,125,0
Gerencia Sector Sanitario de Zaragoza 3,Other,125,0
Dirección General del INTA,Other,124,0
Dirección General de la Asociación CIC nanoGUNE,Other,123,0
Sección de Asuntos Económicos de la Dirección de Infraestructura,Other,122,0
Servicio Murciano de Salud - Gerencia,Other,122,0
Dirección General Económico-Financiera de la Entidad Pública Empresarial RENFE-Operadora,Other,121,0
"Jefatura de Unidad de Medios Internos -Área de Compras de la Compañía Española de Seguros de Crédito a la Exportación S.A., S.M.E. (CESCE)",Other,121,0
Compras de la Corporación de Radio y Televisión Española S.A.,Other,120,0
"Dirección General de Gestión Económica, Contratación e Infraestructuras de la Conselleria de Sanidad",Other,120,0
Aena. Dirección del Aeropuerto de Alicante-Elche,Other,118,0
"Valenciana d'Estrategies i Recursos per a la Sostenibilitat Ambiental, Sociedad Anónima",Other,118,0
"Consejo de Administración de Medio Ambiente, Agua, Residuos y Energía de Cantabria, S.A.(MARE S.A.)",Other,117,0
Junta de Gobierno del Ayuntamiento de Rivas Vaciamadrid,Other,117,0
Presidencia de Diputación Provincial de Albacete,Other,117,0
Junta de Gobierno del Ayuntamiento de Elche,Other,116,0
Subdirección General de Servicios Económicos y Pagadurías,Other,115,0
"Empresa de Transformación Agraria S.A.,S.M.E., M.P., (TRAGSA)",Software & Development,114,116
Gerencia Sector Sanitario de Zaragoza 2,Other,114,0
Junta de Gobierno del Ayuntamiento de Dos Hermanas,Other,114,0
Presidencia de la Diputación Provincial de Guadalajara,Other,114,0
Área de Gobierno de Obras y Equipamientos,Other,114,0
División Económica y Técnica (Cuerpo Nacional de Policía),Other,113,0
"Presidencia de la Agencia Estatal Consejo Superior de Investigaciones Científicas, M.P.",Other,112,0
Delegación Provincial de la Consejería de Bienestar Social en Ciudad Real,Other,111,0
Dirección General de la Ciudad de las Artes y de las Ciencias S.A.,Other,111,0
Junta de Gobierno del Ayuntamiento de Ciudad Real,Other,111,0
Junta de Gobierno del Ayuntamiento de Pozuelo de Alarcón,Other,110,0
"Presidencia de la Compañía Española de Financiación del Desarrollo. COFIDES S.A., S.M.E.",Software & Development,110,111
Alcaldía del Ayuntamiento de Villanueva de la Cañada,Other,109,0
Junta de Gobierno de la Diputación Provincial de Lugo,Other,109,0
Junta de Gobierno del Ayuntamiento de San Sebastián de los Reyes,Other,108,0
Concejalía Delegada de Contratación del Ayuntamiento de Gandía,Other,107,0
Junta de Gobierno Local del Ayuntamiento de Cartagena,Other,107,0
Junta de Gobierno del Ayuntamiento de Vigo,Other,107,0
Rectorado de la Universidad de Granada,Other,107,0
Alcaldía del Ayuntamiento de Lora del Río,Other,106,0
Junta de Gobierno del Ayuntamiento de Getafe,Other,106,0
"Sociedad Aragonesa de Gestión Agroambiental, S.L.U. (SARGA)",Other,106,0
Consejo de Administración de la Compañía para la Gestión de Residuos Sólidos en Asturias S.A.,Other,104,0
Presidencia de la Autoridad Portuaria de Valencia,Other,102,0
Presidencia de la Diputación Provincial de Salamanca,Other,102,0
Aena. Presidencia. Consejero Delegado,Other,101,0
"Consejería de Infraestructuras, Transporte y Vivienda",Other,101,0
Gerencia del Área de Salud de Cáceres,Other,101,0
Aena. Dirección del Aeropuerto de Ibiza,Other,100,0
Aena. Dirección del Aeropuerto de Palma de Mallorca,Other,100,0
Concejalía de Hacienda del Ayuntamiento de Benalmádena,Other,100,0
Aena. Dirección del Aeropuerto de Menorca,Other,99,0
Junta de Gobierno del Ayuntamiento Las Rozas,Other,99,0
Dirección del Servicio de Gestión Económica de la Agencia Estatal de la Administración Tributaria,Other,98,0
Junta de Gobierno del Ayuntamiento de Toledo,Other,98,0
Junta de Gobierno del Ayuntamiento de Torrevieja,Other,98,0
ADIF Alta Velocidad - Consejo de Administración,Other,97,0
Dirección de Adquisiciones del Mando de Apoyo Logístico del Ejército del Aire y del Espacio,Other,97,0
Distrito de Retiro,Other,97,0
Junta de Gobierno Local del Ayuntamiento de Alicante,Other,97,0
Consejo de Administración de la Empresa Municipal Saneamientos de Córdoba S.A. (SADECO),Other,96,0
Junta de Gobierno del Ayuntamiento de Torrejón de Ardoz,Other,96,0
Distrito de Villa de Vallecas,Other,95,0
Jefatura de la Sección de Asuntos Económicos de la Unidad Militar de Emergencias,Other,95,0
Presidencia de la Diputación Provincial de Huelva,Other,95,0
Rectorado de la Universidad Politécnica de Madrid,Other,95,0
"Área de Gobierno de Políticas Sociales, Familia e Igualdad del Ayuntamiento de Madrid",Other,95,0
ADIF - Presidencia,Infrastructure & Hardware,94,80
Junta de Gobierno del Ayuntamiento de Alcorcón,Other,94,0
Junta de Gobierno del Ayuntamiento de Roquetas de Mar,Other,94,0
Sociedad Regional Cántabra de Promoción Turística S.A. CANTUR S.A.,Other,94,0
Subdirección General de Planificación y Gestión Económica,Other,94,0
Órgano de Contratación de la Ciudad Autónoma de Ceuta,Other,94,0
Departamento de Salud Alicante. Dirección Económica-Gerencia,Other,93,0
Dirección General de Tráfico,Other,93,0
Gerencia de Atención Sanitaria del Instituto Nacional de Gestión Sanitaria en Ceuta,Other,93,0
Junta de Gobierno del Ayuntamiento de Alzira,Other,93,0
"Consejería de Movilidad, Medio Ambiente y Gestión de Emergencias del Principado de Asturias",Other,92,0
Jefatura de la Sección Económico Administrativa 24 de la Base Aérea de Morón,Other,92,0
Junta de Gobierno Local del Ayuntamiento de Ávila,Other,92,0
Dirección Gerencia de la Mutua de Andalucía y Ceuta,Other,91,0
Gerencia del Área de Salud de Badajoz,Other,91,0
Fábrica Nacional de Moneda y Timbre - Real Casa de la Moneda,Other,90,0
Dirección Provincial de Educación en Soria,Other,89,0
Gerencia de la Universidad de Castilla-La Mancha,Other,89,0
Alcaldía del Ayuntamiento de Huesca,Other,88,0
Concejalía de Contratación del Ayuntamiento de Ondara,Other,88,0
Junta de Gobierno del Ayuntamiento de Castellón de la Plana,Other,88,0
Junta de Gobierno del Ayuntamiento de Sagunto,Other,88,0
Rectorado de la Universidad Autónoma de Madrid,Other,88,0
Alcaldía del Ayuntamiento de Salamanca,Other,87,0
Junta de Gobierno del Ayuntamiento de Alcalá de Henares,Other,87,0
Presidencia de la Diputación Provincial de Valencia,Other,87,0
Alcaldía del Ayuntamiento de Cullera,Other,86,0
"Dirección Gerencia de Unión de Mutuas, Mutua Colaboradora con la Seguridad Social Nº 267",Other,86,0
Dirección Provincial de Educación en León,Other,86,0
ENAIRE. Dirección Regional NA. Región Centro Norte,Other,86,0
"Entidad Pública Empresarial Local Centros de Arte, Cultura y Turismo de Lanzarote",Other,86,0
Junta de Contratación del Ministerio de Cultura,Other,86,0
Junta de Gobierno del Ayuntamiento de Alcobendas,Other,86,0
Presidencia de la Diputación Provincial de Cuenca,Other,86,0
Presidencia de la Diputación Provincial de Palencia,Other,86,0
Alcaldía del Ayuntamiento de Canet d'en Berenguer,Other,85,0
"Sociedad Mercantil Estatal de Infraestructuras Agrarias, S.A. (SEIASA)",Other,85,0
Concejalía Delegada en Materia de Contratación del Ayuntamiento de Torremolinos,Other,84,0
Consejería de Educación y Formación Profesional de la Región de Murcia,Other,84,0
Ineco-Comité de Dirección,Other,84,0
Jefatura de la Sección Económico Administrativa 15 Agrupación del Cuartel General del Ejército del Aire,Other,84,0
Junta de Gobierno del Ayuntamiento de Palma de Mallorca,Other,84,0
Dirección General de Patrimonio Cultural y Bellas Artes,Other,83,0
Dirección Gerencia de Limpieza de Málaga Sociedad Anónima Municipal,Other,83,0
Dirección Provincial de Educación en Zamora,Other,83,0
Gerencia de Ferrocarrils de la Generalitat Valenciana,Other,83,0
Jefatura de la Sección Económico-Administrativa 41 - Base Aérea de San Javier,Other,83,0
Alcaldia del Ayuntamiento de San Fernando,Other,82,0
Dirección General de Recursos Económicos del Servicio Canario de la Salud,Other,82,0
Junta de Gobierno del Ayuntamiento de Móstoles,Other,82,0
Alcaldía del Ayuntamiento de la Histórica Villa de los Realejos,Other,81,0
Consorcio Hospital General Universitario de Valencia,Other,81,0
Jefatura de la Sección Económico Administrativa 22 - Base Aérea de Torrejón (Agrupación de Base),Other,81,0
"Secretaría General del Centro de Investigaciones Energéticas, Medioambientales y Tecnológicas (CIEMAT)",Other,81,0
Dirección General del Instituto Nacional de las Artes Escénicas y de la Música,Other,80,0
Gerencia del Hospital Intermutual de Levante,Other,80,0
Junta de Gobierno del Ayuntamiento de Leganés,Other,80,0
Rectorado de la Universidad Miguel Hernández de Elche,Other,80,0
Aena. Dirección del Aeropuerto de Valencia,Other,79,0
"Consejería de Medio Ambiente, Vivienda y Ordenación del Territorio de la Junta de Castilla y León",Other,79,0
"Consejo de Administración de la Empresa Municipal de Aguas de Córdoba, S.A. (EMACSA)",Other,79,0
"Diputado delegado de Infraestructuras, Sostenibilidad y Agricultura",Other,79,0
"Imprenta de Billetes, S.A., Medio Propio del Banco de España (IMBISA)",Other,79,0
Aena. Dirección del Aeropuerto de Fuerteventura,Other,78,0
Alcaldía del Ayuntamiento de Béjar,Other,78,0
Centro Nacional de Investigaciones Cardiovasculares Carlos III (F.S.P.),Other,78,0
Comisión Ejecutiva de Gestión Integral del Agua de Huelva,Other,78,0
Dirección General de la Societat Valenciana FIRA València S.A.,Other,78,0
Gobierno de Zaragoza,Other,78,0
Presidencia de la Autoridad Portuaria de la Bahía de Algeciras,Other,78,0
Área de Fomento de la Diputación Provincial de Badajoz,Other,78,0
Consejo Rector de CASA 47 Entidad Pública Empresarial,Other,77,0
Dirección Provincial de Educación en Valladolid,Other,77,0
Junta de Gobierno Local del Ayuntamiento de Jerez,Other,77,0
Junta de Gobierno del Ayuntamiento de Ejea de Los Caballeros,Other,77,0
Junta de Gobierno del Ayuntamiento de León,Other,77,0
Presidencia de la Diputación Provincial de Toledo,Other,77,0
Gerencia del Área de Salud de Mérida,Other,76,0
Jefatura de Asuntos Económicos del Estado Mayor de la Defensa,Other,76,0
Jefatura de la Sección Económico-Administrativa 27 - Base Aérea de Getafe,Other,76,0
Aena. Dirección del Aeropuerto de Bilbao,Other,75,0
Dirección Gerencia de Gestión Ambiental de Castilla-La Mancha S.A.,Other,75,0
"Dirección Gerencia de Mutua Balear, Mutua de Accidentes de Trabajo y Enfermedades Profesionales de la Seguridad Social Nº 183",Other,75,0
"Consejería Delegada de Servicios Informáticos Local de Menorca, S.A.",Other,74,0
"Consejería delegada de ACOSOL, S.A.U.",Other,74,0
"Consejo de Administración de Sociedad Mercantil Estatal Aguas de las Cuencas de España, S.A. (ACUAES)",Other,74,0
Consejo de Administración del Patrimonio Nacional,Other,73,0
"Dirección Gerencia de Mutualia, Mutua Colaboradora con la Seguridad Social nº 02",Other,73,0
Dirección Provincial de Educación en Palencia,Other,73,0
Gerencia de Servicio Sanitarios de Fuerteventura,Other,73,0
Junta de Gobierno del Ayuntamiento de Tomelloso,Other,73,0
Alcaldía del Ayuntamiento de Náquera,Other,72,0
Alcaldía del Ayuntamiento de Oleiros,Other,72,0
"Consejero Delegado de Ingeniería de Sistemas para la Defensa de España S.A., S.M.E. y M.P.",Software & Development,72,98
"Consejo de Administración de la Empresa Municipal de Transportes de Valencia, S.A.U.",Other,72,0
"Gerencia de Transportes Urbanos de Sevilla, SAM",Other,72,0
"Presidencia del Consorcio de Seguridad, Emergencia, Salvamento, Prevención y Extinción de Incendios de Lanzarote",Other,72,0
Rectorado de la Universitat de València,Other,72,0
Servicio de Salud - Servicios Centrales,Other,72,0
Aena. Dirección del Aeropuerto de Tenerife Sur,Other,71,0
Alcaldía del Ayuntamiento de El Campello,Other,71,0
Junta de Gobierno del Ayuntamiento de La Vall d'Uixó,Other,71,0
Junta de Gobierno del Ayuntamiento de Paterna,Other,71,0
Rectorado de la Universidad Jaume I,Other,71,0
Alcaldía del Ayuntamiento de Torremolinos,Other,70,0
Comisión Ejecutiva de la Limpieza Pública y Protección Ambiental Sociedad Anónima Municipal (LIPASAM),Other,70,0
Entidad Pública Aragonesa de Servicios Telemáticos,Software & Development,70,73
"Instituto de Vivienda, Infraestructura y Equipamiento de la Defensa",Other,70,0
Junta de Gobierno del Ayuntamiento Dénia,Other,70,0
Junta de Gobierno del Ayuntamiento de Alcoy,Other,70,0
Presidencia de la Diputación Provincial de Ourense,Other,70,0
Presidencia de la Diputación Provincial de Soria,Other,70,0
Consejo de Gobierno Insular del Cabildo Insular de Tenerife,Other,69,0
Rectorado de la Universidad Complutense de Madrid,Other,69,0
Rectorado de la Universidad de Cantabria,Other,69,0
Rectorado de la Universitat Politècnica de València,Other,69,0
Teniente de Alcalde de Contratación Pública del Ayuntamiento de Elche,Other,69,0
Alcaldía del Ayuntamiento de Isla Cristina,Other,68,0
Autoridad Portuaria de Cartagena,Other,68,0
"Presidencia del Consejo de Administración de la Sociedad Estatal de Infraestructuras del Transporte Terrestre, S.M.E., S.A.",Other,68,0
"Consejería de Fomento, Vivienda, Ordenación del Territorio y Medio Ambiente de la Comunidad Autónoma de Cantabria",Other,67,0
Consorcio de la Zona Franca de Barcelona,Other,67,0
Junta de Gobierno Local del Ayuntamiento de Alcalá de Guadaíra,Other,67,0
Presidencia de la Confederación Hidrográfica del Ebro,Other,67,0
"Secretaría General de la Consejería de Hacienda, Administraciones Públicas y Transformación Digital de la Junta de Comunidades de Castilla-La Mancha",Other,67,0
"Área de Gobierno de Cultura, Turismo y Deporte",Other,67,0
Consejería de Sanidad del Gobierno de Canarias,Other,66,0
"Consejo de Administración de Desarrollo Urbanístico de El Ejido, S.L.",Software & Development,66,72
Gerencia de EGARSAT,Other,66,0
Hulleras del Norte S.A.,Other,66,0
Instituto Aragonés de Servicios Sociales (IASS),Other,66,0
Junta de Gobierno del Ayuntamiento de Burgos,Other,66,0
Junta de Gobierno local del Ayuntamiento de Villalbilla,Other,66,0
Presidencia del Instituto Municipal Coruña Espectáculos,Other,65,0
Vicepresidencia del Consejo de Administración de la Entidad Pública Empresarial Instituto de la Cultura y de las Artes de Sevilla (ICAS),Other,65,0
Comisión Ejecutiva de la Gerencia de Urbanismo de Sevilla,Other,64,0
Dirección Económico Financiero de la Dirección General de Infraestructura. MDE,Other,64,0
Dirección General de Infraestructuras y Equipamientos del Gobierno de Canarias,Other,64,0
Dirección General del Servicio Exterior,Other,64,0
Gerencia del Área de Salud de Don Benito,Other,64,0
Aena. Dirección del Aeropuerto de Reus,Other,63,0
Alcaldia del Ayuntamiento de Don Benito,Other,63,0
Concejal de Contratación del Ayuntamiento de Pinto,Other,63,0
Concejalía Delegada de Contratación del Ayuntamiento de Mijas,Other,63,0
"Consejo de Administración de Aguas de las Cuencas Mediterráneas, S.M.E., S.A. (ACUAMED)",Other,63,0
"Consejo de Administración de Seromal, S.A. Municipal de Construcciones y Conservación de Alcobendas",Other,63,0
"Delegación Provincial de la Consejería de Educación, Cultura y Deportes en Ciudad Real",Other,63,0
Gerencia del Área Sanitaria IV del Servicio de Salud del Principado de Asturias,Other,63,0
Jefatura de la Sección Económico-Administrativa 26 - Base Aérea de Zaragoza (Agrupación BASE),Other,63,0
Junta de Gobierno Local del Ayuntamiento de Colmenar Viejo,Other,63,0
Junta de Gobierno del Ayuntamiento de Boadilla del Monte,Other,63,0
Junta de Gobierno del Ayuntamiento de Lugo,Other,63,0
Presidencia de la Confederación Hidrográfica del Segura,Other,63,0
Sección de Asuntos Económicos del Parque y Centro de Abastecimiento de Material de Intendencia,Other,63,0
Subdirección General de Planificacion y Gestion de Infraestructuras y Medios para la Seguridad,Other,63,0
Alcaldía del Ayuntamiento de Atarfe,Other,62,0
Alcaldía del Ayuntamiento de Collado Villalba,Other,62,0
"Departamento de Educación, Cultura y Deporte",Other,62,0
Dirección de la Agencia Española de Cooperación Internacional para el Desarrollo (AECID),Software & Development,62,72
Junta de Gobierno Local del Ayuntamiento de Calahorra,Other,62,0
Junta de Gobierno del Ayuntamiento de Cuenca,Other,62,0
Organismo Autónomo Gerencia Municipal de Urbanismo del Ayuntamiento de San Cristóbal de la Laguna,Other,62,0
Subdirección General de Medios de ASEPEYO. Mutua Colaboradora con la Seguridad Social. num. 151,Other,62,0
Alcaldía del Ayuntamiento de Avilés,Other,61,0
Alcaldía del Ayuntamiento de San Bartolomé de Lanzarote,Other,61,0
Alcaldía del Ayuntamiento de San Miguel de Abona,Other,61,0
Dirección Gerencia del Departamento de Salud de la Ribera de la Conselleria de Sanidad de la Generalitat Valenciana,Other,61,0
"Gerencia de Mutua Navarra, Mutua de Accidentes de Trabajo y Enfermedades Profesionales de la Seguridad Social 21",Other,61,0
"Gerencia de la Entidad Estatal de Derecho Público Trabajo Penitenciario y Formación para el Empleo, M.P.",Other,61,0
Jefatura de la Sección Económico-Administrativa 62 - Base Aérea de Cuatro Vientos,Other,61,0
Junta de Gobierno Local del Ayuntamiento de Caspe,Other,61,0
Junta de Gobierno del Ayuntamiento de Huelva,Other,61,0
Junta de Gobierno del Ayuntamiento de Santa Cruz de Tenerife,Other,61,0
Presidencia de la Autoridad Portuaria de Castellón,Other,61,0
Aena. Dirección del Aeropuerto de Jerez,Other,60,0
Aena. Dirección del Aeropuerto de Vigo,Other,60,0
Alcaldía del Ayuntamiento de la Villa de Ingenio,Other,60,0
Gerencia Regional de Salud de Castilla y León,Other,60,0
Presidencia de la Diputación Provincial de Huesca,Other,60,0
Rectorado de la Universidad Rey Juan Carlos,Other,60,0
Rectorado de la Universidad de Huelva,Other,60,0
Secretaria General del Servicio de Salud de Castilla-La Mancha,Other,60,0
Subdirección General de la Oficina Presupuestaria y Gestión Económica,Other,60,0
"Vicepresidente Tercero y Conseller de Medio Ambiente, Infraestructuras, Territorio y de la Recuperación",Other,60,0
Aena. Dirección del Aeropuerto de César Manrique Lanzarote,Other,59,0
Aena. Dirección del Aeropuerto de Granada-Jaén F.G.L.,Other,59,0
Alcaldia del Ayuntamiento de Mérida,Other,59,0
Alcaldía del Ayuntamiento de la Línea de la Concepción,Other,59,0
Consejo de Administración de Promoción de la Ciudad de Las Palmas de Gran Canaria S.A.,Other,59,0
Dirección General de la Fundación Palau de Les Arts Reina Sofía,Other,59,0
Presidencia de la Diputación Provincial de Ciudad Real,Other,59,0
Promotur Turismo Canarias S.A.,Other,59,0
Xunta de Goberno do Concello de Santiago de Compostela,Other,59,0
Alcaldía del Ayuntamiento de Azuqueca de Henares,Other,58,0
Alcaldía del Ayuntamiento de Illescas,Other,58,0
Concejalía Delegada de Contratación del Ayuntamiento de Puerto del Rosario,Other,58,0
Departamento de Salud La Fe. Dirección Económica-Gerencia,Other,58,0
Departamentos del Consell Insular de Mallorca,Other,58,0
"Dirección General de Biodiversidad, Bosques y Desertificación",Other,58,0
Dirección de la Sociedad de Salvamento y Seguridad Marítima,Other,58,0
"Dirección Área Jurídica y Prestación de MAZ, Mutua Colaboradora con la Seguridad Social, Nº 11",Other,58,0
Director Gerente de Mutua Intercomarcal MATEPSS Nº 39,Other,58,0
"Empresa Municipal de Servicios Funerarios y Cementerios de Madrid, S.A.",Other,58,0
Junta de Gobierno Local del Ayuntamiento de Ferrol,Other,58,0
Junta de Gobierno Local del Ayuntamiento de Lorca,Other,58,0
Junta de Gobierno de la Fundación para el Fomento de la Investigación Sanitaria y Biomédica de la Comunitat Valenciana (FISABIO),Other,58,0
Junta de Gobierno del Ayuntamiento de Benidorm,Other,58,0
Junta de Gobierno del Ayuntamiento de San Pedro del Pinatar,Other,58,0
Presidencia de la Autoridad Portuaria de Las Palmas,Other,58,0
Presidencia de la Diputación Provincial de Castellón,Other,58,0
Presidencia de la Diputación Provincial de Zaragoza,Other,58,0
Rectorado de la Universidad de Murcia,Other,58,0
Aena. Dirección del Aeropuerto de Sevilla,Other,57,0
Alcaldia del Ayuntamiento de Mogán,Other,57,0
Alcaldía del Ayuntamiento de Torrelavega,Other,57,0
Departamento de Salud de Valencia Clínico. Dirección Económica-Gerencia,Other,57,0
Fundació Banc de Sang i Teixits de les Illes Balears,Other,57,0
Fundación Municipal de Cultura del Excmo. Ayuntamiento de Cádiz,Other,57,0
Gerencia de Atención Integrada de Albacete,Other,57,0
Junta de Gobierno Local del Ayuntamiento de El Ejido,Other,57,0
Junta de Gobierno del Ayuntamiento de Chiclana de la Frontera,Other,57,0
Junta de Gobierno del Ayuntamiento de Onda,Other,57,0
Junta de Gobierno del Ayuntamiento de San Vicente Raspeig,Other,57,0
Junta de Gobierno del Ayuntamiento de Santander,Other,57,0
Junta de Gobierno del Ayuntamiento de Teulada,Other,57,0
Aena. Dirección del Aeropuerto de Santiago,Other,56,0
Consell Executiu del Consell Insular d'Eivissa,Other,56,0
"Dirección General de Renfe Mercancías Sociedad Mercantil Estatal, S.A.",Other,56,0
Gerencia del Área de Salud de Llerena-Zafra,Other,56,0
Servicio Andaluz de Salud. Área Hospitalaria Virgen del Rocío.,Other,56,0
Aena. Dirección del Aeropuerto de Gran Canaria,Other,55,0
Alcaldía del Ayuntamiento de Ronda,Other,55,0
"Consejero Delegado de la Sociedad de Desarrollo de Santa Cruz de Tenerife, S.A.U.",Software & Development,55,56
"Consejería de Educación, Ciencia y Formación Profesional",Other,55,0
Consejo de Administración de la Empresa Municipal de Aguas de Gijón SA,Other,55,0
Gerencia de la Empresa Malagueña de Transportes S.A.M.,Other,55,0
Junta de Gobierno del Ayuntamiento de Benissa,Other,55,0
Vicepresidencia del Consejo de Administración de la Entidad Pública de Saneamiento de Aguas Residuales de la Comunidad Valenciana,Other,55,0
Aena. Dirección del Aeropuerto de Girona-Costa Brava,Other,54,0
Alcaldía del Ayuntamiento de Piélagos,Other,54,0
Junta de Gobierno Local del Ayuntamiento de Tres Cantos,Other,54,0
Alcaldía del Ayuntamiento de Cangas del Narcea,Other,53,0
Alcaldía del Ayuntamiento de Langreo,Other,53,0
Alcaldía del Ayuntamiento de Mairena del Aljarafe,Other,53,0
Dirección Económico-Financiera de ENAIRE,Software & Development,53,57
Presidencia de la Diputación Provincial de Málaga,Other,53,0
"Presidencia de la Sociedad de Infraestructuras y Equipamientos Penitenciarios y de la Seguridad del Estado, S.M.E., S.A",Other,53,0
Alcaldía del Ayuntamiento de Bormujos,Other,52,0
Alcaldía del Ayuntamiento de Castilleja de la Cuesta,Other,52,0
Alcaldía del Ayuntamiento de Santa Lucía de Tirajana,Other,52,0
Alcaldía del Ayuntamiento de Zamora,Other,52,0
"Comité de Dirección Corporativo de Navantia S.A., S.M.E.",Other,52,0
Gerencia de Atención Integrada de Puertollano,Other,52,0
Gerencia de Infraestructuras y Equipamientos de Cultura O.A,Other,52,0
Gerencia de la Universidad de Alcalá,Other,52,0
Junta de Gobierno del Ayuntamiento de La Rinconada,Other,52,0
Presidencia de la Diputación Provincial de Valladolid,Other,52,0
Rectorado de la Universidad de Cádiz,Other,52,0
Rectorado de la Universidad de Córdoba,Other,52,0
Alcaldía del Ayuntamiento de Almassora,Other,51,0
Alcaldía del Ayuntamiento de Riba-roja de Túria,Other,51,0
Alcaldía del Ayuntamiento de Trujillo,Other,51,0
Alcaldía del Ayuntamiento de Valdepeñas,Other,51,0
"Comisión de Contratación de la Sociedad Estatal Loterías y Apuestas del Estado, S.M.E., S.A.",Other,51,0
Dirección General de la Fundación del Teatro Real,Other,51,0
Distrito de Carabanchel,Other,51,0
Gerencia Sector Sanitario de Teruel,Other,51,0
Jefatura de la Sección Económico Administrativa 14 - Cuartel General del Mando Aéreo de Canarias,Other,51,0
Presidencia de Fiestas de Santa Cruz de Tenerife Entidad Pública Empresarial Local y Medio Propio del Excmo. Ayuntamiento de Santa Cruz de Tenerife,Other,51,0
Presidencia de Limpieza de Málaga Sociedad Anónima Municipal,Other,51,0
Presidencia de la Confederación Hidrográfica del Guadalquivir,Other,51,0
Presidencia de la Diputación Provincial de Sevilla,Cloud,51,58
Rector de la Universidad Carlos III de Madrid,Other,51,0
Servicio Extremeño de Promoción de la Autonomía y Atención a la Dependencia (SEPAD).Gerencia Territorial de Cáceres,Other,51,0
Alcaldia del Ayuntamiento de Castrillón,Other,50,0
Alcaldia del Ayuntamiento de San Javier,Other,50,0
Alcaldía del Ayuntamiento de Gijón,Other,50,0
Alcaldía del Ayuntamiento de Pájara,Other,50,0
Alcaldía del Ayuntamiento de Siero,Other,50,0
"Consejería Delegada de Agua y Residuos del Campo de Gibraltar, S.A. (ARCGISA)",Other,50,0
"Consejo de Administración de Promociones e Iniciativas Municipales de Elche, S.A. (PIMESA)",Other,50,0
Dirección General Económico-Financiera de la Entidad Pública Empresarial RENFE-Operadora,Software & Development,50,18
Instituto Balear de Infraestructuras y Servicios Educativos (IBISEC),Other,50,0
Jefatura de la Sección Económico Administrativa 23 de la Base Aérea de Albacete,Other,50,0
Junta de Gobierno Local del Ayuntamiento de Pontevedra,Other,50,0
Junta de Gobierno del Ayuntamiento de Torrent,Other,50,0
"Vicepresidencia del Consejo de Administración de Fires, Congressos i Esdeveniments D'Eivissa, S.A.U.",Other,50,0
Agencia para la Modernización Tecnológica de Galicia,Software & Development,49,100
Alcaldía del Ayuntamiento de Mislata,Other,49,0
Alcaldía del Ayuntamiento de Montilla,Other,49,0
Alcaldía del Ayuntamiento de Xirivella,Other,49,0
Centre de Telecomunicacions i Tecnologies de la Informació de la Generalitat de Catalunya,Software & Development,49,68
"Consejería Delegada del Consejo de Administración de Limpieza y Medio Ambiente de Getafe, Sociedad Anónima Municipal",Other,49,0
Consejería Delegada del Consorcio de Abastecimiento de Aguas a Fuerteventura,Other,49,0
Delegación Municipal de Hacienda,Other,49,0
"Dirección General de IBERMUTUA, Mutua Colaboradora con la Seguridad Social nº 274",Software & Development,49,25
Distrito de Villaverde,Other,49,0
Gerencia del Consorcio de Museos de la Comunitat Valenciana,Other,49,0
Junta de Gobierno del Ayuntamiento de Cieza (Murcia),Other,49,0
Junta de Gobierno del Ayuntamiento de Gijón,Other,49,0
OSAKIDETZA - Servicio Vasco de Salud - Organización Central,Other,49,0
Administrador de Infraestructuras Ferroviarias,Infrastructure & Hardware,48,44
Aena. Dirección del Aeropuerto de San Sebastián,Other,48,0
"Concejal Responsable del Área de Régimen Interior, Recursos Humanos y Modernización Digital del Ayuntamiento de Huelva",Other,48,0
Concejalía Delegada de Contratación del Ajuntament de València,Software & Development,48,46
Concejalía Delegada del Ayuntamiento de Eivissa,Other,48,0
Dirección General Societat Anonima de Gestió Sagunt Mitja Propi Municipal S.A.,Other,48,0
Dirección Provincial de Educación en Ávila,Other,48,0
Gerencia del Área de Salud de Plasencia,Other,48,0
Junta de Gobierno del Ayuntamiento de Corvera de Asturias,Other,48,0
Presidencia de la Entidad Valenciana de Vivienda y Suelo,Other,48,0
Rectorado de la Universidad de Málaga,Other,48,0
Aena. Dirección del Aeropuerto de A Coruña,Other,47,0
Aena. Dirección del Aeropuerto de Seve Ballesteros-Santander,Other,47,0
Alcaldía del Ayuntamiento de Andújar,Other,47,0
Alcaldía del Ayuntamiento de Puertollano,Other,47,0
Alcaldía del Ayuntamiento de San Roque,Other,47,0
Dirección del Museo Nacional Centro de Arte Reina Sofía,Other,47,0
ENAIRE. Dirección Regional Navegación Aérea. Región Este,Other,47,0
Ferrocarrils de la Generalitat de Catalunya,Other,47,0
"Fundación Estatal para la Formación en el Empleo, F.S.P.",Other,47,0
Gerencia de Asistencia Sanitaria de Zamora,Other,47,0
Gerencia de Atención Primaria del Area de Salud de Tenerife,Other,47,0
Gerencia de Transportes Interurbanos de Tenerife S.A.U.,Other,47,0
Junta de Contratación del Ministerio de Transportes y Movilidad Sostenible,Other,47,0
Junta de Gobierno del Ayuntamiento de Navalcarnero,Other,47,0
"Mutua Universal Mugenat, Mutua Colaboradora con la Seguridad Social nº 10",Software & Development,47,12
Presidencia del Consorcio para el Servicio de Prevención y Extinción de Incendios y de Salvamento de la Provincia de Valencia,Other,47,0
Aena. Dirección del Aeropuerto de La Palma,Other,46,0
Alcaldia del Ayuntamiento de Ontinyent,Other,46,0
Alcaldia del Ayuntamiento de Ponferrada,Other,46,0
Alcaldía del Ayuntamiento de Gáldar,Other,46,0
Alcaldía del Ayuntamiento de Navalmoral de la Mata,Other,46,0
"Consejería de Cultura, Turismo, Jóvenes y Deportes",Other,46,0
Consejo Ejecutivo del Consell Insular de Menorca (CIM),Other,46,0
Departamento de Salud de la Marina Baixa. Dirección Económica-Gerencia,Other,46,0
Fundación del Sector Público Estatal Centro Nacional de Investigaciones Oncológicas Carlos III,Other,46,0
"Junta de Contratación del Ministerio de la Presidencia, Justicia y Relaciones con las Cortes",Other,46,0
Organismo Autónomo Madrid Salud,Other,46,0
Presidencia de la Autoridad Portuaria de Gijón,Other,46,0
Alcaldia del Ayuntamiento de Vila-real,Other,45,0
Alcaldía del Ayuntamiento de Linares,Other,45,0
Comité de Contratación del Instituto de Crédito Oficial (ICO),Other,45,0
Consejería de Economía y Hacienda de la Junta de Castilla y León,Other,45,0
Consejo de Administración-Comité de Inversiones de la Sociedad Estatal Correos y Telégrafos S.A,Software & Development,45,39
Departamento de Salud de Elda. Dirección Económica-Gerencia,Other,45,0
"Dirección Gerente de la Empresa Municipal de Abastecimiento y Saneamiento de Granada, S.A.",Other,45,0
Fundación del Patrimonio Natural de Castilla y León,Other,45,0
Junta de Gobierno del Ayuntamiento de Parla,Other,45,0
Junta de Gobierno del Ayuntamiento de San Martín de la Vega,Other,45,0
Rectorado de la Universidad de Alicante,Other,45,0
Sección de Asuntos Económicos del Parque y Centro de Mantenimiento de Helicópteros,Other,45,0
Alcaldía del Ayuntamiento de Coria,Other,44,0
Alcaldía del Ayuntamiento de Utrera,Other,44,0
"Conselleria de Educación, Cultura, Universidades y Empleo de la Generalitat Valenciana",Other,44,0
Gerencia del Area de Atención Integrada de Guadalajara,Other,44,0
Jefatura de Asuntos Económicos del CG de la Comandancia Gral. de Melilla,Other,44,0
Junta de Gobierno Local del Ayuntamiento de Teruel,Other,44,0
Rectorado de la Universidad Internacional de Andalucía,Other,44,0
Rectorado de la Universidad de Jaén,Other,44,0
Rectorado de la Universidad de Salamanca,Other,44,0
Sociedad Pública de Gestión y Promoción Turística y Cultural del Principado de Asturias S.A.U.,Other,44,0
"Tecnologías y Servicios Agrarios S.A.,S.M.E., M.P., (TRAGSATEC)",Software & Development,44,54
"Vicepresidencia Primera y Conselleria de Servicios Sociales, Igualdad y Vivienda de la Generalitat Valenciana",Other,44,0
Aena. Dirección de Contratación,Software & Development,43,20
Aena. Dirección del Aeropuerto de Tenerife Norte,Other,43,0
Alcaldia del Ayuntamiento de Fuente Obejuna,Other,43,0
Alcaldía del Ayuntamiento de Aranda de Duero,Other,43,0
Alcaldía del Ayuntamiento de Cáceres,Other,43,0
Alcaldía del Ayuntamiento de Punta umbría,Other,43,0
Autoridad Portuaria de Sevilla,Other,43,0
"Consejo de Administración de la Sociedad de Infraestructuras y Equipamientos Penitenciarios y de la Seguridad del Estado, S.M.E., S.A",Other,43,0
"Conselleria de Economía, Hacienda y Administración Pública",Other,43,0
Diputación Provincial de Zamora,Other,43,0
Dirección Ejecutiva de la Agencia Española de Seguridad Alimentaria y Nutrición,Other,43,0
"Dirección General del Instituto Nacional de Ciberseguridad de España, S.A. (INCIBE)",Cybersecurity,43,49
Dirección Gerencia de la Fundación Jóvenes y Deporte,Other,43,0
Dirección de Compras de la Corporación de Radio y Televisión Española S.A.,Software & Development,43,42
Distrito de Usera,Other,43,0
"EJIE, S.A. - Sociedad Informática del Gobierno Vasco - EJIE-Sociedad Informática del Gobierno Vasco",Software & Development,43,56
ENAIRE - Dirección Regional DRNA Región Canaria,Other,43,0
Gerencia de Atención Integrada de Cuenca,Other,43,0
Presidencia de la Autoridad Portuaria de Huelva,Other,43,0
Presidencia de la Autoridad Portuaria de Tarragona,Other,43,0
Rectorado de la Universidad de Valladolid,Other,43,0
Agencia Balear del Agua y de la Calidad Ambiental,Other,42,0
Alcaldia del Ayuntamiento de Alcalá la Real,Other,42,0
Alcaldía del Ayuntamiento de Carballo,Other,42,0
Concejalía Delegada de Contratación del Ajuntament de Tavernes de la Valldigna,Other,42,0
"Consejería Insular de Presidencia, Administración y Servicio Público, Planificación Territorial y Patrimonio Histórico del Cabildo Insular de Tenerife",Other,42,0
Consejería de Educación de la Junta de Castilla y León,Other,42,0
Consejo de Administración de Rivas-Vaciamadrid Empresa Municipal de Servicios S.A. (Rivamadrid),Other,42,0
"Consejo de Administración de la Empresa de Servicios Municipales de Alcorcón, S.A.U.",Other,42,0
Dirección General del Agua,Other,42,0
Gerencia de Atención Sanitaria de Melilla - Instituto Nacional de Gestión Sanitaria,Other,42,0
Gerencia de MAZ Mútua de Accidentes de Trabajo y Enfermedades Profesionales de la Seguridad Social nº 11,Software & Development,42,34
Instituto Social de las Fuerzas Armadas (ISFAS),Other,42,0
Junta de Gobierno Local del Ayuntamiento de Paracuellos de Jarama,Other,42,0
Junta de Gobierno del Ayuntamiento de Alfaro,Other,42,0
Junta de Gobierno del Ayuntamiento de Mula,Other,42,0
Junta de Gobierno del Ayuntamiento de Mutxamel,Other,42,0
Junta de Gobierno del Ayuntamiento de Sant Llorenç des Cardassar,Other,42,0
Presidencia de la Confederación Hidrográfica del Guadiana,Other,42,0
Secretaría General del Instituto de Salud Carlos III,Other,42,0
Servicio de Salud de las Illes Balears,Software & Development,42,37
Alcaldía del Ayuntamiento de Cabra,Other,41,0
Alcaldía del Ayuntamiento de Manacor,Other,41,0
Alcaldía del Ayuntamiento de Tomares,Other,41,0
"Conselleria de Educación, Cultura y Universidades",Other,41,0
DIPUTACIÓN DE BARCELONA,Software & Development,41,53
Dirección General de Mutua Montañesa,Other,41,0
Dirección General de la Fundación Ciudad de la Energía,Other,41,0
Empresa Estatal Mercados Centrales de Abastecimiento SA (MERCASA),Other,41,0
"Gerencia de la Empresa Mancomunada del Aljarafe, S.A. (ALJARAFESA)",Other,41,0
Jefatura de Asuntos Económicos del Mando de Canarias,Other,41,0
"Junta de Compras de Informa DB, S.A.",Other,41,0
Junta de Gobierno del Ayuntamiento San Juan de Aznalfarache,Other,41,0
Presidencia del Cabildo Insular de La Gomera,Other,41,0
Presidencia del Consejo de Administración de la Empresa Provincial de Aguas de Córdoba S.A.,Other,41,0
Alcaldía del Ayuntamiento de Chipiona,Other,40,0
Alcaldía del Ayuntamiento de El Sauzal,Other,40,0
Alcaldía del Ayuntamiento de Estepona,Other,40,0
"Comisión de Gobierno del Consorcio para el Servicio de Extinción de Incendios, de Salvamento y Protección Civil de la Provincia de Castellón",Other,40,0
Consejería de Educación,Other,40,0
Consejería de Gestión Forestal y Mundo Rural,Other,40,0
Consejo de Administración de Servicios y Estudios para la Navegación Aérea y la Seguridad Aeronáutica S.M.E. M.P. S.A.,Other,40,0
"Consejo de Administración de la Sociedad de Promoción y Desarrollo Económico de la Isla de La Palma, S.A.U. SODEPAL",Software & Development,40,41
Dirección General de Labora Servicio Valenciano de Empleo y Formación,Other,40,0
Dirección de Gestión Económica de la Jefatura de Apoyo Logístico de la Armada,Software & Development,40,30
Dirección del Museo Nacional del Prado,Other,40,0
"Fundación para la Investigación del Hospital Clínico de la Comunidad Valenciana, Fundación Incliva",Other,40,0
Gerencia Fundación para la Investigación de Málaga en Biomedicina y Salud (FIMABIS),Other,40,0
Junta de Gobierno de la Diputación Provincial de León,Other,40,0
Junta de Gobierno del Ayuntamiento de L'Alfàs del Pi,Other,40,0
NATURGY ENERGY GROUP,Software & Development,40,76
Presidencia del Consejo de Administración de la Autoridad Portuaria de Barcelona (PORT DE BARCELONA),Software & Development,40,32
Secretaría de Estado de Migraciones,Other,40,0
Subdirección General de Adquisiciones de Armamento y Material DGAM,Other,40,0
Teatro Cervantes de Málaga,Other,40,0
ADMINISTRADOR DE INFRAESTRUCTURAS FERROVIARIAS,Other,39,0
Aena. Dirección del Aeropuerto de Almería,Other,39,0
Alcaldía del Ayuntamiento de Candelaria,Other,39,0
Consejería de Medio Rural y Política Agraria,Other,39,0
Consejería de Movilidad y Transformación Digital,Other,39,0
Consejo de Administración de Servicios Comunitarios de Molina S.A. (SERCOMOSA),Other,39,0
Consejo de Gobierno del Instituto Municipal de Deportes del Ayuntamiento de Sevilla,Other,39,0
Dirección General de la Fundación para la Investigación del Hospital Universitario de la Fe,Other,39,0
"Dirección Gerente de Aguas de Lorca, S.A.",Other,39,0
Fundación Siglo para el Turismo y las Artes de Castilla y León,Other,39,0
Gerencia de Servicios Sociales de la Junta de Castilla y León,Other,39,0
Gestión y Servicios de Paterna S.L.U.,Other,39,0
Junta de Gobierno Local del Ayuntamiento de Capdepera,Other,39,0
Junta de Gobierno Local del Ayuntamiento de Jumilla,Other,39,0
Junta de Gobierno Local del Ayuntamiento de Sanlúcar de Barrameda,Other,39,0
Junta de Gobierno del Ayuntamiento de Novelda,Other,39,0
Junta de Gobierno del Ayuntamiento de Villanueva de la Serena,Other,39,0
Ministerio para la Transición Ecológica y el Reto Demográfico. Dirección General del Agua. Subdirección General de Programación y Gestión Económica y Presupuestaria,Other,39,0
Presidencia de Turismo de Gran Canaria,Other,39,0
Presidencia de la Fundación Municipal de Cultura del Ayuntamiento de Oviedo,Other,39,0
Sociedad Pública de Infraestructuras y Medio Ambiente de Castilla y León S.A.,Infrastructure & Hardware,39,37
Aena. Dirección del Aeropuerto de Melilla,Other,38,0
Alcaldía del Ayuntamiento de Montijo,Other,38,0
Alcaldía del Ayuntamiento de Xàtiva,Other,38,0
Alcaldía del Ayuntamiento de la Villa de La Orotava,Other,38,0
Consejería Delegada de Actividades de Limpieza y Gestión S.A.,Other,38,0
Consejo de Administración de Transportes Interurbanos de Tenerife S.A.U.,Other,38,0
Consorcio de la Zona Franca de Vigo,Other,38,0
"Diputada delegada de Presidencia, Gobierno Interior y Vivienda",Other,38,0
"Dirección General de Renfe Viajeros Sociedad Mercantil Estatal, S.A.",Software & Development,38,39
"Dirección General de la Mutual Midat Cyclops, Mutua Colaboradora con la Seguridad Social, nº 1",Software & Development,38,39
Distrito de Hortaleza,Other,38,0
Gerencia Calviá 2000,Other,38,0
Gerencia de Atención Especializada de Salamanca,Other,38,0
Junta de Gobierno Local del Ayuntamiento de Huércal de Almería,Other,38,0
Junta de Gobierno del Ayuntamiento de Elda,Other,38,0
Junta de Gobierno del Ayuntamiento de Silla,Other,38,0
OSAKIDETZA - Servicio Vasco de Salud - Organización Central,Software & Development,38,64
Organismo Autónomo Parques Nacionales,Other,38,0
Presidencia Delegada del O.A.M. Palau de la Música de Valencia,Other,38,0
Presidencia de la Autoridad Portuaria de Bilbao,Other,38,0
Rectorado de la Universidad de les Illes Balears,Other,38,0
Alcaldia del Ayuntamiento de Marratxí,Other,37,0
Alcaldia del Ayuntamiento de Moralzarzal,Other,37,0
Alcaldía del Ayuntamiento de Alhaurín de la Torre,Other,37,0
Alcaldía del Ayuntamiento de Arrecife,Other,37,0
Alcaldía del Ayuntamiento de Baeza,Other,37,0
Alcaldía del Ayuntamiento de Ciudad Rodrigo,Other,37,0
Alcaldía del Ayuntamiento de Teguise,Other,37,0
Banco de España,Software & Development,37,38
Comisión Ejecutiva del Patronato del Real Alcázar y Casa Consistorial de Sevilla,Other,37,0
"Comité de Contratación de Aguas Municipalizadas de Alicante, Empresa Mixta",Other,37,0
"Consejería Delegada de Hoteles Escuela de Canarias, S.A.",Other,37,0
"Consejería de Agricultura, Ganadería y Desarrollo Sostenible",Software & Development,37,38
Consejo de Administración de la Empresa Municipal de Servicios de Medio Ambiente Urbano de Gijón (EMULSA),Other,37,0
Departamento de Salud de Orihuela. Dirección Económica-Gerencia,Other,37,0
Dirección General LogiRail S.A.,Other,37,0
Dirección General de Gestión Migratoria,Other,37,0
Dirección General de la Costa y el Mar,Other,37,0
"Dirección General de la Sociedad de Proyectos para la Transformación Digital, SAU",Other,37,0
"Dirección General del Centro para el Desarrollo Tecnológico y la Innovación, E.P.E",Software & Development,37,40
Dirección Provincial de Educación en Segovia,Other,37,0
Distrito de Ciudad Lineal,Other,37,0
Distrito de Latina,Other,37,0
Fundación Colección Thyssen Bornemisza,Other,37,0
Gerencia de Atención Primaria del Área de Salud de Gran Canaria,Other,37,0
Gerencia del Área de Salud de Coria,Other,37,0
Instituto Murciano de Acción Social (IMAS) - Dirección Gerencial,Other,37,0
Junta de Gobierno del Ayuntamiento de Aranjuez,Other,37,0
Junta de Gobierno del Ayuntamiento de Ourense,Other,37,0
Junta de Gobierno del Ayuntamiento de Vinarós,Other,37,0
Presidencia de la Diputación Provincial de Alicante,Software & Development,37,31
Presidencia de la Diputación de Badajoz,Software & Development,37,37
Presidencia del Ente Público Empresarial Puertos Canarios,Other,37,0
Rectorado de la Universidad de La Laguna,Other,37,0
Rectorado de la Universidad de Oviedo,Other,37,0
Rectorado de la Universidad de Zaragoza,Other,37,0
Servicio Andaluz de Salud. Complejo Hospitalario Torrecárdenas.,Other,37,0
Alcaldía del Ayuntamiento de Almuñécar,Other,36,0
Alcaldía del Ayuntamiento de Armilla,Other,36,0
Alcaldía del Ayuntamiento de Arteixo,Other,36,0
Alcaldía del Ayuntamiento de Astillero,Other,36,0
Alcaldía del Ayuntamiento de Níjar,Other,36,0
Alcaldía del Ayuntamiento de Puerto Real,Other,36,0
Alcaldía del Ayuntamiento de Torre Pacheco,Other,36,0
Autoridad Portuaria de Vigo,Other,36,0
Concejalía Delegada de Hacienda de Adeje,Other,36,0
Concejalía Delegada de Hacienda y Régimen Interior del Ayuntamiento de Barbastro,Other,36,0
Consejero Delegado del Instituto Canario de Desarrollo Cultural S.A.,Software & Development,36,36
"Consejería Delegada de Promoción Exterior de Lanzarote, S.A.",Other,36,0
Departamento de Salud de Xàtiva-Ontinyent. Dirección Económica-Gerencia,Other,36,0
Dirección General de la Fundación EOI,Other,36,0
Dirección General del Instituto Valenciano de Servicios Sociales (IVASS),Other,36,0
Fundación de Atención y Apoyo a la Dependencia y de Promoción de la Autonomía Personal de las Illes Balears,Other,36,0
Gerencia Sector Sanitario de Zaragoza 1,Other,36,0
Gerente de la Gerencia Municipal de Urbanismo del Ayuntamiento de Málaga,Other,36,0
Instituto para la Competitividad Empresarial de la Junta de Castilla y León,Other,36,0
Junta de Gobierno del Ajuntament de València,Software & Development,36,37
Junta de Gobierno del Ayuntamiento de Borriana,Other,36,0
Junta de Gobierno del Ayuntamiento de Mieres,Other,36,0
Junta de Gobierno del Ayuntamiento de Petrer,Other,36,0
Junta de Gobierno del Ayuntamiento de Picanya,Other,36,0
Rectorado de la Universidad de Vigo,Other,36,0
ADIF -Consejo de Administración,Infrastructure & Hardware,35,34
Agencia Digital de Andalucía,Software & Development,35,52
Alcaldia del Ayuntamiento de Los Palacios y Villafranca,Other,35,0
Alcaldía del Ayuntamiento de Alhama de Murcia,Other,35,0
Alcaldía del Ayuntamiento de Castelló,Other,35,0
Alcaldía del Ayuntamiento de Los Barrios (Cádiz),Other,35,0
Alcaldía del Ayuntamiento de Águilas,Other,35,0
Autoridad Portuaria de Málaga,Other,35,0
"Consejo de Administración de Correos Express Paquetería Urgente, S.A. - S.M.E.",Other,35,0
Consorcio de Gestión de Servicios Medioambientales de Badajoz,Other,35,0
"Delegación Especial de la Agencia Tributaria en Andalucía, Ceuta y Melilla",Other,35,0
Dirección General de Atención Humanitaria y del Sistema de Acogida de Protección Internacional,Other,35,0
Dirección General de SOLIMAT,Other,35,0
"Expo Zaragoza Empresarial, S.A.",Other,35,0
Fundación de Hemoterapia y Hemodonación de Castilla y León,Other,35,0
Gerencia Regional de Salud de Castilla y León,Software & Development,35,20
Gerencia de PRODETUR S.A.U.,Other,35,0
Jefatura de la Sección Económico-Administrativa 61 - Base Aérea de Son San Juan,Other,35,0
Junta de Gobierno Local del Ayuntamiento de Ames,Other,35,0
Junta de Gobierno de la Diputación Provincial de Córdoba,Other,35,0
Junta de Gobierno del Ayuntamiento de Guillena,Other,35,0
Junta de Gobierno del Ayuntamiento de Santa Eulária des Riu,Other,35,0
"Presidencia Ejecutiva de la Agencia E.F.E. S.A.U., S.M.E.",Other,35,0
Puertos de las Illes Balears,Other,35,0
Aena. Dirección del Aeropuerto de Logroño-Agoncillo,Other,34,0
Alcaldia del Ayuntamiento de Palos de la Frontera,Other,34,0
Alcaldía del Ayuntamiento de Ribadesella,Other,34,0
Centro de Estudios y Experimentación de Obras Públicas (CEDEX),Other,34,0
Concejalía Delegada de Contratación del Ayuntamiento de Alcázar de San Juan,Other,34,0
"Consejería de Cultura, Turismo y Deporte de la Junta de Castilla y León",Other,34,0
Consejería de Educación y Universidades,Other,34,0
"Consejo de Administración de Limpieza y Mantenimiento de Carmona, S.L.U.",Other,34,0
"Consejo de Administración de Mercados Centrales de Abastecimiento de Córdoba, MERCACÓRDOBA, S.A.",Other,34,0
Consejo de Administración de la Entidad Pública Empresarial Local Agua de Valladolid,Other,34,0
"Consejo de Administración de la Sociedad Pública para la Promoción Económica de Melilla, Proyecto Melilla, S.A.U.",Other,34,0
Dirección General de Infraestructuras Educativas,Other,34,0
"Dirección General de la Corporación Audiovisual de la Comunitat Valenciana, S.A.",Other,34,0
Dirección General de la Sociedad Pública de Radiodifusión y Televisión Extremeña S.A.U.,Other,34,0
Dirección de Asuntos Económicos del Ejército,Other,34,0
"Gerencia Municipal de Cultura y Deportes de Santa Lucía, S.A.",Other,34,0
Gerencia de Asistencia Sanitaria de Palencia,Other,34,0
Gerencia de Limpieza Pública y Protección Ambiental Sociedad Anónima Municipal (LIPASAM),Other,34,0
"Gestión Insular para el Deporte, la Cultura y el Ocio, SA (IDECO S.A.)",Other,34,0
Jefatura de la Sección Económico-Administrativa 46 - Base Aérea de Matacán,Other,34,0
Junta de Gobierno del Ayuntamiento de Alboraya,Other,34,0
Junta de Gobierno del Ayuntamiento de Armilla,Other,34,0
Junta de Gobierno del Ayuntamiento de Burjassot,Other,34,0
Junta de Gobierno del Ayuntamiento de Logroño,Software & Development,34,33
Presidencia de la Confederación Hidrográfica del Miño-Sil,Other,34,0
Servicio Andaluz de Salud. Hospital Universitario de Málaga,Other,34,0
Servicio Murciano de Salud - Junta de Compras,Other,34,0
"Suelo y Vivienda de Aragón, S.L.U.",Other,34,0
TGSS-Dirección provincial de Valencia,Other,34,0
Área de Gobierno de Políticas de Vivienda del Ayuntamiento de Madrid,Other,34,0
Aena. Dirección del Aeropuerto de Asturias,Other,33,0
Alcaldía del Ayuntamiento de San Fernando de Henares,Other,33,0
Alcaldía del Ayuntamiento de Santa Pola,Other,33,0
Alcaldía del Ayuntamiento de Velilla de San Antonio,Other,33,0
Alcaldía del Ayuntamiento de Villaviciosa de Odón,Other,33,0
Concejalía Delegada del Área de Administración Pública del Ayuntamiento de Logroño,Other,33,0
Departamento de Salud de Manises. Dirección Económica-Gerencia,Other,33,0
Diputación Provincial de Teruel,Other,33,0
Dirección Económica del Consorcio Hospitalario Provincial de Castellón,Other,33,0
Dirección de la Fundación de Oftalmología Médica de la Comunitat Valenciana,Other,33,0
Gerencia de Asistencia Sanitaria del Bierzo,Other,33,0
Gerencia de la Empresa Municipal de Aguas y Saneamiento de Murcia S.A.,Infrastructure & Hardware,33,17
Junta de Contratación de los Servicios Centrales del Ministerio de Política Territorial y Memoria Democrática,Other,33,0
Junta de Gobierno del Ayuntamiento de Casares,Other,33,0
Junta de Gobierno del Ayuntamiento de Llíria,Other,33,0
Junta de Gobierno del Ayuntamiento de Manzanares,Other,33,0
Junta de Gobierno del Ayuntamiento de Pinto,Other,33,0
Junta de Gobierno del Ayuntamiento de Sevilla,Software & Development,33,34
Presidencia de la Diputación Provincial de Segovia,Other,33,0
Presidencia de la Federación Asturiana de Concejos,Other,33,0
"Presidencia del Consorcio para el Servicio de Extinción de Incendios, de Salvamento y Protección Civil de la Provincia de Castellón",Other,33,0
Rectorado de la Universidad de Almería,Other,33,0
Aena. Dirección del Aeropuerto de Burgos,Other,32,0
Aena. Dirección del Aeropuerto de Pamplona,Other,32,0
Alcaldía del Ayuntamiento de Aller,Other,32,0
Alcaldía del Ayuntamiento de Badolatosa,Other,32,0
Alcaldía del Ayuntamiento de Cazorla,Other,32,0
Alcaldía del Ayuntamiento de Crevillent,Other,32,0
Alcaldía del Ayuntamiento de Icod de los Vinos,Other,32,0
Alcaldía del Ayuntamiento de Las Palmas de Gran Canaria,Other,32,0
Alcaldía del Ayuntamiento de Sant Josep de sa Talaia,Other,32,0
Alcaldía del Ayuntamiento de Villajoyosa,Other,32,0
Alcaldía del Ayuntamiento de Viveiro,Other,32,0
"Comisión Ejecutiva de Transportes Urbanos de Sevilla, SAM",Other,32,0
Concejalía de Contratación y Bienes Patrimoniales del Ayuntamiento de Martos,Other,32,0
"Consejería de Urbanismo, Infraestructuras, Energía y Vivienda del Ayuntamiento de Zaragoza",Other,32,0
Consejo de Administración de Limpieza de Málaga Sociedad Anónima Municipal,Other,32,0
Departamento de Medio Ambiente y Turismo del Gobierno de Aragón,Other,32,0
Dirección General de Patrimonio y Contratación,Other,32,0
"Dirección Gerencia y Presidencia Mancomunados de Divertia Gijón, S.A.",Other,32,0
Dirección del Instituto Cántabro de Servicios Sociales,Other,32,0
Distrito de Tetuán,Other,32,0
Gerencia Sector Sanitario de Calatayud,Other,32,0
Gerencia de la Fundación para el Fomento de la Investigación Sanitaria y Biomédica de la Comunitat Valenciana (FISABIO),Other,32,0
Junta de Gobierno del Ayuntamiento de Almería,Software & Development,32,26
LANTIK - LANTIK,Software & Development,32,59
Presidencia de la Confederación Hidrográfica del Tajo,Other,32,0
Sección de Asuntos Económicos de la Comandancia General de Ceuta,Other,32,0
Subdirección General Económica de ASEPEYO. Mutua Colaboradora con la Seguridad Social. num. 151,Other,32,0
Alcaldía del Ayuntamiento de Antigua,Other,31,0
Alcaldía del Ayuntamiento de Arganda del Rey,Other,31,0
Alcaldía del Ayuntamiento de Hellín,Other,31,0
Alcaldía del Ayuntamiento de Humanes de Madrid,Other,31,0
Alcaldía del Ayuntamiento de Medina del Campo,Other,31,0
Alcaldía del Ayuntamiento de Segorbe,Other,31,0
Alcaldía del Ayuntamiento de Vera,Other,31,0
"Club de Campo Villa de Madrid, S.A.",Other,31,0
"Concejalía Delegada del Área de Turismo, Eventos y Marca Ciudad del Ayuntamiento de Valladolid",Other,31,0
"Consejería de Agricultura, Ganadería y Desarrollo Rural de la Junta de Castilla y León",Software & Development,31,36
"Consejería de Turismo, Cultura y Deportes de las Illes Balears",Other,31,0
"Dirección General de la Sociedad Española para la Transformación Tecnológica, E.P.E.",Other,31,0
Dirección Insular de Medio Natural del Cabildo Insular de Tenerife,Other,31,0
Dirección de la Empresa Municipal de Cementerios y Servicios Funerarios de Granada SA (EMUCESA),Other,31,0
Gerencia de Atención Especializada de León,Other,31,0
Gerencia de Viviendas Sociales e Infraestructuras de Canarias S.A.U.,Other,31,0
Ineco-Comité de Dirección,Software & Development,31,18
Junta de Gobierno del Ayuntamiento de Galapagar,Other,31,0
Junta de Gobierno del Ayuntamiento de Socuéllamos,Other,31,0
Junta de Gobierno del Ayuntamiento de Soria,Other,31,0
Junta de Gobierno. Central de Contratación de la Diputación provincial de Burgos,Other,31,0
Presidencia de la Autoridad Portuaria de Ceuta,Other,31,0
Presidencia de la Autoridad Portuaria de Ferrol San Cibrao,Other,31,0
Secretaría General de la Agencia Española de Medicamentos y Productos Sanitarios,Other,31,0
"Secretaría General de la Consejería de Educación, Cultura y Deportes de la Junta de Comunidades de Castilla-La Mancha",Other,31,0
Servicio Extremeño de Promoción de la Autonomía y Atención a la Dependencia (SEPAD).Gerencia Territorial de Badajoz,Other,31,0
Subdirección General de Gestión Económica,Other,31,0
Aena. Dirección del Aeropuerto de Vitoria,Other,30,0
Alcaldia del Ayuntamiento de Motril,Other,30,0
Alcaldía del Ayuntamiento de Alcañiz,Other,30,0
Alcaldía del Ayuntamiento de Baena,Other,30,0
Alcaldía del Ayuntamiento de Ciempozuelos,Other,30,0
Alcaldía del Ayuntamiento de Llanes,Other,30,0
Alcaldía del Ayuntamiento de Morón de la Frontera,Other,30,0
"Comisión Ejecutiva del Consejo de Administración de la Empresa Municipal de la Vivienda, Suelo y Equipamiento de Sevilla S.A. (EMVISESA)",Other,30,0
Consejería de Educación y Cultura,Other,30,0
"Consejería de Medio Ambiente, Universidades, Investigación y Mar Menor de la Región de Murcia",Other,30,0
Dirección de Compras de la Corporación de Radio y Televisión Española S.A.,Infrastructure & Hardware,30,12
Gerencia de Atención Especializada Hospital Clínico Univ. de Valladolid,Other,30,0
Institut Balear de l'Habitatge,Other,30,0
Junta de Gobierno Local del Ayuntamiento de Baza,Other,30,0
Junta de Gobierno Local del Ayuntamiento de Valdemorillo,Other,30,0
Junta de Gobierno del Ayuntamiento de Algemesí,Other,30,0
Junta de Gobierno del Ayuntamiento de Mazarrón,Other,30,0
Junta de Gobierno del Ayuntamiento de Mejorada del Campo,Other,30,0
Junta de Gobierno del Ayuntamiento de Ondara,Other,30,0
Junta de Gobierno del Ayuntamiento de Parres,Other,30,0
Presidencia de la Diputación Provincial de León,Other,30,0
Sociedad Municipal de Viviendas y de Servicios de San Cristóbal de La Laguna,Other,30,0
Tribunal Constitucional,Other,30,0
Aena. Dirección del Aeropuerto de Zaragoza,Other,29,0
Alcaldía de Ayuntamiento de Barbate,Other,29,0
Alcaldía del Ayuntamiento de Coslada,Other,29,0
Alcaldía del Ayuntamiento de Las Gabias,Other,29,0
Alcaldía del Ayuntamiento de Santa Úrsula,Other,29,0
Alcaldía del Ayuntamiento de Utiel,Other,29,0
Centro de Gestion Integrada y Proyectos Corporativos,Other,29,0
Concejal de Contratación del Ayuntamiento de Oliva,Other,29,0
Concejalía Delegada de Infraestructuras Urbanas y Rurales del Ayuntamiento de Gijón,Other,29,0
Consejo de Administración de Divertia Gijón S.A.,Other,29,0
Consejo de Administración de la Agencia de Régimen Especial Ciclo Integral Aguas del Retortillo,Other,29,0
"Departamento de Hacienda, Interior y Administración Pública del Gobierno de Aragón",Other,29,0
Dirección de Barcelona Supercomputing Center - Centro Nacional de Supercomputación (BSC-CNS),Other,29,0
Distrito de Barajas,Other,29,0
Distrito de Fuencarral-El Pardo,Other,29,0
Distrito de Moratalaz,Other,29,0
ENAIRE. Dirección Región Sur,Other,29,0
"Fundación para la Investigación del Hospital Clínico de la Comunidad Valenciana, Fundación Incliva",Infrastructure & Hardware,29,1
Institut Valencià de Cultura,Other,29,0
Jefatura de Administración Económica del Cuarto Militar de S.M. el Rey y Guardia Real,Other,29,0
"Junta de Contratación del Ministerio de Agricultura, Pesca y Alimentación",Other,29,0
Junta de Gobierno del Ayuntamiento de Granada,Software & Development,29,23
Junta de Gobierno del Ayuntamiento de Nerja,Other,29,0
Junta de Gobierno del Ayuntamiento de Pilar de la Horadada,Other,29,0
Junta de Gobierno del Ayuntamiento de Villarrobledo,Other,29,0
Presidencia de la Confederación Hidrográfica del Júcar,Other,29,0
"Presidencia del Consejo de Administración del Hipódromo de la Zarzuela, S.A., S.M.E.",Other,29,0
Presidencia del Institut Mallorquí d' Afers Socials,Other,29,0
Presidencia del Instituto Insular de Atención Social y Sociosanitaria - IASS,Other,29,0
Rectorado de la Universidad Pablo de Olavide,Other,29,0
Servicio Andaluz de Salud. Hospital Universitario de Jaén.,Other,29,0
Servicio Andaluz de Salud. Servicios Centrales,Other,29,0
"Tenencia de Alcaldía Delegada del Área Específica de Servicios Operativos, Régimen Interior, Playas y Fiestas",Other,29,0
"Vicepresidente Segundo y Conseller para la Recuperación Económica y Social de la Comunitat Valenciana y de Medio Ambiente, Infraestructuras y Territorio",Other,29,0
Alcaldia del Ayuntamiento de Alcalá de los Gazules,Other,28,0
Alcaldia del Ayuntamiento de Arroyo de la Encomienda,Other,28,0
Alcaldía del Ayuntamiento de Alhaurín el Grande,Other,28,0
Alcaldía del Ayuntamiento de Cuevas del Almanzora,Other,28,0
Alcaldía del Ayuntamiento de Fraga,Other,28,0
Alcaldía del Ayuntamiento de Güímar,Other,28,0
Alcaldía del Ayuntamiento de La Solana,Other,28,0
Alcaldía del Ayuntamiento de Monóvar,Other,28,0
Alcaldía del Ayuntamiento de Ponteareas,Other,28,0
Alcaldía del Ayuntamiento de Redondela,Other,28,0
Alcaldía del Ayuntamiento de Rota,Other,28,0
Alcaldía del Ayuntamiento de Santoña,Other,28,0
Consejo de Administración de Auxiliar de Servicios de Pinto SAU,Other,28,0
"Consejo de Administración de la Empresa Municipal de Aguas de Córdoba, S.A.",Other,28,0
"Conselleria de Industria, Turismo, Innovación y Comercio de la Generalitat Valenciana",Other,28,0
Delegación Provincial de la Consejería de Desarrollo Sostenible en Ciudad Real,Software & Development,28,28
Dirección Económico-Financiera de ENAIRE,Infrastructure & Hardware,28,7
Dirección General de la Entidad Pública Empresarial RED.ES,Infrastructure & Hardware,28,28
"Dirección Gerencia de la Fundación de la Comunidad Valenciana para la Promoción Estratégica, el Desarrollo y la Innovación Urbana (Las Naves)",Software & Development,28,29
Distrito de Moncloa-Aravaca,Other,28,0
Entidad Pública Aragonesa de Servicios Telemáticos,Other,28,0
Gerencia de Servicios Sanitarios del Área de Salud de EL Hierro,Other,28,0
Gerencia de la Fundación Marqués de Valdecilla,Other,28,0
Instituto Nacional de Estadística INE,Other,28,0
Instituto Tecnológico de Aragón (ITA),Other,28,0
Instituto de Turismo de España (TURESPAÑA),Other,28,0
Jefatura de Asuntos Económicos del Cuartel General Terrestre Alta Disponibilidad,Other,28,0
Junta de Contratación de la Secretaría de Estado de Justicia,Other,28,0
Junta de Contratación de los Servicios Centrales en el Ministerio de Hacienda,Other,28,0
"Junta de Contratación del Ministerio de Asuntos Exteriores, Unión Europea y Cooperación",Other,28,0
Junta de Contratación del Ministerio de Sanidad,Other,28,0
Junta de Gobierno Local de l'Ajuntament de Sóller,Other,28,0
Junta de Gobierno Local del Ayuntamiento de Almadén,Other,28,0
Junta de Gobierno Local del Ayuntamiento de Maracena,Other,28,0
Junta de Gobierno del Ayuntamiento de Almonte,Other,28,0
Junta de Gobierno del Ayuntamiento de Caravaca de la Cruz,Other,28,0
Junta de Gobierno del Ayuntamiento de Daimiel,Other,28,0
Junta de Gobierno del Ayuntamiento de Felanitx,Other,28,0
Junta de Gobierno del Ayuntamiento de Segovia,Other,28,0
Junta de Gobierno del Ayuntamiento de Valdemoro,Other,28,0
"Presidencia de Aguas y Saneamientos de la Axarquía, S.A.U.",Other,28,0
Presidencia de la Autoridad Portuaria de Almería,Other,28,0
Presidencia de la Generalitat,Other,28,0
Presidencia del Cabildo Insular de Lanzarote,Software & Development,28,29
Presidente de la Asociación de Desarrollo Sierra de Guadarrama,Software & Development,28,28
Secretaría de Estado de Medio Ambiente,Other,28,0
Subdirección General de Análisis Presupuestario y Gestión Financiera del Instituto de Mayores y Servicios Sociales,Other,28,0
Alcaldia del Ayuntamiento de Las Cabezas de San Juan,Other,27,0
Alcaldía del Ayuntamiento de Alcantarilla,Other,27,0
Alcaldía del Ayuntamiento de Borriol,Other,27,0
Alcaldía del Ayuntamiento de Gozón,Other,27,0
Alcaldía del Ayuntamiento de Jávea,Other,27,0
Alcaldía del Ayuntamiento de Loja,Other,27,0
Alcaldía del Ayuntamiento de Puçol,Other,27,0
Alcaldía del Ayuntamiento de Santiago del Teide,Other,27,0
Alcaldía del Ayuntamiento de Soto del Real,Other,27,0
Alcaldía del Ayuntamiento de Sueca,Other,27,0
Alcaldía del Ayuntamiento de Úbeda,Other,27,0
"Concejalía Delegada de Recursos Humanos, Tecnología, Transparencia, Prot. de Datos, Organización, At. Ciudadana, Estadística y Dem. Territorial, Consumo, Admin. Interna, Gab. de Prensa, Prot. y Sop. a Distritos del Ayto. de Sta. Cruz de Tenerife",Other,27,0
"Consejería de Agricultura, Pesca, Agua y Desarrollo Rural. Dirección General de Infraestructuras del Agua.",Other,27,0
Consejería de Derechos Sociales y Bienestar,Other,27,0
Consejo Rector de la Agencia de Desarrollo Local (PALMAACTIVA),Software & Development,27,27
Consejo de Administrción de la Empresa de Serveis del Municipi de Manacor,Other,27,0
Consell d'Administració de l'Empresa Funerària Municipal S.A.,Other,27,0
Consorcio Medioambiente y Aguas Provincia de Cáceres - Mas Medio,Other,27,0
"Dirección de ETSA Global Logistics, S.A.U, S.M.E.",Other,27,0
Dirección de la Agencia Valenciana de Seguridad y Respuestas a las Emergencias,Other,27,0
Distrito de Salamanca,Other,27,0
Gerencia Sector Sanitario de Huesca,Other,27,0
Gerencia del Área de Salud de Navalmoral de la Mata,Other,27,0
"Gerencia umivale Activa, Mutua Colaboradora con la Seguridad Social número 3",Software & Development,27,18
Junta de Gobierno del Ajuntament de Moncada,Other,27,0
Junta de Gobierno del Ayuntamiento de Arroyomolinos,Other,27,0
Junta de Gobierno del Ayuntamiento de El Puerto de Santa María,Other,27,0
Miembros Corporativos titulares de Áreas del Cabildo Insular de la Palma,Other,27,0
Presidencia Delegada del Consorcio Provincial para el Servicio de Prevención y Extinción de Incendios y Salvamento de Alicante,Other,27,0
Presidencia de la Asociación para el Desarrollo Integral de la Sierra Oeste de Madrid,Software & Development,27,28
Presidencia de la Autoridad Portuaria de Melilla,Other,27,0
Presidencia del Instituto Balear de la Energía,Other,27,0
Rector de la Universidad de León,Other,27,0
"Sección de Asuntos Económicos de la Jefatura Sistemas de Información, Telecomunicaciones y Asistencia Técnica",Other,27,0
Serveis de Millora Agrària i Pesquera,Other,27,0
Servicio Andaluz de Salud. Hospital Universitario Puerta del Mar.,Other,27,0
Sociedad Estatal de Promoción Industrial y Desarrollo Empresarial Entidad Pública Empresarial,Software & Development,27,32
Vicepresidencia del Consejo Insular de Aguas de Gran Canaria,Other,27,0
Aena. Dirección del Aeropuerto de El Hierro,Other,26,0
Alcaldia-Presidencia del Ayuntamiento de Santa Brígida,Other,26,0
Alcaldía del Ajuntament de Llucmajor,Other,26,0
Alcaldía del Ayuntamiento de Almendralejo,Other,26,0
Alcaldía del Ayuntamiento de Cabanes,Other,26,0
Alcaldía del Ayuntamiento de Cartaya,Other,26,0
Alcaldía del Ayuntamiento de Castalla,Other,26,0
Alcaldía del Ayuntamiento de La Villa de Breña Alta,Other,26,0
Alcaldía del Ayuntamiento de Quart de Poblet,Other,26,0
Consejo Ejecutivo de la Sociedad Valenciana de Gestión Integral de Servicios de Emergencia,Other,26,0
"Consejo de Administración del Centro Intermodal de Logística S.A., S.M.E.",Other,26,0
Departamento de Salud Valencia Dr. Peset. Dirección Económica-Gerencia,Other,26,0
Dirección General de Medio Natural y Biodiversidad de la Junta de Comunidades de Castilla-La Mancha,Other,26,0
Dirección de la Fundación para la Internacionalización de las Administraciones Públicas,Software & Development,26,24
Dirección del Instituto de Salud Carlos III,Other,26,0
Dirección del Organismo Estatal Inspección de Trabajo y Seguridad Social,Other,26,0
Gerencia Sector Sanitario de Alcañiz,Other,26,0
Gerencia de la Fundació Visit València de la Comunitat Valenciana,Other,26,0
Instituto Municipal de las Artes Escénicas Gran Teatro de Córdoba,Other,26,0
Instituto Nacional de Seguridad y Salud en el Trabajo O.A. M.P. (INSST),Other,26,0
Jefatura de Intendencia de Asuntos Económicos de Operaciones,Other,26,0
Junta de Gobierno Local del Ayuntamiento de Plasencia,Other,26,0
Junta de Gobierno del Ayuntamiento de Brunete,Other,26,0
Junta de Gobierno del Ayuntamiento de Ciutadella de Menorca,Other,26,0
Junta de Gobierno del Ayuntamiento de Lepe,Other,26,0
Junta de Gobierno del Ayuntamiento de Miranda de Ebro,Other,26,0
Junta de Gobierno del Ayuntamiento de Santa Pola,Other,26,0
Junta de Gobierno del Ayuntamiento de Talavera de la Reina,Other,26,0
Junta de Gobierno del Ayuntamiento de Villaviciosa,Other,26,0
"Metro de Madrid, S.A.",Infrastructure & Hardware,26,20
"Presidencia de Gestión de Infraestructuras de Castilla-La Mancha, S.A.U.",Other,26,0
Presidencia de la Autoridad Portuaria de la Bahía de Cádiz,Other,26,0
Presidencia de la Diputación Provincial de Alicante,Infrastructure & Hardware,26,26
Rectorado de la Universidad Politécnica de Madrid,Software & Development,26,18
Rectorado de la Universidad de Sevilla,Software & Development,26,26
Secretaría General de la Presidencia de la Junta de Comunidades de Castilla-La Mancha,Other,26,0
Serveis Ferroviaris de Mallorca (SFM),Other,26,0
"Sociedad de Promoción y Gestión del Turismo Aragonés, S.A.U.",Other,26,0
"Teniente Alcalde, Delegado de Contratación del Ayuntamiento de Lebrija",Other,26,0
Aena. Dirección del Aeropuerto de Córdoba,Other,25,0
Alcaldia del Ayuntamiento de Torrox,Other,25,0
Alcaldia del Ayuntamiento de Totana,Other,25,0
Alcaldía del Ayuntamiento de Muxía,Other,25,0
Alcaldía del Ayuntamiento de Narón,Other,25,0
Alcaldía del Ayuntamiento de Noja,Other,25,0
Alcaldía del Ayuntamiento de Rojales,Other,25,0
Alcaldía del Ayuntamiento de San Martín del Rey Aurelio,Other,25,0
Alcaldía del Ayuntamiento de Santa Cruz de Bezana,Other,25,0
Alcaldía del Ayuntamiento de Segovia,Other,25,0
Autoridad Portuaria de Avilés,Other,25,0
"Comité de Dirección de Enwesa Operaciones, S.A., S.M.E.",Other,25,0
Consejero Delegado de la Empresa Municipal de Aguas de Málaga S.A.,Software & Development,25,16
"Consejería de Cultura, Turismo y Deportes",Other,25,0
Delegación Especial del Estado en el Consorcio de la Zona Franca de Cádiz,Other,25,0
Departamento de Salud de San Juan Alicante. Dirección Económica-Gerencia,Other,25,0
Dirección General de Mercados Centrales de Abastecimiento de Madrid S.A. (MERCAMADRID S.A.),Other,25,0
Dirección General del Circuito del Motor y Promoción Deportiva S.A.,Other,25,0
Dirección Gerencia de la Mutua de Accidentes de Canarias,Other,25,0
Dirección de la Fundación ICO,Other,25,0
Gerencia del Centro de Investigación Biomédica en Red (CIBER),Infrastructure & Hardware,25,26
"Hospital Intermutual de Euskadi, Centro Mancomunado de Mutuas de Accidentes de Trabajo y Enfermadades Profesionales de la Seguridad Social",Other,25,0
JUNTA DE GOBIERNO DEL AYUNTAMIENTO DE SANTANYÍ,Other,25,0
Jefatura de la Sección Económico Administrativa 12 - Agrupación del Acuartelamiento Aéreo Tablada,Other,25,0
Junta de Gobierno Local de Ayuntamiento de Priego de Córdoba,Other,25,0
Junta de Gobierno Local del Ayuntamiento de Guadix,Other,25,0
Junta de Gobierno Local del Concello de Vilalba,Other,25,0
Junta de Gobierno del Ayuntamiento de Aspe,Other,25,0
Junta de Gobierno del Ayuntamiento de Bétera,Other,25,0
Junta de Gobierno del Ayuntamiento de Jaca,Other,25,0
Junta de Gobierno del Ayuntamiento de Los Alcázares,Other,25,0
Junta de Gobierno del Ayuntamiento de Orihuela,Software & Development,25,22
Junta de Gobierno del Ayuntamiento de Tejeda,Other,25,0
Organismo Autónomo Agencia Tributaria Madrid,Other,25,0
Presidencia de la Autoridad Portuaria de A Coruña,Other,25,0
Presidencia de la Diputación Provincial de Pontevedra,Software & Development,25,24
Presidencia de la Junta Central Fallera,Other,25,0
Rectorado de la Universidad Politécnica de Cartagena,Other,25,0
Sección de Asuntos Económicos del Parque y Centro de Mantenimiento de Sistemas Acorazados 2,Software & Development,25,25
Secretaría General de la Consejería de Bienestar Social de la Junta de Comunidades de Castilla-La Mancha,Other,25,0
Agencia para la Administración Digital de la CM,Software & Development,24,38
Alcaldia del Ayuntamiento de Cheste,Other,24,0
Alcaldía del Ayuntamiento de Alginet,Other,24,0
Alcaldía del Ayuntamiento de Betanzos,Other,24,0
Alcaldía del Ayuntamiento de La Algaba,Other,24,0
Alcaldía del Ayuntamiento de Meco,Other,24,0
Alcaldía del Ayuntamiento de Monzón,Other,24,0
Alcaldía del Ayuntamiento de Nava,Other,24,0
"Concejalía Delegada General del Área de Hacienda, Personal y Modernización Administrativa del Ayuntamiento de Valladolid",Other,24,0
"Consejería de Cultura, Política Llingüística y Deporte",Other,24,0
"Consejería de Gobierno de Obras Públicas, Infraestructuras, Arquitectura y Vivienda del Cabildo de Gran Canaria",Other,24,0
Consejería de Gobierno de Presidencia y Movilidad Sostenible del Cabildo de Gran Canaria,Other,24,0
Consejería de la Presidencia de la Junta de Castilla y León,Other,24,0
Consejo Ejecutivo del Consejo Insular de Mallorca,Other,24,0
Consejo de Administración de la Autoridad Portuaria de Santa Cruz de Tenerife,Other,24,0
"Departamento de Presidencia, Economía y Justicia del Gobierno de Aragón",Other,24,0
"Dirección General de Gestión Económica, Contratación e Infraestructuras de la Conselleria de Sanidad",Software & Development,24,31
Dirección General del Consejo Insular de la Energía de Gran Canaria,Other,24,0
Dirección General del Instituto para la Diversificación y Ahorro de la Energía (IDAE),Other,24,0
Dirección de la Agencia Estatal de Seguridad Aérea,Other,24,0
Dirección del Instituto Nacional de Gestión Sanitaria (INGESA),Other,24,0
Distrito de Vicálvaro,Other,24,0
Fundación Centro de Estudios de Física del Cosmos de Aragón,Other,24,0
Gerencia de Asistencia Sanitaria de Soria,Other,24,0
Gerencia de Turismo y Planificación Costa del Sol S.L.U.,Other,24,0
Gerencia del Institut Valencià d'Art Modern (IVAM),Other,24,0
Instituto Tecnológico de Canarias S.A.,Other,24,0
Jefatura de Asuntos Económicos de la Fuerza Terrestre,Other,24,0
Junta De Gobierno Local del Ayuntamiento de Huércal-Overa,Other,24,0
Junta de Contratación del Ministerio de Cultura y Deporte,Other,24,0
"Junta de Contratación del Ministerio de Educación, Formación Profesional y Deportes",Other,24,0
Junta de Gobierno Local del Ayuntamiento de Adra,Other,24,0
Junta de Gobierno Local del Ayuntamiento de Alcalà de Xivert,Other,24,0
Junta de Gobierno Local del Ayuntamiento de Fuenlabrada,Software & Development,24,11
Junta de Gobierno del Ayuntamiento de Andorra,Other,24,0
Junta de Gobierno del Ayuntamiento de Callosa de Segura,Other,24,0
Junta de Gobierno del Ayuntamiento de San Esteban de Gormaz,Other,24,0
Junta de Gobierno del Ayuntamiento de Sant Lluís,Other,24,0
Junta de Gobierno del Ayuntamiento de Siero,Other,24,0
"Metro de Madrid, S.A.",Software & Development,24,29
Nueva Romareda S.L.,Other,24,0
Presidencia de la Diputación Provincial de Cáceres,Software & Development,24,24
Presidencia del Consejo Rector de la Gerencia Municipal de Urbanismo del Ayuntamiento de Córdoba,Other,24,0
Secretaría de Estado de Infraestructuras Transportes y Vivienda- Demarcación de Carreteras del Estado en Asturias,Other,24,0
"Subsecretaría de la Conselleria de Agricultura, Agua, Ganadería y Pesca",Other,24,0
"Subsecretaría-Conselleria de Justicia, Transparencia y Participación de la Generalitat Valenciana",Other,24,0
Agencia de Desarrollo Regional de las Illes Balears,Software & Development,23,25
Alcalde del Ayuntamiento de Fuentes de Ebro,Other,23,0
Alcaldia del Ayuntamiento de Aguilar de la Frontera,Other,23,0
Alcaldia del Ayuntamiento de Palma del Río,Other,23,0
Alcaldia del Ayuntamiento de Paradas,Other,23,0
Alcaldía del Ajuntament de Rocafort,Other,23,0
Alcaldía del Ayuntamiento de Alaquàs,Other,23,0
Alcaldía del Ayuntamiento de As Somozas,Other,23,0
Alcaldía del Ayuntamiento de Bailén,Other,23,0
Alcaldía del Ayuntamiento de Benicàssim,Other,23,0
Alcaldía del Ayuntamiento de Cenes de la Vega,Other,23,0
Alcaldía del Ayuntamiento de Dolores,Other,23,0
Alcaldía del Ayuntamiento de El Ejido,Other,23,0
Alcaldía del Ayuntamiento de Espartinas,Other,23,0
Alcaldía del Ayuntamiento de Garrucha,Other,23,0
Alcaldía del Ayuntamiento de Gibraleón,Other,23,0
Alcaldía del Ayuntamiento de Haría,Other,23,0
Alcaldía del Ayuntamiento de La Muela,Other,23,0
Alcaldía del Ayuntamiento de Los Llanos de Aridane,Other,23,0
Alcaldía del Ayuntamiento de Medio Cudeyo,Other,23,0
Alcaldía del Ayuntamiento de Montoro,Other,23,0
Alcaldía del Ayuntamiento de San José del Valle,Other,23,0
Alcaldía del Ayuntamiento de Xeraco,Other,23,0
Autoridad Portuaria de Marín y Ría de Pontevedra,Other,23,0
Comisión Permanente de la Mancomunidad 150 Pueblos de la Tierra de Soria,Other,23,0
"Concejal de Área de Turismo, Promoción Cultural, Fiestas, Mercado, Desarrollo Tecnológico Y Organismo Autónomo Local del Ayuntamiento de Puerto de la Cruz",Software & Development,23,31
Concejalía Delegada de Contratación del Ayuntamiento de Buñol,Other,23,0
Concejalía Delegada de Contratación y Compras del Ayuntamiento de El Puerto de Santa María,Other,23,0
"Consejería de Educación, Formación Profesional, Actividad Física y Deportes de Canarias",Other,23,0
Consejería del Mar y del Ciclo del Agua de la Comunidad Autónoma de las Illes Balears,Other,23,0
"Consejo de Administración de la Sociedad Estatal Loterías y Apuestas del ESTADO, S.M.E., S.A.",Other,23,0
"Consejo de Administración de la Sociedad Mixta para la Promoción del Turismo de Valladolid, S.L",Other,23,0
Departamento de Salud de Requena. Dirección Económica-Gerencia,Other,23,0
Dirección General de Servicios,Other,23,0
Dirección General del Consorcio de Transportes de Asturias,Other,23,0
Dirección Gerencia del Hospital Nacional de Parapléjicos,Other,23,0
"Dirección de la Empresa para la Gestión de Residuos Industriales, S.A. (EMGRISA)",Other,23,0
Fundación Municipal de la Mujer del Ayuntamiento de Cádiz,Other,23,0
Gerencia de Asistencia Sanitaria de Segovia,Other,23,0
Gerencia de Atención Integrada de Ciudad Real,Other,23,0
Instituto Aragonés del Agua,Other,23,0
Junta de Gobierno Local del Ayuntamiento de Alhendín,Other,23,0
Junta de Gobierno Local del Ayuntamiento de Granadilla de Abona,Other,23,0
Junta de Gobierno Local del Ayuntamiento de O Pino,Other,23,0
Junta de Gobierno Local del Ayuntamiento de San Martín de Valdeiglesias,Other,23,0
Junta de Gobierno de la Diputación Provincial de Almería,Infrastructure & Hardware,23,24
Junta de Gobierno del Ayuntamiento de Inca,Other,23,0
Junta de Gobierno del Ayuntamiento de Posadas,Other,23,0
Junta de Gobierno del Consorcio para la Ejecución de las Previsiones del Plan Zonal de Residuos de la Zona I,Other,23,0
Presidencia de Infraestructuras del Agua de Castilla-La Mancha,Other,23,0
Presidencia de la Fundación Canaria de las Artes Escénicas y de la Música de Gran Canaria,Other,23,0
Secretaría General de la Consejería de Desarrollo Sostenible de la Junta de Comunidades de Castilla-La Mancha,Software & Development,23,26
Servicio Andaluz de Salud. Hospital Universitario Virgen de las Nieves.,Other,23,0
Servicio de Salud de las Illes Balears,Infrastructure & Hardware,23,10
"Televisión Pública de Canarias, S.A.",Other,23,0
Aena. Consejo de Administración,Infrastructure & Hardware,22,11
Aena. Dirección de Contratación,Infrastructure & Hardware,22,14
Alcaldia del Ayuntamiento de Estepa,Other,22,0
Alcaldia del Ayuntamiento de Villafranca de los Barros,Other,22,0
Alcaldía del Ayuntamiento de Aldaia,Other,22,0
Alcaldía del Ayuntamiento de Brihuega,Other,22,0
Alcaldía del Ayuntamiento de Coria del Río,Other,22,0
Alcaldía del Ayuntamiento de La Puebla de Cazalla,Other,22,0
Alcaldía del Ayuntamiento de La Victoria de Acentejo,Other,22,0
Alcaldía del Ayuntamiento de Loeches,Other,22,0
Alcaldía del Ayuntamiento de Malpartida de Cáceres,Other,22,0
Alcaldía del Ayuntamiento de Manises,Other,22,0
Alcaldía del Ayuntamiento de Miguelturra,Other,22,0
Alcaldía del Ayuntamiento de Vegas del Genil,Other,22,0
Alcaldía del Ayuntamiento de Yaiza,Other,22,0
Alcaldía del Ayuntamiento del Poble Nou de Benitatxell,Other,22,0
Comisión Nacional del Mercado de Valores,Other,22,0
"Consejería Delegada de Gestión y Planeamiento Territorial y Medioambiental, S.A.",Software & Development,22,22
"Consejería de Hacienda, Justicia y Asuntos Europeos del Principado de Asturias",Other,22,0
"Conselleria de Agricultura, Agua, Ganadería y Pesca",Other,22,0
"Conselleria de Servicios Sociales, Familia e Infancia",Other,22,0
Consorcio de Compensación de Seguros,Other,22,0
Departamento de Salud de Elche. Dirección Económica-Gerencia,Other,22,0
Dirección de Suma Gestión Tributaria. Diputación de Alicante,Other,22,0
Dirección de la Fundación Biodiversidad,Other,22,0
Ente Público de Radiotelevisión de las Illes Balears,Other,22,0
Gerencia de Asistencia Sanitaria de Ávila,Other,22,0
Gerencia de la Fundación Universidad de Valladolid,Other,22,0
Gestión de Medio Rural de Canarias S.A.U. (GMR Canarias),Other,22,0
Instituto Municipal de Educación y Bibliotecas (IMEB),Other,22,0
Instituto Municipal de la Vivienda de Málaga,Other,22,0
Instituto Social de la Marina -Dirección Provincial de Las Palmas,Other,22,0
Junta de Gobierno Local del Ayuntamiento de Griñón,Other,22,0
Junta de Gobierno Local del Ayuntamiento de Palencia,Other,22,0
Junta de Gobierno Local del Ayuntamiento de Villanueva del Pardillo,Other,22,0
Junta de Gobierno de la Diputación Provincial de Almería,Software & Development,22,18
Junta de Gobierno del Ayuntamiento de Albatera,Other,22,0
Junta de Gobierno del Ayuntamiento de Almoradí,Other,22,0
Junta de Gobierno del Ayuntamiento de Carcaixent,Other,22,0
Junta de Gobierno del Ayuntamiento de Gandía,Other,22,0
Junta de Gobierno del Ayuntamiento de Guadalajara,Other,22,0
Junta de Gobierno del Ayuntamiento de Lalín,Other,22,0
Junta de Gobierno del Ayuntamiento de Monforte de Lemos,Other,22,0
Junta de Gobierno del Ayuntamiento de Málaga,Software & Development,22,22
Mesa del Senado,Other,22,0
Presidencia de Turisme Comunitat Valenciana,Other,22,0
"Presidencia de la Cámara Oficial de Comercio, Industria, Servicios y Navegación de Santa Cruz de Tenerife",Other,22,0
Presidencia de la Fundació Universitat-Empresa de Valéncia(Consell Social de la Universitat de Valéncia. Estudi General de Valéncia) de la Comunitat Valenciana,Other,22,0
Rectorado de la Universidad Pablo de Olavide,Software & Development,22,13
SERVICIO MADRILEÑO DE SALUD - HOSPITAL UNIVERSITARIO 12 DE OCTUBRE,Other,22,0
TGSS-Dirección provincial de Sevilla,Other,22,0
"Área de Gobierno de Planificación, Desarrollo Urbano y Vivienda, Vías y Obras, Alumbrado y Movilidad del Ayuntamiento de Las Palmas de Gran Canaria",Software & Development,22,23
Agencia Española de Protección de Datos,Other,21,0
Alcaldia del Ayuntamiento de La Carolina,Other,21,0
Alcaldia del Ayuntamiento de Trillo,Other,21,0
Alcaldía de Ajuntament de Sencelles,Other,21,0
Alcaldía del Ayuntamiento de Alfafar,Other,21,0
Alcaldía del Ayuntamiento de Calatayud,Other,21,0
Alcaldía del Ayuntamiento de Cártama,Other,21,0
Alcaldía del Ayuntamiento de Majadahonda,Other,21,0
Alcaldía del Ayuntamiento de Picassent,Other,21,0
Alcaldía del Ayuntamiento de Sanxenxo,Other,21,0
Alcaldía del Ayuntamiento de Torres de la Alameda,Other,21,0
Alcaldía del Ayuntamiento de Villa de Mazo,Other,21,0
"Consejería de Agua, Agricultura, Ganadería y Pesca de la Región de Murcia",Other,21,0
Delegación Especial de la Agencia Tributaria en Valencia,Other,21,0
Delegación Provincial de la Consejería de Bienestar Social en Toledo,Other,21,0
"Delegación Provincial de la Consejería de Educación, Cultura y Deportes en Toledo",Other,21,0
Dirección General de Sanidad de la Producción Agroalimentaria y Bienestar Animal,Other,21,0
Dirección de Gestión Económica de la Jefatura de Apoyo Logístico de la Armada,Infrastructure & Hardware,21,7
"Dirección del Consorcio para el Diseño, la Construcción, el Equipamiento y la Explotación de la Plataforma Oceánica de Canarias",Other,21,0
Dirección del Servicio Canario de Salud,Other,21,0
Distrito de Arganzuela,Other,21,0
"Fundación Estatal para la Formación en el Empleo, F.S.P.",Software & Development,21,13
Gerencia de Atención Especializada Hospital Univ. Rio Hortega de Valladolid,Other,21,0
Gerencia de Ferrocarrils de la Generalitat Valenciana,Infrastructure & Hardware,21,12
Gerencia de Fraternidad Muprespa - Mútua Colaboradora con la Seguridad Social nº 275,Software & Development,21,8
Gerencia del Auditorio de Tenerife SAU,Other,21,0
Instituto Balear de la Naturaleza (IBANAT),Other,21,0
Junta de Gobierno Local del Ayuntamiento de Benahavís,Other,21,0
Junta de Gobierno Local del Ayuntamiento de Las Torres de Cotillas,Other,21,0
Junta de Gobierno Local del Ayuntamiento de Olivenza,Other,21,0
Junta de Gobierno Local del Ayuntamiento de Sant Antoni de Portmany,Other,21,0
Junta de Gobierno de la Diputación Provincial de Burgos,Other,21,0
Junta de Gobierno del Ayuntamiento Sant Joan D Alacant,Other,21,0
Junta de Gobierno del Ayuntamiento de Albolote,Other,21,0
Junta de Gobierno del Ayuntamiento de Algete,Other,21,0
Junta de Gobierno del Ayuntamiento de Cadrete,Other,21,0
Junta de Gobierno del Ayuntamiento de Camas,Other,21,0
Junta de Gobierno del Ayuntamiento de Villaquilambre,Other,21,0
Junta de Gobierno del Consell Insular de Formentera,Other,21,0
Organismo Autónomo Instituto de la Juventud,Other,21,0
Presidencia del Consejo Superior de Deportes,Other,21,0
Presidencia del Instituto de Atención Social y Sociosanitaria del Cabildo Insular de gran Canaria,Other,21,0
Presidencia del Organismo Público Puertos del Estado,Other,21,0
Rectorado de la Universidad Nacional de Educación a Distancia,Other,21,0
Servicio Aragonés de Salud (SALUD),Other,21,0
Vicepresidencia Segunda y Conselleria de Presidencia,Other,21,0
ADIF-AltaVelocidad,Other,20,0
Aena. Dirección del Aeropuerto de León,Other,20,0
Aena. Dirección del Aeropuerto de Madrid-Cuatro Vientos,Other,20,0
Alcaldia del Ayuntamiento de Arnedo,Other,20,0
Alcaldia del Ayuntamiento de Miajadas,Other,20,0
Alcaldia del Ayuntamiento de Tías,Other,20,0
Alcaldía de Ayuntamiento de la Carlota,Other,20,0
Alcaldía del Ayuntamiento de Algeciras,Software & Development,20,20
Alcaldía del Ayuntamiento de Arzúa,Other,20,0
Alcaldía del Ayuntamiento de Cantoria,Other,20,0
Alcaldía del Ayuntamiento de Carreño,Other,20,0
Alcaldía del Ayuntamiento de Caudete,Other,20,0
Alcaldía del Ayuntamiento de Guardamar del Segura,Other,20,0
Alcaldía del Ayuntamiento de Guía de Isora,Other,20,0
Alcaldía del Ayuntamiento de L'Alcora,Other,20,0
Alcaldía del Ayuntamiento de Laguna de Duero,Other,20,0
Alcaldía del Ayuntamiento de Llanera,Other,20,0
Alcaldía del Ayuntamiento de Moncofa,Other,20,0
Alcaldía del Ayuntamiento de Moratalla,Other,20,0
Alcaldía del Ayuntamiento de Oliva de la Frontera,Other,20,0
Alcaldía del Ayuntamiento de Rincón de la Victoria,Other,20,0
Alcaldía del Ayuntamiento de Santa Cruz de La Palma,Other,20,0
Alcaldía del Ayuntamiento de Santillana del Mar,Other,20,0
Alcaldía del Ayuntamiento de Tarifa,Other,20,0
Alcaldía del Ayuntamiento de Tijarafe,Other,20,0
Alcaldía del Ayuntamiento de Utebo,Other,20,0
"CONSEJERIA DE FOMENTO, ARTICULACION DEL TERRITORIO Y VIVIENDA",Other,20,0
"Consejería Delegada de Movilidad y Desarrollo Urbano Sostenible, S.L., (MODUS ROTA)",Software & Development,20,20
"Consejo de Administración de Gestión de Obras y Servicios Canet d'en Berenguer, S.L. (GESCANET)",Other,20,0
"Consejo de Administración de Spet, Turismo de Tenerife, S.A.",Other,20,0
Consorcio para el Abastecimiento de Agua y Saneamiento en el Principado de Asturias,Other,20,0
Departamento de Salud Valencia - Arnau de Vilanova - Llíria. Dirección Económica-Gerencia,Other,20,0
Dirección General de Planificación Económica,Software & Development,20,16
Dirección General de la Fundación para la Investigación del Hospital Universitario de la Fe,Infrastructure & Hardware,20,5
"Dirección General del Aeropuerto Internacional de la Región de Murcia S.M.E., S.A.",Other,20,0
Dirección General del Instituto Geográfico Nacional,Other,20,0
Dirección Gerencia del Complejo Hospitalario Universitario de Toledo,Other,20,0
"Dirección Territorial de Educación, Universidades y Empleo de Alicante",Other,20,0
Distrito de Chamberí,Other,20,0
"Gerencia de AIRA Gestión Ambiental, S.A.M.",Other,20,0
Gerencia de Atención Especializada de Aranda de Duero,Other,20,0
Gerencia de Informática de la Seguridad Social,Other,20,0
Gerencia del Consorcio de la Ciudad de Santiago,Other,20,0
Instituto Aragonés de Ciencias de la Salud,Other,20,0
Instituto Municipal Barcelona Innovación y Tecnología,Software & Development,20,24
Junta de Gobierno Local del Ayuntamiento de Aracena,Other,20,0
Junta de Gobierno Local del Ayuntamiento de Cee,Other,20,0
Junta de Gobierno Local del Ayuntamiento de Coslada,Other,20,0
Junta de Gobierno Local del Ayuntamiento de Fortuna,Other,20,0
Junta de Gobierno Local del Ayuntamiento de Fuente del Maestre,Other,20,0
Junta de Gobierno Local del Ayuntamiento de Hoyo de Manzanares,Other,20,0
Junta de Gobierno Local del Ayuntamiento de Mojácar,Other,20,0
Junta de Gobierno Local del Ayuntamiento de Osuna,Other,20,0
Junta de Gobierno Local del Ayuntamiento de Poio,Other,20,0
Junta de Gobierno del Ayuntamiento de Altea,Other,20,0
Junta de Gobierno del Ayuntamiento de As Pontes de García Rodríguez,Other,20,0
Junta de Gobierno del Ayuntamiento de Ceutí,Other,20,0
Junta de Gobierno del Ayuntamiento de Majadahonda,Other,20,0
Junta de Gobierno del Ayuntamiento de San Agustín del Guadalix,Other,20,0
Junta de Gobierno del Ayuntamiento de Santa Fe,Other,20,0
Junta de Gobierno del Ayuntamiento de Sedaví,Other,20,0
Junta de Gobierno del Ayuntamiento de Villamediana de Iregua,Other,20,0
Junta de Gobierno del Concello da Estrada,Other,20,0
Mesa de Les Corts Valencianes,Other,20,0
Parlamento de Andalucía,Other,20,0
Presidencia de la Diputación Provincial de Cáceres,Infrastructure & Hardware,20,12
Presidencia de la Diputación Provincial de Palencia,Software & Development,20,18
Presidencia del Consejo Insular de Aguas de Tenerife,Other,20,0
Presidencia del Consorcio Provincial para la Gestión de los Residuos Sólidos Urbanos de Málaga,Other,20,0
Presidencia del Consorcio de Aguas de la Zona Gaditana,Other,20,0
Presidencia del Consorcio de Bomberos de la Provincia de Cádiz,Other,20,0
Rectorado de la Universidad de Córdoba,Software & Development,20,16
Rectorado de la Universidad de Málaga,Software & Development,20,14
Secretaría General de la Agencia Estatal Consejo Superior de Investigaciones Científicas,Software & Development,20,15
Teniente de Alcalde de Contratación del Ayuntamiento de Antequera,Other,20,0
Aena. Dirección del Aeropuerto de Son Bonet,Other,19,0
Aena. Dirección del Aeropuerto de Valladolid,Other,19,0
Alcaldia del Ayuntamiento de Arahal,Other,19,0
Alcaldia del Ayuntamiento de Pinoso,Other,19,0
Alcaldia del Ayuntamiento de Rafelbunyol,Other,19,0
Alcaldía del Ajuntament de Real,Other,19,0
Alcaldía del Ayuntamiento de Andratx,Other,19,0
Alcaldía del Ayuntamiento de Brenes,Other,19,0
Alcaldía del Ayuntamiento de Calviá,Other,19,0
Alcaldía del Ayuntamiento de Campo Real,Other,19,0
Alcaldía del Ayuntamiento de Cerdedo-Cotobade,Other,19,0
Alcaldía del Ayuntamiento de La Palma del Condado,Other,19,0
Alcaldía del Ayuntamiento de Nules,Other,19,0
Alcaldía del Ayuntamiento de Sant Joan de Labritja,Other,19,0
Alcaldía del Ayuntamiento de Tocina,Other,19,0
Alcaldía del Ayuntamiento de Tui,Other,19,0
Alcaldía del Ayuntamiento de Villadangos del Páramo,Other,19,0
"Apoderada Solidaria de Gestión de Infraestructuras Sanitarias del Principado de Asturias, S.A.U.",Other,19,0
"CANAL DE ISABEL II, S.A., M.P.",Other,19,0
Concejalia Delegada de Contratación del Ayuntamiento de Teror,Other,19,0
"Concejalía Delegada General del Área de Hacienda, Personal y Modernización Administrativa del Ayuntamiento de Valladolid",Software & Development,19,12
Concejalía Delegada de Hacienda del Ayuntamiento de la Pobla de Vallbona,Other,19,0
"Confederación Hidrográfica del Duero, O.A.",Other,19,0
"Consejero Delegado de Canarias Submarine Link, S.L.",Other,19,0
Consejero Delegado de la Empresa Municipal de Aguas de Málaga S.A.,Infrastructure & Hardware,19,11
Consejería de Fomento e Infraestructuras de la Región de Murcia,Other,19,0
Consejería de Gobierno de Presidencia y Movilidad Sostenible del Cabildo de Gran Canaria,Software & Development,19,13
Consejería de Salud,Other,19,0
"Consejería de Área de Medio Ambiente, Clima, Energía y Conocimiento del Cabildo de Gran Canaria",Other,19,0
"Consejo de Administración de la Sociedad Anónima Municipal Autobuses Urbanos de Valladolid S.A, (AUVASA)",Other,19,0
"Delegación Provincial de la Consejería de Educación, Cultura y Deportes en Cuenca",Other,19,0
Departamento de Salud Alcoy. Dirección Económica-Gerencia,Other,19,0
Departamento de Salud de Gandía. Dirección Económica-Gerencia,Other,19,0
Departamento de Salud de La Plana. Dirección Económica-Gerencia,Other,19,0
Dirección Ejecutiva de la Fundación Centro de Estudios Ambientales del Mediterráneo,Other,19,0
Dirección General de Racionalización y Centralización de la Contratación-Junta de Contratación Centralizada,Cloud,19,39
"Dirección General de Radiotelevisión del Principado de Asturias, S.A. Unipersonal",Other,19,0
Dirección General de la Biblioteca Nacional,Other,19,0
Dirección de Chiclana Natural S.A.,Other,19,0
Fundación Española para la Ciencia y la Tecnología,Other,19,0
Gerencia Sector Sanitario de Barbastro,Other,19,0
Gerencia de Atención Especializada de Burgos,Other,19,0
Gerencia de Informática de la Seguridad Social,Software & Development,19,35
Gerencia de Infraestructures i Serveis de Telecom. I Certificació S.A.U.,Other,19,0
Instituto Social de la Marina -Dirección Provincial de Cantabria,Other,19,0
"Junta Rectora de la Fundación Municipal de Cultura, Educación y Universidad Popular del Ayuntamiento de Gijón",Other,19,0
Junta de Gobierno Local del Ayuntamiento de Ayora,Other,19,0
Junta de Gobierno Local del Ayuntamiento de Bergondo,Other,19,0
Junta de Gobierno Local del Ayuntamiento de El Ejido,Software & Development,19,19
Junta de Gobierno Local del Ayuntamiento de Hornachuelos,Other,19,0
Junta de Gobierno Local del Ayuntamiento de Porto do Son,Other,19,0
Junta de Gobierno Local del Ayuntamiento de Requena,Other,19,0
Junta de Gobierno Local del Ayuntamiento de Villa del Prado,Other,19,0
Junta de Gobierno Local del Ayuntamiento de Xinzo de Limia,Other,19,0
Junta de Gobierno de la Diputación Provincial de Castellón,Other,19,0
Junta de Gobierno del Ayuntamiento de Catarroja,Other,19,0
Junta de Gobierno del Ayuntamiento de Fuengirola,Infrastructure & Hardware,19,19
Junta de Gobierno del Ayuntamiento de Getafe,Software & Development,19,11
Junta de Gobierno del Ayuntamiento de La Unión,Other,19,0
Junta de Gobierno del Ayuntamiento de Torrelodones,Other,19,0
Junta de Gobierno del Ayuntamiento de Vilagarcía de Arousa,Other,19,0
Junta de Gobierno del Ayuntamiento de Vélez-Málaga,Other,19,0
Junta de Gobierno del Ayuntamiento de Yecla,Other,19,0
"Madrid Destino Cultura Turismo y Negocio, S.A.",Software & Development,19,17
Pleno de la Diputación Provincial de Valencia,Other,19,0
Presidencia de la Agencia Estatal de Meteorología,Other,19,0
Presidencia de la Autoridad Portuaria de Pasaia,Other,19,0
Presidencia del Consejo de Administración de la Autoridad Portuaria de Barcelona (PORT DE BARCELONA),Infrastructure & Hardware,19,13
Presidente de la Autoridad Portuaria de Santander,Other,19,0
Rectorado de la Universidad de Burgos,Other,19,0
Servicio Andaluz de Salud. Hospital Universitario Juan Ramón Jiménez,Other,19,0
Servicio Cántabro de Salud,Software & Development,19,16
Sexta Zona de la Guardia Civil en la Comunidad Valenciana,Other,19,0
Vicepresidencia de la Mancomunidad de Islantilla,Other,19,0
Aena. Consejo de Administración,Software & Development,18,10
Alcalde de Ayuntamiento de Puente Genil,Other,18,0
Alcaldia del Ayuntamiento de Granadilla de Abona,Other,18,0
Alcaldia del Ayuntamiento de Marchamalo,Other,18,0
Alcaldia del Ayuntamiento de Muro de Alcoy,Other,18,0
Alcaldia del Ayuntamiento de Valverde del Camino,Other,18,0
Alcaldía de Ayuntamiento de Santaella,Other,18,0
Alcaldía del Ayuntamiento de Agüimes,Other,18,0
Alcaldía del Ayuntamiento de Barbadás,Other,18,0
Alcaldía del Ayuntamiento de Benavente,Other,18,0
Alcaldía del Ayuntamiento de Bustarviejo,Other,18,0
Alcaldía del Ayuntamiento de Calasparra,Other,18,0
Alcaldía del Ayuntamiento de Camargo,Other,18,0
Alcaldía del Ayuntamiento de Chilches Xilxes,Other,18,0
Alcaldía del Ayuntamiento de Gestalgar,Other,18,0
Alcaldía del Ayuntamiento de Jaén,Other,18,0
Alcaldía del Ayuntamiento de Manilva,Other,18,0
Alcaldía del Ayuntamiento de Nuevo Baztán,Other,18,0
Alcaldía del Ayuntamiento de O Carballiño,Other,18,0
Alcaldía del Ayuntamiento de Puerto Lumbreras,Other,18,0
Alcaldía del Ayuntamiento de Sanlúcar la Mayor,Other,18,0
Alcaldía del Ayuntamiento de Talayuela,Other,18,0
Alcaldía del Ayuntamiento de Teo,Other,18,0
Alcaldía del Ayuntamiento de Tineo,Other,18,0
Alcaldía del Ayuntamiento de Valencina de la Concepción,Other,18,0
Alcaldía del Ayuntamiento de Villanueva del Duque,Other,18,0
Alcaldía del Concello de Fene,Other,18,0
Alcaldía del ayuntamiento de Benifaió,Other,18,0
"CANAL DE ISABEL II, S.A., M.P.",Software & Development,18,26
Comisión Ejecutiva de la Gerencia Municipal de Urbanismo del Ayuntamiento de Almería,Other,18,0
Concejal Delegada del Área de Cultura y Patrimonio Histórico del Ayuntamiento de Málaga,Other,18,0
Concejal de Contratación del Ayuntamiento de Torrejón de Ardoz,Other,18,0
Concejalía Delegada de Hacienda del Ayuntamiento de Gijón,Other,18,0
"Concejalía Delegada de Hacienda, Contratación, Personal y Modernización Administrativa del Ayuntamiento de Llanera",Other,18,0
Concejalía del Área de Salud Pública y Seguridad Ciudadana del Ayuntamiento de Valladolid,Other,18,0
Concejalía del Área de Urbanismo y Vivienda del Ayuntamiento de Valladolid,Other,18,0
Consejería Delegada de la Empresa Metropolitana de Abastecimiento y Saneamiento de Aguas de Sevilla S.A. (EMASESA),Infrastructure & Hardware,18,11
"Consejería de Economía, Hacienda, Fondos Europeos y Transformación Digital de la Región de Murcia",Other,18,0
Consejería de Infraestructuras y Desarrollo Territorial de la Región de Murcia,Software & Development,18,18
"Consejería de Presidencia, Justicia, Seguridad y Simplificación Administrativa de la Comunidad Autónoma de Cantabria",Other,18,0
"Consejo de Administración de Gestión de Infraestructuras Sanitarias del Principado de Asturias, S.A.U.",Other,18,0
"Consejo de Administración de Granada Eventos Globales, S.A.",Other,18,0
"Consejo de Administración de Medio Ambiente, Agua, Residuos y Energía de Cantabria, S.A.(MARE S.A.)",Software & Development,18,12
Consejo de Administración de la Societat Valenciana FIRA València S.A.,Other,18,0
"Conselleria de Economía, Hacienda y Administración Pública - Central de Compras de la Generalitat Valenciana",Other,18,0
"Consorcio para la Construcción, Equipamiento y Explotación del Laboratorio de Luz Sincrotrón",Other,18,0
Delegación Especial de la Agencia Estatal de Administración Tributaria en Cataluña,Other,18,0
"Departamento de Agricultura, Ganadería y Alimentación del Gobierno de Aragón",Other,18,0
"Dirección Corporativa de Sainsel Sistemas Navales, S.A. Unipersonal",Other,18,0
Dirección Económico Financiero de la Dirección General de Infraestructura. MDE,Software & Development,18,9
Dirección General de Carreteras,Infrastructure & Hardware,18,18
"Dirección General de IBERMUTUA, Mutua Colaboradora con la Seguridad Social nº 274",Infrastructure & Hardware,18,5
Dirección General de Racionalización y Centralización de la Contratación-Junta de Contratación Centralizada,Cybersecurity,18,33
Dirección General de la Fundación Ciudad de la Energía,Software & Development,18,21
Dirección General de la Fundación Santa Bárbara,Other,18,0
"Dirección General del Centro de Investigaciones Energéticas, Medioambientales y Tecnológicas (CIEMAT)",Other,18,0
Dirección General del Palacio de Ferias y Congresos de Málaga,Other,18,0
Dirección General del Servicio Público de Empleo Estatal,Other,18,0
Director Gerente de FISEVI,Other,18,0
Entidad Regional de Saneamiento y Depuración de Aguas Residuales (ESAMUR),Other,18,0
"Gerencia de Gestión de Servicios para la Salud y Seguridad en Canarias, S.A.",Other,18,0
Gerencia del Hospital Intermutual de Levante,Software & Development,18,10
Junta de Gobierno Local de l'Ajuntament d'Artà,Other,18,0
Junta de Gobierno Local del Ayuntamiento de Abarán,Other,18,0
Junta de Gobierno Local del Ayuntamiento de Arcos de la Frontera,Other,18,0
Junta de Gobierno Local del Ayuntamiento de La Aldea San Nicolás,Other,18,0
Junta de Gobierno Local del Ayuntamiento de Ogíjares,Other,18,0
Junta de Gobierno Local del Ayuntamiento de Torrelaguna,Other,18,0
Junta de Gobierno de la Diputación Provincial de Huelva,Other,18,0
Junta de Gobierno del Ayuntamiento de Ecija,Other,18,0
Patronato Provincial Turismo de Castellón,Other,18,0
Presidencia de la Asociación para el Desarrollo Rural de la Comarca de Guadix,Software & Development,18,20
Presidencia de la Autoridad Portuaria de Valencia,Software & Development,18,13
Presidencia de la Mancomunidad de Servicios Turísticos del Noroeste de Murcia,Other,18,0
Presidencia del Cabildo Insular de Fuerteventura,Other,18,0
Rectorado de la Universidad Internacional Menéndez Pelayo,Other,18,0
Rectorado de la Universidad de Cádiz,Software & Development,18,10
Rectorado de la Universidad de Huelva,Software & Development,18,6
"Sección de Asuntos Económicos del Parque y Centro de Mantenimiento de Sist. Antiaérea, Costa y Misiles",Other,18,0
Servicio Andaluz de Salud. Hospital Universitario de Jaén,Other,18,0
Subsecretaría del Ministerio de Trabajo y Economía Social,Other,18,0
Vicepresidente de Aguas de Huesna SL.,Other,18,0
Órganos Directivos del Ayuntamiento de Sevilla,Software & Development,18,17
ALCALDÍA DEL AYUNTAMIENTO DE TALAVERA LA REAL,Other,17,0
Aena. Dirección del Aeropuerto de La Gomera,Other,17,0
Aena. Dirección del Aeropuerto de Sabadell,Other,17,0
Alcaldia de Gobierno del Ayuntamiento de Xixona,Other,17,0
Alcaldia del Ayuntamiento de Pozoblanco,Other,17,0
Alcaldía del Ayuntamiento de Binéfar,Other,17,0
Alcaldía del Ayuntamiento de Campanario,Other,17,0
Alcaldía del Ayuntamiento de Fresno de Torote,Other,17,0
Alcaldía del Ayuntamiento de Griñón,Other,17,0
Alcaldía del Ayuntamiento de L'Eliana,Other,17,0
Alcaldía del Ayuntamiento de Marchena,Other,17,0
Alcaldía del Ayuntamiento de Moguer,Other,17,0
Alcaldía del Ayuntamiento de Moraleja,Other,17,0
Alcaldía del Ayuntamiento de Ortigueira,Other,17,0
Alcaldía del Ayuntamiento de San Miguel de Salinas,Other,17,0
Alcaldía del Ayuntamiento de Santa María de Guía,Other,17,0
Alcaldía del Ayuntamiento de Sevilla la Nueva,Other,17,0
Alcaldía del Ayuntamiento de Villanueva de Algaidas,Other,17,0
Alcaldía del Ayuntamiento de Zalamea de la Serena,Other,17,0
Aragón Plataforma Logística S.A.U.,Other,17,0
Autoridad Portuaria de Alicante,Other,17,0
Ciudad del Motor de Aragón S.A.,Other,17,0
Concejalía Delegada de Contratación del Ajuntament de València,Infrastructure & Hardware,17,12
Concejalía Delegada de Contratación del Ayuntamiento de Telde,Other,17,0
Concejalía Delegada del Área Específica de Seguridad del Ayuntamiento de Málaga,Other,17,0
"Consejera de Área Insular de Hacienda, Promoción Económica, Recursos Humanos, Deportes y Movilidad Sostenible del Cabildo Insular de Fuerteventura",Other,17,0
"Consejería Delegada de Extremadura Avante Servicios Avanzados a Pymes, S.L.U.",Other,17,0
"Consejería Delegada de Viviendas, Proyectos y Obras Municipales de Santa Cruz de Tenerife, S.A.",Other,17,0
"Consejería de Economía, Empleo y Transformación Digital",Other,17,0
"Consejería de Presidencia, Reto Demográfico, Igualdad y Turismo del Principado de Asturias",Other,17,0
Consejería de Salud de la Región de Murcia,Other,17,0
Consejería de Salud y Atención a la Dependencia,Other,17,0
Consejería del Área de Hacienda y Contratación del Cabildo Insular de Lanzarote,Other,17,0
Consejo Rector del Patronato Municipal de Fiestas del Ayuntamiento de Castellón,Other,17,0
"Consejo de Administración de EMAYA, Empresa Municipal d'Aigües i Clavegueram, S.A.",Software & Development,17,12
"Consejo de Administración de Gestión de Viviendas e Infraestructuras en Cantabria S.L. (GESVICAN, S.L.)",Other,17,0
Consejo de Administración de S.A.M. Actuaciones Urbanas de Valencia,Other,17,0
"Consejo de Administración de la Empresa Municipal de Servicios de Adeje, S.A.",Other,17,0
Consejo de Administración de la Sociedad para la Promoción y Desarrollo de la Ciudad de Burgos S.A.,Software & Development,17,17
Consejo de Administración de la Societat Municipal d'Aparcaments i Projectes S.A.,Other,17,0
"Departamento de Fomento, Vivienda, Logística y Cohesión Territorial del Gobierno de Aragón",Other,17,0
Diputación Foral de Bizkaia - Departamento de Infraestructuras y Desarrollo Territorial,Infrastructure & Hardware,17,17
Dirección Económico Financiero de la Dirección General de Infraestructura. MDE,Infrastructure & Hardware,17,17
Dirección General de Infraestructuras Educativas,Infrastructure & Hardware,17,2
Dirección del Instituto Regional de Investigación y Desarrollo Agroalimentario y Forestal de Castilla-La Mancha (IRIAF),Software & Development,17,17
Distrito de Puente de Vallecas,Other,17,0
Gerencia de Grupo Energético de Puerto Real S.A.,Other,17,0
Gerencia de Móstoles Desarrollo Promoción Económica S.A.,Software & Development,17,17
Gerencia de la Empresa de Servicios Municipales de Arganda S.A.,Other,17,0
Gerencia de los servicios Sanitarios del Area de Salud de La Palma,Other,17,0
Gerencia del Centro Atlántico de Arte Moderno SAU,Other,17,0
Instituto de Turismo de la Región de Murcia (ITREM),Other,17,0
Instituto de las Mujeres,Other,17,0
Junta de Contratación del Ministerio de Industria y Turismo,Other,17,0
Junta de Gobierno Local del Ayuntamiento de Bollullos Par del Condado,Other,17,0
Junta de Gobierno del Ayuntamiento de Alcobendas,Software & Development,17,12
Junta de Gobierno del Ayuntamiento de Burgo de Osma,Other,17,0
Junta de Gobierno del Ayuntamiento de Elche,Infrastructure & Hardware,17,3
Junta de Gobierno del Ayuntamiento de Grado,Other,17,0
Junta de Gobierno del Ayuntamiento de Los Montesinos,Other,17,0
Junta de Gobierno del Ayuntamiento de Marbella,Software & Development,17,14
Junta de Gobierno del Ayuntamiento de Serón,Other,17,0
Junta de Gobierno del Ayuntamiento de Silleda,Other,17,0
Junta de Gobierno del Ayuntamiento de la Leal Villa de El Escorial,Other,17,0
"Madrid Calle 30, S.A.",Other,17,0
Organismo Autónomo Agencia para el Empleo de Madrid,Other,17,0
Presidencia de la Autoridad Portuaria de Santa Cruz de Tenerife,Other,17,0
Presidencia de la Confederación Hidrográfica del Cantábrico,Other,17,0
Presidencia de la Diputación Provincial de Sevilla,Software & Development,17,16
Presidencia de la Diputación Provincial de Ávila,Other,17,0
"Presidencia de la Fundación Insular para la Formación, el Empleo y el Desarrollo Empresarial (FIFEDE)",Software & Development,17,17
Presidencia de la Mancomunidad Intermunicipal del Sureste de Gran Canaria,Other,17,0
Presidencia del Instituto Insular de Deportes de Gran Canaria,Other,17,0
Presidencia del Organismo Provincial de Asistencia Económica y Fiscal (OPAEF),Other,17,0
Rectorado de la Universidad de Zaragoza,Software & Development,17,15
"Secretaría General de Agenda Urbana, Vivienda y Arquitectura",Other,17,0
"Secretaría General de la Consejería de Economía, Empresas y Empleo de la Junta de Comunidades de Castilla-La Mancha",Other,17,0
"Secretaría General de la Consejería de Hacienda, Administraciones Públicas y Transformación Digital de la Junta de Comunidades de Castilla-La Mancha",Software & Development,17,16
Secretaría General del Fondo de Garantía Salarial (FOGASA),Other,17,0
Subsecretaría - Conselleria de Justicia y Administración Pública de la Generalitat Valenciana,Other,17,0
Vicepresidencia del Consejo de Administración de la Sociedad Insular para la Promoción de las Personas con Discapacidad S.L.,Other,17,0
ADIF-ALTA VELOCIDAD,Other,16,0
Aena. Dirección del Aeropuerto de Huesca-Pirineos,Other,16,0
Alcaldia del Ayuntamiento de Argamasilla de Calatrava,Other,16,0
Alcaldia del Ayuntamiento de Ordes,Other,16,0
Alcaldía del Ayuntamiento de Bornos,Other,16,0
Alcaldía del Ayuntamiento de Constantina,Other,16,0
Alcaldía del Ayuntamiento de Corral de Almaguer,Other,16,0
Alcaldía del Ayuntamiento de Coín,Other,16,0
Alcaldía del Ayuntamiento de Cuéllar,Other,16,0
Alcaldía del Ayuntamiento de El Cuervo de Sevilla,Other,16,0
Alcaldía del Ayuntamiento de Foios,Other,16,0
Alcaldía del Ayuntamiento de Gerena,Other,16,0
Alcaldía del Ayuntamiento de Illora,Other,16,0
Alcaldía del Ayuntamiento de Miengo,Other,16,0
Alcaldía del Ayuntamiento de Noia,Other,16,0
Alcaldía del Ayuntamiento de Rianxo,Other,16,0
Alcaldía del Ayuntamiento de San Andrés y Sauces,Other,16,0
Alcaldía del Ayuntamiento de Sax,Other,16,0
Alcaldía del Ayuntamiento de Talavera de la Reina,Other,16,0
Alcaldía del Ayuntamiento de Trebujena,Other,16,0
Alcaldía del Ayuntamiento de Valsequillo de Gran Canaria,Other,16,0
Alcaldía del Ayuntamiento de Zuera,Other,16,0
Comandancia Guardia Civil de Granada,Other,16,0
"Comisión de Contratación de la Sociedad Estatal Loterías y Apuestas del Estado, S.M.E., S.A.",Software & Development,16,17
Consejero Delegado de Limpieza Municipal de Lorca S.A.,Other,16,0
"Consejería de Cultura, Turismo y Deporte de la Comunidad Autónoma de Cantabria",Other,16,0
Consejería de Digitalización,Software & Development,16,28
Consejería de Gobierno de Cultura del Cabildo de Gran Canaria,Other,16,0
Consejería de Hacienda y Administración Pública,Other,16,0
Consejería de Presidencia y Gobernación de la Ciudad Autónoma de Ceuta,Other,16,0
"Consejo de Administración de la Empresa Municipal de Transports Urbans de Palma, S.A",Other,16,0
"Consejo de Administración de la Sociedad Provincial de Desarrollo de Valladolid, S.A. (SODEVA)",Software & Development,16,16
Departamento de Salud de Torrevieja. Dirección Económica-Gerencia,Other,16,0
Dirección General Económico-Financiera de la Entidad Pública Empresarial RENFE-Operadora,Infrastructure & Hardware,16,7
Dirección General de Mercados Centrales de Abastecimiento de Sevilla S.A. (MERCASEVILLA S.A.),Other,16,0
Dirección General de la Fundación SEPI,Other,16,0
Dirección General de la Industria Alimentaria,Other,16,0
Dirección General del Institut Valencià de la Joventut,Other,16,0
Dirección General del Instituto de Cinematografía y de las Artes Audiovisuales,Other,16,0
Dirección Gerente del Hospital Universitario Nuestra Señora de Candelaria,Infrastructure & Hardware,16,16
Dirección del Centro Nacional de Formación Marítima de Bamio (D.O. D.P. Vilagarcía de Arousa),Other,16,0
Dirección del Instituto de Promoción Exterior de Castilla-La Mancha,Other,16,0
Director Gerente de FREMAP,Software & Development,16,11
"Empresa Municipal de Transportes de Madrid, S.A.",Software & Development,16,15
Fundación Instituto de Investigación Sanitaria Aragón,Other,16,0
Gerencia de Aguas de Huesna SL.,Other,16,0
Gerencia de Atención Integrada de Talavera de la Reina,Other,16,0
Gerencia de Atención Primaria de León,Other,16,0
Gerencia de Informática de la Seguridad Social,Infrastructure & Hardware,16,6
"Gerencia de Mutua Navarra, Mutua de Accidentes de Trabajo y Enfermedades Profesionales de la Seguridad Social 21",Software & Development,16,11
Gerencia de la Empresa Municipal de Aguas y Saneamiento de Murcia S.A.,Software & Development,16,11
"Gerencia del Consorcio de Prevención, Extinción de Incendios y Salvamento Provincia de Sevilla",Other,16,0
Gestión de Residuos Huesca SAU,Other,16,0
Instituto Tecnológico Agrario de Castilla y León,Other,16,0
Instituto Tecnológico de Aragón (ITA),Software & Development,16,8
Jefatura de la Sección Económico-Administrativa 45 - Aeródromo Militar de León,Other,16,0
Junta Directiva de la Federación para el Desarrollo de La Sierra y Mancha Conquense (ADESIMAN),Software & Development,16,18
Junta de Gobierno Local del Ayuntamiento de Candeleda,Other,16,0
Junta de Gobierno Local del Ayuntamiento de La Zubia,Other,16,0
Junta de Gobierno Local del Ayuntamiento de Oza-Cesuras,Other,16,0
Junta de Gobierno del Ayuntamiento de Carlet,Other,16,0
Junta de Gobierno del Ayuntamiento de Colindres,Other,16,0
Junta de Gobierno del Ayuntamiento de Cox,Other,16,0
Junta de Gobierno del Ayuntamiento de Daganzo de Arriba,Other,16,0
Junta de Gobierno del Ayuntamiento de Espera,Other,16,0
Junta de Gobierno del Ayuntamiento de Fuengirola,Software & Development,16,25
Junta de Gobierno del Ayuntamiento de Lorqui,Other,16,0
Junta de Gobierno del Ayuntamiento de Marín,Other,16,0
Junta de Gobierno del Ayuntamiento de Maó,Other,16,0
Junta de Gobierno del Ayuntamiento de Palma del Río,Other,16,0
Junta de Gobierno local del Ayuntamiento de la Villa y Puerto de Garachico,Other,16,0
Presidencia de la Autoridad Portuaria de Tarragona,Infrastructure & Hardware,16,11
Presidencia de la Comarca Campo de Daroca,Other,16,0
Presidencia de la Fundación Salamanca Ciudad de Cultura y Saberes,Other,16,0
Presidencia de la Mancomunidad de Servicios La Vega,Other,16,0
Presidencia del Consorcio Provincial de Bomberos de Málaga,Other,16,0
Presidencia del Consorcio Provincial de Pontevedra para a Prestación do Servizo contra Incendios e Salvamento,Other,16,0
Rectorado de la Universidad Autónoma de Madrid,Software & Development,16,8
Rectorado de la Universidad Complutense de Madrid,Software & Development,16,13
Rectorado de la Universidad de Castilla-La Mancha,Other,16,0
Rectorado de la Universidad de Salamanca,Software & Development,16,5
Rectorado de la Universitat Politècnica de València,Software & Development,16,10
"Red Eléctrica de España, S.A.U. (Red Eléctrica)",Software & Development,16,18
Secretaria General del Servicio de Salud de Castilla-La Mancha,Software & Development,16,12
Secretaría General de la Consejería de Sanidad de la Junta de Comunidades de Castilla-La Mancha,Other,16,0
Secretaría General de la Federación Española de Municipios y Provincias,Other,16,0
Secretaría de Estado de Planificación e Infraestructuras - Demarcación de Carreteras del Estado de Galicia,Other,16,0
TGSS-Dirección provincial de Alicante,Other,16,0
TGSS-Dirección provincial de Castellón,Other,16,0
TGSS-Dirección provincial de Tarragona,Other,16,0
"Tecnologías y Servicios Agrarios S.A.,S.M.E., M.P., (TRAGSATEC)",Infrastructure & Hardware,16,11
"Teniente de Alcalde delegado de Economía, Contratación y Deportes del Ayuntamiento de Calviá",Other,16,0
"Teniente de Alcalde delegado de Movilidad y Transportes, Igualdad, Món Rural, Bienestar Animal, Mantenimiento y Cultura del Ayuntamiento de Calviá",Other,16,0
Alcaldia del Ayuntamiento de Aldeanueva de Ebro,Other,15,0
Alcaldia del Ayuntamiento de Arucas,Other,15,0
Alcaldia del Ayuntamiento de Cabanillas del Campo,Other,15,0
Alcaldia del Ayuntamiento de Pontedeume,Other,15,0
Alcaldía del Ajuntament de Son Servera,Other,15,0
Alcaldía del Ayuntamiento San Sebastián de la Gomera,Other,15,0
Alcaldía del Ayuntamiento de Agost,Other,15,0
Alcaldía del Ayuntamiento de Alagón,Other,15,0
Alcaldía del Ayuntamiento de Albarracín,Other,15,0
Alcaldía del Ayuntamiento de Alcalá del Río,Other,15,0
Alcaldía del Ayuntamiento de Aljaraque,Other,15,0
Alcaldía del Ayuntamiento de Almansa,Other,15,0
Alcaldía del Ayuntamiento de Berlanga,Other,15,0
Alcaldía del Ayuntamiento de Caravia,Other,15,0
Alcaldía del Ayuntamiento de El Viso del Alcor,Other,15,0
Alcaldía del Ayuntamiento de Finestrat,Other,15,0
Alcaldía del Ayuntamiento de Guadalix de la Sierra,Other,15,0
Alcaldía del Ayuntamiento de Herrera del Duque,Other,15,0
Alcaldía del Ayuntamiento de La Puebla de Alfindén,Other,15,0
Alcaldía del Ayuntamiento de Lorqui,Other,15,0
Alcaldía del Ayuntamiento de Meliana,Other,15,0
Alcaldía del Ayuntamiento de Torrelodones,Other,15,0
Alcaldía del Ayuntamiento de Villanueva de la Torre,Other,15,0
Ayuntamiento de Loriguilla,Other,15,0
Centro de Promoción de la Autonomía Personal del IMSERSO,Other,15,0
"Comisión Ejecutiva para Contratación de Basuras Sierra de Cádiz, S.A.",Other,15,0
Comité de Dirección de Equipos Nucleares S.A.,Software & Development,15,10
Concejalía Delegada de Contratación del Ayuntamiento de Chiva,Other,15,0
"Concejalía de Economía, Hacienda y Patrimonio del Ayuntamiento de Martos",Other,15,0
Consejero Delegado de la Empresa General Valenciana del Agua S.A.,Other,15,0
Consejero Delegado de la Sociedad Canaria de Fomento Económico S.A. - PROEXCA,Other,15,0
"Consejería Delegada de Gestión y Planeamiento Territorial y Medioambiental, S.A.",Infrastructure & Hardware,15,14
"Consejería de Educación, Formación Profesional y Turismo del Gobierno de Cantabria",Other,15,0
"Consejería de Empresa, Autónomos y Energía de las Illes Balears",Other,15,0
"Consejería de Presidencia, Reto Demográfico, Igualdad y Turismo del Principado de Asturias",Software & Development,15,11
"Consejería de Área de Sector Primario, Soberanía Alimentaria y Seguridad Hídrica del Cabildo de Gran Canaria",Other,15,0
Consejo Rector del Instituto Municipal de Deportes de Cádiz,Other,15,0
Consejo de Administración de Aigües i Sanejament d'Elx S.A.,Other,15,0
Consejo de Administración de Animajoven SAU,Other,15,0
"Consejo de Administración de ICEX España Exportación e Inversiones, E.P.E.",Software & Development,15,14
"Consejo de Administración de Metropolitano de Tenerife, S.A.",Other,15,0
"Consejo de Administración de Servicios Turísticos de Ceuta, S.L.",Other,15,0
Consejo de Administración de Suministradora Eléctrica de Cádiz S.A.,Other,15,0
Consello de Xerencia Municipal de Urbanismo del Ayuntamiento de Vigo,Other,15,0
Consorcio de Compensación de Seguros,Software & Development,15,9
Corporació Valenciana de Mitjans de Comunicació,Other,15,0
Delegación Provincial de la Consejería de Bienestar Social en Cuenca,Other,15,0
Delegación Provincial de la Consejería de Desarrollo Sostenible en Albacete,Software & Development,15,15
Delegación Provincial de la Consejería de Desarrollo Sostenible en Guadalajara,Software & Development,15,15
Departamento de Salud de Denia. Dirección Económica-Gerencia,Other,15,0
Departamento de Salud de Sagunto. Dirección Económica-Gerencia,Other,15,0
"Dirección General de Renfe Viajeros Sociedad Mercantil Estatal, S.A.",Infrastructure & Hardware,15,7
"Dirección Gerente de Aguas Vega Sierra Elvira, S.A.",Infrastructure & Hardware,15,15
"Director General de Mercazaragoza, S.A.",Other,15,0
Director Gerente de FISEVI,Software & Development,15,17
ENAIRE. Dirección Regional NA. Región Centro Norte,Infrastructure & Hardware,15,1
ENAIRE. Dirección Región Balear,Other,15,0
Fundación Asturiana de Atención y Protección a Personas con Discapacidades y o Dependencias (FASAD) M.P.,Other,15,0
Fundación para la Investigación Biosanitaria de Andalucía Oriental - Alejandro Otero (FIBAO),Other,15,0
"Gerencia de Aguas de Huelva, S.A.",Other,15,0
Gerencia de Aigües i Sanejament d'Elx S.A.,Other,15,0
Gerencia de Ecociudad Zaragoza S.A.U. (Medio Propio),Other,15,0
Gerencia de Transportes Interurbanos de Tenerife S.A.U.,Software & Development,15,17
Instituto Nacional de Estadística INE,Data & Analytics,15,6
Junta de Gobierno Local del Ayuntamiento de A Laracha,Other,15,0
Junta de Gobierno Local del Ayuntamiento de Cambre,Other,15,0
Junta de Gobierno Local del Ayuntamiento de Carbajosa de la Sagrada,Other,15,0
Junta de Gobierno Local del Ayuntamiento de Cuevas del Almanzora,Other,15,0
Junta de Gobierno Local del Ayuntamiento de Villa de Arico,Other,15,0
Junta de Gobierno de la Diputación Provincial de Segovia,Other,15,0
Junta de Gobierno del Ayuntamiento de Albacete,Software & Development,15,12
Junta de Gobierno del Ayuntamiento de Cubas de la Sagra,Other,15,0
Junta de Gobierno del Ayuntamiento de El Rosario,Other,15,0
Junta de Gobierno del Ayuntamiento de Jerez de los Caballeros,Other,15,0
Junta de Gobierno del Ayuntamiento de Leganés,Software & Development,15,13
Junta de Gobierno del Ayuntamiento de Monachil,Other,15,0
Junta de Gobierno del Ayuntamiento de Monforte del Cid,Other,15,0
Junta de Gobierno del Ayuntamiento de Olvera,Other,15,0
Junta de Gobierno del Ayuntamiento de Rivas Vaciamadrid,Infrastructure & Hardware,15,5
Junta de Gobierno del Ayuntamiento de Santomera,Other,15,0
Junta de Gobierno del Ayuntamiento de Torredonjimeno,Other,15,0
Junta de Gobierno del Ayuntamiento de Viso del Marqués,Other,15,0
Junta de Govern del Ajuntament de Campos,Other,15,0
Miembros Corporativos con Delegaciones Especiales del Cabildo Insular de la Palma,Other,15,0
Presidencia de la Diputación de Badajoz,Infrastructure & Hardware,15,12
Presidencia de la Mancomunidad de Servicios del Valle Norte del Lozoya,Other,15,0
Presidencia del Centro Iniciativas para la Formación y el Empleo,Other,15,0
Presidencia del Instituto Valenciano de Competitividad Empresarial (IVACE),Other,15,0
Presidencia del Pleno,Other,15,0
Rectorado de la Universidad de Extremadura,Other,15,0
Rectorado de la Universidad de Granada,Software & Development,15,12
Rectorado de la Universidad de Las Palmas de Gran Canaria,Other,15,0
Secretaría General de la Consejería de Fomento de la Junta de Comunidades de Castilla-La Mancha,Other,15,0
Secretaría General de la Mutualidad de Funcionarios Civiles del Estado (MUFACE),Other,15,0
"Sociedad Andaluza para el Desarrollo de las Telecomunicaciones, S.A.",Software & Development,15,24
Subdirección General de Adquisiciones de Armamento y Material DGAM,Software & Development,15,14
Vicepresidencia del Organismo Autónomo Municipal Parques y Jardines Singulares y Escuela Municipal de Jardineria y Paisaje,Other,15,0
Vicepresidente de la Fundació Turisme Responsable de Mallorca,Other,15,0
Xunta de Goberno Local del Ayuntamiento de Boiro,Other,15,0
ADIF - Presidencia,Software & Development,14,11
"Agencia de Ciencia, Competitividad Empresarial e Innovación Asturiana",Other,14,0
Agencia para la Administración Digital de la CM,Other,14,0
Alcaldia del Ayuntamiento de Carmona,Other,14,0
Alcaldia del Ayuntamiento de Catadau,Other,14,0
Alcaldía del Ayuntamiento de Albox,Other,14,0
Alcaldía del Ayuntamiento de Castro-Urdiales,Other,14,0
Alcaldía del Ayuntamiento de Cáceres,Software & Development,14,9
Alcaldía del Ayuntamiento de El Paso,Other,14,0
Alcaldía del Ayuntamiento de Gata de Gorgos,Other,14,0
Alcaldía del Ayuntamiento de Gelves,Other,14,0
Alcaldía del Ayuntamiento de Gijón,Software & Development,14,8
Alcaldía del Ayuntamiento de La Almunia de Doña Godina,Other,14,0
Alcaldía del Ayuntamiento de Lanjarón,Other,14,0
Alcaldía del Ayuntamiento de Medina de Pomar,Other,14,0
Alcaldía del Ayuntamiento de Moixent,Other,14,0
Alcaldía del Ayuntamiento de Puntallana,Other,14,0
Alcaldía del Ayuntamiento de Robledo de Chavela,Other,14,0
Alcaldía del Ayuntamiento de Sabiñánigo,Other,14,0
Alcaldía del Ayuntamiento de Tarazona,Other,14,0
Alcaldía del Ayuntamiento de Torrejón de la Calzada,Other,14,0
Alcaldía del Ayuntamiento de Valle Gran Rey,Other,14,0
Alcaldía del Ayuntamiento de Villamanrique de la Condesa,Other,14,0
Alcaldía del Ayuntamiento de la Villa de Firgas,Other,14,0
Alcaldía del Ayuntamiento de los Santos de Maimona,Other,14,0
Alcaldía del Concello de Cospeito,Other,14,0
"BIDEGI Agencia Guipuzcoana de Infraestructuras - BIDEGI, S.A.",Other,14,0
CONSORCI HOSPITAL CLÍNIC DE BARCELONA (HCB),Other,14,0
Comandancia Guardia Civil de Castellón,Other,14,0
Comisión Ejecutiva de Mercazaragoza S.A.,Other,14,0
Comité Ejecutivo de la Mancomunidad de los Canales del Taibilla,Infrastructure & Hardware,14,7
"Concejal Delegado con Delegación Genérica de Urbanismo, Vivienda, Ordenación del Territorio, Digitalización Urbana, Fondos Europeos, Servicios, Parques y Jardines, Limpieza, Coordinación de barrios, Obras, Disciplina, Patrimonio, Medio Ambiente y Movilidad del Ayuntamiento de Mairena del Alcor",Other,14,0
"Concejal del Área de Ciudad Sostenible, Agenda Urbana, Participación Ciudadana e Igualdad del Ayuntamiento de Puerto de la Cruz",Other,14,0
"Concejal delegado de Contratación, Patrimonio, Secretaria General, Servicios Lingüísticos, Servicios Informáticos, Administración Electrónica, Transparencia, Participación Ciudadana y Atención a la Ciudadanía del Ayuntamiento de Benicarló",Other,14,0
"Consejería Delegada de Gestión de Aguas del Levante Almeriense, S.A. (GALASA)",Other,14,0
Consejería de Educación de la Junta de Castilla y León,Software & Development,14,13
"Consejería de Presidencia, Coordinación de la Acción de Gobierno y Cooperación Local",Other,14,0
Consejería de Sanidad de la Junta de Castilla y León,Other,14,0
Consejo General del Poder Judicial,Software & Development,14,16
Consejo Rector de la Fundación Municipal de Deportes del Ayuntamiento de Valladolid,Other,14,0
"Consejo de Administración de Aena Desarrollo Internacional S.M.E., S.A.",Software & Development,14,14
"Consejo de Administración de Neteja, Manteniment i Servicis de Mislata S.A.",Other,14,0
"Consejo de Administración de URVIPEXSA, S.A.",Other,14,0
"Consejo de Administración de la Sociedad Mercantil Estatal de Gestión Inmobiliaria de Patrimonio, M.P.S.A. (Segipsa)",Software & Development,14,8
Delegación Especial de la Agencia Tributaria en Galicia,Other,14,0
"Delegación Provincial de la Consejería de Agricultura, Ganadería y Desarrollo Rural en Toledo",Software & Development,14,14
"Delegación Provincial de la Consejería de Educación, Cultura y Deportes en Albacete",Other,14,0
Departamento de Hacienda y Administración Pública,Other,14,0
"Dirección General de Redalsa, S.A., S.M.E.",Other,14,0
"Dirección Gerencia de Mutualia, Mutua Colaboradora con la Seguridad Social nº 02",Software & Development,14,14
Dirección Insular de Hacienda del Cabildo Insular de Tenerife,Other,14,0
Dirección de la Agencia Estatal Boletín Oficial del Estado,Other,14,0
Distrito Centro,Other,14,0
Distrito de San Blas-Canillejas,Other,14,0
Empresa Estatal Mercados Centrales de Abastecimiento SA (MERCASA),Infrastructure & Hardware,14,12
Entidad Pública Aragonesa de Servicios Telemáticos,Cybersecurity,14,29
Fons de Garantia Agrària i Pesquera de les Illes Balears - FOGAIBA,Other,14,0
"Generalitat de Catalunya, Agencia Catalana del Agua del Departamento de Territorio, Vivienda y Transición Ecológica",Other,14,0
Gerencia de la Fundación para el Fomento de la Investigación Sanitaria y Biomédica de la Comunitat Valenciana (FISABIO),Infrastructure & Hardware,14,2
"Gerencia del Parque Tecnológico de Fuerteventura S.A., M.P.",Other,14,0
Instituto Canario de la Vivienda,Other,14,0
JUNTA DE GOBIERNO LOCAL AYUNTAMIENTO DE VÍCAR,Other,14,0
Jefatura de Asuntos Económicos del Mando de Apoyo Logístico,Infrastructure & Hardware,14,4
Junta De Gobierno Local del Ayuntamiento de Viator,Other,14,0
Junta de Gobierno Local del Ayuntamiento de Ajalvir,Other,14,0
Junta de Gobierno Local del Ayuntamiento de Archena,Other,14,0
Junta de Gobierno Local del Ayuntamiento de Fuente el Saz de Jarama,Other,14,0
Junta de Gobierno Local del Ayuntamiento de La Matanza de Acentejo,Other,14,0
Junta de Gobierno Local del Ayuntamiento de la Villa de Otura,Other,14,0
Junta de Gobierno del Ayuntamiento de Albal,Other,14,0
Junta de Gobierno del Ayuntamiento de La Nucía,Other,14,0
Junta de Gobierno del Ayuntamiento de Navia,Other,14,0
Junta de Gobierno del Ayuntamiento de Paiporta,Other,14,0
Junta de Gobierno del Ayuntamiento de Quintanar de la Orden,Other,14,0
Junta de Gobierno del Ayuntamiento de Santander,Infrastructure & Hardware,14,7
Junta del Gobierno Local del Ayuntamiento de Haro,Other,14,0
"Navarra de Servicios y tecnologías, S.A. (NASERTIC)",Other,14,0
Organismo Autónomo Informática del Ayuntamiento de Madrid,Software & Development,14,17
Patronat de Fundació per a Persones amb Discapacitat Illa de Menorca,Other,14,0
Presidencia de la Asociación de Desarrollo Rural Molina de Aragón-Alto Tajo,Software & Development,14,15
Presidencia de la Diputación Provincial de Jaén,Infrastructure & Hardware,14,13
Presidencia de la Diputación Provincial de Jaén,Software & Development,14,14
Presidencia de la Mancomunidad de Desarrollo y Fomento de Aljarafe,Software & Development,14,14
Rectorado de la Universidad Jaume I,Software & Development,14,5
Rectorado de la Universidad de Valladolid,Software & Development,14,10
Rectorado de la Universitat de València,Software & Development,14,14
"Red Eléctrica de España, S.A.U. (REE)",Software & Development,14,17
Servicio Andaluz de Salud. Hospital Universitario Reina Sofía.,Other,14,0
Servicio Extremeño Público de Empleo (SEXPE),Other,14,0
Servicio Gallego de Salud,Software & Development,14,17
Servicio Murciano de Salud - Gerencia,Software & Development,14,14
Servicio Territorial en Badajoz,Other,14,0
Subdirección General de Gestión Económica y Patrimonial,Other,14,0
"Subsecretaría de Ciencia, Innovación y Universidades",Other,14,0
Subsecretaría de Cultura,Other,14,0
Subsecretaría de Igualdad,Other,14,0
TGSS-Dirección provincial de Cádiz,Other,14,0
"Área de Gobierno de Vicealcaldía, Portavoz, Seguridad y Emergencias del Ayuntamiento de Madrid",Software & Development,14,16
ADIF ALTA VELOCIDAD,Other,13,0
Aena. Dirección del Helipuerto de Ceuta,Other,13,0
Aena. Presidencia. Consejero Delegado,Infrastructure & Hardware,13,6
Alcalde del Ayuntamiento de Borja,Other,13,0
Alcaldia del Ayuntamiento de Ayamonte,Other,13,0
Alcaldia del Ayuntamiento de El Viso,Other,13,0
Alcaldia del Ayuntamiento de Vallehermoso,Other,13,0
Alcaldia del Ayuntamiento de la Frontera,Other,13,0
Alcaldía del Ayuntamiento Barxeta,Other,13,0
Alcaldía del Ayuntamiento d'Algaida,Other,13,0
Alcaldía del Ayuntamiento de Algarrobo,Other,13,0
Alcaldía del Ayuntamiento de Almussafes,Other,13,0
Alcaldía del Ayuntamiento de Calatorao,Other,13,0
Alcaldía del Ayuntamiento de Campo de Criptana,Other,13,0
Alcaldía del Ayuntamiento de Castillo de Locubín,Other,13,0
Alcaldía del Ayuntamiento de Cehegín,Other,13,0
Alcaldía del Ayuntamiento de Cerceda,Other,13,0
Alcaldía del Ayuntamiento de Curtis,Other,13,0
Alcaldía del Ayuntamiento de Fasnia,Other,13,0
Alcaldía del Ayuntamiento de Frigiliana,Other,13,0
Alcaldía del Ayuntamiento de Guareña,Other,13,0
Alcaldía del Ayuntamiento de La Sotonera,Other,13,0
Alcaldía del Ayuntamiento de Madridejos,Other,13,0
Alcaldía del Ayuntamiento de Mengibar,Other,13,0
Alcaldía del Ayuntamiento de Mondéjar,Other,13,0
Alcaldía del Ayuntamiento de Oroso,Other,13,0
Alcaldía del Ayuntamiento de Requena,Other,13,0
Alcaldía del Ayuntamiento de Salamanca,Software & Development,13,9
Alcaldía del Ayuntamiento de Tordesillas,Other,13,0
Alcaldía del Ayuntamiento de Villa y Puerto de Tazacorte,Other,13,0
Alcaldía del Ayuntamiento de Villena,Other,13,0
Alcaldía del Ayuntamiento de Álora,Other,13,0
Alcaldía del Concello de Santa Comba,Other,13,0
"Apoderado Mancomunado de Aigües de Sagunt, S.A.",Other,13,0
Centro Nacional de Información Geográfica,Other,13,0
Comisión Delegada Consorcio para la Gestión de Residuos Sólidos en Asturias,Other,13,0
"Consejera Delegada de la Empresa Pública de Promoción del Turismo y la Artesanía de Castilla-La Mancha (ETURIA), S.A.",Other,13,0
Consejero Director de la Gerencia Municipal de Urbanismo del Ayuntamiento de Santa Cruz de Tenerife,Other,13,0
"Consejería Delegada de Getafe Iniciativas, S.A.",Other,13,0
"Consejería de Agricultura, Ganadería, Pesca y Desarrollo Sostenible. Dirección General de Infraestructuras del Agua.",Other,13,0
"Consejería de Economía, Empleo y Transformación Digital",Software & Development,13,20
"Consejería de Educación, Formación Profesional y Universidades del Gobierno de Cantabria",Other,13,0
"Consejería de Familias, Bienestar Social y Atención a la Dependencia de las Illes Balears",Other,13,0
Consejería de Hacienda de la Ciudad Autónoma de Melilla,Software & Development,13,9
Consejería de Salud y Consumo,Other,13,0
"Consejería de Sanidad, Servicios Sociales, Menores e Igualdad",Other,13,0
Consejo Rector del Instituto Municipal de Deportes del Ayuntamiento de Santander,Other,13,0
Consejo Rector del Instituto de Atención Social y Sociosanitaria del Cabildo Insular de Gran Canaria,Other,13,0
Consejo de Administración de Aguas de Torrelavega,Other,13,0
"Consejo de Administración de Corporaciones Industriales de Córdoba Agrupadas, S.A.",Other,13,0
Consejo de Administración de Enclave Joven SLU,Other,13,0
"Consejo de Administración de la Empresa Municipal de Aguas de Córdoba, S.A. (EMACSA)",Software & Development,13,5
Consejo de Administración de la Empresa Municipal de Serveis d'Alcudia SAU,Other,13,0
Consejo de Administración de la Empresa Municipal del Suelo y Vivienda del Puerto de Santa María S.A.,Other,13,0
Consejo de Gobierno Insular del Cabildo Insular de Tenerife,Infrastructure & Hardware,13,12
"Delegación Provincial de la Consejería de Agricultura, Ganadería y Desarrollo Rural en Guadalajara",Software & Development,13,13
Delegación Provincial de la Consejería de Sanidad en Guadalajara,Other,13,0
Delegada de la Empresa Provincial de Informática de Cádiz S.A. - EPICSA,Infrastructure & Hardware,13,4
Departamento de Salud de Castellón. Dirección Económica-Gerencia,Other,13,0
Dirección General de Emalcsa,Other,13,0
"Dirección General de Gestión Económica, Contratación e Infraestructuras de la Conselleria de Sanidad",Infrastructure & Hardware,13,6
"Dirección General de la Agencia Balear de Digitalización, Ciberseguridad y Telecomunicaciones",Cybersecurity,13,17
Dirección General de la Agencia Estatal de Administración Tributaria,Other,13,0
Dirección General de la Ciudad de las Artes y de las Ciencias S.A.,Infrastructure & Hardware,13,3
Dirección General de la Sociedad Pública de Radiodifusión y Televisión Extremeña S.A.U.,Software & Development,13,3
"Dirección General del Institut Valencià de Finances, IVF",Other,13,0
Dirección de Barcelona Supercomputing Center - Centro Nacional de Supercomputación (BSC-CNS),Infrastructure & Hardware,13,4
Dirección de la Fundación para la Internacionalización de las Administraciones Públicas,Infrastructure & Hardware,13,6
División Económica y Técnica (Cuerpo Nacional de Policía),Software & Development,13,13
"EJIE, S.A. - Sociedad Informática del Gobierno Vasco - EJIE-Sociedad Informática del Gobierno Vasco",Other,13,0
"ENUSA Industrias Avanzadas S.A., S.M.E.",Software & Development,13,5
Entidad Pública Aragonesa de Servicios Telemáticos,Infrastructure & Hardware,13,11
"Espacios Económicos empresariales, S.L (E.E.E)",Other,13,0
Fundación Comarcas Mineras para la Formación y Promoción del Empleo (FUCOMI),Other,13,0
Gerencia Regional de Salud de Castilla y León,Infrastructure & Hardware,13,7
"Gerencia de la Empresa Municipal de la Vivienda y Suelo de Melilla, S.A. (EMVISMESA)",Other,13,0
"Gerencia de la Empresa de Servicios y Gestión Medioambiental de Puente Genil, S.A.",Other,13,0
Gerencia de la Universidad de Alcalá,Software & Development,13,14
"Gerencia del Consejo de Administración de la Sociedad Mixta Aguas de León, S.L.",Other,13,0
Gerència de la Fundació Institut Socioeducatiu s'Estel,Other,13,0
Instituto Municipal de Deportes de Córdoba,Other,13,0
"Junta de Contratación del Ministerio de Inclusión, Seguridad Social y Migraciones",Other,13,0
Junta de Contratación del Ministerio de Sanidad,Software & Development,13,21
Junta de Gobierno Ayuntamiento de Benicàssim,Other,13,0
Junta de Gobierno Local del Ayuntamiento de Callosa d'en Sarrià,Other,13,0
Junta de Gobierno Local del Ayuntamiento de Hornachos,Other,13,0
Junta de Gobierno Local del Ayuntamiento de Onil,Other,13,0
Junta de Gobierno Local del Ayuntamiento de San Fernando de Henares,Other,13,0
Junta de Gobierno de Ayuntamiento de Calatayud,Other,13,0
Junta de Gobierno del Ayuntamiento de Alcalá de Henares,Software & Development,13,8
Junta de Gobierno del Ayuntamiento de Alfafar,Other,13,0
Junta de Gobierno del Ayuntamiento de Berja,Other,13,0
Junta de Gobierno del Ayuntamiento de Cangas,Other,13,0
Junta de Gobierno del Ayuntamiento de El Campello,Other,13,0
Junta de Gobierno del Ayuntamiento de Fuente Álamo de Murcia,Other,13,0
Junta de Gobierno del Ayuntamiento de Oviedo,Software & Development,13,10
Junta de Gobierno del Ayuntamiento de San Andrés del Rabanedo,Other,13,0
Junta de Gobierno del Ayuntamiento de Val do Dubra,Other,13,0
Junta de Gobierno del Ayuntamiento de Vigo,Software & Development,13,8
Junta de Gobierno del Ayuntamiento de Villacarrillo,Other,13,0
Organismo Autónomo Informática del Ayuntamiento de Madrid,Other,13,0
Presidencia de Málaga Deportes y Eventos S.A.M.,Other,13,0
"Presidencia de la Asociación para la Promoción Económica del Valle de Lecrín, El Temple y La Costa APROVALLE-TEMPLE-COSTA",Other,13,0
Presidencia de la Autoridad Portuaria de la Bahía de Algeciras,Infrastructure & Hardware,13,12
Presidencia de la Autoridad Portuaria de la Bahía de Algeciras,Software & Development,13,7
Presidencia de la Comarca de Sobrarbe,Other,13,0
Presidencia de la Comarca del Maestrazgo,Other,13,0
Presidencia de la Diputación Provincial de Guadalajara,Software & Development,13,4
Presidencia de la Fundación Canaria Orquesta Filarmónica de Gran Canaria,Other,13,0
Presidencia del Consejo Económico y Social,Other,13,0
Presidencia del Consejo de Estado,Other,13,0
"Presidencia del Consorcio para el Servicio de Prevención, Extinción de Incendios, Protección Civil y Salvamento de la Provincia de Guadalajara",Other,13,0
Presidencia del Instituto de Contabilidad y Auditoría de Cuentas,Other,13,0
Rectorado de la Universidad de Oviedo,Software & Development,13,5
Rectorado de la Universidad de les Illes Balears,Software & Development,13,9
Secretaria General de la Tesorería General de la Seguridad Social,Other,13,0
Secretaría General Técnica de Hacienda y Relaciones con la Unión Europea de la Comunidad Autónoma de Canarias,Other,13,0
Servicio Público de Empleo del Principado de Asturias,Other,13,0
Subdirección General de Medios de ASEPEYO. Mutua Colaboradora con la Seguridad Social. num. 151,Software & Development,13,10
TGSS-Dirección provincial de Barcelona,Other,13,0
TGSS-Dirección provincial de Madrid,Other,13,0
"Transports de Barcelona, SA",Other,13,0
Viviendas Municipales de Córdoba SA,Other,13,0
"Administrador Único de Televisión Autonómica de Castilla-La Mancha, S.A.",Other,12,0
Aena. Dirección del Aeropuerto de Albacete,Other,12,0
Alcaldia de Ayuntamiento de Castro del Río,Other,12,0
Alcaldia del Ayuntamiento de Alcuéscar,Other,12,0
Alcaldia del Ayuntamiento de Peal de Becerro,Other,12,0
Alcaldia del Ayuntamiento de Rafal,Other,12,0
Alcaldia del Ayuntamiento de Vimianzo,Other,12,0
Alcaldía de Ayuntamiento de Adamuz,Other,12,0
Alcaldía de Ayuntamiento de Añora,Other,12,0
Alcaldía de Ayuntamiento de Iznájar,Other,12,0
Alcaldía del Ayuntamiento de Alberic,Other,12,0
Alcaldía del Ayuntamiento de Allande (Principado de Asturias),Other,12,0
Alcaldía del Ayuntamiento de Almedinilla,Other,12,0
Alcaldía del Ayuntamiento de Arroyomolinos,Other,12,0
Alcaldía del Ayuntamiento de Barreiros,Other,12,0
Alcaldía del Ayuntamiento de Bonrepòs i Mirambell,Other,12,0
Alcaldía del Ayuntamiento de Campillos,Other,12,0
Alcaldía del Ayuntamiento de Casariche,Other,12,0
Alcaldía del Ayuntamiento de El Pedroso,Other,12,0
Alcaldía del Ayuntamiento de El Rosario,Other,12,0
Alcaldía del Ayuntamiento de Es Mercadal,Other,12,0
Alcaldía del Ayuntamiento de Guadalajara,Software & Development,12,9
Alcaldía del Ayuntamiento de Lantejuela,Other,12,0
Alcaldía del Ayuntamiento de Mequinenza,Other,12,0
Alcaldía del Ayuntamiento de Morella,Other,12,0
Alcaldía del Ayuntamiento de O Pereiro de Aguiar,Other,12,0
Alcaldía del Ayuntamiento de Pedrera,Other,12,0
Alcaldía del Ayuntamiento de Piles,Other,12,0
Alcaldía del Ayuntamiento de Ricote,Other,12,0
Alcaldía del Ayuntamiento de Rute,Other,12,0
Alcaldía del Ayuntamiento de Santa Margalida,Other,12,0
Alcaldía del Ayuntamiento de Sasamón,Other,12,0
Alcaldía del Ayuntamiento de Toques,Other,12,0
Alcaldía del Ayuntamiento de Tuineje,Other,12,0
Alcaldía del Ayuntamiento de Villanueva de Gallego,Other,12,0
Alcaldía del Ayuntamiento de Villanueva de los Castillejos,Other,12,0
Alcaldía del Ayuntamiento de Yebes,Other,12,0
Alcaldía del Concello de Baña,Other,12,0
Alcaldía del Concello de Tomiño,Other,12,0
Comisión Ejecutiva del Consorcio de la Ciudad de Toledo,Other,12,0
Comité Ejecutivo de la Mancomunidad de los Canales del Taibilla,Software & Development,12,13
Comité de Contratación del Instituto de Crédito Oficial (ICO),Software & Development,12,12
"Concejalía Delegada de la Presidencia de la Junta Municipal del Distrito nº 1, Centro del Ayuntamiento de Málaga",Other,12,0
"Concejalía Delegada de la Presidencia de la Junta Municipal del Distrito nº 8, Churriana del Ayuntamiento de Málaga",Other,12,0
Consejería Delegada de la Empresa Metropolitana de Abastecimiento y Saneamiento de Aguas de Sevilla S.A. (EMASESA),Software & Development,12,7
"Consejería de Agricultura, Pesca y Medio Natural de las Illes Balears",Other,12,0
"Consejería de Economía, Hacienda e Innovación de las Illes Balears",Other,12,0
"Consejería de Economía, Hacienda, Fondos Europeos y Transformación Digital de la Región de Murcia",Software & Development,12,12
"Consejería de Ordenación del Territorio, Urbanismo, Vivienda y Derechos Ciudadanos del Principado de Asturias",Other,12,0
Consejo Rector del Consorcio Teatro López de Ayala,Other,12,0
Consejo Rector del Instituto Municipal de Gestión Medioambiental Jardín Botánico de Córdoba (INGEMA),Other,12,0
Consejo de Administración de Zaragoza Deporte Municipal S.A.U.(Medio Propio),Other,12,0
"Consejo de Administración de la Empresa Mancomunada del Aljarafe, S.A. (ALJARAFESA)",Other,12,0
Consejo de Administración de la Empresa Municipal de Aguas de Gijón SA,Infrastructure & Hardware,12,10
"Consejo de Administración del Instituto Municipal de Suelo Móstoles, S.A.",Other,12,0
Consell d'Administració de Bellver S.A.,Other,12,0
Consorcio Escuela de Hostelería de las Illes Balears,Other,12,0
"Consorcio Universitario del Centro Asociado a la UNED en Barbastro Ramón J Sender, M.P.",Other,12,0
Consorcio del Aeropuerto de Teruel,Other,12,0
"Delegación de Economía, Hacienda y Urbanismo de Sanlúcar de Barrameda",Other,12,0
Departamentos del Consell Insular de Mallorca,Software & Development,12,10
Dirección Adjunta de Medios Personales y Materiales de la Abogacía General del Estado,Other,12,0
Dirección General de Tecnologías de la Información y las Comunicaciones,Software & Development,12,9
Dirección General de Transportes y Movilidad de la Junta de Comunidades de Castilla-La Mancha,Other,12,0
Dirección General de la Entidad Valenciana de Vivienda y Suelo (EVHA),Other,12,0
"Dirección General de la Sociedad de Gestión Pública de Extremadura, S.A.U.",Other,12,0
Dirección Gerencia de la Fundación de los Ferrocarriles Españoles (FFE),Other,12,0
Dirección Gerencia de la Mutua de Andalucía y Ceuta,Software & Development,12,2
"Entidad pública empresarial Red.es, M.P.",Software & Development,12,15
Gerencia Territorial de Servicios Sociales de Zamora,Other,12,0
"Gerencia de la Empresa Municipal de Gestión de Medios de Comunicación de Málaga, S.A.",Other,12,0
Gerencia de la Universidad de Castilla-La Mancha,Software & Development,12,5
Gerencia del Consorcio Maspalomas Gran Canaria,Other,12,0
Gestión de Proyectos y Estudios Turísticos en Canarias S.A.U. MP,Other,12,0
Gobierno de La Rioja,Software & Development,12,20
Instituto Balear de la Juventud,Other,12,0
Instituto Social de la Marina -Dirección Provincial de Ceuta,Other,12,0
Instituto de Fomento de la Región de Murcia (INFO),Other,12,0
Junta de Gobierno Local del Ayuntamiento de Artenara,Other,12,0
Junta de Gobierno Local del Ayuntamiento de Calzada de Calatrava,Other,12,0
Junta de Gobierno Local del Ayuntamiento de Colmenar del Arroyo,Other,12,0
Junta de Gobierno Local del Ayuntamiento de Conil de la Frontera,Other,12,0
Junta de Gobierno Local del Ayuntamiento de Gines,Other,12,0
Junta de Gobierno Local del Ayuntamiento de Laredo,Other,12,0
Junta de Gobierno Local del Ayuntamiento de Valleseco,Other,12,0
Junta de Gobierno Local del Concello de Caldas de Reis,Other,12,0
Junta de Gobierno Local del Concello de Pontecesures,Other,12,0
Junta de Gobierno de la Diputación Provincial de Valladolid,Other,12,0
Junta de Gobierno del Ayuntamiento de Abegondo,Other,12,0
Junta de Gobierno del Ayuntamiento de Carboneras,Other,12,0
Junta de Gobierno del Ayuntamiento de Cuarte de Huerva,Other,12,0
Junta de Gobierno del Ayuntamiento de El Espinar,Other,12,0
Junta de Gobierno del Ayuntamiento de Molina de Segura,Infrastructure & Hardware,12,8
Junta de Gobierno del Ayuntamiento de Molina de Segura,Software & Development,12,10
Junta de Gobierno del Ayuntamiento de San Vicente de la Barquera,Other,12,0
Junta de Gobierno del Ayuntamiento de Touro,Other,12,0
Junta de Gobierno del Ayuntamiento de Tudela de Duero,Other,12,0
Junta de Gobierno del Ayuntamiento de Valdés,Other,12,0
Junta de Gobierno del Ayuntamiento de Zamora,Other,12,0
Junta de Gobierno del Patronato Municipal de Deportes de Palencia,Other,12,0
Junta de Gobierno local del Ayuntamiento de Camarma de Esteruelas,Other,12,0
Mesa del Congreso de los Diputados,Other,12,0
Ministerio de Vivienda y Agenda Urbana,Other,12,0
"Oficina Española de Patentes y Marcas, O.A.",Other,12,0
Organismo Autónomo Establecimientos Residenciales para Ancianos de Asturias,Other,12,0
"Paradores de Turismo de España, S.M.E., S.A.",Software & Development,12,11
Patronato de la Fundación para la promoción de los valores y la identidad de Castilla y León,Other,12,0
Presidencia de la Agencia de Estrategia Turística de las Islas Baleares (AETIB),Other,12,0
Presidencia de la Asociación Grupo de Acción Local de la Sierra del Segura,Other,12,0
Presidencia de la Comarca de Sierra de Albarracín,Other,12,0
Presidencia de la Diputación Provincial de Granada,Software & Development,12,19
Presidencia de la Diputación Provincial de Toledo,Infrastructure & Hardware,12,8
Presidencia de la Fundación Deportiva Municipal de València,Other,12,0
Presidencia de la Gerencia de Infraestructuras y Equipamientos de Cultura O.A,Other,12,0
Presidencia de la Mancomunidad del Interior Tierra del Vino,Other,12,0
Presidencia de la Sociedad de Salvamento y Seguridad Marítima,Other,12,0
Presidencia del Consorcio Provincial de Prevención y Extinción de Incendios de Córdoba (CPPEI,Other,12,0
Presidencia del Patronato de la Fundación Impulsa Castilla-La Mancha,Other,12,0
Rectorado de la Universidad Jaume I,Infrastructure & Hardware,12,8
Rectorado de la Universidad de Alicante,Software & Development,12,6
Rectorado de la Universidad de Jaén,Infrastructure & Hardware,12,6
Secretaría General de la Comisión Nacional de los Mercados y la Competencia,Other,12,0
Secretaría General de la Fundación Internacional y para Iberoamérica de Administración Políticas Públicas,Other,12,0
Servicio Andaluz de Salud. Central Provincial de Compras de Almería,Other,12,0
Servicio Canario de Empleo,Other,12,0
Servicio Territorial en Cáceres,Other,12,0
Subdirección General de Oficialía Mayor,Other,12,0
Subdirección General de Planificacion y Gestion de Infraestructuras y Medios para la Seguridad,Software & Development,12,9
Vicepresidencia Ejecutiva de la Fundació General de la Universitat de València,Other,12,0
"Vicepresidencia Primera y Conselleria de Vivienda, Empleo, Juventud e Igualdad",Other,12,0
Vicepresidencia de la Agencia Provincial de Extinción de Incendios de Granada,Other,12,0
ALCALDÍA AYUNTAMIENTO DE VÉLEZ-RUBIO,Other,11,0
Aena. Dirección del Aeropuerto de Salamanca,Other,11,0
Agencia Estatal de Investigación,Other,11,0
Agencia Tributaria Valenciana (ATV),Other,11,0
Agencia para la Administración Digital de la CM,Cloud,11,14
Alcalde del Ayuntamiento de Alfajarin,Other,11,0
Alcalde del Ayuntamiento de Épila,Other,11,0
Alcaldia del Ayuntamiento de Azuaga,Other,11,0
Alcaldia del Ayuntamiento de Conil de la Frontera,Other,11,0
Alcaldia del Ayuntamiento de Olías del Rey,Other,11,0
Alcaldia del Ayuntamiento de San Lorenzo de la Parrilla,Other,11,0
Alcaldia del Ayuntamiento de Suances,Other,11,0
Alcaldia del Ayuntamiento del Ayuntamiento de Olivares,Other,11,0
Alcaldía de Ayuntamiento de Luque,Other,11,0
Alcaldía del Ajuntament de Calp,Software & Development,11,10
Alcaldía del Ajuntament de Campos,Other,11,0
Alcaldía del Ayuntamiento de Agudo,Other,11,0
Alcaldía del Ayuntamiento de Albaida del Aljarafe,Other,11,0
Alcaldía del Ayuntamiento de Alcorisa,Other,11,0
Alcaldía del Ayuntamiento de Alhama de Granada,Other,11,0
Alcaldía del Ayuntamiento de Almudévar,Other,11,0
Alcaldía del Ayuntamiento de Badajoz,Software & Development,11,9
Alcaldía del Ayuntamiento de Bargas,Other,11,0
Alcaldía del Ayuntamiento de Barlovento,Other,11,0
Alcaldía del Ayuntamiento de Betancuria,Other,11,0
Alcaldía del Ayuntamiento de Biescas,Other,11,0
Alcaldía del Ayuntamiento de Boimorto,Other,11,0
Alcaldía del Ayuntamiento de Castropol,Other,11,0
Alcaldía del Ayuntamiento de Cistierna,Other,11,0
Alcaldía del Ayuntamiento de El Campello,Infrastructure & Hardware,11,3
Alcaldía del Ayuntamiento de El Verger,Other,11,0
Alcaldía del Ayuntamiento de Grandas de Salime,Other,11,0
Alcaldía del Ayuntamiento de Guijuelo,Other,11,0
Alcaldía del Ayuntamiento de Huesa,Other,11,0
Alcaldía del Ayuntamiento de Jalance,Other,11,0
Alcaldía del Ayuntamiento de L'Alcùdia,Other,11,0
Alcaldía del Ayuntamiento de Librilla,Other,11,0
Alcaldía del Ayuntamiento de Lloseta,Other,11,0
Alcaldía del Ayuntamiento de Magán,Other,11,0
Alcaldía del Ayuntamiento de Medellín,Other,11,0
Alcaldía del Ayuntamiento de Miguel Esteban,Other,11,0
Alcaldía del Ayuntamiento de Mocejón,Other,11,0
Alcaldía del Ayuntamiento de Mora de Rubielos,Other,11,0
Alcaldía del Ayuntamiento de Ojén,Other,11,0
Alcaldía del Ayuntamiento de Prado del Rey,Other,11,0
Alcaldía del Ayuntamiento de Reocín (Cantabria),Other,11,0
Alcaldía del Ayuntamiento de Vallada,Other,11,0
Alcaldía del Ayuntamiento de Valverde del Majano,Other,11,0
Alcaldía del Ayuntamiento de Vejer de la Frontera,Other,11,0
Alcaldía del Ayuntamiento de Vilaflor de Chasna,Other,11,0
Alcaldía del Ayuntamiento de Villablino,Other,11,0
Alcaldía del Ayuntamiento de Zaratán,Other,11,0
Comisión Ejecutiva de la Fundación Parque Científico de Madrid,Other,11,0
"Comisión ejecutiva del Consejo de Administración de la Empresa Municipal de Transportes de Fuenlabrada, S.A.",Other,11,0
Concejal Teniente de Alcalde de Obras e Infraestructuras,Other,11,0
"Concejal de Área de Hacienda, Contratación Pública, Patrimonio y Gestión del Personal del Ayuntamiento de Puerto de la Cruz",Other,11,0
Concejala Delegada de Sostenibilidad Medioambiental del Excmo. Ayuntamiento de Málaga,Other,11,0
Concejalía Delegada del Área de Educación y Cultura del Ayuntamiento de Valladolid,Other,11,0
Concejalía Delegada del Área de Servicios Sociales del Ayuntamiento de Valladolid,Other,11,0
"Consejería Delegada del Instituto Tecnológico y de Energías Renovables, S.A.",Other,11,0
"Consejería Insular de Turismo, Acción Exterior y Relaciones Institucionales del Cabildo Insular de Tenerife",Other,11,0
"Consejería de Economía, Hacienda, Portavocía, Fondos Europeos y Transformación Digital de la Región de Murcia",Other,11,0
Consejería de Familia e Igualdad de Oportunidades de la Junta de Castilla y León,Other,11,0
"Consejería de Medio Ambiente, Vivienda y Ordenación del Territorio de la Junta de Castilla y León",Infrastructure & Hardware,11,9
"Consejería de Presidencia, Reto Demográfico, Igualdad y Turismo del Principado de Asturias",Infrastructure & Hardware,11,7
Consejería de Salud de las Illes Balears,Other,11,0
Consejo Rector del Consorcio Gran Teatro de Cáceres,Other,11,0
Consejo Rector del Instituto Municipal del Deporte del Ayuntamiento de Palma,Other,11,0
"Consejo Rector del Instituto de Fomento, Empleo y Formación de la Ciudad de Cádiz - Ayuntamiento de Cádiz",Other,11,0
"Consejo de Administración de EMAYA, Empresa Municipal d'Aigües i Clavegueram, S.A.",Infrastructure & Hardware,11,10
"Consejo de Administración de Empresa Nacional de Innovación S.M.E., S.A. (ENISA)",Other,11,0
"Consejo de Administración de Promoción y Gestión de Viviendas de Cádiz, S.A",Other,11,0
"Consejo de Administración de Turismo de Sanxenxo, S.L.",Other,11,0
Consejo de Administración de la Empresa Municipal de Turismo de Santander M.P. S.A.,Other,11,0
"Consejo de Administración de la Empresa Municipal de la Vivienda de Rivas Vaciamadrid, S.A.",Other,11,0
Consejo de Administración del Parque Científico y Tecnológico de Tenerife S.A.,Other,11,0
Consejo de Administración-Comité de Inversiones de la Sociedad Estatal Correos y Telégrafos S.A,Infrastructure & Hardware,11,8
Consejo de Gobierno Insular del Cabildo Insular de Lanzarote,Other,11,0
Consejo de Seguridad Nuclear,Other,11,0
Consorcio Regional de Transportes de Madrid,Other,11,0
Delegación Especial de la Agencia Tributaria en Extremadura,Other,11,0
"Delegación Provincial de la Consejería de Agricultura, Ganadería y Desarrollo Rural en Ciudad Real",Software & Development,11,11
Delegación del Área de Fomento del Empleo,Other,11,0
Dirección General de Mercados Centrales de Abastecimiento de Málaga S.M.E.S.A.,Other,11,0
Dirección General de Racionalización y Centralización de la Contratación-Junta de Contratación Centralizada,Data & Analytics,11,24
Dirección General de Tecnologías de la Información y las Comunicaciones,Infrastructure & Hardware,11,5
Dirección General de Tecnologías de la Información y las Comunicaciones,Other,11,0
Dirección General de Telecomunicaciones y Digitalización,Software & Development,11,17
Dirección General de la Ciudad de las Artes y de las Ciencias S.A.,Software & Development,11,9
"Dirección General de la Societat Valenciana FIRA Alacant, S.A.",Other,11,0
Dirección General del Aeropuerto de Castellón,Other,11,0
"Dirección Gerencia y Presidencia mancomunados de Promoción Empresarial y Turística de Gijón, S.A.",Other,11,0
Dirección del Instituto Valenciano de Investigaciones Agrarias (IVIA),Other,11,0
Dirección del Instituto de Astrofísica de Canarias,Other,11,0
Dirección del Museo Nacional Centro de Arte Reina Sofía,Software & Development,11,9
Dirección y Gerencia de la Fundación IMDEA Alimentación,Other,11,0
"EMPRESA PUBLICA DE SERVIZOS AGRARIOS GALEGOS, S.A.",Other,11,0
Ente Regional de la Energía de Castilla y León,Other,11,0
Fundación Balear de Innovación y Tecnología,Other,11,0
Fundación Colección Thyssen Bornemisza,Software & Development,11,9
Fundación del Patrimonio Natural de Castilla y León,Software & Development,11,13
Fundación para la Formación e Investigación Sanitarias de la Región de Murcia (FFIS),Other,11,0
"Gerencia de Guaguas Municipales, S.A.",Other,11,0
"Gerencia de la Empresa Municipal de la Vivienda, Suelo y Equipamiento de Sevilla S.A. (EMVISESA)",Other,11,0
"Gerencia de la Fundación Tutelar Canaria para la Acción Social, M.P. (FuCAS)",Other,11,0
Gerencia de la Sociedad Provincial de Informática de Sevilla S.A.U.,Other,11,0
Gerencia del Area de Atención Integrada de Manzanares,Other,11,0
Gerencia del Consejo de Administración de la Empresa Municipal de Aguas de Cádiz S.A.,Other,11,0
"Gerencia umivale Activa, Mutua Colaboradora con la Seguridad Social número 3",Infrastructure & Hardware,11,8
IMAS - Gerència,Other,11,0
INSS-Dirección provincial de Castellón,Other,11,0
JUnta de Gobierno de la Mancomunidad de Servicios del Suroeste de Madrid,Other,11,0
Jefatura de Asuntos Económicos del Mando de Apoyo Logístico,Software & Development,11,10
Junta de Contratación del Ministerio para la Transformación Digital y de la Función Pública,Other,11,0
Junta de Contratación del Ministerio para la Transición Ecológica y el Reto Demográfico,Other,11,0
Junta de Gobierno Local del Ayuntamiento de Calahorra,Software & Development,11,12
Junta de Gobierno Local del Ayuntamiento de La Robla,Other,11,0
Junta de Gobierno Local del Ayuntamiento de Serranillos del Valle,Other,11,0
Junta de Gobierno Local del Ayuntamiento de Seseña,Other,11,0
Junta de Gobierno Local del Ayuntamiento de Valencia de Don Juan,Other,11,0
Junta de Gobierno Local del Ayuntamiento de Vall d'Alba,Other,11,0
Junta de Gobierno del Ayuntamiento Sant Joan D Alacant,Software & Development,11,16
Junta de Gobierno del Ayuntamiento de Alcalá la Real,Other,11,0
Junta de Gobierno del Ayuntamiento de Benavente,Other,11,0
Junta de Gobierno del Ayuntamiento de Bueu,Other,11,0
Junta de Gobierno del Ayuntamiento de Carbonero el Mayor,Other,11,0
Junta de Gobierno del Ayuntamiento de Córdoba,Software & Development,11,9
Junta de Gobierno del Ayuntamiento de El Boalo,Other,11,0
Junta de Gobierno del Ayuntamiento de Jaraiz de la Vera,Other,11,0
Junta de Gobierno del Ayuntamiento de Logroño,Infrastructure & Hardware,11,7
Junta de Gobierno del Ayuntamiento de Rivas Vaciamadrid,Software & Development,11,7
Junta de Gobierno del Ayuntamiento de San Cristóbal de La Laguna,Other,11,0
Junta de Gobierno del Ayuntamiento de San Lorenzo de El Escorial,Other,11,0
Junta de Gobierno del Ayuntamiento de Santander,Software & Development,11,6
Junta de Gobierno del Ayuntamiento de Torreblanca,Other,11,0
Pleno de la Diputación Provincial de Castellón,Other,11,0
Presidencia de Gorona del Viento El Hierro S.A.,Other,11,0
Presidencia de Más Cerca S.A.M.,Other,11,0
Presidencia de la Autoridad Portuaria de Valencia,Infrastructure & Hardware,11,6
Presidencia de la Comarca Central,Other,11,0
Presidencia de la Comarca del Bajo Cinca,Other,11,0
Presidencia de la Diputación Provincial de Ourense,Infrastructure & Hardware,11,11
Presidencia de la Diputación Provincial de Palencia,Infrastructure & Hardware,11,7
Presidencia de la Entidad Local Autónoma de Carchuna-Calahonda,Other,11,0
Presidencia de la Entidad Metropolitana para el Tratamiento de Residuos,Other,11,0
Presidencia de la Fundación Municipal de Cultura de Avilés,Other,11,0
Presidencia de la Mancomunitat Pla de Mallorca,Other,11,0
Presidencia del Consorcio Circuito de Velocidad de Albacete,Other,11,0
Presidencia del Consorcio Provincial de Lugo para la prestación del Servicio contra Incendios y Salvamento,Other,11,0
Presidencia del Consorcio de Emergencias de Gran Canaria,Other,11,0
Presidencia del Instituto Provincial de Desarrollo Economico,Software & Development,11,12
"Presidencia y Dirección de Administración y Finanzas de la de la Sociedad Mercantil Estatal para la Gestión de la Innovación y las Tecnologías Turísticas, S.A.M.P. (SEGITTUR)",Other,11,0
Rectorado de la Universidad de Zaragoza,Infrastructure & Hardware,11,3
Secretaría de Estado de Igualdad y para la Erradicación de la Violencia contra las Mujeres,Other,11,0
Secretaría de la Fundación Calvià 365,Other,11,0
Servicio Gallego de Salud,Other,11,0
Servicio de Emergencias Sanitarias de la Comunitat Valenciana. Dirección Económica-Gerencia,Other,11,0
Sociedad Mercantil Estatal de Acción Cultural S.A.,Other,11,0
"Valenciana d'Estrategies i Recursos per a la Sostenibilitat Ambiental, Sociedad Anónima",Infrastructure & Hardware,11,4
Vicepresidencia del Instituto Municipal de Deportes del Ayuntamiento de Sevilla,Other,11,0
ADMINISTRADOR DE INFRAESTRUCTURAS FERROVIARIAS,Infrastructure & Hardware,10,10
Agencia Gallega de Infraestructuras,Other,10,0
Alcaldia del Ayuntamiento Llerena,Other,10,0
Alcaldia del Ayuntamiento de A Guarda,Other,10,0
Alcaldia del Ayuntamiento de Alovera,Other,10,0
Alcaldia del Ayuntamiento de LA Puebla del Río,Other,10,0
Alcaldia del Ayuntamiento de Mérida,Software & Development,10,7
Alcaldia del Ayuntamiento de Umbrete,Other,10,0
Alcaldia del Ayuntamiento de Zafarraya,Other,10,0
Alcaldia del Concello de Coristanco,Other,10,0
Alcaldía Ayuntamiento de Tielmes,Other,10,0
Alcaldía de Ayuntamiento de Montalban de Cordoba,Other,10,0
Alcaldía del Ajuntament de Calp,Infrastructure & Hardware,10,6
Alcaldía del Ayuntamiento de Almonaster La Real,Other,10,0
Alcaldía del Ayuntamiento de Ampuero,Other,10,0
Alcaldía del Ayuntamiento de Aznalcázar,Other,10,0
Alcaldía del Ayuntamiento de Bembibre,Other,10,0
Alcaldía del Ayuntamiento de Benejúzar,Other,10,0
Alcaldía del Ayuntamiento de Blanca,Other,10,0
Alcaldía del Ayuntamiento de Bolaños de Calatrava,Other,10,0
Alcaldía del Ayuntamiento de Brión,Other,10,0
Alcaldía del Ayuntamiento de Bullas,Other,10,0
Alcaldía del Ayuntamiento de Burela,Other,10,0
Alcaldía del Ayuntamiento de Cercedilla,Other,10,0
Alcaldía del Ayuntamiento de Chinchón,Other,10,0
Alcaldía del Ayuntamiento de Consuegra,Other,10,0
Alcaldía del Ayuntamiento de Cortes de Pallás,Other,10,0
Alcaldía del Ayuntamiento de Cullar Vega,Other,10,0
Alcaldía del Ayuntamiento de Dodro,Other,10,0
Alcaldía del Ayuntamiento de Grazalema,Other,10,0
Alcaldía del Ayuntamiento de La Bañeza,Other,10,0
Alcaldía del Ayuntamiento de Lozoyuela-Navas-Sieteiglesias,Other,10,0
Alcaldía del Ayuntamiento de Mairena del Alcor,Other,10,0
Alcaldía del Ayuntamiento de Mesía,Other,10,0
Alcaldía del Ayuntamiento de Mosqueruela,Other,10,0
Alcaldía del Ayuntamiento de Navacerrada,Other,10,0
Alcaldía del Ayuntamiento de Navalvillar de Pela,Other,10,0
Alcaldía del Ayuntamiento de Piloña,Other,10,0
Alcaldía del Ayuntamiento de Polinyà de Xúquer,Other,10,0
Alcaldía del Ayuntamiento de Ribamontán al Mar,Other,10,0
Alcaldía del Ayuntamiento de San Cibrao das Viñas,Other,10,0
Alcaldía del Ayuntamiento de Santa Cruz de Mudela,Other,10,0
Alcaldía del Ayuntamiento de Santovenia de la Valdoncina,Other,10,0
Alcaldía del Ayuntamiento de Segovia,Software & Development,10,5
Alcaldía del Ayuntamiento de Soria,Other,10,0
Alcaldía del Ayuntamiento de Tauste,Other,10,0
Alcaldía del Ayuntamiento de Terradillos,Other,10,0
Alcaldía del Ayuntamiento de Vilches,Other,10,0
Alcaldía del Ayuntamiento de Villanueva del Rosario,Other,10,0
Alcaldía del Ayuntamiento de Vinuesa,Other,10,0
Alcaldía del Ayuntamiento de Yátova,Other,10,0
Alcaldía del Ayuntamiento de Zafra,Other,10,0
Alcaldía del Ayuntamiento de Zalla,Other,10,0
Alcaldía del Ayuntamiento del Real Sitio de San Ildefonso,Other,10,0
Alcaldía del Concello de A Pobra do Caramiñal,Other,10,0
Alcaldía del Concello de Dumbría,Other,10,0
CONSORCI HOSPITAL CLÍNIC DE BARCELONA (HCB),Software & Development,10,14
Central de Contratación de la Administración de la Comunidad Autónoma de las Illes Balears,Other,10,0
Centre de Telecomunicacions i Tecnologies de la Informació de la Generalitat de Catalunya,Other,10,0
Comisión Ejecutiva de la Fundación Helga de Alvear,Other,10,0
Compras de la Corporación de Radio y Televisión Española S.A.,Infrastructure & Hardware,10,4
Compras de la Corporación de Radio y Televisión Española S.A.,Software & Development,10,5
Concejal de Contratación del Ayuntamiento de Pinto,Software & Development,10,4
"Concejalía Delegada de la Presidencia de la Junta Municipal del Distrito nº 2, Este del Ayuntamiento de Málaga",Other,10,0
Concejalía Delegada del Área de Tráfico y Movilidad del Ayuntamiento de Valladolid,Other,10,0
"Consejería Delegada de la Empresa Municipal Almería Turística, S.A.U. (EMAT)",Other,10,0
Consejería con delegación en Carreteras del Cabildo Insular de Tenerife,Other,10,0
"Consejería de Agricultura,Ganadería,Pesca y Desarrollo Sostenible. Dirección General de Infraestructuras del Agua.",Other,10,0
Consejería de Hacienda de la Ciudad Autónoma de Melilla,Infrastructure & Hardware,10,6
"Consejería de Industria, Comercio y Empleo de la Junta de Castilla y León",Other,10,0
Consejería de Movilidad y Transformación Digital,Infrastructure & Hardware,10,5
Consejería de Participación Ciudadana y Régimen Interior del Ayuntamiento de Zaragoza,Other,10,0
Consejería de Salud y Servicios Sociales,Other,10,0
Consejo General del Poder Judicial,Other,10,0
Consejo Rector del Consorcio de la Escuela de Artes y Oficios Artísticos Adelardo Covarsi,Other,10,0
Consejo Rector del Organismo Autónomo de Cultura del Excmo. Ayuntamiento de Santa Cruz de Tenerife,Other,10,0
"Consejo de Administración de Empresa Municipal de Suelo de Leganés (EMSULE, S.A.U.)",Other,10,0
"Consejo de Administración de Turismo, Comercio y Promoción Económica de Salamanca, S.A.U.",Other,10,0
"Consejo de Administración de la Empresa Municipal de Aguas de Córdoba, S.A. (EMACSA)",Infrastructure & Hardware,10,6
Consejo de Administración de la Empresa Provincial de Aguas de Córdoba S.A.,Other,10,0
"Consejo de Administración de la Empresa de Servicios y Gestión Medioambiental de Puente Genil, S.A.",Other,10,0
Consorcio de Turismo sostenible de la Costa Occidental de Huelva,Other,10,0
Delegación Especial de la Agencia Estatal de Administración Tributaria en Castilla La Mancha,Other,10,0
Delegación Especial de la Agencia Tributaria en Canarias,Other,10,0
Delegación Especial de la Agencia Tributaria en Castilla y León,Other,10,0
Dirección General de Comercio Internacional e Inversiones,Other,10,0
Dirección General de Extremadura Avante S.L.U.,Other,10,0
"Dirección General de Línea Figueras Perpignan, S.A.",Other,10,0
Dirección General de la Casa Árabe,Other,10,0
"Dirección General de la Corporación Audiovisual de la Comunitat Valenciana, S.A.",Infrastructure & Hardware,10,1
Dirección General de la Sociedad Anónima de Electrónica Submarina (SAES),Other,10,0
Dirección General del INTA,Software & Development,10,7
"Dirección General del Instituto Nacional de Ciberseguridad de España, S.A. (INCIBE)",Software & Development,10,12
Dirección Gerencia de la Empresa Municipal de Iniciativas y Actividades Empresariales de Málaga S.A.,Other,10,0
Dirección de la Fundación para la Internacionalización de las Administraciones Públicas,Cybersecurity,10,14
"Dirección del Institut Valencià de Conservació, Restauració I Investigació (IVCR+I)",Other,10,0
Dirección del Instituto de la Mujer de Castilla-La Mancha,Other,10,0
Distrito de Chamartín,Other,10,0
"Empresa Municipal de Servicios Funerarios y Cementerios de Madrid, S.A.",Software & Development,10,9
"Empresa Provincial de Informática, S.A.",Other,10,0
Fundación Melilla Ciudad Monumental,Other,10,0
Generalitat de Catalunya - Departament de Justícia i Qualitat Democràtica,Other,10,0
Gerencia de Aigües de l'Horta S.A.,Other,10,0
"Gerencia de la Empresa Municipal de la Vivienda de Jerez, S.A.",Other,10,0
Gerencia de la Empresa Municipal del Suelo y Vivienda de Boadilla del Monte MP SA,Other,10,0
Gerencia de la Entidad Municipal de Servicios de La Vall d'Uixó S.L.U.,Other,10,0
Gerencia del Centro Nacional de Dosimetría del Instituto Nacional de Gestión Sanitaria,Other,10,0
Gerencia del Área Sanitaria V - Gijón del Servicio de Salud del Principado de Asturias,Other,10,0
Institut d'Estudis Baleàrics,Other,10,0
Instituto Canario de Calidad Agroalimentaria - ICCA,Other,10,0
Instituto Nacional de Administración Pública (INAP),Other,10,0
Instituto de Estudios Gienenses,Other,10,0
"Junta de Compras de Informa DB, S.A.",Software & Development,10,2
Junta de Contratación del Ministerio de Defensa,Other,10,0
"Junta de Contratación del Ministerio de Economía, Comercio y Empresa",Other,10,0
Junta de Contratación del Ministerio de Trabajo y Economía Social,Other,10,0
Junta de Gobierno Local de l'Ajuntament de Pedreguer,Other,10,0
Junta de Gobierno Local del Ayuntamiento de Alaró,Other,10,0
Junta de Gobierno Local del Ayuntamiento de Arbo,Other,10,0
Junta de Gobierno Local del Ayuntamiento de Argamasilla de Alba,Other,10,0
Junta de Gobierno Local del Ayuntamiento de Caniles,Other,10,0
Junta de Gobierno Local del Ayuntamiento de Marmolejo,Other,10,0
Junta de Gobierno Local del Ayuntamiento de Medinaceli,Other,10,0
Junta de Gobierno Local del Ayuntamiento de Moaña,Other,10,0
Junta de Gobierno Local del Ayuntamiento de Sada,Other,10,0
Junta de Gobierno Local del Ayuntamiento de San Sadurniño,Other,10,0
Junta de Gobierno Local del Ayuntamiento de Villarcayo de Merindad de Castilla la Vieja,Other,10,0
Junta de Gobierno Local del Concello de Guitiriz,Other,10,0
Junta de Gobierno de la Mancomunidad de Aguas del Sorbe,Other,10,0
Junta de Gobierno del Ayuntamiento de Arona,Other,10,0
Junta de Gobierno del Ayuntamiento de Benaguasil,Other,10,0
Junta de Gobierno del Ayuntamiento de Bujalance,Other,10,0
Junta de Gobierno del Ayuntamiento de Els Poblets,Other,10,0
Junta de Gobierno del Ayuntamiento de Guadarrama,Other,10,0
Junta de Gobierno del Ayuntamiento de Huesca,Other,10,0
Junta de Gobierno del Ayuntamiento de L'Alfàs del Pi,Software & Development,10,7
Junta de Gobierno del Ayuntamiento de La Oliva,Other,10,0
Junta de Gobierno del Ayuntamiento de Palma de Mallorca,Software & Development,10,9
Junta de Gobierno del Ayuntamiento de Pozuelo de Alarcón,Software & Development,10,10
Junta de Gobierno del Ayuntamiento de San Sebastián de los Reyes,Software & Development,10,6
Junta de Gobierno del Ayuntamiento de Torrejón de Ardoz,Software & Development,10,9
Junta de Gobierno del Ayuntamiento de Villajoyosa,Other,10,0
Junta de Govern de l'Ajuntament d'Alcúdia,Other,10,0
"METRO DE MADRID, SOCIEDAD ANÓNIMA",Other,10,0
"Madrid Calle 30, S.A.",Software & Development,10,17
Mesa del Parlamento de Canarias,Other,10,0
"Paradores de Turismo de España, S.M.E., S.A.",Infrastructure & Hardware,10,8
Parque Móvil del Estado,Other,10,0
Patronato Provincial de la Escuela de Tauromaquia,Other,10,0
Pleno del Ayuntamiento de El Campello,Other,10,0
Presidencia de la Autoridad Portuaria de Castellón,Software & Development,10,4
Presidencia de la Comarca Ribera Baja del Ebro,Other,10,0
Presidencia de la Diputación Provincial de A Coruña,Software & Development,10,10
Presidencia de la Diputación Provincial de Valencia,Software & Development,10,13
"Presidencia de la Fundación Municipal de Cultura, Educación y Universidad Popular de Gijón",Other,10,0
Presidencia de la Mancomunidad de Municipios Sierra de las Nieves,Other,10,0
Presidencia de la Mancomunidad de Servicios del Valle del Nalón,Other,10,0
"Presidencia del Consorcio Provincial para la Prestación del Servicio de Prevención, Extinción de Incendios y Salvamentos de la Provincia de Granada",Other,10,0
Presidencia del Consorcio de Extinción de Incendios y Salvamento de la CARM,Other,10,0
Presidencia del Consorcio de Residuos Sólidos del Poniente Almeriense,Other,10,0
Presidencia del Consorcio para el Desarrollo de la Vega Baja,Software & Development,10,12
"Presidencia del Consorcio para la Gestión de Residuos, Aguas y Servicios de la Provincia de Ciudad Real",Other,10,0
Rectorado de la Universidad Miguel Hernández de Elche,Software & Development,10,8
Secretario General de la Federación de Organismos o Entidades de Radio y Televisión Autonómicos - FORTA,Other,10,0
"Secretaría General de la Consejería de Educación, Cultura y Deportes de la Junta de Comunidades de Castilla-La Mancha",Infrastructure & Hardware,10,13
Secretaría de Estado de Planificación e Infraestructuras - Demarcación de Carreteras del Estado en Cataluña,Other,10,0
Servicio Aragonés de Salud (SALUD),Software & Development,10,4
TGSS-Dirección provincial de Albacete,Other,10,0
TGSS-Dirección provincial de Bizkaia,Other,10,0
TGSS-Dirección provincial de Cantabria,Other,10,0
TGSS-Dirección provincial de Girona,Other,10,0
TGSS-Dirección provincial de Zaragoza,Other,10,0
"Televisión Autonómica de Aragón, S.A.U.",Other,10,0
"VERIFICACIONES INDUSTRIALES DE ANDALUCÍA, S.A.",Software & Development,10,14
Vicepresidente de la Comunitat Valenciana Auditorio de la Diputación de Alicante ADDA,Other,10,0
Vicepresidente del Consejo Rector de la Gerencia Municipal de Urbanismo del Ayuntamiento de Málaga,Other,10,0
Xunta de Goberno Local del Concello de Trazo,Other,10,0
15ª Zona Guardia Civil Galicia,Other,9,0
Administrador De Infraestructuras Ferroviarias,Other,9,0
Administrador de Infraestructuras Ferroviarias,Software & Development,9,10
Aena. Dirección del Aeropuerto Adolfo Suárez Madrid-Barajas,Software & Development,9,5
Aena. Dirección del Helipuerto de Algeciras,Other,9,0
Agencia Tributaria de las Illes Balears,Other,9,0
Agencia para la Modernización Tecnológica de Galicia,Infrastructure & Hardware,9,10
Alcaldia del Ayuntamiento de Alanís,Other,9,0
Alcaldia del Ayuntamiento de Belalcazar,Other,9,0
Alcaldia del Ayuntamiento de Casillas de Coria,Other,9,0
Alcaldia del Ayuntamiento de Cobisa,Other,9,0
Alcaldia del Ayuntamiento de El Castillo de las Guardas,Other,9,0
Alcaldia del Ayuntamiento de Fregenal de la Sierra,Other,9,0
Alcaldia del Ayuntamiento de Las Navas de la Concepción,Other,9,0
Alcaldia del Ayuntamiento de Olmedo,Other,9,0
Alcaldia del Ayuntamiento de Ponferrada,Software & Development,9,1
Alcaldia del Ayuntamiento de Quesada,Other,9,0
Alcaldia del Ayuntamiento de Torrijos,Other,9,0
Alcaldia del Ayuntamiento de Valdetorres de Jarama,Other,9,0
Alcaldia del Ayuntamiento de Villanueva de Córdoba,Other,9,0
Alcaldía de A Merca,Other,9,0
Alcaldía del Ajuntament de Massanassa,Other,9,0
Alcaldía del Ayuntamiento de Aguaviva,Other,9,0
Alcaldía del Ayuntamiento de Agullent,Other,9,0
Alcaldía del Ayuntamiento de Algorfa,Other,9,0
Alcaldía del Ayuntamiento de Almodóvar del Río,Other,9,0
Alcaldía del Ayuntamiento de Anna,Other,9,0
Alcaldía del Ayuntamiento de Antas,Other,9,0
Alcaldía del Ayuntamiento de Astorga,Other,9,0
Alcaldía del Ayuntamiento de Avilés,Software & Development,9,5
Alcaldía del Ayuntamiento de Baños de la Encina,Other,9,0
Alcaldía del Ayuntamiento de Bocairent,Other,9,0
Alcaldía del Ayuntamiento de Breña Baja,Other,9,0
Alcaldía del Ayuntamiento de Briviesca,Other,9,0
Alcaldía del Ayuntamiento de Castuera,Other,9,0
Alcaldía del Ayuntamiento de Ciudad Rodrigo,Software & Development,9,9
Alcaldía del Ayuntamiento de Cobeña,Other,9,0
Alcaldía del Ayuntamiento de Collado Mediano,Other,9,0
Alcaldía del Ayuntamiento de Colmenar,Other,9,0
Alcaldía del Ayuntamiento de Cortes de la Frontera,Other,9,0
Alcaldía del Ayuntamiento de Covaleda,Other,9,0
Alcaldía del Ayuntamiento de Cárcheles,Other,9,0
Alcaldía del Ayuntamiento de Ferreries,Other,9,0
Alcaldía del Ayuntamiento de Frades,Other,9,0
Alcaldía del Ayuntamiento de Godella,Other,9,0
Alcaldía del Ayuntamiento de Guía de Isora,Software & Development,9,11
Alcaldía del Ayuntamiento de Herencia,Other,9,0
Alcaldía del Ayuntamiento de Huéscar,Other,9,0
Alcaldía del Ayuntamiento de La Adrada,Other,9,0
Alcaldía del Ayuntamiento de La Font de la Figuera,Other,9,0
Alcaldía del Ayuntamiento de Laguna de Duero,Software & Development,9,8
Alcaldía del Ayuntamiento de Las Torres de Cotillas,Other,9,0
Alcaldía del Ayuntamiento de Laviana,Other,9,0
Alcaldía del Ayuntamiento de Los Molinos,Other,9,0
Alcaldía del Ayuntamiento de Manuel,Other,9,0
Alcaldía del Ayuntamiento de Manzanares El Real,Other,9,0
Alcaldía del Ayuntamiento de Meis,Other,9,0
Alcaldía del Ayuntamiento de Monreal del Campo,Other,9,0
Alcaldía del Ayuntamiento de Montemayor,Other,9,0
Alcaldía del Ayuntamiento de Montserrat,Other,9,0
Alcaldía del Ayuntamiento de Mora,Other,9,0
Alcaldía del Ayuntamiento de Ontígola,Other,9,0
Alcaldía del Ayuntamiento de Palenciana,Other,9,0
Alcaldía del Ayuntamiento de Peñíscola,Other,9,0
Alcaldía del Ayuntamiento de Pina de Ebro,Other,9,0
Alcaldía del Ayuntamiento de Pravia,Other,9,0
Alcaldía del Ayuntamiento de Puebla de la Calzada,Other,9,0
Alcaldía del Ayuntamiento de Rois,Other,9,0
Alcaldía del Ayuntamiento de San Felices de Buelna,Other,9,0
Alcaldía del Ayuntamiento de San Martín del Tesorillo,Other,9,0
Alcaldía del Ayuntamiento de San Román de los Montes,Other,9,0
Alcaldía del Ayuntamiento de Santiponce,Other,9,0
Alcaldía del Ayuntamiento de Sober,Other,9,0
Alcaldía del Ayuntamiento de Tinajo,Other,9,0
Alcaldía del Ayuntamiento de Torralba de Calatrava,Other,9,0
Alcaldía del Ayuntamiento de Tous,Other,9,0
Alcaldía del Ayuntamiento de Valdestillas,Other,9,0
Alcaldía del Ayuntamiento de Valverde,Other,9,0
Alcaldía del Ayuntamiento de Vera,Software & Development,9,11
Alcaldía del Ayuntamiento de Vilaboa,Other,9,0
Alcaldía del Ayuntamiento de Villaluenga de la Sagra,Other,9,0
Comisión Ejecutiva de Animajoven SAU,Other,9,0
Comisión Permanente del Consorcio de Extinción de Incendios y Salvamento de la CARM,Other,9,0
"Comisión de Contratación de la Sociedad Estatal Loterías y Apuestas del Estado, S.M.E., S.A.",Cloud,9,21
"Comité Central de Compras de Navantia S.A., S.M.E.",Infrastructure & Hardware,9,2
Concejal de Contratación del Ayuntamiento de Torrejón de Ardoz,Software & Development,9,9
Concejalía Delegada de Fiestas del Ayuntamiento de Burgos,Other,9,0
"Concejalía Delegada de Innovación, Tecnología, Agenda Digital y Captación de Inversiones del Ayuntamiento de València",Software & Development,9,6
Concejalía Delegada de Recursos Humanos y Calidad,Other,9,0
"Concejalía Delegada de la Presidencia de la Junta Municipal del Distrito nº 7, Carretera de Cádiz del Ayuntamiento de Málaga",Other,9,0
"Consejero Delegado de Aguas de Valencia, S.A.",Other,9,0
"Consejería Delegada de Arona Desarrollo, S.A.",Software & Development,9,9
Consejería Delegada de Congresos y Turismo de Sevilla S.A.,Other,9,0
Consejería Delegada de la Empresa Municipal del Suelo y Vivienda de Getafe S.L.U.,Other,9,0
"Consejería de Agricultura, Ganadería y Medio Natural",Other,9,0
"Consejería de Hacienda, Administración Pública y Diálogo Social",Other,9,0
Consejería de Movilidad y Transformación Digital,Software & Development,9,13
"Consejería de Obras Públicas, Vivienda y Movilidad del Gobierno de Canarias",Other,9,0
Consejo Rector del Patronato Municipal de Deportes de Castellón,Other,9,0
"Consejo de Administración de Aguas de las Cuencas Mediterráneas, S.M.E., S.A. (ACUAMED)",Infrastructure & Hardware,9,9
"Consejo de Administración de Marratxi XXI, S.A.U.",Other,9,0
Consejo de Administración de Necrópolis de Valladolid S.A.(NEVASA),Other,9,0
"Consejo de Administración de Sociedad Mercantil Estatal Aguas de las Cuencas de España, S.A. (ACUAES)",Software & Development,9,8
"Consejo de Administración de Urbanizadora Municipal, S.A. (URBAMUSA)",Other,9,0
"Consejo de Administración de la Sociedad de Gestión de Activos procedentes de la Reestructuración Bancaria, S.A",Software & Development,9,3
Consejo de Administración del Patrimonio Nacional,Software & Development,9,8
"Conselleria de Economía, Hacienda y Administración Pública",Infrastructure & Hardware,9,2
Consorcio Provincial de Prevención y Extinción de Incendios de Badajoz,Other,9,0
Consorcio de Recursos Sociosanitarios y Asistenciales de las Illes Balears,Other,9,0
Cámara de Cuentas de Andalucía,Other,9,0
DIPUTACIÓN DE BARCELONA,Infrastructure & Hardware,9,10
Delegación Provincial de la Consejería de Desarrollo Sostenible en Cuenca,Software & Development,9,9
Diputación Foral de Bizkaia - Departamento de Infraestructuras y Desarrollo Territorial,Other,9,0
Diputación Provincial de Cádiz,Software & Development,9,9
Dirección General de Calidad y Evaluación Ambiental,Other,9,0
Dirección General de Correos Telecom,Other,9,0
Dirección General de SOLIMAT,Software & Development,9,7
Dirección General de la Marina Mercante,Other,9,0
Dirección General del Ente Público Radiotelevisión de Castilla-La Mancha,Other,9,0
"Dirección Gerencia de Unión de Mutuas, Mutua Colaboradora con la Seguridad Social Nº 267",Software & Development,9,7
"Dirección Gerente de Aguas Vega Sierra Elvira, S.A.",Other,9,0
Dirección Territorial de Educación y Universidades de Castellón,Other,9,0
Dirección de Gestión de la Fundación Instituto de Investigación Marqués de Valdecilla,Other,9,0
Dirección del Consorcio para el Equipamiento y Explotación del Laboratorio Subterráneo de Canfranc,Other,9,0
"Empresa Municipal de la Vivienda y Suelo de Madrid, S.A.",Software & Development,9,5
"Empresa Provincial de Informática, S.A.",Software & Development,9,10
Escuela Balear de Administración Pública (EBAP),Other,9,0
Ferrocarrils de la Generalitat de Catalunya,Software & Development,9,14
Fundación Rioja Salud,Other,9,0
Gerencia Territorial de Servicios Sociales de Soria,Other,9,0
Gerencia Territorial de Servicios Sociales de Valladolid,Other,9,0
Gerencia de Atención Especializada de Miranda de Ebro,Other,9,0
Gerencia de Atención Integrada de Almansa,Other,9,0
Gerencia de EGARSAT,Software & Development,9,8
Gerencia de FUNDECYT-PCTEX,Infrastructure & Hardware,9,9
Gerencia de Ferrocarrils de la Generalitat Valenciana,Software & Development,9,8
"Gerencia de GEBIDEXSA, S.A.U.",Other,9,0
Gerencia de Infraestructures i Serveis de Telecom. I Certificació S.A.U.,Infrastructure & Hardware,9,7
Gerencia de Mercados Centrales de Abastecimiento de Valencia S.A. (MERCAVALENCIA),Other,9,0
Gerencia de Servicios Comunitarios de Molina S.A. (SERCOMOSA),Other,9,0
"Gerencia de Urgencias, Emergencias y Transporte Sanitario",Other,9,0
INSS-Dirección provincial de Valencia,Other,9,0
INSS-Servicios Centrales-Subdirección General de Gestion Económico - Presupuestaria y Estudios Económicos,Other,9,0
Institut Català de la Salut (ICS),Software & Development,9,10
Instituto Social de la Marina -Dirección Provincial de Valencia,Other,9,0
Instituto Social de la Marina -Dirección Provincial de Vizcaya,Other,9,0
Jefatura de Asuntos Económicos del Estado Mayor del Ejército,Other,9,0
Jefatura de Intendencia de Asuntos Económicos Sur,Infrastructure & Hardware,9,7
Junta Rectora del Patronato Deportivo Municipal del Ayuntamiento de Gijón,Other,9,0
Junta de Contratación de los Servicios Centrales en el Ministerio de Hacienda,Software & Development,9,6
Junta de Gobierno Local del Ayuntamiento de Boqueixón,Other,9,0
Junta de Gobierno Local del Ayuntamiento de Consell,Other,9,0
Junta de Gobierno Local del Ayuntamiento de El Álamo,Other,9,0
Junta de Gobierno Local del Ayuntamiento de Jerez,Software & Development,9,8
Junta de Gobierno Local del Ayuntamiento de Jávea,Other,9,0
Junta de Gobierno Local del Ayuntamiento de Marina de Cudeyo,Other,9,0
Junta de Gobierno Local del Ayuntamiento de Mañón,Other,9,0
Junta de Gobierno Local del Ayuntamiento de Muro,Other,9,0
Junta de Gobierno Local del Ayuntamiento de San Cristóbal de Segovia,Other,9,0
Junta de Gobierno Local del Ayuntamiento de San Fulgencio,Other,9,0
Junta de Gobierno Local del Ayuntamiento de Sigüenza,Other,9,0
Junta de Gobierno Local del Ayuntamiento de Valdemorillo,Software & Development,9,0
Junta de Gobierno Local del Ayuntamiento de Villanueva del Río Segura,Other,9,0
Junta de Gobierno de Val de San Vicente,Other,9,0
Junta de Gobierno del Ayuntamiento Las Rozas,Software & Development,9,3
Junta de Gobierno del Ayuntamiento de Alcorcón,Software & Development,9,2
Junta de Gobierno del Ayuntamiento de Almazán,Other,9,0
Junta de Gobierno del Ayuntamiento de Comillas,Other,9,0
Junta de Gobierno del Ayuntamiento de Cádiz,Software & Development,9,5
Junta de Gobierno del Ayuntamiento de Córdoba,Infrastructure & Hardware,9,4
Junta de Gobierno del Ayuntamiento de Huétor Vega,Other,9,0
Junta de Gobierno del Ayuntamiento de L'Olleria,Other,9,0
Junta de Gobierno del Ayuntamiento de Lardero,Other,9,0
Junta de Gobierno del Ayuntamiento de Murcia,Software & Development,9,8
Junta de Gobierno del Ayuntamiento de Santa Cruz de Tenerife,Infrastructure & Hardware,9,2
Junta de Gobierno del Ayuntamiento de Valderredible,Other,9,0
Junta de Gobierno del Ayuntamiento de Viveiro,Other,9,0
Junta de Gobierno del Concello de Vila de Cruces,Other,9,0
Mesa de la Asamblea de Extremadura,Other,9,0
Mesa de las Cortes de Aragón,Other,9,0
Mesa del Senado,Software & Development,9,5
Patronato de Turismo de Melilla,Other,9,0
Patronato de la Fundació Foment del Turisme de Menorca,Other,9,0
Pleno del Ayuntamiento de Jaraba,Other,9,0
Presidencia - Sociedad Estatal de Participaciones Industriales (SEPI),Other,9,0
Presidencia Organismo Autónomo de Museos y Centros del Cabildo Insular de Tenerife (OAMC),Other,9,0
Presidencia de la Asociación de Desarrollo Rural Comarca de las Vegas y Alcarria de Alcalá (ARACOVE),Software & Development,9,10
Presidencia de la Asociación de Desenvolvemento Rural Condado Paradanta,Other,9,0
Presidencia de la Autoridad Portuaria de Huelva,Software & Development,9,7
Presidencia de la Autoridad Portuaria de Vilagarcía de Arousa y su ría,Other,9,0
Presidencia de la Comarca de Valdejalón,Other,9,0
Presidencia de la Diputación Provincial de Huelva,Infrastructure & Hardware,9,3
Presidencia de la Diputación Provincial de Salamanca,Infrastructure & Hardware,9,9
Presidencia de la Mancomunidad Cinco Villas,Other,9,0
Presidencia de la Mancomunidad THAM de Servicios Sociales,Other,9,0
Presidencia de la Mancomunidad de Servicios COMSERMANCHA,Other,9,0
Presidencia del Cabildo Insular de Lanzarote,Infrastructure & Hardware,9,3
Presidencia del Consejo de Administración de Guaguas Municipales S.A.,Other,9,0
"Presidencia del Consejo de Administración de la Sociedad Estatal de Infraestructuras del Transporte Terrestre, S.M.E., S.A.",Software & Development,9,9
Presidencia del Institut de l'Esport Hípic de Mallorca,Other,9,0
Presidencia del Instituto Valenciano de Competitividad Empresarial (IVACE),Software & Development,9,10
Presidencia del Patronato Deportivo Municipal del Ayuntamiento de Gijón,Other,9,0
Presidencia del Patronato Municipal de Cultura de Fuenlabrada,Other,9,0
Presidencia del Tribunal de Cuentas,Other,9,0
Rectorado de la Universidad Autónoma de Madrid,Infrastructure & Hardware,9,6
Rectorado de la Universidad Jaume I,Cloud,9,16
Rectorado de la Universidad Rey Juan Carlos,Software & Development,9,3
Rectorado de la Universidad de Alicante,Infrastructure & Hardware,9,7
Rectorado de la Universidad de Granada,Infrastructure & Hardware,9,3
Rectorado de la Universidad de Salamanca,Infrastructure & Hardware,9,10
Rectorado de la Universidad de Sevilla,Infrastructure & Hardware,9,3
SERVICIO MADRILEÑO DE SALUD-HOSPITAL UNIVERSITARIO 12 DE OCTUBRE,Other,9,0
"Sección de Asuntos Económicos de la Jefatura Sistemas de Información, Telecomunicaciones y Asistencia Técnica",Software & Development,9,10
Secretaría General de la Agencia Estatal Consejo Superior de Investigaciones Científicas,AI & Machine Learning,9,16
Secretaría General de la Federación Española de Municipios y Provincias,Software & Development,9,15
Secretaría General del Centro de Investigaciones Sociológicas,Other,9,0
Secretaría del Patronato de la Fundación Sociosanitaria de Castilla-La Mancha,Other,9,0
Servicio Público de Empleo de Castilla y León,Other,9,0
Servicio Regional de Empleo y Formación (SEF),Other,9,0
Servicio de Contratación y Compras del Ayuntamiento de San Bartolomé de Tirajana,Software & Development,9,9
Servicio de Empleo de las Illes Balears,Other,9,0
TGSS-Dirección provincial de Valladolid,Other,9,0
"Tenencia de Alcaldía de Hacienda, Contratación, Seguridad y Fiestas del Ayuntamiento de Arona",Other,9,0
"Teniente de Alcalde delegado de Vías y obras, Transición energética y Medio Ambiente del Ayuntamiento de Calviá",Other,9,0
Vicepresidencia de la Agencia Valenciana de la Innovació,Other,9,0
Vicepresidencia del Consejo de Administración de la Entidad Pública Empresarial Instituto de la Cultura y de las Artes de Sevilla (ICAS),Software & Development,9,9
"Área de Gobierno de Planificación, Desarrollo Urbano y Vivienda, Limpieza, Vías y Obras y Alumbrado del Ayuntamiento de Las Palmas de Gran Canaria",Software & Development,9,9
ADIF,Other,8,0
Aena. Dirección del Aeropuerto Adolfo Suárez Madrid-Barajas,Data & Analytics,8,2
Agencia Digital de Andalucía,Other,8,0
"Aigües de Barcelona, Empresa Metropolitana de Gestió del Cicle Integral de l'Aigua, S.A.",Software & Development,8,14
Alcalde del Ayuntamiento de Daroca,Other,8,0
Alcalde del Ayuntamiento de Herrera de Los Navarros,Other,8,0
Alcaldia de Ayuntamiento de Villanueva del Rey,Other,8,0
Alcaldia del Ayuntamiento de A Cañiza,Other,8,0
Alcaldia del Ayuntamiento de As Pontes de García Rodríguez,Other,8,0
Alcaldia del Ayuntamiento de Bellus,Other,8,0
Alcaldia del Ayuntamiento de Benimodo,Other,8,0
Alcaldia del Ayuntamiento de Cantillana,Other,8,0
Alcaldia del Ayuntamiento de Marinaleda,Other,8,0
Alcaldia del Ayuntamiento de Massalfassar,Other,8,0
Alcaldia del Ayuntamiento de San Nicolás del Puerto,Other,8,0
Alcaldia del Ayuntamiento de Villar del Arzobispo,Other,8,0
Alcaldía del Ayuntamiento de Agolada,Other,8,0
Alcaldía del Ayuntamiento de Aguadulce,Other,8,0
Alcaldía del Ayuntamiento de Agulo,Other,8,0
Alcaldía del Ayuntamiento de Alcaudete,Other,8,0
Alcaldía del Ayuntamiento de Alcolea del Río,Other,8,0
Alcaldía del Ayuntamiento de Almadén de la Plata,Other,8,0
Alcaldía del Ayuntamiento de Arcas,Other,8,0
Alcaldía del Ayuntamiento de Arroyo de la Luz,Other,8,0
Alcaldía del Ayuntamiento de Begíjar,Other,8,0
Alcaldía del Ayuntamiento de Benamargosa,Other,8,0
Alcaldía del Ayuntamiento de Beniel,Other,8,0
Alcaldía del Ayuntamiento de Burgo de Osma,Other,8,0
Alcaldía del Ayuntamiento de Burguillos,Other,8,0
Alcaldía del Ayuntamiento de Casar de Cáceres,Other,8,0
Alcaldía del Ayuntamiento de Castellar de la Frontera,Other,8,0
Alcaldía del Ayuntamiento de Castril,Other,8,0
Alcaldía del Ayuntamiento de Cañada Rosal,Other,8,0
Alcaldía del Ayuntamiento de Cervo,Other,8,0
Alcaldía del Ayuntamiento de Cocentaina,Other,8,0
Alcaldía del Ayuntamiento de Covelo,Other,8,0
Alcaldía del Ayuntamiento de Culla,Other,8,0
Alcaldía del Ayuntamiento de El Gastor,Other,8,0
Alcaldía del Ayuntamiento de Fernán Núñez,Other,8,0
Alcaldía del Ayuntamiento de Fortaleny,Other,8,0
Alcaldía del Ayuntamiento de Fuenterrobles,Other,8,0
Alcaldía del Ayuntamiento de Ibi,Other,8,0
Alcaldía del Ayuntamiento de Jimena de la Frontera,Other,8,0
Alcaldía del Ayuntamiento de La Roda,Other,8,0
Alcaldía del Ayuntamiento de La Villa de Tegueste,Other,8,0
Alcaldía del Ayuntamiento de Las Pedroñeras,Other,8,0
Alcaldía del Ayuntamiento de Los Corrales,Other,8,0
Alcaldía del Ayuntamiento de Los Silos,Other,8,0
Alcaldía del Ayuntamiento de Malagón,Other,8,0
Alcaldía del Ayuntamiento de Mancha Real,Other,8,0
Alcaldía del Ayuntamiento de Mollina,Other,8,0
Alcaldía del Ayuntamiento de Montejícar,Other,8,0
Alcaldía del Ayuntamiento de Montellano,Other,8,0
Alcaldía del Ayuntamiento de Montánchez,Other,8,0
Alcaldía del Ayuntamiento de Morales del Vino,Other,8,0
Alcaldía del Ayuntamiento de Patones,Other,8,0
Alcaldía del Ayuntamiento de Perales de Tajuña,Other,8,0
Alcaldía del Ayuntamiento de Petra,Other,8,0
Alcaldía del Ayuntamiento de Polanco,Other,8,0
Alcaldía del Ayuntamiento de Puebla de Don Rodrigo,Other,8,0
Alcaldía del Ayuntamiento de Quintanar del Rey,Other,8,0
Alcaldía del Ayuntamiento de Sallent de Gállego,Other,8,0
Alcaldía del Ayuntamiento de Salteras,Other,8,0
Alcaldía del Ayuntamiento de San Roque,Infrastructure & Hardware,8,0
Alcaldía del Ayuntamiento de San Vicente de Alcántara,Other,8,0
Alcaldía del Ayuntamiento de Santa Eugènia,Other,8,0
Alcaldía del Ayuntamiento de Santiago de Calatrava,Other,8,0
Alcaldía del Ayuntamiento de Sayalonga,Other,8,0
Alcaldía del Ayuntamiento de Segura de la Sierra,Other,8,0
Alcaldía del Ayuntamiento de Titulcia,Other,8,0
Alcaldía del Ayuntamiento de Villamartín,Other,8,0
Alcaldía del Ayuntamiento de Villarrubia de los Ojos,Other,8,0
Alcaldía del Ayuntamiento de Zahara,Other,8,0
Alcaldía del Ayuntamiento de Ágreda,Other,8,0
Alcaldía del Concello de Ponteceso,Other,8,0
Autoridad Portuaria de Cartagena,Software & Development,8,9
Ayuntamiento de Donostia/San Sebastián - Ayuntamiento de Donostia/San Sebastián,Other,8,0
"BARCELONA DE SERVEIS MUNICIPALS, S.A.",Other,8,0
"BARCELONA DE SERVEIS MUNICIPALS, S.A.",Software & Development,8,15
Banco de España,Infrastructure & Hardware,8,4
Batlia de l'Ajuntament d'Alcúdia,Other,8,0
"CANAL DE ISABEL II, S.A., M.P.",Infrastructure & Hardware,8,6
Centro de Investigación del Medio Ambiente,Other,8,0
Centro de Investigación y Tecnología Agroalimentaria (CITA),Other,8,0
Centro de Referencia Estatal de Atención al Daño Cerebral,Other,8,0
"Comité de Contratación de Aguas Municipalizadas de Alicante, Empresa Mixta",Infrastructure & Hardware,8,8
Concejal del Área de Servicios Generales y Desarrollo Comercial del Ayuntamiento de Puerto de la Cruz,Software & Development,8,8
Concejalía Delegada de Contratación del Ayuntamiento de Gandía,Infrastructure & Hardware,8,2
Concejalía Delegada de Contratación del Ayuntamiento de Gandía,Software & Development,8,7
Concejalía Delegada de Deportes del Ayuntamiento de Zaragoza,Other,8,0
"Concejalía Delegada de Economía, Empleo, Turismo e Innovación del Ayuntamiento de Gijón",Other,8,0
Concejalía Delegada de Medio Ambiente y Sostenibilidad del Ayuntamiento de Gijón,Other,8,0
"Concejalía Delegada de la Presidencia de la Junta Municipal del Distrito nº 11, Teatinos-Universidad del Ayuntamiento de Málaga",Other,8,0
"Concejalía Delegada del Área Específica de Derechos Sociales, Diversidad, Igualdad y Accesibilidad del Ayuntamiento de Málaga",Other,8,0
Concejalía de Contratación del Ayuntamiento de Palencia,Other,8,0
"Concejalía de Gobierno del Área de Seguridad, Movilidad y Accesibilidad Universal con competencias delegadas en Igualdad y Diversidad Afectivo Sexual del Ayuntamiento de Santa Cruz de Tenerife",Other,8,0
Concejalía de Hacienda del Ayuntamiento de Benalmádena,Software & Development,8,8
"Consejero de Área Insular de Infraestructuras, Carreteras, Planificación y Cooperación Municipal del Cabildo Insular de Fuerteventura",Other,8,0
"Consejería Delegada de Fomento Extremeño de Infraestructuras Industriales, S.A.U",Other,8,0
Consejería Delegada de Medina Global S.L.,Other,8,0
"Consejería Delegada de Spet, Turismo de Tenerife, S.A.",Other,8,0
"Consejería Insular de Empleo, Educación y Juventud del Cabildo Insular de Tenerife",Other,8,0
"Consejería de Desarrollo Rural, Ganadería, Pesca y Alimentación de la Comunidad Autónoma de Cantabria",Software & Development,8,8
"Consejería de Educación, Ciencia y Universidades. Dirección General de Infraestructuras y Servicios",Other,8,0
Consejería de Medio Ambiente y Movilidad del Ayuntamiento de Zaragoza,Other,8,0
"Consejería de Medio Ambiente, Servicios Urbanos y Vivienda de la Ciudad Autónoma de Ceuta",Other,8,0
"Consejería de Vivienda, Territorio y Movilidad de las Illes Balears",Other,8,0
Consejo Rector de la Agencia Albaicín Granada,Other,8,0
"Consejo de Administración de Aseo y Limpieza Municipales de Torremolinos, S.A.",Other,8,0
Consejo de Administración de Logroño Deporte S.A.,Other,8,0
Consejo de Administración de Mercados Centrales de Abastecimiento de Asturias S.A. (MERCASTURIAS),Other,8,0
Consejo de Administración de Servicios Municipales de Granadilla de Abona S.L.,Other,8,0
"Consejo de Administración de Spet, Turismo de Tenerife, S.A.",Software & Development,8,10
Consejo de Administración de la Autoridad Portuaria de Gijón,Other,8,0
Consejo de Administración de la Autoridad Portuaria de Las Palmas,Other,8,0
Consejo de Administración de la Empresa Municipal de Aguas de Gijón SA,Software & Development,8,1
Consejo de Administración de la Empresa Municipal de Transportes Urbanos de Gijón SA (EMTUSA),Other,8,0
"Consejo de Administración de la Empresa Provincial de Residuos y Medio Ambiente, S.A.",Other,8,0
"Consejo de Administración de la Sociedad Municipal Aguas de Burgos, S.A.",Other,8,0
"Consejo de Administración de la Sociedad Municipal Zaragoza Vivienda, S.L.U. (Medio Propio)",Other,8,0
"Consejo de Administración de la Societat Valenciana Fira Alacant, S.A.",Other,8,0
Consejo de Administración del Casino Taoro SA,Other,8,0
Consell Executiu del Consell Insular d'Eivissa,Infrastructure & Hardware,8,5
"Conselleria de Economía, Hacienda y Administración Pública",Software & Development,8,8
Consorcio IFMIF-DONES España,Other,8,0
Consorcio de Transportes de Mallorca,Infrastructure & Hardware,8,1
Consorcio de Transportes de Mallorca,Other,8,0
"Consorcio para la Construcción, Equipamiento y Explotación del Laboratorio de Luz Sincrotrón",Infrastructure & Hardware,8,8
Coordinación General de la Alcaldía,Other,8,0
"Coordinador General de Economía, Hacienda, Patrimonio y Contratación del Ayuntamiento de las Las Palmas de Gran Canaria",Other,8,0
"Cámara Oficial de Comercio, Industria, Servicios y Navegación de Sevilla",Other,8,0
Defensor del Pueblo Andaluz,Other,8,0
Delegación Especial de la Agencia Tributaria en Madrid,Other,8,0
Delegación Provincial de la Consejería de Bienestar Social en Guadalajara,Other,8,0
Dirección General de Relaciones con la Administración de Justicia,Other,8,0
"Dirección General de Renfe Ingeniería y Mantenimiento Sociedad Mercantil Estatal, S.A.",Software & Development,8,5
Dirección General de Salud Pública y Equidad en Salud,Other,8,0
Dirección General de la Fundación Centro Cultural Internacional Oscar Niemeyer-Principado de Asturias,Other,8,0
Dirección General de la Fundación Palau de Les Arts Reina Sofía,Infrastructure & Hardware,8,1
"Dirección General de la Sociedad de Gestión Pública de Extremadura, S.A.U.",Software & Development,8,6
Dirección General del INTA,Infrastructure & Hardware,8,3
Dirección Gerencia Hospital Universitario de Gran Canaria Doctor Negrín,Infrastructure & Hardware,8,4
"Dirección Gerencia de Mutua Balear, Mutua de Accidentes de Trabajo y Enfermedades Profesionales de la Seguridad Social Nº 183",Software & Development,8,4
"Dirección Territorial de Educación, Investigación, Cultura y Deporte - Valencia",Other,8,0
Dirección de Barcelona Supercomputing Center - Centro Nacional de Supercomputación (BSC-CNS),AI & Machine Learning,8,16
Dirección de la Agencia de Régimen Especial Ciclo Integral Aguas del Retortillo,Other,8,0
Dirección de la Fundación Canaria General Universidad de la Laguna,Other,8,0
Dirección del Centro Universitario de la Defensa en Marín,Other,8,0
Dirección del Área de Salud de Tenerife,Other,8,0
"Dirección Área Jurídica y Prestación de MAZ, Mutua Colaboradora con la Seguridad Social, Nº 11",Software & Development,8,5
Director Científico del Instituto de Investigación Biomédica de Salamanca (IBSAL),Other,8,0
"Director Gerente de la Empresa Municipal de Transports Urbans de Palma, S. A.",Other,8,0
"Empresa Municipal de Transportes de Madrid, S.A.",Infrastructure & Hardware,8,6
"Empresa Nacional de Residuos Radiactivos, S.A., S.M.E. (ENRESA)",Infrastructure & Hardware,8,7
Fundació per a l'Esport Balear,Other,8,0
Gerencia Territorial de Servicios Sociales de Burgos,Other,8,0
Gerencia de Atención Especializada de Medina del Campo,Other,8,0
Gerencia de Fraternidad Muprespa - Mútua Colaboradora con la Seguridad Social nº 275,Infrastructure & Hardware,8,3
"Gerencia de Promociones e Iniciativas Municipales de Elche, S.A. (PIMESA)",Other,8,0
Gerencia de TEA Tenerife Espacio de las Artes,Other,8,0
"Gerencia de VIVE Empresa Pública de la Vivienda de Alcalá de Guadaíra, S.L.",Other,8,0
"Gerencia de la Empresa Insular de Artesanía, S.A.",Other,8,0
Gerencia de la Fundación Canaria para el Fomento del Trabajo (FUNCATRA),Other,8,0
Gerencia de la Fundación Universidad Oviedo,Other,8,0
"Gerencia de la Sociedad Municipal Zaragoza Vivienda, S.L.U. (Medio Propio)",Other,8,0
Gerencia del Consorcio de Gestión del Centro de Artesanía de la Comunitat Valenciana,Other,8,0
Gerencia del Instituto Tecnológico y de Energías Renovables S.A.,Other,8,0
Hospital Dr. Moliner. Dirección Económica-Gerencia,Other,8,0
INSS-Dirección Provincial de Málaga,Other,8,0
Inspección General de Sanidad de la Defensa,Software & Development,8,7
Instituto Social de la Marina -Dirección Provincial de Vigo,Other,8,0
Intendente de Ferrol,Infrastructure & Hardware,8,6
Jefatura de Asuntos Económicos de la Fuerza Terrestre,Infrastructure & Hardware,8,7
Jefatura de Enseñanza. Dirección General Guardia Civil,Other,8,0
"Junta Rectora de la Institución Ferial Mercado de Ganados Extr., Feria Muestras Agroganadera (FEREX)",Other,8,0
Junta de Contratación del Ministerio de Justicia,Other,8,0
Junta de Gobierno Local del Ayuntamiento de Camariñas,Other,8,0
Junta de Gobierno Local del Ayuntamiento de Casarrubios del Monte,Other,8,0
Junta de Gobierno Local del Ayuntamiento de Cedeira,Other,8,0
Junta de Gobierno Local del Ayuntamiento de El Molar,Other,8,0
Junta de Gobierno Local del Ayuntamiento de Esquivias,Other,8,0
Junta de Gobierno Local del Ayuntamiento de Pinos Puente,Other,8,0
Junta de Gobierno Local del Ayuntamiento de Simancas,Other,8,0
Junta de Gobierno Local del Ayuntamiento de Valle de Mena,Other,8,0
Junta de Gobierno Local del Ayuntamiento de Zarzalejo,Other,8,0
Junta de Gobierno Local del Concello de Lousame,Other,8,0
Junta de Gobierno Local del Concello de Negreira,Other,8,0
Junta de Gobierno de Redován,Other,8,0
Junta de Gobierno de la Comarca del Bajo Aragón,Other,8,0
Junta de Gobierno del Ajuntament de Moncada,Software & Development,8,7
Junta de Gobierno del Ayuntamiento de Agoncillo,Other,8,0
Junta de Gobierno del Ayuntamiento de Alaior,Other,8,0
Junta de Gobierno del Ayuntamiento de Alcobendas,Infrastructure & Hardware,8,5
Junta de Gobierno del Ayuntamiento de Almenara,Other,8,0
Junta de Gobierno del Ayuntamiento de Alquerías del Niño Perdido,Other,8,0
Junta de Gobierno del Ayuntamiento de Arafo,Other,8,0
Junta de Gobierno del Ayuntamiento de Dueñas,Other,8,0
Junta de Gobierno del Ayuntamiento de El Puig de Santa María,Other,8,0
Junta de Gobierno del Ayuntamiento de Gijón,Software & Development,8,7
Junta de Gobierno del Ayuntamiento de Guadassuar,Other,8,0
Junta de Gobierno del Ayuntamiento de La Pobla de Vallbona,Other,8,0
Junta de Gobierno del Ayuntamiento de Málaga,Infrastructure & Hardware,8,6
Junta de Gobierno del Ayuntamiento de Oviedo,Infrastructure & Hardware,8,8
Junta de Gobierno del Ayuntamiento de Roquetas de Mar,Infrastructure & Hardware,8,10
Junta de Gobierno del Ayuntamiento de Sant Joan de Moró,Other,8,0
Junta de Gobierno del Ayuntamiento de Santa Cruz de Tenerife,Software & Development,8,9
Junta de Gobierno del Ayuntamiento de Santo Domingo de la calzada,Other,8,0
Junta de Gobierno del Ayuntamiento de Sevilla,Infrastructure & Hardware,8,6
Junta de Gobierno del Concello de Chantada,Other,8,0
Junta del Ayuntamiento de Abanilla,Other,8,0
Mesa de las Cortes de Castilla y León,Other,8,0
Oficialía Mayor del Ministerio de Hacienda,Other,8,0
Pleno del Ajuntament de Real,Other,8,0
Pleno del Ayuntamiento de Cervera de Buitrago,Other,8,0
Pleno del Ayuntamiento de Retortillo de Soria,Other,8,0
"Presidencia Ejecutiva de la Agencia E.F.E. S.A.U., S.M.E.",Software & Development,8,6
Presidencia de Gestión de Emergencias de las Illes Balears,Other,8,0
Presidencia de la Autoridad Portuaria de Bilbao,Software & Development,8,7
Presidencia de la Diputación Provincial de Burgos,Other,8,0
Presidencia de la Diputación Provincial de Huelva,Software & Development,8,10
Presidencia de la Fundación Municipal de Deporte - FMD del Ayuntamiento de Badajoz,Other,8,0
Presidencia de la Gerencia Municipal de Urbanismo del Ayuntamiento de Mairena del Aljarafe,Other,8,0
Presidencia de la Mancomunidad Vega del Henares,Other,8,0
Presidencia de la Mancomunidad de Municipios Ría de Arousa Norte,Other,8,0
Presidencia de la Mancomunidad de Tentudía (Turística y de Servicios),Other,8,0
Presidencia de la Mancomunitat Camp de Túria,Other,8,0
Presidencia de la Sociedad Anónima Estatal de Caución Agraria,Other,8,0
"Presidencia de los Servizos Urbanos Municipais de Arteixo, S.A",Other,8,0
Presidencia del Cabildo Insular de El Hierro,Other,8,0
Presidencia del Cabildo Insular de la Palma,Other,8,0
"Presidencia del Consejo de Administración de Aguas de Alcalá la Real Empresa Municipal, S.A.",Other,8,0
"Presidencia del Consejo de Administración de Aparcamientos Municipales y Gestíon Vial de Ceuta, S.A. (AMGEVICESA)",Other,8,0
"Presidencia del Consejo de Administración de la Sociedad Estatal de Infraestructuras del Transporte Terrestre, S.M.E., S.A.",Infrastructure & Hardware,8,7
Presidencia del Consorcio Provincial Contra Incendios y Salvamentos de Huelva,Other,8,0
Presidencia del Consorcio Provincial de Medio Ambiente de Valladolid,Other,8,0
"Presidencia del Patronato de Cultura, Turismo y Fiestas del Excmo. Ayuntamiento de Jaén",Other,8,0
"Presidente de la Sociedad Municipal de Aparcamientos de Las Palmas de Gran Canaria, S.A. (SAGULPA)",Other,8,0
Rector de la Universidad Carlos III de Madrid,Infrastructure & Hardware,8,4
Rector de la Universidad Carlos III de Madrid,Software & Development,8,7
Rector de la Universidad de León,Software & Development,8,5
Rectorado de la Universidad Nacional de Educación a Distancia,Software & Development,8,8
Rectorado de la Universidad Pablo de Olavide,Infrastructure & Hardware,8,3
Rectorado de la Universidad de Extremadura,Infrastructure & Hardware,8,3
Rectorado de la Universidad de Jaén,Software & Development,8,6
Rectorado de la Universidad de Málaga,Infrastructure & Hardware,8,7
Rectorado de la Universitat Politècnica de València,Infrastructure & Hardware,8,5
Residuos de Melilla S.A. (REMESA),Other,8,0
Secretaría General Técnica de Hacienda y Relaciones con la Unión Europea de la Comunidad Autónoma de Canarias,Software & Development,8,10
Secretaría General de la Agencia Estatal Consejo Superior de Investigaciones Científicas,Infrastructure & Hardware,8,6
"Secretaría General del Centro de Investigaciones Energéticas, Medioambientales y Tecnológicas (CIEMAT)",Software & Development,8,4
Secretaría de Estado de Planificación e Infraestructuras - Demarcación de Carreteras del Estado en Castilla y León Oriental,Other,8,0
"Serveis Municipals de Santanyi, S.L.U.",Other,8,0
Servicio Andaluz de Salud. Centro de Emergencias Sanitarias 061,Other,8,0
Servicio Andaluz de Salud. Servicios Centrales,Software & Development,8,8
Servicio Extremeño Público de Empleo (SEXPE),Software & Development,8,12
Servicio Murciano de Salud - Gerencia,Infrastructure & Hardware,8,2
Sociedad Regional Cántabra de Promoción Turística S.A. CANTUR S.A.,Software & Development,8,7
Subdirección General de Administración Financiera y Patrimonio de la Administración General del Estado en el Territorio,Other,8,0
"Subsecretaría - Conselleria de Justicia, Interior y Administración Pública",Other,8,0
TGSS-Dirección provincial de A Coruña,Other,8,0
TGSS-Dirección provincial de Huesca,Other,8,0
"Teniente de Alcalde delegada de Turismo, Comercio, Actividades, Playas y Litoral, Organización, Innovación y Calidad del Ayuntamiento de Calviá",Other,8,0
"Valenciana d'Estrategies i Recursos per a la Sostenibilitat Ambiental, Sociedad Anónima",Software & Development,8,4
Vicepresidencia del Patronato Provincial de Turismo de Granada,Other,8,0
Vicepresidencia del Servicio Provincial Tributario de la Diputación Provincial de Granada,Other,8,0
"Área de Gobierno de Vicealcaldía, Portavoz, Seguridad y Emergencias del Ayuntamiento de Madrid",Infrastructure & Hardware,8,4
AGENCIA EMPRESARIAL PARA LA TRANSFORMACION Y EL DESARROLLO ECONOMICO (TRADE),Software & Development,7,8
Agencia Tributaria de la Región de Murcia (ATRM),Other,7,0
Agencia de Obra Pública de la Junta de Andalucía,Other,7,0
Alcalde-Presidente del Ayuntamiento de Mallén,Other,7,0
Alcalde-Presidente del Ayuntamiento de Sádaba,Other,7,0
Alcaldia del Ayuntamiento de Alcasser,Other,7,0
Alcaldia del Ayuntamiento de Peligros,Other,7,0
Alcaldia del Ayuntamiento de San Javier,Infrastructure & Hardware,7,5
Alcaldia del Ayuntamiento de Santibáñez El Alto,Other,7,0
Alcaldia del Ayuntamiento de Sierra de Yeguas,Other,7,0
Alcaldia del Concello Soutomaior,Other,7,0
Alcaldía de l'Ajuntament de Castelló de Rugat,Other,7,0
Alcaldía de la EATIM de Gamonal,Other,7,0
Alcaldía del Ajuntament de Llutxent,Other,7,0
Alcaldía del Ajuntament de Massamagrell,Other,7,0
Alcaldía del Ayuntamiento de Alajeró,Other,7,0
Alcaldía del Ayuntamiento de Aldeamayor de San Martín,Other,7,0
Alcaldía del Ayuntamiento de Almodóvar del Campo,Other,7,0
Alcaldía del Ayuntamiento de Anchuelo,Other,7,0
Alcaldía del Ayuntamiento de Andilla,Other,7,0
Alcaldía del Ayuntamiento de Archidona,Other,7,0
Alcaldía del Ayuntamiento de Baiona,Other,7,0
Alcaldía del Ayuntamiento de Barro,Other,7,0
Alcaldía del Ayuntamiento de Benamejí,Other,7,0
Alcaldía del Ayuntamiento de Bollullos de la Mitación,Other,7,0
Alcaldía del Ayuntamiento de Borriana,Other,7,0
Alcaldía del Ayuntamiento de Cabana de Bergantiños,Other,7,0
Alcaldía del Ayuntamiento de Cabezón de la Sal,Other,7,0
Alcaldía del Ayuntamiento de Calamonte,Other,7,0
Alcaldía del Ayuntamiento de Camporrobles,Other,7,0
Alcaldía del Ayuntamiento de Carral,Other,7,0
Alcaldía del Ayuntamiento de Castilleja de la Cuesta,Cloud,7,7
Alcaldía del Ayuntamiento de Collado Villalba,Software & Development,7,6
Alcaldía del Ayuntamiento de Cuevas Bajas,Other,7,0
Alcaldía del Ayuntamiento de Culleredo,Other,7,0
Alcaldía del Ayuntamiento de Cómpeta,Other,7,0
Alcaldía del Ayuntamiento de Dalías,Other,7,0
Alcaldía del Ayuntamiento de El Berrueco,Other,7,0
Alcaldía del Ayuntamiento de El Carpio de Tajo,Other,7,0
Alcaldía del Ayuntamiento de El Pinar de El Hierro,Other,7,0
Alcaldía del Ayuntamiento de El Saucejo,Other,7,0
Alcaldía del Ayuntamiento de Escatrón,Other,7,0
Alcaldía del Ayuntamiento de Faura,Other,7,0
Alcaldía del Ayuntamiento de Fuencaliente,Other,7,0
Alcaldía del Ayuntamiento de Fuensalida,Other,7,0
Alcaldía del Ayuntamiento de Galera,Other,7,0
Alcaldía del Ayuntamiento de Garganta de los Montes,Other,7,0
Alcaldía del Ayuntamiento de Golmayo,Other,7,0
Alcaldía del Ayuntamiento de Graus,Other,7,0
Alcaldía del Ayuntamiento de Guadalcanal,Other,7,0
Alcaldía del Ayuntamiento de Güéjar Sierra,Other,7,0
Alcaldía del Ayuntamiento de Herrera,Other,7,0
Alcaldía del Ayuntamiento de Higuera de Vargas,Other,7,0
Alcaldía del Ayuntamiento de Hinojos,Other,7,0
Alcaldía del Ayuntamiento de Huécija,Other,7,0
Alcaldía del Ayuntamiento de Huércal de Almería,Other,7,0
Alcaldía del Ayuntamiento de Illas,Other,7,0
Alcaldía del Ayuntamiento de Iznate,Other,7,0
Alcaldía del Ayuntamiento de Jun,Other,7,0
Alcaldía del Ayuntamiento de L'Alcudia de Crespins,Other,7,0
Alcaldía del Ayuntamiento de La Rinconada,Other,7,0
Alcaldía del Ayuntamiento de La Roda de Andalucía,Other,7,0
Alcaldía del Ayuntamiento de La Yesa,Other,7,0
Alcaldía del Ayuntamiento de Los Molares,Other,7,0
Alcaldía del Ayuntamiento de Lozoya,Other,7,0
Alcaldía del Ayuntamiento de Macotera,Other,7,0
Alcaldía del Ayuntamiento de Madrigal de las Altas Torres,Other,7,0
Alcaldía del Ayuntamiento de Monda,Other,7,0
Alcaldía del Ayuntamiento de Montehermoso,Other,7,0
Alcaldía del Ayuntamiento de Paterna de Rivera,Other,7,0
Alcaldía del Ayuntamiento de Puebla de Sanabria,Other,7,0
Alcaldía del Ayuntamiento de Puerto Lápice,Other,7,0
Alcaldía del Ayuntamiento de Sabiñán,Other,7,0
Alcaldía del Ayuntamiento de Salas,Other,7,0
Alcaldía del Ayuntamiento de San Antonio de Benagéber,Other,7,0
Alcaldía del Ayuntamiento de Santorcaz,Other,7,0
Alcaldía del Ayuntamiento de Segura de León,Other,7,0
Alcaldía del Ayuntamiento de Siero,Software & Development,7,4
Alcaldía del Ayuntamiento de Somiedo,Other,7,0
Alcaldía del Ayuntamiento de Soto del Barco,Other,7,0
Alcaldía del Ayuntamiento de Sástago,Other,7,0
Alcaldía del Ayuntamiento de Torija,Other,7,0
Alcaldía del Ayuntamiento de Torrejón del Rey,Other,7,0
Alcaldía del Ayuntamiento de Torrelavega,Software & Development,7,6
Alcaldía del Ayuntamiento de Torrenueva Costa,Other,7,0
Alcaldía del Ayuntamiento de Tíjola,Other,7,0
Alcaldía del Ayuntamiento de Ugena,Other,7,0
Alcaldía del Ayuntamiento de Valderrubio,Other,7,0
Alcaldía del Ayuntamiento de Valencia del Ventoso,Other,7,0
Alcaldía del Ayuntamiento de Vilamarxant,Other,7,0
Alcaldía del Ayuntamiento de Villaescusa,Other,7,0
Alcaldía del Ayuntamiento de Villafranca de Córdoba,Other,7,0
Alcaldía del Ayuntamiento de Villamayor de Gállego,Other,7,0
Alcaldía del Ayuntamiento de Villanueva de la Fuente,Other,7,0
Alcaldía del Ayuntamiento de Xirivella,Infrastructure & Hardware,7,3
Alcaldía del Ayuntamiento de la Histórica Villa de los Realejos,Software & Development,7,4
Alcaldía del Ayuntamiento des Migjorn Gran,Other,7,0
Alcaldía del Concello de Carnota,Other,7,0
Autoridad Portuaria de Sevilla,Software & Development,7,6
COFIVACASA SAU. Sociedad participada por SEPI,Other,7,0
Centro Especial de Empleo del IVASS SAU,Other,7,0
Comisionado para el Mercado de Tabacos,Other,7,0
Comisión Ejecutiva de la Fundación de la Comunitat Valenciana MARQ,Other,7,0
Comisión Ejecutiva del Consorcio de la Ruta del Vino de Rueda,Other,7,0
"Comité Central de Compras de Navantia S.A., S.M.E.",Software & Development,7,7
"Comité de Contratación de Aguas Municipalizadas de Alicante, Empresa Mixta",Software & Development,7,8
"Concejalía Delegada con competencias sectoriales en materia de Empleo, Comercio y Turismo del Ayuntamiento de Santa Cruz de Tenerife",Other,7,0
"Concejalía Delegada de la Presidencia de la Junta Municipal del Distrito nº 4, Bailén Miraflores del Ayuntamiento de Málaga",Other,7,0
"Concejalía Delegada de la Presidencia de la Junta Municipal del Distrito nº 6, Cruz de Humilladero del Ayuntamiento de Málaga",Other,7,0
Concejalía Delegada del Área de Medio Ambiente y Sostenibilidad del Ayuntamiento de Valladolid,Other,7,0
"Consejero Delegado de Aguas y Saneamientos de la Axarquía, S.A.U.",Other,7,0
"Consejero Delegado de Ingeniería de Sistemas para la Defensa de España S.A., S.M.E. y M.P.",Data & Analytics,7,0
"Consejería Delegada de GESTUR Canarias, S.A.",Other,7,0
"Consejería Delegada de la Sociedad para el Desarrollo Regional de Cantabria, S.A. (SODERCAN S.A.)",Software & Development,7,8
Consejería Insular de Área de Cooperación Municipal y Vivienda del Cabildo Insular de Tenerife,Other,7,0
Consejería con delegación en Sector Primario y Bienestar Animal del Cabildo Insular de Tenerife,Other,7,0
"Consejería de Agricultura, Ganadería y Medio Natural",Software & Development,7,7
"Consejería de Inclusión Social, Juventud, Familias e Igualdad de la Comunidad Autónoma de Cantabria",Software & Development,7,7
"Consejería de Medio Ambiente, Industria, Universidades, Investigación y Mar Menor de la Región de Murcia",Other,7,0
"Consejería de Política Territorial, Cohesión Territorial y Aguas de Canarias",Other,7,0
Consejería de Salud de la Comunidad Autónoma de Cantabria,Other,7,0
Consejería de Sanidad del Gobierno de Canarias,Software & Development,7,8
"Consejería delegada de ACOSOL, S.A.U.",Infrastructure & Hardware,7,7
Consejo Rector de la Gerencia Municipal de Urbanismo del Ayuntamiento de Málaga,Other,7,0
Consejo Rector del Instituto Municipal de Desarrollo Económico y Empleo de Córdoba,Software & Development,7,10
Consejo Rector del Patronato Deportivo Municipal de Siero,Other,7,0
Consejo de Administración de Aguas Municipales de Jávea S.A.U.,Other,7,0
"Consejo de Administración de ICEX España Exportación e Inversiones, E.P.E.",Data & Analytics,7,0
"Consejo de Administración de Limpieza de Torremolinos, S.A.",Other,7,0
"Consejo de Administración de Medio Ambiente, Agua, Residuos y Energía de Cantabria, S.A.(MARE S.A.)",Infrastructure & Hardware,7,1
"Consejo de Administración de Mercados Centrales de Abastecimiento de Tenerife S.A., Mercatenerife, S.A.",Other,7,0
"Consejo de Administración de Promoción Empresarial y Turística de Gijón, S.A.",Other,7,0
Consejo de Administración de Rehabilitaciones Urbanas Avilés S.A.U.,Other,7,0
Consejo de Administración de Residuos Sólidos Urbanos de Castilla La Mancha S.A.,Other,7,0
"Consejo de Administración de la Empresa Provincial Alicante Natura Red Ambiental de la Provincia de Alicante, S.A.",Infrastructure & Hardware,7,7
"Consejo de Administración de la Sociedad Municipal de Suelo y Vivienda de Valladolid, SLMP",Other,7,0
"Consejo de Administración de la Sociedad de Desarrollo La Curtidora, S.A.",Software & Development,7,7
"Consejo de Administración de la Sociedad de Promoción Económica de Gran Canaria, S.A.U.",Other,7,0
Consejo de Administración del Casino Playa de las Américas SA,Other,7,0
"Consejo de Administración del Parque Tecnológico de Fuerteventura S.A., M.P.",Other,7,0
Consejo de Administración del Puerto Deportivo de Benalmádena S.A.M.,Other,7,0
Consejo de la Mancomunidad de Desarrollo Turístico de Cameros,Software & Development,7,9
"Conselleria de Educación, Cultura y Deportes de la Generalitat Valenciana",Other,7,0
Consorci de Serveis Universitaris de Catalunya (CSUC),Infrastructure & Hardware,7,5
Consorci de Serveis Universitaris de Catalunya (CSUC),Software & Development,7,7
Consorcio de la Zona Franca de Barcelona,Software & Development,7,7
Delegación Provincial de la Consejería de Fomento en Toledo,Other,7,0
Departamento de Salud de Vinaroz. Dirección Económica-Gerencia,Other,7,0
Departamento de Sanidad,Software & Development,7,3
Diputado Delegado del Organismo Autónomo de Recaudación y Gestión Tributaria (O.A.R.),Other,7,0
Dirección Ejecutiva de la Agencia Española de Seguridad Alimentaria y Nutrición,Software & Development,7,7
Dirección General de Agenda Urbana y Arquitectura,Other,7,0
Dirección General de Derechos de la Infancia y de la Adolescencia,Other,7,0
Dirección General de Promoción Institucional de la Junta de Comunidades de Castilla-La Mancha,Other,7,0
Dirección General de Racionalización y Centralización de la Contratación-Junta de Contratación Centralizada,AI & Machine Learning,7,12
"Dirección General de Servicios e Inspección del Ministerio de Agricultura, Pesca y Alimentación",Other,7,0
Dirección General de Transformación Digital de los Servicios Públicos,Other,7,0
Dirección General de la Entidad Pública Empresarial RED.ES,Cloud,7,12
Dirección General de la Entidad Pública Empresarial RED.ES,Software & Development,7,15
Dirección General de la Fundación EOI,Software & Development,7,10
Dirección General de la Societat Anònima de Mitjans de Comunicació de la Comunitat Valenciana,Other,7,0
"Dirección General del Gran Telescopio de Canarias, S.A.",Other,7,0
Dirección General del Sector Ferroviario,Other,7,0
Dirección General para la Eficiencia del Servicio Público de Justicia,Other,7,0
"Dirección Gerencia de la Fundación La Laboral, Centro de Arte, Creación Industrial y Promoción Cultural",Other,7,0
"Dirección Gerente de Teidagua, S.A.",Other,7,0
Dirección Gerente del Centro de Recuperación de Personas con Discapacidad Física (IMSERSO) Cádiz,Other,7,0
Dirección Provincial del Ministerio de Educación y Formación Profesional en Ceuta,Other,7,0
Dirección de Barcelona Supercomputing Center - Centro Nacional de Supercomputación (BSC-CNS),Software & Development,7,7
Dirección de la Agencia Estatal de Seguridad Ferroviaria,Other,7,0
Dirección de la Agencia Tributaria Canaria,Other,7,0
Dirección del Centro Asociado de la UNED en Pontevedra - C,Other,7,0
Dirección del Centro Nacional de Experimentación de Tecnologías de Hidrógeno y Pilas de Combustible,Other,7,0
Dirección del Centro Penitenciario de Preventivos de Ceuta,Other,7,0
Dirección del Centro de Estudios Jurídicos O.A.,Other,7,0
"Dirección del Centro de Referencia de Investigación, Desarrollo e Innovación ATM, A.I.E. (CRIDA, AIE)",Software & Development,7,9
Dirección del Consorcio Universitario del Centro Asociado de la UNED en Jaén,Other,7,0
Dirección del Instituto Cervantes,Other,7,0
Dirección del Instituto Cervantes,Software & Development,7,6
Dirección del Parc Cientific Universitat de València,Other,7,0
Dirección del Servicio de Gestión Económica de la Agencia Estatal de la Administración Tributaria,Software & Development,7,9
Director Gerente de FREMAP,Infrastructure & Hardware,7,6
Director Gerente de Mutua Intercomarcal MATEPSS Nº 39,Software & Development,7,3
Distrito de Fuencarral-El Pardo,Software & Development,7,7
FUNDACIÓ DEL GRAN TEATRE DEL LICEU,Software & Development,7,12
Fons de Garantia Agrària i Pesquera de les Illes Balears - FOGAIBA,Software & Development,7,7
Fundació Banc de Sang i Teixits de les Illes Balears,Software & Development,7,4
Fundación del Sector Público Estatal Centro Nacional de Investigaciones Oncológicas Carlos III,Software & Development,7,7
Gerencia de Atención Integrada de Tomelloso,Other,7,0
"Gerencia de Cementerios y Servicios Funerarios Municipales de Córdoba, S.A. (CECOSAM, S.A.)",Other,7,0
"Gerencia de Sermubeniel, S.A.",Other,7,0
Gerencia de Transportes Interurbanos de Tenerife S.A.U.,Infrastructure & Hardware,7,2
Gerencia de la Empresa Municipal Autobuses de Córdoba S.A. (AUCORSA),Infrastructure & Hardware,7,1
Gerencia de la Empresa Municipal de Transportes Urbanos de Gijón SA (EMTUSA),Other,7,0
Gerencia de la Entidad Pública de Saneamiento de Aguas Residuales de la Comunidad Valenciana,Infrastructure & Hardware,7,1
Gerencia de la Entidad Pública de Saneamiento de Aguas Residuales de la Comunidad Valenciana,Other,7,0
Gerencia de la S.A.M. Actuaciones Urbanas de Valencia,Other,7,0
Gerencia de la Sociedad Provincial de Informática de Sevilla S.A.U.,Software & Development,7,7
"Gerencia del Instituto Volcanológico de Canarias, S.A.U.",Other,7,0
Gerencia del Área Sanitaria VI del Servicio de Salud del Principado de Asturias,Other,7,0
Hospital La Magdalena. Dirección Económica-Gerencia,Other,7,0
INSS-Dirección provincial de Alicante,Other,7,0
INSS-Dirección provincial de Asturias,Other,7,0
INSS-Dirección provincial de Barcelona,Other,7,0
INSS-Dirección provincial de Córdoba,Other,7,0
INSS-Dirección provincial de Madrid,Other,7,0
IZFE - Sociedad Foral de Servicios Informáticos - IZFE - Sociedad Foral de Servicios Informáticos,Software & Development,7,10
Instituto Aragonés de Fomento (IAF),Other,7,0
Instituto Social de la Marina,Other,7,0
Instituto Social de la Marina -Dirección Provincial de Alicante,Other,7,0
Instituto Social de la Marina -Dirección Provincial de Baleares,Other,7,0
Instituto Social de la Marina -Dirección Provincial de Barcelona,Other,7,0
Instituto Social de la Marina -Dirección Provincial de Sevilla,Other,7,0
Instituto de la Juventud de Extremadura,Other,7,0
Intendente de Rota,Software & Development,7,7
Intendente de San Fernando,Infrastructure & Hardware,7,4
Jefatura de la Sección de Gestión Económico-Administrativa de la Dirección de Asuntos Económicos,Other,7,0
Junga de Gobierno del Ayuntamiento de Mugardos,Other,7,0
Junta Directiva de la Asociación para el Desarrollo Integrado del Territorio Montes Toledanos,Software & Development,7,7
Junta General de la Mancomunidad Intermunicipal de Servicios Los Pinares,Other,7,0
Junta Rectora del Patronato Municipal de Deportes de Ciudad Real,Other,7,0
Junta de Contratación de la Secretaría de Estado de Justicia,Software & Development,7,8
Junta de Gobierno Local de Ayuntamiento de Monturque,Other,7,0
Junta de Gobierno Local de la Mancomunidad Guadalquivir,Other,7,0
Junta de Gobierno Local del Ayuntamiento de Aielo de Malferit,Other,7,0
Junta de Gobierno Local del Ayuntamiento de Albuixech,Other,7,0
Junta de Gobierno Local del Ayuntamiento de Alcantarilla,Other,7,0
Junta de Gobierno Local del Ayuntamiento de Ares,Other,7,0
Junta de Gobierno Local del Ayuntamiento de Carucedo,Other,7,0
Junta de Gobierno Local del Ayuntamiento de Ciudad Rodrigo,Other,7,0
Junta de Gobierno Local del Ayuntamiento de Collado Mediano,Other,7,0
Junta de Gobierno Local del Ayuntamiento de El Burgo de Ebro,Other,7,0
Junta de Gobierno Local del Ayuntamiento de Gondomar,Other,7,0
Junta de Gobierno Local del Ayuntamiento de La Vilavella,Other,7,0
Junta de Gobierno Local del Ayuntamiento de Miño,Other,7,0
Junta de Gobierno Local del Ayuntamiento de Museros,Other,7,0
Junta de Gobierno Local del Ayuntamiento de Ocaña,Other,7,0
Junta de Gobierno Local del Ayuntamiento de Pedrezuela,Other,7,0
Junta de Gobierno Local del Ayuntamiento de Pollença,Other,7,0
Junta de Gobierno Local del Ayuntamiento de Pontevedra,Infrastructure & Hardware,7,9
Junta de Gobierno Local del Ayuntamiento de Ulea,Other,7,0
Junta de Gobierno Local del Ayuntamiento de Vélez de Benaudalla,Other,7,0
Junta de Gobierno Local del Concello de Mos,Other,7,0
Junta de Gobierno de la Diputación Provincial de León,Software & Development,7,7
Junta de Gobierno del Ayuntamiento de Alberite,Other,7,0
Junta de Gobierno del Ayuntamiento de Alcoy,Software & Development,7,4
Junta de Gobierno del Ayuntamiento de Alfacar,Other,7,0
Junta de Gobierno del Ayuntamiento de Almonte,Software & Development,7,8
Junta de Gobierno del Ayuntamiento de Almàssera,Other,7,0
Junta de Gobierno del Ayuntamiento de Benidorm,Software & Development,7,13
Junta de Gobierno del Ayuntamiento de Benigànim,Other,7,0
Junta de Gobierno del Ayuntamiento de Betxí,Other,7,0
Junta de Gobierno del Ayuntamiento de Biar,Other,7,0
Junta de Gobierno del Ayuntamiento de Castellón de la Plana,Software & Development,7,6
Junta de Gobierno del Ayuntamiento de Chapinería,Other,7,0
Junta de Gobierno del Ayuntamiento de Chiclana de la Frontera,Software & Development,7,5
Junta de Gobierno del Ayuntamiento de Fabero,Other,7,0
Junta de Gobierno del Ayuntamiento de Guardo,Other,7,0
Junta de Gobierno del Ayuntamiento de La Pobla de Farnals,Other,7,0
Junta de Gobierno del Ayuntamiento de Las Palmas de Gran Canaria,Other,7,0
Junta de Gobierno del Ayuntamiento de Moraleja de Enmedio,Other,7,0
Junta de Gobierno del Ayuntamiento de Murcia,Infrastructure & Hardware,7,4
Junta de Gobierno del Ayuntamiento de Navarrete,Other,7,0
Junta de Gobierno del Ayuntamiento de Valdoviño,Other,7,0
Junta de Govern de la Mancomunitat Circuit Cultural Comarcal de la Marina Alta,Other,7,0
Mesa de la Asamblea de Madrid,Other,7,0
Mesa del Parlamento de Canarias,Software & Development,7,3
Pleno del Ayuntamiento de Llucmajor,Other,7,0
Pleno del Ayuntamiento de Quintana Redonda,Other,7,0
Pleno del Ayuntamiento de Utrera,Other,7,0
Pleno del Ayuntamiento de Valdemanco,Other,7,0
Presidencia de Valora Gestión Tributaria,Other,7,0
Presidencia de la AECT Pirineos-Pyrénées,Other,7,0
Presidencia de la Comarca Hoya de Huesca - Plana de Uesca,Other,7,0
Presidencia de la Comarca de Cuencas Mineras,Other,7,0
Presidencia de la Comarca de Jiloca,Other,7,0
Presidencia de la Comarca de la Comunidad de Calatayud,Other,7,0
Presidencia de la Diputación Provincial de Castellón,Software & Development,7,5
Presidencia de la Diputación Provincial de Soria,Software & Development,7,7
Presidencia de la Diputación Provincial de Valencia,Infrastructure & Hardware,7,4
Presidencia de la Diputación Provincial de Valladolid,Software & Development,7,9
Presidencia de la Fundación Canaria Tenerife Rural,Other,7,0
Presidencia de la Mancomunidad MISECAM,Other,7,0
Presidencia de la Mancomunidad Ribera Izquierda del Ebro,Other,7,0
Presidencia de la Mancomunidad de Desarrollo Condado de Huelva,Software & Development,7,7
Presidencia de la Mancomunidad de Liébana y Peñarrubia,Other,7,0
Presidencia de la Mancomunidad de Municipios de la Sierra de Cádiz,Other,7,0
Presidencia de la Mancomunidade do Salnés,Other,7,0
Presidencia de la Mancomunitat de Municipis de la Safor,Other,7,0
Presidencia de la Mancomunitat de la Ribera Alta,Other,7,0
Presidencia del Cabildo Insular de La Gomera,Software & Development,7,7
"Presidencia del Consejo de Administración de Aguas del Torcal, S.A.",Other,7,0
Presidencia del Consejo de Administración de la Autoridad Portuaria de Barcelona (PORT DE BARCELONA),Data & Analytics,7,12
"Presidencia del Consejo de Administración de la Empresa Provincial de Residuos y Medio Ambiente, S.A.",Other,7,0
Presidencia del Consell Jurídic Consultiu de la Comunitat Valenciana,Other,7,0
Presidencia del Consell Valencià de Cultura,Other,7,0
Presidencia del Instituto Municipal de Dinamización Ciudadana del Ayuntamiento de Mairena del Aljarafe,Other,7,0
Presidencia del Instituto Municipal de Empleo y Formación Empresarial (IMEFE),Other,7,0
Presidencia del Patronato Municipal de Asuntos Sociales de Jaén,Other,7,0
Presidencia del Patronato Municipal de Deportes de Fuenlabrada,Other,7,0
Presidente de la Entidad Local Menor El Perelló,Other,7,0
Presidència de la Fundació Institut Socioeducatiu s'Estel,Other,7,0
Rectorado de la Universidad Politécnica de Madrid,Infrastructure & Hardware,7,2
Rectorado de la Universidad de Murcia,Software & Development,7,2
Rectorado de la Universidad de les Illes Balears,Infrastructure & Hardware,7,5
Secretaría General de la Agencia Estatal Consejo Superior de Investigaciones Científicas,Cloud,7,0
Secretaría General de la Consejería de Fomento de la Junta de Comunidades de Castilla-La Mancha,Infrastructure & Hardware,7,7
"Secretaría General de la Consejería de Hacienda, Administraciones Públicas y Transformación Digital de la Junta de Comunidades de Castilla-La Mancha",Cloud,7,15
Secretaría General de las Cortes de Castilla-La Mancha,Other,7,0
Servicio Andaluz de Salud. Hospital Regional Universitario de Málaga,Other,7,0
Servicio de Emergencias de Cantabria,Other,7,0
Servicio de Salud - Servicios Centrales,Infrastructure & Hardware,7,4
Servicio de Salud - Servicios Centrales,Software & Development,7,6
Sindicatura de Comptes de la Comunitat Valenciana,Infrastructure & Hardware,7,1
Sindicatura de Comptes de la Comunitat Valenciana,Other,7,0
"Sociedad Aragonesa de Gestión Agroambiental, S.L.U. (SARGA)",Software & Development,7,4
Sociedad de Desarrollo de la Matanza de Acentejo S.A.,Software & Development,7,7
Subdirección General de Obras y Patrimonio,Other,7,0
Síndic de Greuges de la Comunitat Valenciana,Infrastructure & Hardware,7,0
TGSS-Dirección provincial de Asturias,Other,7,0
TGSS-Dirección provincial de Cuenca,Other,7,0
TGSS-Dirección provincial de Málaga,Other,7,0
TGSS-Dirección provincial de Pontevedra,Other,7,0
TGSS-Dirección provincial de Ávila,Other,7,0
Viceconsejería de Derechos Sociales,Software & Development,7,10
Viceconsejería de la Presidencia del Gobierno de Canarias,Other,7,0
"Vicepresidencia de ICODEM, S.A.",Other,7,0
Vicepresidencia de Tea Tenerife Espacio de las Artes,Other,7,0
"Vicepresidencia de la Sociedad Municipal Zaragoza Cultural, S.A.U.",Other,7,0
Vicepresidencia del Patronato de Turismo de Fuerteventura,Other,7,0
"Área de Gobierno de Economía, Innovación y Hacienda del Ayuntamiento de Madrid",Infrastructure & Hardware,7,7
Órgano de Contratación de la Ciudad Autónoma de Ceuta,Software & Development,7,5
Órganos Directivos del Ayuntamiento de Sevilla,Infrastructure & Hardware,7,4
AGENCIA PARA LA ADMINISTRACIÓN DIGITAL DE LA COMUNIDAD DE MADRID,Software & Development,6,7
ALCALDIA DEL AYUNTAMIENTO DE LA LASTRILLA,Other,6,0
ALCALDÍA DEL AYUNTAMIENTO DE A PASTORIZA,Other,6,0
ALCALDÍA DEL AYUNTAMIENTO DE TORREMAYOR,Other,6,0
Academia de Cabos y Guardias de la Guardia Civil,Other,6,0
Aena. Dirección del Aeropuerto Adolfo Suárez Madrid-Barajas,Infrastructure & Hardware,6,3
Aena. Dirección del Aeropuerto de La Palma,Infrastructure & Hardware,6,0
Aena. Presidencia. Consejero Delegado,Software & Development,6,5
Alcalde - Presidente del Ayuntamiento de Magallón,Other,6,0
Alcalde del Ayuntamiento de Ateca,Other,6,0
Alcalde del Ayuntamiento de Cariñena,Other,6,0
Alcalde del Ayuntamiento de Morata de Jalón,Other,6,0
Alcaldia del Ayuntamiento de Beas,Other,6,0
Alcaldia del Ayuntamiento de Becerril de la Sierra,Other,6,0
Alcaldia del Ayuntamiento de Mogán,Software & Development,6,4
Alcaldia del Ayuntamiento de Orellana La Vieja,Other,6,0
Alcaldia del Ayuntamiento de Palma del Río,Infrastructure & Hardware,6,4
Alcaldia del Ayuntamiento de Pilas,Other,6,0
Alcaldia del Ayuntamiento de Rus,Other,6,0
Alcaldia del Ayuntamiento de Santa Elena,Other,6,0
Alcaldia del Ayuntamiento de Toral de los Vados,Other,6,0
Alcaldía de Ayuntamiento de Doña Mencía,Other,6,0
Alcaldía de Ayuntamiento de Hornachuelos,Other,6,0
Alcaldía del Ajuntament d'Esporles,Other,6,0
Alcaldía del Ajuntament de La Serratella,Other,6,0
Alcaldía del Ayuntamiento El Real de Gandia,Other,6,0
Alcaldía del Ayuntamiento de Aceuchal,Other,6,0
Alcaldía del Ayuntamiento de Alba de Tormes,Other,6,0
Alcaldía del Ayuntamiento de Albalat dels Sorells,Other,6,0
Alcaldía del Ayuntamiento de Alcalá del Río,Cloud,6,6
Alcaldía del Ayuntamiento de Algeciras,Infrastructure & Hardware,6,5
Alcaldía del Ayuntamiento de Almaraz,Other,6,0
Alcaldía del Ayuntamiento de Almogía,Other,6,0
Alcaldía del Ayuntamiento de Alpandeire,Other,6,0
Alcaldía del Ayuntamiento de Altura,Other,6,0
Alcaldía del Ayuntamiento de Ambite,Other,6,0
Alcaldía del Ayuntamiento de Arnuero,Other,6,0
Alcaldía del Ayuntamiento de Arrúbal,Other,6,0
Alcaldía del Ayuntamiento de Arévalo,Other,6,0
Alcaldía del Ayuntamiento de Astillero,Software & Development,6,6
Alcaldía del Ayuntamiento de Aznalcóllar,Other,6,0
Alcaldía del Ayuntamiento de Azuqueca de Henares,Software & Development,6,4
Alcaldía del Ayuntamiento de Banyeres de Mariola,Other,6,0
Alcaldía del Ayuntamiento de Barruelo de Santullán,Other,6,0
Alcaldía del Ayuntamiento de Beas de Segura,Other,6,0
Alcaldía del Ayuntamiento de Benasque,Other,6,0
Alcaldía del Ayuntamiento de Bodonal de la Sierra,Other,6,0
Alcaldía del Ayuntamiento de Boecillo,Other,6,0
Alcaldía del Ayuntamiento de Buitrago del Lozoya,Other,6,0
Alcaldía del Ayuntamiento de Bunyola,Other,6,0
Alcaldía del Ayuntamiento de Burguillos del Cerro,Other,6,0
Alcaldía del Ayuntamiento de Cabezón de Liébana,Other,6,0
Alcaldía del Ayuntamiento de Canjáyar,Other,6,0
Alcaldía del Ayuntamiento de Cartes,Other,6,0
Alcaldía del Ayuntamiento de Casabermeja,Other,6,0
Alcaldía del Ayuntamiento de Casarabonela,Other,6,0
Alcaldía del Ayuntamiento de Castilblanco de los Arroyos,Other,6,0
Alcaldía del Ayuntamiento de Cee,Other,6,0
Alcaldía del Ayuntamiento de Cella,Other,6,0
Alcaldía del Ayuntamiento de Cervera del Río Alhama,Other,6,0
Alcaldía del Ayuntamiento de Chimeneas,Other,6,0
Alcaldía del Ayuntamiento de Churriana de la Vega,Other,6,0
Alcaldía del Ayuntamiento de Cifuentes,Other,6,0
Alcaldía del Ayuntamiento de Cogollos de la Vega,Other,6,0
Alcaldía del Ayuntamiento de Coirós,Other,6,0
Alcaldía del Ayuntamiento de Colunga,Other,6,0
Alcaldía del Ayuntamiento de Comares,Other,6,0
Alcaldía del Ayuntamiento de Cuevas de San Marcos,Other,6,0
Alcaldía del Ayuntamiento de El Almendro,Other,6,0
Alcaldía del Ayuntamiento de El Carpio,Other,6,0
Alcaldía del Ayuntamiento de El Tanque,Other,6,0
Alcaldía del Ayuntamiento de El Villar de Arnedo,Other,6,0
Alcaldía del Ayuntamiento de Escalona,Other,6,0
Alcaldía del Ayuntamiento de Fontanar,Other,6,0
Alcaldía del Ayuntamiento de Fuencaliente de la Palma,Other,6,0
Alcaldía del Ayuntamiento de Gualchos,Other,6,0
Alcaldía del Ayuntamiento de Guarromán,Other,6,0
Alcaldía del Ayuntamiento de Hinojosa del Duque,Other,6,0
Alcaldía del Ayuntamiento de Horche,Other,6,0
Alcaldía del Ayuntamiento de Humilladero,Other,6,0
Alcaldía del Ayuntamiento de Huéneja,Other,6,0
Alcaldía del Ayuntamiento de Ibias,Other,6,0
Alcaldía del Ayuntamiento de Isla Mayor,Other,6,0
Alcaldía del Ayuntamiento de Jamilena,Other,6,0
Alcaldía del Ayuntamiento de Jerez de los Caballeros,Other,6,0
Alcaldía del Ayuntamiento de Jimena,Other,6,0
Alcaldía del Ayuntamiento de La Campana,Other,6,0
Alcaldía del Ayuntamiento de La Guancha,Other,6,0
Alcaldía del Ayuntamiento de La Puebla de Híjar,Other,6,0
Alcaldía del Ayuntamiento de Las Palmas de Gran Canaria,Infrastructure & Hardware,6,4
Alcaldía del Ayuntamiento de Ledaña,Other,6,0
Alcaldía del Ayuntamiento de Les Coves de Vinromà,Other,6,0
Alcaldía del Ayuntamiento de Logrosán,Other,6,0
Alcaldía del Ayuntamiento de Lucena,Software & Development,6,6
Alcaldía del Ayuntamiento de Lécera,Other,6,0
Alcaldía del Ayuntamiento de Macastre,Other,6,0
Alcaldía del Ayuntamiento de Manises,Software & Development,6,2
Alcaldía del Ayuntamiento de Mieres,Other,6,0
Alcaldía del Ayuntamiento de Minas de Riotinto,Other,6,0
Alcaldía del Ayuntamiento de Miraflores de la Sierra,Other,6,0
Alcaldía del Ayuntamiento de Monesterio,Other,6,0
Alcaldía del Ayuntamiento de Montecorto,Other,6,0
Alcaldía del Ayuntamiento de Muel,Other,6,0
Alcaldía del Ayuntamiento de Navas del Rey,Other,6,0
Alcaldía del Ayuntamiento de Noalejo,Other,6,0
Alcaldía del Ayuntamiento de Oliva de Mérida,Other,6,0
Alcaldía del Ayuntamiento de Olivenza,Other,6,0
Alcaldía del Ayuntamiento de Orcera,Other,6,0
Alcaldía del Ayuntamiento de Palas de Rei,Other,6,0
Alcaldía del Ayuntamiento de Palma de Gandía,Other,6,0
Alcaldía del Ayuntamiento de Panticosa,Other,6,0
Alcaldía del Ayuntamiento de Paymogo,Other,6,0
Alcaldía del Ayuntamiento de Peñafiel,Other,6,0
Alcaldía del Ayuntamiento de Pinseque,Other,6,0
Alcaldía del Ayuntamiento de Pliego,Other,6,0
Alcaldía del Ayuntamiento de Porreres,Other,6,0
Alcaldía del Ayuntamiento de Portell de Morella,Other,6,0
Alcaldía del Ayuntamiento de Pruna,Other,6,0
Alcaldía del Ayuntamiento de Puerto Serrano,Other,6,0
Alcaldía del Ayuntamiento de Puntagorda,Other,6,0
Alcaldía del Ayuntamiento de Rascafría,Other,6,0
Alcaldía del Ayuntamiento de Relleu,Other,6,0
Alcaldía del Ayuntamiento de Ribadumia,Other,6,0
Alcaldía del Ayuntamiento de Salar,Other,6,0
Alcaldía del Ayuntamiento de San Juan del Puerto,Other,6,0
Alcaldía del Ayuntamiento de San Miguel de Salinas,Software & Development,6,5
Alcaldía del Ayuntamiento de Santa Amalia,Other,6,0
Alcaldía del Ayuntamiento de Santiago del Teide,Infrastructure & Hardware,6,2
Alcaldía del Ayuntamiento de Santiago-Pontones,Other,6,0
Alcaldía del Ayuntamiento de Santisteban del Puerto,Other,6,0
Alcaldía del Ayuntamiento de Serrato,Other,6,0
Alcaldía del Ayuntamiento de Ses Salines,Other,6,0
Alcaldía del Ayuntamiento de Siles,Other,6,0
Alcaldía del Ayuntamiento de Siruela,Other,6,0
Alcaldía del Ayuntamiento de Tabernas,Other,6,0
Alcaldía del Ayuntamiento de Teverga,Other,6,0
Alcaldía del Ayuntamiento de Tibi,Other,6,0
Alcaldía del Ayuntamiento de Torre de Miguel Sesmero,Other,6,0
Alcaldía del Ayuntamiento de Torrenueva,Other,6,0
Alcaldía del Ayuntamiento de Tuéjar,Other,6,0
Alcaldía del Ayuntamiento de Valencia de Alcántara,Other,6,0
Alcaldía del Ayuntamiento de Valoria la Buena,Other,6,0
Alcaldía del Ayuntamiento de Vedra,Other,6,0
Alcaldía del Ayuntamiento de Villa de Garafía,Other,6,0
Alcaldía del Ayuntamiento de Villa del Río,Other,6,0
Alcaldía del Ayuntamiento de Villagonzalo Pedernales,Other,6,0
Alcaldía del Ayuntamiento de Villamanta,Other,6,0
Alcaldía del Ayuntamiento de Villamanín,Other,6,0
Alcaldía del Ayuntamiento de Villamuriel de Cerrato,Other,6,0
Alcaldía del Ayuntamiento de Villanueva de la Cañada,Software & Development,6,4
Alcaldía del Ayuntamiento de Villanueva del Río y Minas,Other,6,0
Alcaldía del Ayuntamiento de Villargordo del Cabriel,Other,6,0
Alcaldía del Ayuntamiento de Villarrasa,Other,6,0
Alcaldía del Ayuntamiento de Zamora,Infrastructure & Hardware,6,1
Alcaldía del Ayuntamiento de Zújar,Other,6,0
Alcaldía del Concello de Caldas de Reis,Other,6,0
Alcaldía-Presidencia del Ayuntamiento de Balanegra,Other,6,0
"Apoderado Mancomunado de Aigües de Sagunt, S.A.",Infrastructure & Hardware,6,6
Augas de Galicia,Other,6,0
Casa de S.M. el Rey,Other,6,0
Comandancia Guardia Civil de Almería,Other,6,0
Comandancia Guardia Civil de Cáceres,Other,6,0
Comandancia Guardia Civil de Valencia,Other,6,0
Comisión Ejecutiva de Gestión Integral del Agua de Huelva,Software & Development,6,2
Comisión Ejecutiva de Mercados Centrales de Abastecimiento de Sevilla S.A. (MERCASEVILLA S.A.),Other,6,0
"Comisión de Contratación de la Sociedad Estatal Loterías y Apuestas del Estado, S.M.E., S.A.",Infrastructure & Hardware,6,5
Comisión de Gobierno de la Mancomunidad de Servicios Sociales y Mujer La Maliciosa,Other,6,0
"Compañía Española de Tabaco en Rama, S.A. (CETARSA)",Other,6,0
Concejal Presidente del Tagoror del Distrito Centro Ifara del Ayuntamiento de Santa Cruz de Tenerife,Other,6,0
Concejal de Contratación del Ilustre Ayuntamiento de Vega de San Mateo,Other,6,0
Concejalía Delegada de Contratación del Ayuntamiento de Mijas,Software & Development,6,6
"Concejalía Delegada de Seguridad Ciudadana, Emergencias, Bomberos, Policía y Protección Civil del Ayuntamiento de Burgos",Other,6,0
"Concejalía Delegada de la Presidencia de la Junta Municipal del Distrito nº 9, Campanillas del Ayuntamiento de Málaga",Other,6,0
Concejalía Delegada del Área Específica de Deporte del Ayuntamiento de Málaga,Other,6,0
"Concejalía Delegada del Área Específica de Innovación, Digitalización Urbana, Promoción de la Inversión Tecnológica y Empresarial y Captación de Inversiones del Ayuntamiento de Málaga",Other,6,0
"Concejalía Delegada del Área Específica de Innovación, Digitalización Urbana, Promoción de la Inversión Tecnológica y Empresarial y Captación de Inversiones del Ayuntamiento de Málaga",Software & Development,6,5
Concejalía de Patrimonio del Ayuntamiento de Cartagena,Other,6,0
"Consejera de Nous Espais Torrens SA, M.P. del Ayuntamiento de Torrent",Other,6,0
"Consejeria de Fomento, Articulacion del Territorio y Vivienda",Other,6,0
Consejero Delegado de Viviendas del Principado de Asturias S.A.,Other,6,0
"Consejero de Área Insular de Cultura, Patrimonio Cultural e Innovación del Cabildo Insular de Fuerteventura",Other,6,0
Consejería Delegada Inmobiliaria Municipal de Badajoz S.A.,Other,6,0
"Consejería Delegada de Servicios Informáticos Local de Menorca, S.A.",Software & Development,6,0
"Consejería Insular de Acción Social, Inclusión, Voluntariado y Participación Ciudadana del Cabildo Insular de Tenerife",Other,6,0
Consejería con delegación en Deportes del Cabildo Insular de Tenerife,Other,6,0
"Consejería de Economía, Empleo y Transformación Digital",Infrastructure & Hardware,6,4
"Consejería de Economía, Hacienda, Financiación Autonómica y Fondos Europeos de la Comunidad Autónoma de Cantabria",Other,6,0
"Consejería de Economía, Hacienda, Portavocía, Fondos Europeos y Transformación Digital de la Región de Murcia",Software & Development,6,6
Consejería de Educación de la Junta de Castilla y León,Infrastructure & Hardware,6,2
"Consejería de Educación, Formación Profesional y Universidades del Gobierno de Cantabria",Software & Development,6,4
"Consejería de Familia, Juventud y Asuntos Sociales",Other,6,0
"Consejería de Fomento, Vivienda, Ordenación del Territorio y Medio Ambiente de la Comunidad Autónoma de Cantabria",Software & Development,6,6
Consejería de Gobierno de Presidencia y Movilidad Sostenible del Cabildo de Gran Canaria,Infrastructure & Hardware,6,2
Consejería de Hacienda de la Ciudad Autónoma de Melilla,Data & Analytics,6,8
"Consejería de Presidencia, Interior y Diálogo Social",Other,6,0
"Consejería de Presidencia, Justicia, Seguridad y Simplificación Administrativa de la Comunidad Autónoma de Cantabria",Software & Development,6,8
Consejería de Servicios Sociales,Other,6,0
"Consejería de Trabajo, Función Pública y Diálogo Social de las Illes Balears",Other,6,0
Consejo Ejecutivo del Consejo Insular de Mallorca,Infrastructure & Hardware,6,6
Consejo General del Poder Judicial,Infrastructure & Hardware,6,4
Consejo Rector de Visitelche Organismo Autónomo Local de Turismo del Ayuntamiento de Elche,Other,6,0
Consejo Rector de la Gerencia Municipal de Urbanismo del Ayuntamiento de Córdoba,Other,6,0
"Consejo Rector del Instituto de Fomento, Empleo y Formación de la Ciudad de Cádiz - Ayuntamiento de Cádiz",Software & Development,6,6
Consejo de Administración de Aigües Municipals de Paterna S.A.,Other,6,0
Consejo de Administración de Grupo Energético de Puerto Real S.A.,Other,6,0
"Consejo de Administración de Mercados Centrales de Abastecimiento de Las Palmas S.A. S.M.E. (MERCALASPALMAS, S.A. S.M.E.)",Other,6,0
Consejo de Administración de la Empresa Municipal Saneamientos de Córdoba S.A. (SADECO),Software & Development,6,5
"Consejo de Administración de la Empresa Municipal de Transportes de Valencia, S.A.U.",Software & Development,6,5
Consejo de Administración de la Entidad Pública Empresarial Local Agua de Valladolid,Infrastructure & Hardware,6,4
"Consejo de Administración de la Sociedad Estatal Loterías y Apuestas del ESTADO, S.M.E., S.A.",Software & Development,6,9
Consorcio Hospital General Universitario de Valencia,Software & Development,6,9
Consorcio Regional de Transportes de Madrid,Software & Development,6,11
Consorcio de Transportes de Mallorca,Software & Development,6,3
DIPUTACIÓN DE BARCELONA,Other,6,0
Delegación Especial de la Agencia Estatal de Administración Tributaria en Murcia,Other,6,0
Delegación Especial de la Agencia Estatal de la Administración Tributaria en Cantabria,Other,6,0
Delegación Especial de la Agencia Tributaria en el País Vasco,Other,6,0
Delegación Provincial de la Consejería de Bienestar Social en Albacete,Other,6,0
Delegación del Gobierno en Illes Balears,Other,6,0
Departamento de Sanidad,Other,6,0
Diputación Foral de Gipuzkoa - Departamento de Infraestructuras Viarias y Estrategia Territorial,Other,6,0
Diputación Foral de Álava - Departamento de Movilidad Sostenible e Infraestructuras Viarias,Other,6,0
"Dirección General de Emergencias de la Consejería de Política Territorial, Cohesión Territorial y Seguridad del Gobierno de Canarias",Other,6,0
Dirección General de Formación Profesional y Enseñanzas de Régimen Especial de la Comunidad Autónoma de Canarias,Other,6,0
"Dirección General de IBERMUTUA, Mutua Colaboradora con la Seguridad Social nº 274",Cloud,6,9
Dirección General de Protección Civil y Emergencias,Other,6,0
"Dirección General de la Sociedad de Proyectos para la Transformación Digital, SAU",Infrastructure & Hardware,6,6
Dirección General del Instituto Valenciano de Servicios Sociales (IVASS),Infrastructure & Hardware,6,2
Dirección General del Instituto de Mayores y Servicios Sociales,Other,6,0
Dirección General del Medio Natural de Canarias,Other,6,0
Dirección Gerente de Aguas de Jumilla S.A.,Other,6,0
"Dirección Gerente de Aguas de Lorca, S.A.",Software & Development,6,4
Dirección Territorial de Instituto de Mayores y Servicios Sociales (IMSERSO) en Melilla,Other,6,0
Dirección de la Agencia Espacial Española,Other,6,0
Dirección de la Agencia Estatal Comisión Española para la Lucha Antidopaje en el Deporte (CELAD),Other,6,0
Dirección de la Sociedad de Salvamento y Seguridad Marítima,Software & Development,6,6
Dirección del Centro Penitenciario Las Palmas II,Other,6,0
Dirección del Centro de Investigaciones Científicas y Tecnológicas de Extremadura (CICYTEX),Other,6,0
Dirección del Centro de Transfusión de la Comunitat Valenciana,Other,6,0
Dirección del Consorcio Ciudad Monumental de Mérida,Other,6,0
Dirección del Instituto Canario de Administración Pública,Other,6,0
Dirección del Instituto Nacional de Gestión Sanitaria (INGESA),Software & Development,6,8
Dirección del Organismo Autónomo Insular de Gestión Tributaria del Cabildo de Lanzarote,Other,6,0
Dirección del Organismo Autónomo Provincial de Gestión Tributaria de Toledo,Other,6,0
Dirección del Servicio de Gestión Económica de la Agencia Estatal de la Administración Tributaria,Infrastructure & Hardware,6,3
"Director Gerente de la Sociedad Municipal de Viviendas de Málaga, S.L.",Other,6,0
División Económica y Técnica (Cuerpo Nacional de Policía),Infrastructure & Hardware,6,2
División de Asuntos Generales y Oficialía Mayor,Other,6,0
"EJIE, S.A. - Sociedad Informática del Gobierno Vasco - EJIE-Sociedad Informática del Gobierno Vasco",Cybersecurity,6,9
"EJIE, S.A. - Sociedad Informática del Gobierno Vasco - EJIE-Sociedad Informática del Gobierno Vasco",Infrastructure & Hardware,6,6
"ENUSA Industrias Avanzadas S.A., S.M.E.",Infrastructure & Hardware,6,3
"Empresa Provincial de Informática, S.A.",Infrastructure & Hardware,6,3
Ente Público de Radiotelevisión de las Illes Balears,Software & Development,6,6
Ente Público de Servicios Tributarios del Principado de Asturias,Other,6,0
Euskal Trenbide Sarea - ETS - Euskal Trenbide Sarea,Software & Development,6,7
"Ferrocarril Metropolità de Barcelona, SA",Other,6,0
Ferrocarrils de la Generalitat de Catalunya,Infrastructure & Hardware,6,6
Fundación BiscayTIK - Fundación BiscayTIK,Software & Development,6,9
"Fundación Estatal, Salud, Infancia y Bienestar Social, F.S.P.",Other,6,0
Fundación del Centro Supercomputación de Castilla y León,Infrastructure & Hardware,6,3
Fábrica Nacional de Moneda y Timbre - Real Casa de la Moneda,Software & Development,6,6
General Jefe 1ª Zona Guardia Civil Madrid,Other,6,0
Gerencia Sector Sanitario de Zaragoza 2,Software & Development,6,6
Gerencia Territorial de Servicios Sociales de Palencia,Other,6,0
Gerencia de Atención Primaria de Salamanca,Other,6,0
"Gerencia de Moncada Servicios Urbanos, S.A.U.",Other,6,0
Gerencia de PRODETUR S.A.U.,Software & Development,6,3
"Gerencia de Plan Cabanyal-Canyamelar, S.A.",Other,6,0
Gerencia de Salud de Áreas de Valladolid,Other,6,0
"Gerencia de Serveis Integrals de Neteja i Medi Ambient d'Ondara, S.L. (SINMA)",Other,6,0
Gerencia de la Empresa Pública de Servicios del Ayuntamiento de Los Realejos,Other,6,0
"Gerencia de la Empresa de Limpiezas Municipales y Parque del Oeste, S.A.M.",Other,6,0
Gerencia de la Fundación Bahía de Cádiz para el Desarrollo Económico,Software & Development,6,6
Gerencia del Consorcio de la Ciudad de Toledo,Other,6,0
Gerencia del Organismo Autónomo de Gestión Tributaria,Other,6,0
Gerencia del Organismo Autónomo del Servicio de Emergencias del Principado de Asturias,Other,6,0
"Gerencia del Parque Cementerio de Málaga, S.A.",Other,6,0
Gerencia del Área Sanitaria VII del Servicio de Salud del Principado de Asturias,Other,6,0
Gobierno Vasco - Justicia y Derechos Humanos,Other,6,0
Gobierno de Zaragoza,Software & Development,6,10
Hulleras del Norte S.A.,Software & Development,6,1
INSS-Dirección Provincial de Burgos,Other,6,0
INSS-Dirección provincial de Bizkaia,Other,6,0
INSS-Dirección provincial de Pontevedra,Other,6,0
Ineco-Comité de Dirección,Infrastructure & Hardware,6,6
Instituto Aragonés de la Juventud (IAJ),Other,6,0
Instituto Municipal de Informática de Barcelona,Software & Development,6,10
Instituto Nacional de Estadística INE,Software & Development,6,6
Instituto Social de la Marina -Dirección Provincial de Huelva,Other,6,0
Instituto Social de la Marina -Dirección Provincial de Tenerife,Other,6,0
Intendente de Rota,Infrastructure & Hardware,6,4
Jefatura de Asuntos Económicos del Estado Mayor de la Defensa,Software & Development,6,4
"Jefatura de Unidad de Medios Internos -Área de Compras de la Compañía Española de Seguros de Crédito a la Exportación S.A., S.M.E. (CESCE)",Software & Development,6,6
Junta Rectora de la Fundación Municipal de Servicios Sociales del Ayuntamiento de Gijón,Other,6,0
Junta Rectora del Patronato Municipal de Deportes de Puertollano,Other,6,0
Junta de Contratación del Fondo Español de Garantía Agraria,Other,6,0
"Junta de Contratación del Ministerio de Agricultura, Pesca y Alimentación",Software & Development,6,7
"Junta de Contratación del Ministerio de Economía, Comercio y Empresa",Infrastructure & Hardware,6,5
"Junta de Contratación del Ministerio de Educación, Formación Profesional y Deportes",Software & Development,6,8
Junta de Gobierno Local del Ayuntamiento de Aguilar de Campoo,Other,6,0
Junta de Gobierno Local del Ayuntamiento de Alicante,Software & Development,6,5
Junta de Gobierno Local del Ayuntamiento de Fines,Other,6,0
Junta de Gobierno Local del Ayuntamiento de Fuenmayor,Other,6,0
Junta de Gobierno Local del Ayuntamiento de Gallur,Other,6,0
Junta de Gobierno Local del Ayuntamiento de Igüeña,Other,6,0
Junta de Gobierno Local del Ayuntamiento de Jumilla,Infrastructure & Hardware,6,5
Junta de Gobierno Local del Ayuntamiento de Las Regueras,Other,6,0
Junta de Gobierno Local del Ayuntamiento de Montroy,Other,6,0
Junta de Gobierno Local del Ayuntamiento de Morata de Tajuña,Other,6,0
Junta de Gobierno Local del Ayuntamiento de Outes,Other,6,0
Junta de Gobierno Local del Ayuntamiento de Quel,Other,6,0
Junta de Gobierno Local del Ayuntamiento de Quer,Other,6,0
Junta de Gobierno Local del Ayuntamiento de San Clemente,Other,6,0
Junta de Gobierno Local del Ayuntamiento de Urda,Other,6,0
Junta de Gobierno Local del Ayuntamiento de Valle de Tobalina,Other,6,0
Junta de Gobierno Local del Ayuntamiento de Zafra,Other,6,0
Junta de Gobierno de la Mancomunidad de Municipios de Los Pedroches,Other,6,0
Junta de Gobierno del Ayuntamiento Las Rozas,Infrastructure & Hardware,6,2
Junta de Gobierno del Ayuntamiento de Almagro,Other,6,0
Junta de Gobierno del Ayuntamiento de Almería,Infrastructure & Hardware,6,4
Junta de Gobierno del Ayuntamiento de Argés,Other,6,0
Junta de Gobierno del Ayuntamiento de Arteixo,Other,6,0
Junta de Gobierno del Ayuntamiento de Benalmádena,Other,6,0
Junta de Gobierno del Ayuntamiento de Berlanga de Duero,Other,6,0
Junta de Gobierno del Ayuntamiento de Cabrillanes,Other,6,0
Junta de Gobierno del Ayuntamiento de Calviá,Other,6,0
Junta de Gobierno del Ayuntamiento de Carmona,Other,6,0
Junta de Gobierno del Ayuntamiento de Cieza (Murcia),Infrastructure & Hardware,6,3
Junta de Gobierno del Ayuntamiento de Enguera,Other,6,0
Junta de Gobierno del Ayuntamiento de Entrena,Other,6,0
Junta de Gobierno del Ayuntamiento de Granada,Infrastructure & Hardware,6,2
Junta de Gobierno del Ayuntamiento de Las Gabias,Other,6,0
Junta de Gobierno del Ayuntamiento de Lebrija,Other,6,0
Junta de Gobierno del Ayuntamiento de Llosa de Ranes,Other,6,0
Junta de Gobierno del Ayuntamiento de Mieres,Software & Development,6,6
Junta de Gobierno del Ayuntamiento de Novelda,Infrastructure & Hardware,6,2
Junta de Gobierno del Ayuntamiento de Novelda,Software & Development,6,6
Junta de Gobierno del Ayuntamiento de Perales de Tajuña,Other,6,0
Junta de Gobierno del Ayuntamiento de Roquetas de Mar,Software & Development,6,6
Junta de Gobierno del Ayuntamiento de Sahagún,Other,6,0
Junta de Gobierno del Ayuntamiento de Tacoronte,Other,6,0
Junta de Gobierno del Ayuntamiento de Torrent,Software & Development,6,4
Junta de Gobierno del Ayuntamiento de Torrevieja,Infrastructure & Hardware,6,0
Junta de Gobierno del Ayuntamiento de Valdilecha,Other,6,0
Junta de Gobierno del Ayuntamiento de Villamayor,Other,6,0
Junta de Gobierno del Consorcio de Residuos Urbanos y Energía de Menorca,Other,6,0
Junta de Gobierno local del Ayuntamiento de Villalbilla,Software & Development,6,4
"Madrid Destino Cultura Turismo y Negocio, S.A.",Infrastructure & Hardware,6,2
Mesa de la Cámara de la Junta General del Principado de Asturias,Other,6,0
Mutualidad General Judicial MUGEJU,Other,6,0
"PRESIDENCIA CONSORCIO DE PREVENCION, EXTINCION DE INCENDIOS Y SALVAMENTO DEL PONIENTE ALMERIENSE",Other,6,0
Patronato de la Fundación Centro de Acogida San José,Other,6,0
Pleno del Ayuntamiento de Meco,Other,6,0
Pleno del Ayuntamiento de Monforte de Moyuela,Other,6,0
Pleno del Ayuntamiento de Murillo de Río Leza,Other,6,0
Pleno del Ayuntamiento de Nonaspe,Other,6,0
Pleno del Ayuntamiento de Piélagos,Other,6,0
Pleno del Ayuntamiento de Santa Cristina de la Polvorosa,Other,6,0
Pleno del Ayuntamiento de Villalba de Guardo,Other,6,0
Pleno del Ayuntamiento de la Línea de la Concepción,Other,6,0
"Presidencia P.D. del Organismo Autónomo Institución Ferial de Badajoz, IFEBA",Other,6,0
Presidencia de la Autoridad Independiente de Responsabilidad Fiscal,Other,6,0
Presidencia de la Autoridad Portuaria de Motril,Other,6,0
Presidencia de la Autoridad Portuaria de Santa Cruz de Tenerife,Software & Development,6,5
Presidencia de la Comarca de Cinco Villas,Software & Development,6,6
Presidencia de la Comarca de Somontano de Barbastro,Other,6,0
Presidencia de la Comarca de la Ribagorza,Other,6,0
Presidencia de la Diputación Provincial de Castellón,Infrastructure & Hardware,6,4
Presidencia de la Diputación Provincial de Granada,Infrastructure & Hardware,6,6
Presidencia de la Diputación Provincial de Pontevedra,Infrastructure & Hardware,6,6
Presidencia de la Diputación Provincial de Sevilla,Infrastructure & Hardware,6,3
Presidencia de la Diputación Provincial de Zaragoza,Software & Development,6,5
Presidencia de la Federació D'Entitats Locals de les Illes Balears,Other,6,0
Presidencia de la Institución Ferial de Albacete - IFAB,Other,6,0
Presidencia de la Mancomunidad Intermunicipal de Servicios Sociales del Este de Madrid (MISSEM),Other,6,0
Presidencia de la Mancomunidad de Servicios Sociales Pantueña,Other,6,0
Presidencia de la Mancomunidad de municipios del Levante Almeriense,Other,6,0
Presidencia de la Mancomunidad del Alto Turia,Other,6,0
Presidencia de la Mancomunidad des Raiguer,Other,6,0
Presidencia de la Mancomunitat Intermunicipal Vall del Pop,Other,6,0
Presidencia del Cabildo Insular de La Gomera,Infrastructure & Hardware,6,3
"Presidencia del Circuito de Jerez, S.A.",Other,6,0
Presidencia del Consejo Insular de Aguas de Lanzarote,Other,6,0
"Presidencia del Consejo de Administración de Nueva Agricultura Villanovense, S.A. (NAVISA)",Other,6,0
Presidencia del Consejo de Administración de la Autoridad Portuaria de Barcelona (PORT DE BARCELONA),Cybersecurity,6,6
Presidencia del Consejo de Administración de la Empresa Provincial de Aguas de Córdoba S.A.,Infrastructure & Hardware,6,3
Presidencia del Consejo de Administración de la Institución Ferial de Tenerife S.A.,Other,6,0
Presidencia del Consell de l'Audiovisual de la Comunitat Valenciana,Other,6,0
Presidencia del Consorcio Provincial de Extinción de Incendios y Salvamentos de Toledo,Other,6,0
Presidencia del Consorcio Provincial de Medio Ambiente de Albacete,Other,6,0
Presidencia del Consorcio Provincial del Agua de Málaga,Other,6,0
Presidencia del Consorcio Universitario del Centro Asociado a la UNED en Baza,Other,6,0
Presidencia del Instituto Municipal de Servicios Sociales del Ayuntamiento de Badajoz,Other,6,0
Presidencia del Organismo Autónomo Terra de Sanxenxo,Other,6,0
Presidencia del Patronato Municipal de Medios de Comunicación,Other,6,0
Presidencia del Patronato Provincial de Turismo de Zamora,Other,6,0
Presidencia del Patronato de la Fundación Colección Roberto Polo,Other,6,0
Presidente de la Comarca Alto Gallego,Other,6,0
"RADIO TELEVISIÓN MADRID, S.A.U.",Software & Development,6,7
Rectorado de la Universidad Miguel Hernández de Elche,Infrastructure & Hardware,6,3
Rectorado de la Universidad Nacional de Educación a Distancia,Infrastructure & Hardware,6,0
Rectorado de la Universidad Politécnica de Cartagena,Infrastructure & Hardware,6,3
Rectorado de la Universidad de Almería,Software & Development,6,2
Rectorado de la Universidad de Valladolid,Infrastructure & Hardware,6,1
Rectorado de la Universitat de València,Infrastructure & Hardware,6,1
"Regidoria Delegada d'Hisenda, Contractació i Promoció Econòmica de l'Ajuntament d'Alcúdia",Other,6,0
Servicio Andaluz de Salud. Hospital Universitario Virgen del Rocío,Other,6,0
"Sociedad Andaluza para el Desarrollo de las Telecomunicaciones, S.A.",Other,6,0
Sociedad Pública de Gestión y Promoción Turística y Cultural del Principado de Asturias S.A.U.,Software & Development,6,5
Subdirección General de Gestión Económica,Infrastructure & Hardware,6,3
"Subdirección General de Gestión Económica y Oficina Presupuestaria del Ministerio de Inclusión, Seguridad Social y Migraciones",Other,6,0
"Subdirección General de Gestión Económica, Oficina Presupuestaria y Asuntos Generales",Other,6,0
Subdirección General de Servicios Económicos y Pagadurías,Infrastructure & Hardware,6,5
Subdirección General de Servicios y Coordinación,Other,6,0
Subsecretaría - Conselleria de Justicia e Interior de la Generalitat Valenciana,Other,6,0
TGSS-Dirección provincial de Burgos,Other,6,0
TGSS-Dirección provincial de Ciudad Real,Other,6,0
TGSS-Dirección provincial de Guipúzcoa,Other,6,0
TGSS-Dirección provincial de Las Palmas,Other,6,0
TGSS-Dirección provincial de Logroño,Other,6,0
TGSS-Dirección provincial de Ourense,Other,6,0
TGSS-Dirección provincial de Toledo,Other,6,0
"Teniente de Alcalde delegada de Policía Local, Protección Civil, Juventud, Participación Ciudadana, Eventos y Ciudadanos extranjeros del Ayuntamiento de Calviá",Other,6,0
"Teniente de Alcalde delegada de Servicios Generales, Informática, Comunicación y Coordinación Municipal del Ayuntamiento de Calviá",Other,6,0
"Transports de Barcelona, SA",Software & Development,6,9
Vicepresidencia 2ª del Consejo Directivo de Institución Ferial de Canarias (INFECAR),Other,6,0
Vicepresidencia de la Fundación Universidad Pablo de Olavide,Other,6,0
Vicepresidencia del Consejo de Administración de la Sociedad Insular para la Promoción de las Personas con Discapacidad S.L.,Infrastructure & Hardware,6,0
Vicepresidencia del Servicio Provincial Tributario de la Diputación Provincial de Granada,Software & Development,6,4
"Vicepresidencia y Consejería de Presidencia, Coordinación de la Acción de Gobierno, Interior y Emergencias",Other,6,0
"Vicepresidente Tercero y Conseller de Medio Ambiente, Infraestructuras, Territorio y de la Recuperación",Infrastructure & Hardware,6,6
ALCALDÍA DEL AYUNTAMIENTO DE GUADIANA,Other,5,0
Aena. Dirección de Contratación,Data & Analytics,5,1
Aena. Dirección del Aeropuerto de Badajoz,Other,5,0
Aena. Dirección del Aeropuerto de Menorca,Infrastructure & Hardware,5,3
Aena. Dirección del Aeropuerto de Valencia,Infrastructure & Hardware,5,1
Ajuntament de Sabadell,Other,5,0
Alcalde del Ayuntamiento de Belchite,Other,5,0
Alcalde del Ayuntamiento de Encinacorba,Other,5,0
Alcalde del Ayuntamiento de Pradilla de Ebro,Other,5,0
Alcalde-Presidente del Ayuntamiento de Granja de Rocamora,Other,5,0
Alcaldia de la Entidad local Menor de Valdivia,Other,5,0
Alcaldia del Ayuntamiento de Aldeanueva de la Vera,Other,5,0
Alcaldia del Ayuntamiento de Arjona,Other,5,0
Alcaldia del Ayuntamiento de Arroyo de la Encomienda,Software & Development,5,2
Alcaldia del Ayuntamiento de Beas de Granada,Other,5,0
Alcaldia del Ayuntamiento de Chauchina,Other,5,0
Alcaldia del Ayuntamiento de Don Benito,Software & Development,5,4
Alcaldia del Ayuntamiento de Fuensanta de Martos,Other,5,0
Alcaldia del Ayuntamiento de La Malahá,Other,5,0
Alcaldia del Ayuntamiento de Las Navas del Marqués,Other,5,0
Alcaldia del Ayuntamiento de Lopera,Other,5,0
Alcaldia del Ayuntamiento de Marmolejo,Other,5,0
Alcaldia del Ayuntamiento de Moraña,Other,5,0
Alcaldia del Ayuntamiento de Pozoblanco,Software & Development,5,5
Alcaldia del Ayuntamiento de Salobreña,Other,5,0
Alcaldia del Ayuntamiento de San Justo de la Vega,Other,5,0
Alcaldia del Ayuntamiento de Tacoronte,Other,5,0
Alcaldia del Ayuntamiento de la Iruela,Other,5,0
Alcaldia del Ayuntamiento de peñaflor,Cloud,5,5
Alcaldia del Ayuntamiento del Ayuntamiento de Olivares,Cloud,5,5
Alcaldía de Ayuntamiento de Guadalcázar,Other,5,0
Alcaldía de Ayuntamiento de Pedro Abad,Other,5,0
Alcaldía de Ayuntamiento de Santa Eufemia,Other,5,0
Alcaldía de Ayuntamiento de Valenzuela,Other,5,0
Alcaldía de Ayuntamiento de la Rambla,Other,5,0
Alcaldía de Ayuntamiento de la Victoria,Other,5,0
Alcaldía de l'Ajuntament d'Alfauir,Other,5,0
Alcaldía del Ajuntament de Moncada,Other,5,0
Alcaldía del Ayuntamiento de A Capela,Other,5,0
Alcaldía del Ayuntamiento de A Lama,Other,5,0
Alcaldía del Ayuntamiento de Agaete (Las Palmas),Other,5,0
Alcaldía del Ayuntamiento de Aigües,Other,5,0
Alcaldía del Ayuntamiento de Alameda,Other,5,0
Alcaldía del Ayuntamiento de Albaida,Other,5,0
Alcaldía del Ayuntamiento de Alborache,Other,5,0
Alcaldía del Ayuntamiento de Alcàntera de Xúquer,Other,5,0
Alcaldía del Ayuntamiento de Aldeacentenera,Other,5,0
Alcaldía del Ayuntamiento de Algodonales,Other,5,0
Alcaldía del Ayuntamiento de Alpuente,Other,5,0
Alcaldía del Ayuntamiento de Aranda de Duero,Software & Development,5,1
Alcaldía del Ayuntamiento de Arganda del Rey,Software & Development,5,6
Alcaldía del Ayuntamiento de Argoños,Other,5,0
Alcaldía del Ayuntamiento de Arriate,Other,5,0
Alcaldía del Ayuntamiento de Ausejo,Other,5,0
Alcaldía del Ayuntamiento de Becerreá,Other,5,0
Alcaldía del Ayuntamiento de Belorado,Other,5,0
Alcaldía del Ayuntamiento de Benaoján,Other,5,0
Alcaldía del Ayuntamiento de Bicorp,Other,5,0
Alcaldía del Ayuntamiento de Boñar,Other,5,0
Alcaldía del Ayuntamiento de Bélmez de la Moraleda,Other,5,0
Alcaldía del Ayuntamiento de Bérchules,Other,5,0
Alcaldía del Ayuntamiento de Calañas,Other,5,0
Alcaldía del Ayuntamiento de Calomarde,Other,5,0
Alcaldía del Ayuntamiento de Campoo de Yuso,Other,5,0
Alcaldía del Ayuntamiento de Canals,Other,5,0
Alcaldía del Ayuntamiento de Capdepera,Other,5,0
Alcaldía del Ayuntamiento de Carballo,Infrastructure & Hardware,5,4
Alcaldía del Ayuntamiento de Casariche,Cloud,5,5
Alcaldía del Ayuntamiento de Casas Altas,Other,5,0
Alcaldía del Ayuntamiento de Castellar,Other,5,0
Alcaldía del Ayuntamiento de Castilleja de la Cuesta,Software & Development,5,4
Alcaldía del Ayuntamiento de Cervera de Pisuerga,Other,5,0
Alcaldía del Ayuntamiento de Chelva,Other,5,0
Alcaldía del Ayuntamiento de Chinchilla de Montearagón,Other,5,0
Alcaldía del Ayuntamiento de Coaña,Other,5,0
Alcaldía del Ayuntamiento de Coria del Río,Cloud,5,5
Alcaldía del Ayuntamiento de Cuntis,Other,5,0
Alcaldía del Ayuntamiento de Dílar,Other,5,0
Alcaldía del Ayuntamiento de El Ronquillo,Cloud,5,5
Alcaldía del Ayuntamiento de Escúzar,Other,5,0
Alcaldía del Ayuntamiento de Estremera,Other,5,0
Alcaldía del Ayuntamiento de Fisterra,Other,5,0
Alcaldía del Ayuntamiento de Fresnedillas de la Oliva,Other,5,0
Alcaldía del Ayuntamiento de Frías de Albarracín,Other,5,0
Alcaldía del Ayuntamiento de Fuendetodos,Other,5,0
Alcaldía del Ayuntamiento de Fuente Palmera,Other,5,0
Alcaldía del Ayuntamiento de Galaroza,Other,5,0
Alcaldía del Ayuntamiento de Gijón,Infrastructure & Hardware,5,5
Alcaldía del Ayuntamiento de Gilena,Other,5,0
Alcaldía del Ayuntamiento de Higuera la Real,Other,5,0
Alcaldía del Ayuntamiento de Holguera,Other,5,0
Alcaldía del Ayuntamiento de Igualeja,Other,5,0
Alcaldía del Ayuntamiento de Isla Cristina,Software & Development,5,5
Alcaldía del Ayuntamiento de La Albuera,Other,5,0
Alcaldía del Ayuntamiento de La Cistérniga,Other,5,0
Alcaldía del Ayuntamiento de La Pola de Gordón,Other,5,0
Alcaldía del Ayuntamiento de La Roca de la Sierra,Other,5,0
Alcaldía del Ayuntamiento de La Viñuela,Other,5,0
Alcaldía del Ayuntamiento de Langa de Duero,Other,5,0
Alcaldía del Ayuntamiento de Laxe,Other,5,0
Alcaldía del Ayuntamiento de Leciñena,Other,5,0
Alcaldía del Ayuntamiento de Lena (Principado de Asturias),Other,5,0
Alcaldía del Ayuntamiento de Lillo,Other,5,0
Alcaldía del Ayuntamiento de Lora del Río,Software & Development,5,5
Alcaldía del Ayuntamiento de Los Corrales de Buelna,Other,5,0
Alcaldía del Ayuntamiento de Los Santos de la Humosa,Other,5,0
Alcaldía del Ayuntamiento de Los Villares,Other,5,0
Alcaldía del Ayuntamiento de Majadahonda,Software & Development,5,2
Alcaldía del Ayuntamiento de Malpartida de Plasencia,Other,5,0
Alcaldía del Ayuntamiento de Marina de Cudeyo,Other,5,0
Alcaldía del Ayuntamiento de Miramar,Other,5,0
Alcaldía del Ayuntamiento de Molvízar,Other,5,0
Alcaldía del Ayuntamiento de Moral de Calatrava,Other,5,0
Alcaldía del Ayuntamiento de Motilla del Palancar,Other,5,0
Alcaldía del Ayuntamiento de Nevada,Other,5,0
Alcaldía del Ayuntamiento de Noreña,Other,5,0
Alcaldía del Ayuntamiento de Novallas,Other,5,0
Alcaldía del Ayuntamiento de Onzonilla,Other,5,0
Alcaldía del Ayuntamiento de Oropesa y Corchuela,Other,5,0
Alcaldía del Ayuntamiento de Padrón,Other,5,0
Alcaldía del Ayuntamiento de Paracuellos de la Ribera,Other,5,0
Alcaldía del Ayuntamiento de Paterna del Madera,Other,5,0
Alcaldía del Ayuntamiento de Pechina,Other,5,0
Alcaldía del Ayuntamiento de Pedrajas de San Esteban,Other,5,0
Alcaldía del Ayuntamiento de Penagos,Other,5,0
Alcaldía del Ayuntamiento de Perdiguera,Other,5,0
Alcaldía del Ayuntamiento de Pol,Other,5,0
Alcaldía del Ayuntamiento de Polop,Other,5,0
Alcaldía del Ayuntamiento de Potries,Other,5,0
Alcaldía del Ayuntamiento de Puebla de Guzmán,Other,5,0
Alcaldía del Ayuntamiento de Pájara,Software & Development,5,1
Alcaldía del Ayuntamiento de Quijorna,Other,5,0
Alcaldía del Ayuntamiento de Quirós,Other,5,0
Alcaldía del Ayuntamiento de Redueña,Other,5,0
Alcaldía del Ayuntamiento de Riba-roja de Túria,Software & Development,5,5
Alcaldía del Ayuntamiento de Ribadeo,Other,5,0
Alcaldía del Ayuntamiento de Riotuerto (Cantabria),Other,5,0
Alcaldía del Ayuntamiento de Robres,Other,5,0
Alcaldía del Ayuntamiento de Rota,Software & Development,5,7
Alcaldía del Ayuntamiento de Saldaña,Other,5,0
Alcaldía del Ayuntamiento de San Vicente de la Sonsierra,Other,5,0
Alcaldía del Ayuntamiento de Sanchonuño,Other,5,0
Alcaldía del Ayuntamiento de Santa Cruz del Valle,Other,5,0
Alcaldía del Ayuntamiento de Santa Olalla,Other,5,0
Alcaldía del Ayuntamiento de Santa Olalla del Cala,Other,5,0
Alcaldía del Ayuntamiento de Santiso,Other,5,0
Alcaldía del Ayuntamiento de Sonseca,Other,5,0
Alcaldía del Ayuntamiento de Sueca,Software & Development,5,3
Alcaldía del Ayuntamiento de Tapia de Casariego,Other,5,0
Alcaldía del Ayuntamiento de Torre Pacheco,Software & Development,5,4
Alcaldía del Ayuntamiento de Torrecillas de la Tiesa,Other,5,0
Alcaldía del Ayuntamiento de Traiguera,Other,5,0
Alcaldía del Ayuntamiento de Ubrique,Other,5,0
Alcaldía del Ayuntamiento de Valbona,Other,5,0
Alcaldía del Ayuntamiento de Valdeganga,Other,5,0
Alcaldía del Ayuntamiento de Valdelinares,Other,5,0
Alcaldía del Ayuntamiento de Valldemossa,Other,5,0
Alcaldía del Ayuntamiento de Valle del Zalabí,Other,5,0
Alcaldía del Ayuntamiento de Vilarmaior,Other,5,0
Alcaldía del Ayuntamiento de Villacarrillo,Other,5,0
Alcaldía del Ayuntamiento de Villalba del Rey,Other,5,0
Alcaldía del Ayuntamiento de Villamalea,Other,5,0
Alcaldía del Ayuntamiento de Villanueva de la Vera,Other,5,0
Alcaldía del Ayuntamiento de Villanueva del Arzobispo,Other,5,0
Alcaldía del Ayuntamiento de Villares de la Reina,Other,5,0
Alcaldía del Ayuntamiento de Villarta de San Juan,Other,5,0
Alcaldía del Ayuntamiento de Villastar,Other,5,0
Alcaldía del Ayuntamiento de Villatorres,Other,5,0
Alcaldía del Ayuntamiento de Villaviciosa de Odón,Cloud,5,4
Alcaldía del Ayuntamiento de Yeles,Other,5,0
Alcaldía del Ayuntamiento de Zurgena,Other,5,0
Alcaldía del Ayuntamiento de la Leal Villa de El Escorial,Other,5,0
Alcaldía del Ayuntamiento de la Línea de la Concepción,Software & Development,5,5
Alcaldía del Ayuntamiento de la Pobla del Duc,Other,5,0
Alcaldía del Ayuntamiento de Íscar,Other,5,0
Alcaldía del Ayuntamiento de Ólvega,Other,5,0
Alcaldía del Concello de Allariz,Other,5,0
Alcaldía del Concello de Foz,Other,5,0
Alcaldía del Concello de Tordoia,Other,5,0
Asamblea de Mancomunidad de Municipios de la Sierra Morena Cordobesa,Other,5,0
Autoridad Portuaria de Cartagena,Infrastructure & Hardware,5,3
"BILBAOTIK, S.A. - BILBAOTIK, S.A.",Software & Development,5,7
"CONSEJERÍA DE AGRICULTURA, PESCA, AGUA Y DESARROLLO RURAL",Software & Development,5,9
CONSEJO DE ADMINISTRACION DE LA EMPRESA PUBLICA DE APARCAMIENTOS Y SERVICIOS SA (EPASSA),Other,5,0
CONSORCI HOSPITAL CLÍNIC DE BARCELONA (HCB),Infrastructure & Hardware,5,5
Centro Nacional de Investigaciones Cardiovasculares Carlos III (F.S.P.),Software & Development,5,3
"Centro de Cálculo de Álava, S.A. - Centro de Cálculo de Álava, S.A.",Software & Development,5,6
Comandancia Guardia Civil de Alicante,Other,5,0
Comandancia Guardia Civil de Las Palmas,Other,5,0
Comandancia Guardia Civil de Santa Cruz de Tenerife,Other,5,0
Comandancia de la Guardia Civil de Gipuzkoa,Other,5,0
"Comisión Ejecutiva de Transportes Urbanos de Sevilla, SAM",Infrastructure & Hardware,5,0
Comisión Ejecutiva del Consorcio para la Explotación del Centro Nacional de Análisis Genómico,Infrastructure & Hardware,5,4
Comisión de Gobierno del Consorcio para la Gestión de Residuos Plan Zonal V5,Other,5,0
Comissió Executiva de la Fundación Turismo Palma de Mallorca 365,Other,5,0
Comité Ejecutivo del Consorcio de la Zona Franca de Cádiz,Other,5,0
Concejal Presidente del Tagoror del Distrito Suroeste del Ayuntamiento de Santa Cruz de Tenerife,Other,5,0
"Concejal Responsable del Área de Régimen Interior, Recursos Humanos y Modernización Digital del Ayuntamiento de Huelva",Software & Development,5,1
Concejalía Delegada de Hacienda de Adeje,Infrastructure & Hardware,5,2
"Concejalía Delegada de la Presidencia de la Junta Municipal del Distrito nº 2, Este del Ayuntamiento de Málaga",Software & Development,5,5
Concejalía Delegada en Materia de Contratación del Ayuntamiento de Torremolinos,Software & Development,5,4
Concejalía Presidencia del Tagoror del Distrito Anaga,Other,5,0
Concejalía de Contratación y Bienes Patrimoniales del Ayuntamiento de Martos,Software & Development,5,5
"Concejalía de Cultura, Festejos y Participación Ciudadana del Ayuntamiento de Granadilla de Abona",Other,5,0
Concejalía de Economía y Hacienda del Ayuntamiento de Talavera de la Reina,Other,5,0
"Concejalía de Economía, Hacienda y Patrimonio del Ayuntamiento de Martos",Software & Development,5,5
Concejalía de Hacienda del Ayuntamiento de Benalmádena,Infrastructure & Hardware,5,3
"Consejera Delegada de Asistencia Integral Tributaria, S.A (Asista Canarias)",Other,5,0
"Consejero Delegado de Ingeniería de Sistemas para la Defensa de España S.A., S.M.E. y M.P.",Infrastructure & Hardware,5,3
"Consejería Delegada de la Sociedad para el Desarrollo Económico de Canarias, SODECAN S.A.",Software & Development,5,5
"Consejería Insular de Industria, Comercio, Sector Primario y Bienestar Animal del Cabildo Insular de Tenerife",Other,5,0
"Consejería de Bienestar Social, Igualdad, Juventud, Infancia y Familias",Other,5,0
"Consejería de Economía, Hacienda e Innovación de las Illes Balears",Software & Development,5,5
Consejería de Educación,Infrastructure & Hardware,5,3
Consejería de Educación y Universidades,Software & Development,5,8
"Consejería de Fomento, Vivienda, Ordenación del Territorio y Medio Ambiente de la Comunidad Autónoma de Cantabria",Infrastructure & Hardware,5,5
"Consejería de Movilidad, Medio Ambiente y Gestión de Emergencias del Principado de Asturias",Infrastructure & Hardware,5,5
"Consejería de Presidencia, Interior, Justicia y Acción Exterior",Other,5,0
"Consejería de Presidencia, Relaciones Institucionales y Seguridad Ciudadana del Ayuntamiento de Zaragoza",Other,5,0
Consejería de Salud de la Comunidad Autónoma de Cantabria,Software & Development,5,6
Consejería de Salud y Consumo,Software & Development,5,3
Consejería de Transición Ecológica y Energía de Canarias,Other,5,0
Consejería del Área de Hacienda y Contratación del Cabildo Insular de Lanzarote,Software & Development,5,4
Consejo Rector de la Agencia Pública para la Gestión de la Casa Natal de Pablo Ruiz Picasso y otros Equipamientos Museístico y Culturales,Other,5,0
Consejo Rector del Instituto Municipal de Turismo de Córdoba (IMTUR),Other,5,0
Consejo Rector del Patronato Deportivo Municipal de Toledo,Other,5,0
Consejo de Administración de Animajoven SAU,Software & Development,5,5
"Consejo de Administración de Atarfe Ciudad Deportiva, S.A.",Other,5,0
"Consejo de Administración de Correos Express Paquetería Urgente, S.A. - S.M.E.",Software & Development,5,4
"Consejo de Administración de Empresa Nacional de Innovación S.M.E., S.A. (ENISA)",Software & Development,5,7
"Consejo de Administración de Interalmería Televisión, S.A.U.",Other,5,0
"Consejo de Administración de Movilidad y Desarrollo Urbano Sostenible, S.L., (MODUS ROTA)",Software & Development,5,6
"Consejo de Administración de PECOVASA RENFE MERCANCÍAS, S.A.",Other,5,0
"Consejo de Administración de Reciplasa, Reciclados de Residuos La Plana, S.A.",Other,5,0
Consejo de Administración de Servicios Comunitarios de Molina S.A. (SERCOMOSA),Software & Development,5,1
Consejo de Administración de la Autoridad Portuaria de Las Palmas,Software & Development,5,7
Consejo de Administración de la Empresa Municipal Serveis de Alcoi S.L.,Other,5,0
"Consejo de Administración de la Empresa Municipal de Gestión de Servicios de Arroyomolinos, S.A.",Other,5,0
"Consejo de Administración de la Empresa Municipal de Serveis 2002, S.L.U.",Other,5,0
Consejo de Administración de la Empresa Municipal de Turismo de Santander M.P. S.A.,Software & Development,5,7
Consejo de Administración de la Empresa Provincial de Aguas de Córdoba S.A.,Infrastructure & Hardware,5,2
"Consejo de Administración de la Sociedad Mercantil Estatal para la Gestión de la Innovación y las Tecnologías Turísticas, S.A.M.P. (SEGITTUR)",Other,5,0
"Consejo de Administración de la Sociedad Mercantil Estatal para la Gestión de la Innovación y las Tecnologías Turísticas, S.A.M.P. (SEGITTUR)",Software & Development,5,11
"Consejo de Administración de la Sociedad Municipal Urban Teruel, S.A. - Ayuntamiento de Teruel",Other,5,0
"Consejo de Administración de la Sociedad Municipal Zaragoza Cultural, S.A.U.",Other,5,0
"Consejo de Administración de la Sociedad Municipal de Fomento Cádiz 2000, S.A.",Other,5,0
"Consejo de Administración de la Sociedad Municipal de Viviendas de Málaga, S.L.",Other,5,0
"Consejo de Administración de la Sociedad Regional de Educación, Cultura y Deporte S.L.",Other,5,0
"Consejo de Administración de la Sociedad Turismo LPA Las Palmas de Gran canaria, S.A",Other,5,0
Consejo de Administración del Aeropuerto de Castellón S.L.,Other,5,0
Consejo de Administración del Consorcio para el Servicio Contra Incendios y de Salvamento de la provincia de Ciudad Real,Other,5,0
Consejo de Administración del Ente Público Empresarial Alcalá Desarrollo,Software & Development,5,5
Consejo de Administración del Parque Marítimo del Mediterráneo S.A.,Other,5,0
"Consejo de Administración del Parque Tecnológico de Fuerteventura S.A., M.P.",Software & Development,5,5
Consejo de Administración-Comité de Inversiones de la Sociedad Estatal Correos y Telégrafos S.A,Cloud,5,7
Consejo de Administrción de Fuengirola Televisión S.A.M.,Other,5,0
Consejo de Gobierno Insular del Cabildo Insular de Tenerife,Software & Development,5,6
Consell Rector del Institut Mallorquí d'Afers Socials,Other,5,0
Consorcio de Transportes del Área de Zaragoza,Other,5,0
Consorcio para la Recuperación de la Fauna de las Illes Balears,Other,5,0
Cuevadenerja,Other,5,0
DIPUTACIÓ DE TARRAGONA,Software & Development,5,4
DIPUTACIÓN DE BARCELONA,Cloud,5,13
Delegación Provincial de la Consejería de Desarrollo Sostenible en Toledo,Software & Development,5,5
"Delegación Provincial de la Consejería de Educación, Cultura y Deportes en Guadalajara",Other,5,0
Delegación del Gobierno en Canarias,Other,5,0
Delegada de la Empresa Provincial de Informática de Cádiz S.A. - EPICSA,Other,5,0
Departamento de Salud Alicante. Dirección Económica-Gerencia,Infrastructure & Hardware,5,2
Departamento de Salud La Fe. Dirección Económica-Gerencia,Software & Development,5,6
"Diputación Foral de Bizkaia - Departamento de Transportes, Movilidad y Turismo",Other,5,0
Diputación Provincial de Zamora,Infrastructure & Hardware,5,3
Diputado del Común,Other,5,0
"Dirección Corporativa de Sainsel Sistemas Navales, S.A. Unipersonal",Infrastructure & Hardware,5,1
Dirección Ejecutiva de la Fundación Centro de Estudios Ambientales del Mediterráneo,Software & Development,5,8
Dirección General de Casa de África,Other,5,0
Dirección General de Cultura y Patrimonio Cultural de Canarias,Other,5,0
Dirección General de Dependencia,Other,5,0
Dirección General de Infraestructuras Educativas,Software & Development,5,6
Dirección General de Mercados Centrales de Abastecimiento de Madrid S.A. (MERCAMADRID S.A.),Software & Development,5,2
Dirección General de Modernización y Calidad de los Servicios Públicos,Other,5,0
Dirección General de Mutua Montañesa,Infrastructure & Hardware,5,4
Dirección General de Mutua Montañesa,Software & Development,5,1
Dirección General de Pesca,Other,5,0
Dirección General de Protección a la Infancia y la Familia,Other,5,0
"Dirección General de Radiotelevisión del Principado de Asturias, S.A. Unipersonal",Software & Development,5,6
Dirección General de Renfe Proyectos Internacionales Sociedad Mercantil Estatal S.A.,Other,5,0
Dirección General de Seguridad del Gobierno de Canarias,Other,5,0
Dirección General de Transformación Digital de los Servicios Públicos,Software & Development,5,4
Dirección General de la Entidad Pública Empresarial RED.ES,Other,5,0
Dirección General de la Fundación Auditorio y Teatro de Las Palmas de Gran Canaria,Other,5,0
Dirección General de la Fundación Computación y Tecnologías Avanzadas de Extremadura,Infrastructure & Hardware,5,3
"Dirección General de la Fundación General de la Universidad Complutense de Madrid, M.P.",Other,5,0
Dirección General de la Fundación del Teatro Real,Software & Development,5,2
"Dirección General de la Mutual Midat Cyclops, Mutua Colaboradora con la Seguridad Social, nº 1",Cloud,5,7
"Dirección General de la Sociedad Española para la Transformación Tecnológica, E.P.E.",Software & Development,5,4
Dirección General del Agua,Software & Development,5,6
Dirección General del Consorcio FEVAL Institución Ferial de Extremadura,Other,5,0
Dirección General del Consorcio de Transportes de Asturias,Software & Development,5,8
Dirección General del Ente Público Radiotelevisión de Castilla-La Mancha,Software & Development,5,1
Dirección General del Instituto Valenciano de Competitividad Empresarial (IVACE),Software & Development,5,6
Dirección General del Palacio de Ferias y Congresos de Málaga,Infrastructure & Hardware,5,4
Dirección General del Servicio Exterior,Infrastructure & Hardware,5,1
Dirección General del Servicio Público de Empleo Estatal,Software & Development,5,6
Dirección Gerencia de Atención Primaria de Toledo,Other,5,0
Dirección Gerencia de Gestión Ambiental de Castilla-La Mancha S.A.,Software & Development,5,3
Dirección Gerencia de Infraestructuras del Agua de Castilla-La Mancha,Other,5,0
Dirección Gerencia de la Fundación Andaluza Beturia para la Investigación en Salud (F.A.B.I.S.),Other,5,0
Dirección Gerencia de la Fundación contra el Terrorismo y la Violencia Alberto Jiménez Becerril,Other,5,0
"Dirección Gerente de la Empresa Municipal de Abastecimiento y Saneamiento de Granada, S.A.",Infrastructure & Hardware,5,4
Dirección Gerente del Centro de Atención a Discapacitados Físicos de Pozoblanco (Córdoba) del IMSERSO (CAMF- IMSERSO),Other,5,0
Dirección Gerente del Centro de Recuperación de Personas con Discapacidad Física (IMSERSO) Albacete,Other,5,0
Dirección de Gestión de la Fundación Instituto de Investigación Marqués de Valdecilla,Software & Development,5,4
Dirección de Suma Gestión Tributaria. Diputación de Alicante,Software & Development,5,4
Dirección de la Agencia Canaria de Protección del Medio Natural,Other,5,0
Dirección de la Agencia Española de Medicamentos y Productos Sanitarios,Other,5,0
Dirección de la Agencia Estatal de Administración Digital,Other,5,0
Dirección de la Agencia Estatal de Seguridad Aérea,Software & Development,5,1
Dirección de la Agencia Tributaria Canaria,Software & Development,5,5
Dirección de la Fundación Biodiversidad,Software & Development,5,5
"Dirección de la Fundación Finca Experimental, Universidad de Almería - ANECOOP",Other,5,0
Dirección de la Fundación de la Universidad Autónoma de Madrid,Other,5,0
Dirección del Centro Asociado de la UNED en Cádiz,Other,5,0
Dirección del Centro Asociado de la UNED en Málaga,Other,5,0
Dirección del Centro Nacional de Formación Marítima de Isla Cristina (D.O. D.P. de Huelva),Other,5,0
Dirección del Centro Penitenciario Madrid III,Other,5,0
Dirección del Centro Penitenciario Madrid VI (Aranjuez),Other,5,0
Dirección del Centro Penitenciario Puerto III,Other,5,0
Dirección del Instituto de Salud Carlos III,Software & Development,5,5
Dirección del Museo Nacional del Prado,Infrastructure & Hardware,5,2
Dirección del Servicio Canario de Salud,Software & Development,5,6
Director de la Agencia de Prevención y Lucha contra el Fraude y la corrupción de la Comunidad Valenciana,Other,5,0
DonostiaTIK - DonostiaTIK,Software & Development,5,7
"EJIE, S.A. - Sociedad Informática del Gobierno Vasco - EJIE-Sociedad Informática del Gobierno Vasco",Cloud,5,6
"ENUSA Industrias Avanzadas S.A., S.M.E.",Cloud,5,6
Empresa Estatal Mercados Centrales de Abastecimiento SA (MERCASA),Software & Development,5,5
"Empresa Nacional de Residuos Radiactivos, S.A., S.M.E. (ENRESA)",Software & Development,5,3
Entidad Pública Aragonesa de Servicios Telemáticos,Data & Analytics,5,9
Entidad Pública Empresarial ENAIRE,Other,5,0
Entidad Pública del Banco de Sangre y Tejidos de Aragón,Other,5,0
"Eusko Trenbideak Ferrocarriles Vascos, S.A. - EuskoTrenbideak FFCC Vascos, S.A.U.",Software & Development,5,9
Fundación Centro de Estudios de Física del Cosmos de Aragón,Infrastructure & Hardware,5,4
Fundación Española para la Ciencia y la Tecnología,Software & Development,5,9
Fundación General de la Universidad de Burgos,Other,5,0
Fundación Instituto de Estudios Ciencias de la Salud de Castilla y León,Other,5,0
"Fundación Lázaro Galdiano, F.S.P.",Other,5,0
Fundación para la Formación e Investigación Sanitarias de la Región de Murcia (FFIS),Software & Development,5,5
Gerencia Fundación para la Investigación de Málaga en Biomedicina y Salud (FIMABIS),Software & Development,5,4
Gerencia de Atención Integrada de Alcázar de San Juan,Other,5,0
Gerencia de Atención Primaria de Burgos,Other,5,0
Gerencia de Benissa Impuls S.A.,Other,5,0
Gerencia de Congresos y Turismo de Sevilla S.A.,Other,5,0
"Gerencia de Corporación Municipal de Jerez, S.A. (COMUJESA)",Other,5,0
Gerencia de Empresa Mixta de Aguas de Antigua S.L.,Other,5,0
Gerencia de Fraternidad Muprespa - Mútua Colaboradora con la Seguridad Social nº 275,Cloud,5,9
Gerencia de MAZ Mútua de Accidentes de Trabajo y Enfermedades Profesionales de la Seguridad Social nº 11,Cloud,5,5
Gerencia de MAZ Mútua de Accidentes de Trabajo y Enfermedades Profesionales de la Seguridad Social nº 11,Infrastructure & Hardware,5,2
Gerencia de Mercados Centrales de Abastecimiento de Palma de Mallorca S.A. (MERCAPALMA S.A.),Other,5,0
Gerencia de Poble Net Serveis Municipals de Neteja i Manteniment S.L.,Other,5,0
Gerencia de RIC ULPGC S.A.U.,Other,5,0
Gerencia de Salud del Área de León,Other,5,0
Gerencia de Urbanismo del Ayuntamiento de Zaragoza,Other,5,0
Gerencia de la Autoridad de Transporte Metropolitano de Valencia,Other,5,0
"Gerencia de la Empresa Mancomunada del Aljarafe, S.A. (ALJARAFESA)",Data & Analytics,5,0
"Gerencia de la Empresa Mancomunada del Aljarafe, S.A. (ALJARAFESA)",Software & Development,5,3
"Gerencia de la Empresa Municipal de Innovación y Desarrollo Tecnológico, S.A.",Software & Development,5,5
"Gerencia de la Empresa Municipal de la Vivienda, Suelo y Equipamiento de Sevilla S.A. (EMVISESA)",Software & Development,5,5
"Gerencia de la Empresa Municipal, S.A. EMSISA",Other,5,0
"Gerencia de la Empresa Pública Sociedad de Servicios del Principado de Asturias, S.A., M.P.",Software & Development,5,3
Gerencia de la Fundación ENAIRE F.S.P.,Other,5,0
Gerencia de la Fundación Formación e Investigación de los Profesionales de la Salud de Extremadura,Software & Development,5,3
Gerencia de la Fundación Marqués de Valdecilla,Software & Development,5,4
Gerencia de la Fundación para la Investigación Biomédica de Córdoba (FIBICO),Other,5,0
Gerencia del Centro de Investigación Biomédica en Red (CIBER),Software & Development,5,11
Gerencia del Consejo Insular de Aguas de Tenerife,Other,5,0
Gerencia del Palacio de Congresos de Valencia,Other,5,0
Gerencia del Área Sanitaria III - Avilés del Servicio de Salud del Principado de Asturias (SESPA),Other,5,0
Gerente del Instituo Municipal de Vivienda de Fuenlabrada S.A.,Other,5,0
Grupo Euskal Irrati Telebista - Departamento de Ingeniería y Explotación de ETB,Software & Development,5,5
INSS-Dirección provincial de Araba-Álava,Other,5,0
INSS-Dirección provincial de Cantabria,Other,5,0
INSS-Dirección provincial de Cádiz,Other,5,0
INSS-Dirección provincial de Gipuzkoa,Other,5,0
INSS-Dirección provincial de Girona,Other,5,0
INSS-Dirección provincial de Granada,Other,5,0
Institut Català de la Salut (ICS),Other,5,0
Institut de Diagnòstic per la Imatge (IDI),Software & Development,5,9
Instituto Cántabro de Administración Pública Rafael de la Sierra,Other,5,0
Instituto Murciano Investigación y Desarrollo Agrario y Alimentario (IMIDA),Software & Development,5,5
Instituto Social de la Marina -Dirección Provincial de A Coruña,Other,5,0
Instituto Social de la Marina -Dirección Provincial de Almería,Other,5,0
Instituto Social de la Marina -Dirección Provincial de Vilagarcia de Arousa,Other,5,0
Instituto Social de la Marina -División de Administración y Análisis Presupuestario,Other,5,0
Instituto Social de las Fuerzas Armadas (ISFAS),Infrastructure & Hardware,5,2
Intendencia de Madrid,Software & Development,5,2
Intendente de las Palmas,Infrastructure & Hardware,5,3
JUNTA DE GOBIERNO LOCAL AYUNTAMIENTO DE VÍCAR,Software & Development,5,5
Jefatura de Asuntos Económicos de la Guardia Civil,Infrastructure & Hardware,5,3
Jefatura de Asuntos Económicos del Cuartel General Terrestre Alta Disponibilidad,Infrastructure & Hardware,5,2
Jefatura de Intendencia de Asuntos Económicos Centro,Infrastructure & Hardware,5,1
Jefatura de Intendencia de Asuntos Económicos Este,Infrastructure & Hardware,5,5
Jefatura de Intendencia de Asuntos Económicos Oeste,Infrastructure & Hardware,5,5
Jefatura de la Sección Económico Administrativa 23 de la Base Aérea de Albacete,Infrastructure & Hardware,5,5
Jefatura de la Sección de Gestión Económico-Administrativa de la Dirección de Asuntos Económicos,Software & Development,5,6
"Junta de Compras de Informa DB, S.A.",Data & Analytics,5,0
Junta de Contratación de la Subsecretaría de Fomento,Other,5,0
Junta de Contratación del Ejército de Tierra,Other,5,0
Junta de Contratación del Ministerio de Cultura,Infrastructure & Hardware,5,3
Junta de Contratación del Ministerio de Justicia,Software & Development,5,7
Junta de Contratación del Ministerio de Transportes y Movilidad Sostenible,Infrastructure & Hardware,5,0
Junta de Coordinación del Defensor del Pueblo,Other,5,0
Junta de Gobierno Local del Ayuntamiento de Alcalá de Guadaíra,Infrastructure & Hardware,5,3
Junta de Gobierno Local del Ayuntamiento de Alicante,Infrastructure & Hardware,5,4
Junta de Gobierno Local del Ayuntamiento de As Neves,Other,5,0
Junta de Gobierno Local del Ayuntamiento de Barro,Other,5,0
Junta de Gobierno Local del Ayuntamiento de Camargo,Other,5,0
Junta de Gobierno Local del Ayuntamiento de Cuadros,Other,5,0
Junta de Gobierno Local del Ayuntamiento de Cubillos del Sil,Other,5,0
Junta de Gobierno Local del Ayuntamiento de El Palmar de Troya,Other,5,0
Junta de Gobierno Local del Ayuntamiento de Gójar,Other,5,0
Junta de Gobierno Local del Ayuntamiento de La Matanza de Acentejo,Software & Development,5,4
Junta de Gobierno Local del Ayuntamiento de Membrilla,Other,5,0
Junta de Gobierno Local del Ayuntamiento de Muros,Other,5,0
Junta de Gobierno Local del Ayuntamiento de Nava de la Asunción,Other,5,0
Junta de Gobierno Local del Ayuntamiento de Navahermosa,Other,5,0
Junta de Gobierno Local del Ayuntamiento de Numancia de la Sagra,Other,5,0
Junta de Gobierno Local del Ayuntamiento de Paderne,Other,5,0
Junta de Gobierno Local del Ayuntamiento de Ponferrada,Other,5,0
Junta de Gobierno Local del Ayuntamiento de Talarrubias,Other,5,0
Junta de Gobierno Local del Ayuntamiento de Uceda,Other,5,0
Junta de Gobierno Local del Ayuntamiento de Villacañas,Other,5,0
Junta de Gobierno Local del Ayuntamiento de Villamañán,Other,5,0
Junta de Gobierno de la Consorcio Autoridad Única del Transporte de Gran Canaria (AUTGC),Other,5,0
Junta de Gobierno del Ajuntament de València,Infrastructure & Hardware,5,3
Junta de Gobierno del Ayuntamiento de Alameda de la Sagra,Other,5,0
Junta de Gobierno del Ayuntamiento de Alboraya,Software & Development,5,4
Junta de Gobierno del Ayuntamiento de Alcoy,Infrastructure & Hardware,5,3
Junta de Gobierno del Ayuntamiento de Arnedo,Other,5,0
Junta de Gobierno del Ayuntamiento de Bellreguard,Other,5,0
Junta de Gobierno del Ayuntamiento de Borriana,Software & Development,5,3
Junta de Gobierno del Ayuntamiento de Burjassot,Software & Development,5,4
Junta de Gobierno del Ayuntamiento de Cabañas Raras,Other,5,0
Junta de Gobierno del Ayuntamiento de Castellón de la Plana,Cloud,5,9
Junta de Gobierno del Ayuntamiento de Colmenar de Oreja,Other,5,0
Junta de Gobierno del Ayuntamiento de Congosto,Other,5,0
Junta de Gobierno del Ayuntamiento de Ejea de Los Caballeros,Software & Development,5,5
Junta de Gobierno del Ayuntamiento de Elda,Software & Development,5,3
Junta de Gobierno del Ayuntamiento de Huelva,Software & Development,5,3
Junta de Gobierno del Ayuntamiento de Marbella,Infrastructure & Hardware,5,2
Junta de Gobierno del Ayuntamiento de Medina de Rioseco,Other,5,0
Junta de Gobierno del Ayuntamiento de Miranda de Ebro,Software & Development,5,3
Junta de Gobierno del Ayuntamiento de Orihuela,Infrastructure & Hardware,5,4
Junta de Gobierno del Ayuntamiento de Ourense,Software & Development,5,10
Junta de Gobierno del Ayuntamiento de Outeiro de Rei,Other,5,0
Junta de Gobierno del Ayuntamiento de Palacios del Sil,Other,5,0
Junta de Gobierno del Ayuntamiento de Parla,Software & Development,5,2
Junta de Gobierno del Ayuntamiento de Pilar de la Horadada,Software & Development,5,6
Junta de Gobierno del Ayuntamiento de Ponte Caldelas,Other,5,0
Junta de Gobierno del Ayuntamiento de San Vicente Raspeig,Software & Development,5,4
Junta de Gobierno del Ayuntamiento de Santa María del Páramo,Other,5,0
Junta de Gobierno del Ayuntamiento de Sariego,Other,5,0
Junta de Gobierno del Ayuntamiento de Serra,Other,5,0
Junta de Gobierno del Ayuntamiento de Sorbas,Other,5,0
Junta de Gobierno del Ayuntamiento de Soria,Infrastructure & Hardware,5,2
Junta de Gobierno del Ayuntamiento de Torredelcampo,Other,5,0
Junta de Gobierno del Ayuntamiento de Vinarós,Software & Development,5,5
Junta de Gobierno del Instituto Provincial para el Deporte y Juventud de Burgos,Other,5,0
Junta de Gobierno local del Ayuntamiento de Meruelo,Other,5,0
"LANBIDE, Servicio Vasco de Empleo - Lanbide",Other,5,0
Mesa de la Asamblea de Madrid,Software & Development,5,5
"Museo Nacional del Prado Difusión S.A.U., S.M.E.",Other,5,0
"Mutua Universal Mugenat, Mutua Colaboradora con la Seguridad Social nº 10",AI & Machine Learning,5,8
"Mutua Universal Mugenat, Mutua Colaboradora con la Seguridad Social nº 10",Infrastructure & Hardware,5,2
ORGANISMO AUTÓNOMO MADRID SALUD,Other,5,0
Parlament de les Illes Balears,Other,5,0
Pleno de la Diputación Provincial de Málaga,Other,5,0
Pleno de la Diputación Provincial de Salamanca,Other,5,0
Pleno de la EATIM del Mareny de Barraquetes,Other,5,0
Pleno de la Mancomunidad Intermunicipal Alto Palancia,Other,5,0
Pleno del Ayuntamiento de Agulo,Other,5,0
Pleno del Ayuntamiento de Alhaurín de la Torre,Other,5,0
Pleno del Ayuntamiento de Ampuero,Other,5,0
Pleno del Ayuntamiento de Arándiga,Other,5,0
Pleno del Ayuntamiento de Batres,Other,5,0
Pleno del Ayuntamiento de Bustillo del Páramo,Other,5,0
Pleno del Ayuntamiento de Campoo de Enmedio,Other,5,0
Pleno del Ayuntamiento de Duruelo de la Sierra,Other,5,0
Pleno del Ayuntamiento de Godella,Other,5,0
Pleno del Ayuntamiento de Llocnou d'en Fenollet,Other,5,0
Pleno del Ayuntamiento de Montejo de Tiermes,Other,5,0
Pleno del Ayuntamiento de Ondara,Other,5,0
Pleno del Ayuntamiento de Oseja de Sajambre,Other,5,0
Pleno del Ayuntamiento de Oña,Other,5,0
Pleno del Ayuntamiento de Pastriz,Other,5,0
Pleno del Ayuntamiento de San Javier,Other,5,0
Pleno del Ayuntamiento de San Millán de la Cogolla,Other,5,0
Pleno del Ayuntamiento de Valverde de la Virgen,Other,5,0
Pleno del Ayuntamiento de Villafranca de Ebro,Other,5,0
Pleno del Ayuntamiento de Villalobón,Other,5,0
Pleno del Ayuntamiento de Villaviciosa de Odón,Other,5,0
Presidencia Mancomunidad de Municipios de la Comarca de Baza,Other,5,0
"Presidencia de European Aviation College, S.A.",Other,5,0
Presidencia de Mancomunidad de Municipios de Los Pedroches,Other,5,0
"Presidencia de la Agencia Estatal Consejo Superior de Investigaciones Científicas, M.P.",Infrastructure & Hardware,5,2
Presidencia de la Asociación Desarrollo Rural Montaña Central de Asturias,Software & Development,5,5
Presidencia de la Autoridad Portuaria de Baleares,Infrastructure & Hardware,5,5
Presidencia de la Comarca Ribera Baja del Ebro,Software & Development,5,9
Presidencia de la Comarca de Tarazona y el Moncayo,Other,5,0
Presidencia de la Comarca del Bajo Aragón,Other,5,0
Presidencia de la Confederación Hidrográfica del Ebro,Software & Development,5,5
Presidencia de la Confederación Hidrográfica del Guadalquivir,Software & Development,5,2
Presidencia de la Confederación Hidrográfica del Segura,Software & Development,5,5
Presidencia de la Cámara de Cuentas de Castilla-La Mancha,Other,5,0
Presidencia de la Diputación Provincial de Cuenca,Infrastructure & Hardware,5,4
Presidencia de la Diputación Provincial de Cuenca,Software & Development,5,4
Presidencia de la Diputación Provincial de Ourense,Software & Development,5,4
Presidencia de la Diputación Provincial de Segovia,Software & Development,5,4
Presidencia de la Diputación Provincial de Toledo,Software & Development,5,3
Presidencia de la E.L.A. de Guadalcacín,Other,5,0
Presidencia de la Entidad Local Autónoma Estación de Gaucín -El Colmenar,Other,5,0
Presidencia de la Fundación Canaria para el Fomento del Transporte Especial Adaptado,Other,5,0
Presidencia de la Fundación de la Comunitat Valenciana Agencia Provincial de la Energía de Alicante,Other,5,0
Presidencia de la Gerencia Municipal de Urbanismo de Sanlúcar de Barrameda,Other,5,0
Presidencia de la Gerencia de Infraestructuras y Equipamiento de la Seguridad del Estado (GIESE),Other,5,0
Presidencia de la Mancomunidad Comarca de la Sidra,Other,5,0
Presidencia de la Mancomunidad Espadán Mijares,Other,5,0
Presidencia de la Mancomunidad Municipios Agua del Bierzo,Other,5,0
Presidencia de la Mancomunidad de Municipios Ría de Arousa Norte,Infrastructure & Hardware,5,5
Presidencia de la Mancomunidad de Municipios de La Vall D'Albaida,Other,5,0
Presidencia de la Mancomunidad de Municipios de la Comarca del Campo de Gibraltar,Other,5,0
Presidencia de la Mancomunidad de Municipios de la Costa del Sol Occidental,Other,5,0
"Presidencia de la Mancomunidad de los Concejos de Cangas de Onís, Amieva y Onis",Other,5,0
Presidencia de la Mancomunidad del Sur,Other,5,0
"Presidencia de la Sociedad Mercantil Estatal para la Gestión de la Innovación y las Tecnologías Turísticas, S.A.M.P. (SEGITTUR)",Other,5,0
Presidencia del Cabildo Insular de Fuerteventura,Software & Development,5,4
Presidencia del Consejo Consultivo de Canarias,Other,5,0
Presidencia del Consejo Superior de Deportes,Software & Development,5,4
"Presidencia del Consejo de Administración de Servicios de Limpieza Pública de Ceuta, S.L.U. (Servilimpce)",Other,5,0
"Presidencia del Consejo de Administración de la Empresa de Limpiezas Municipales y Parque del Oeste, S.A.M.",Other,5,0
Presidencia del Consorcio Provincial para la Gestión Medioambiental y Tratamiento de Residuos Sólidos (Segovia),Other,5,0
Presidencia del Instituto Ourensán de Desenvolvemento Económico,Other,5,0
Presidencia del Organismo Autónomo Local de Cultura de Talavera de la Reina,Other,5,0
Presidencia del Patronato Municipal de Cultura,Other,5,0
Presidencia del Patronato Municipal de Cultura de Fuenlabrada,Software & Development,5,4
Presidencia del Patronato de Recaudación Provincial,Other,5,0
Presidencia del Patronato de la Fundación Clínica Universitaria de la Universidad Rey Juan Carlos,Other,5,0
Presidencia del Patronato de la Fundación de Investigación del Cancer de la Universidad de Salamanca,Other,5,0
Presidencia del Servicio Municipalizado de Deportes del Ayuntamiento de Burgos,Other,5,0
Presidencia del Tribunal de Cuentas,Software & Development,5,6
Presidente del Consorcio Agrupacion 1 Huesca,Other,5,0
"RADIO TELEVISIÓN MADRID, S.A.U.",Other,5,0
Rectorado de la Universidad Internacional de Andalucía,Software & Development,5,4
Rectorado de la Universidad de Burgos,Infrastructure & Hardware,5,4
Rectorado de la Universidad de Cantabria,Software & Development,5,1
Rectorado de la Universidad de Extremadura,Software & Development,5,2
Rectorado de la Universidad de Las Palmas de Gran Canaria,Software & Development,5,5
Rectorado de la Universitat Politècnica de València,Cloud,5,8
Secretaría General Eixo Atlántico do Noroeste Peninsular,Other,5,0
"Secretaría General Técnica de la Consejería de Agricultura, Ganadería, Pesca y Soberanía Alimentaria del Gobierno de Canarias",Other,5,0
Secretaría General de las Cortes de Castilla-La Mancha,Software & Development,5,2
"Secretaría General del Centro de Investigaciones Energéticas, Medioambientales y Tecnológicas (CIEMAT)",Infrastructure & Hardware,5,4
Secretaría General del Instituto de Salud Carlos III,Infrastructure & Hardware,5,1
Secretaría General del Instituto de Salud Carlos III,Software & Development,5,5
Secretaría de Estado de Justicia,Other,5,0
Secretaría de Estado de Sanidad,Other,5,0
Secretaría de Estado de Telecomunicaciones e Infraestructuras Digitales,Infrastructure & Hardware,5,0
Secretaría de Estado para la Unión Europea,Other,5,0
Servei Català de Trànsit,Other,5,0
Servicio Gallego de Salud,Infrastructure & Hardware,5,4
Servicio Riojano de Salud,Software & Development,5,7
Servicio Territorial de Medio Ambiente de Soria,Other,5,0
Servicio Territorial de Medio Ambiente de Zamora,Other,5,0
Sindicatura de Cuentas del Principado de Asturias,Other,5,0
Sistema d'Emergències Mèdiques,Data & Analytics,5,15
"Sociedad Mercantil Estatal de Infraestructuras Agrarias, S.A. (SEIASA)",Software & Development,5,4
Sociedad Pública de Infraestructuras y Medio Ambiente de Castilla y León S.A.,Software & Development,5,7
Subdirección General de Adquisiciones de Armamento y Material DGAM,Infrastructure & Hardware,5,1
Subdirección General de Recursos Humanos e Inspección de los Servicios,Other,5,0
"Subsecretaría de Ciencia, Innovación y Universidades",Software & Development,5,8
TGSS-Dirección provincial de Baleares,Other,5,0
TGSS-Dirección provincial de Granada,Other,5,0
TGSS-Dirección provincial de Guadalajara,Other,5,0
TGSS-Dirección provincial de Lugo,Other,5,0
TGSS-Dirección provincial de Murcia,Other,5,0
TGSS-Dirección provincial de Palencia,Other,5,0
TGSS-Dirección provincial de Salamanca,Other,5,0
TGSS-Dirección provincial de Tenerife,Other,5,0
TGSS-Dirección provincial de Zamora,Other,5,0
"Televisión Autonómica de Aragón, S.A.U.",Software & Development,5,4
"Televisión Pública de Canarias, S.A.",Software & Development,5,2
The European Joint Undertaking for ITER and the Development of Fusion Energy ('Fusion for Energy'),Software & Development,5,8
Vicepresidencia y Conselleria de Igualdad y Políticas Inclusivas,Other,5,0
Vicepresidente de la Comunitat Valenciana Auditorio de la Diputación de Alicante ADDA,Software & Development,5,4
Xunta de Goberno Concello A Pobra do Brollón,Other,5,0
"Área de Gobierno de Economía, Innovación y Hacienda del Ayuntamiento de Madrid",Software & Development,5,5
"Área de Gobierno de Urbanismo, Medio Ambiente y Movilidad del Ayuntamiento de Madrid",Software & Development,5,6
8ª Zona de la Guardia Civil Comunidad Autónoma de Aragón,Other,4,0
ADIF Alta Velocidad - Presidencia,Infrastructure & Hardware,4,3
ALCALDE DEL AYUNTAMIENTO DE PEDROCHE,Other,4,0
ALCALDÍA DEL AYUNTAMIENTO DE LA CODOSERA,Other,4,0
ALCALDÍA DEL AYUNTAMIENTO DE MIRANDILLA,Other,4,0
ALCALDÍA DEL AYUNTAMIENTO VALVERDE DE LLERENA,Other,4,0
"AMB Informació i Serveis, S.A.",Software & Development,4,6
Administración de Infraestructuras Ferroviarias,Other,4,0
"Administrador Único de Televisión Autonómica de Castilla-La Mancha, S.A.",Software & Development,4,1
Aena. Dirección del Aeropuerto de Josep Tarradellas Barcelona-El Prat,Infrastructure & Hardware,4,1
Aena. Dirección del Aeropuerto de Josep Tarradellas Barcelona-El Prat,Software & Development,4,3
Aena. Dirección del Aeropuerto de Palma de Mallorca,Infrastructure & Hardware,4,0
Aena. Dirección del Aeropuerto de Sevilla,Software & Development,4,2
Aena. Dirección del Aeropuerto de Vigo,Infrastructure & Hardware,4,2
Agencia Digital de Andalucía,Cloud,4,7
Agencia para la Modernización Tecnológica de Galicia,Other,4,0
Alcalde Pedaneo de la Entidad Local Menor de Ontinar de Salz,Other,4,0
Alcalde del Ayuntamiento Torres de Berrellén,Other,4,0
Alcalde del Ayuntamiento de Castejón de Valdejasa,Other,4,0
Alcalde del Ayuntamiento de Grisel,Other,4,0
Alcalde del Ayuntamiento de Lumpiaque,Other,4,0
Alcalde del Ayuntamiento de Quinto,Other,4,0
Alcalde del Ayuntamiento de Ricla,Other,4,0
Alcaldia del Ayuntamiento de Alcalá la Real,Software & Development,4,3
Alcaldia del Ayuntamiento de Beniparrell,Other,4,0
Alcaldia del Ayuntamiento de Carboneros,Other,4,0
Alcaldia del Ayuntamiento de Castejón de Sos,Other,4,0
Alcaldia del Ayuntamiento de El Madroño,Other,4,0
Alcaldia del Ayuntamiento de Espejo,Other,4,0
Alcaldia del Ayuntamiento de Fuente Obejuna,Software & Development,4,4
Alcaldia del Ayuntamiento de Granadilla de Abona,Software & Development,4,4
Alcaldia del Ayuntamiento de La Luisiana,Other,4,0
Alcaldia del Ayuntamiento de Malpica de Bergantiños,Other,4,0
Alcaldia del Ayuntamiento de Marchamalo,Software & Development,4,3
Alcaldia del Ayuntamiento de Navas de San Juan,Other,4,0
Alcaldia del Ayuntamiento de Olocau,Other,4,0
Alcaldia del Ayuntamiento de Orce,Other,4,0
Alcaldia del Ayuntamiento de Pilas,Cloud,4,4
Alcaldia del Ayuntamiento de Serrejón,Other,4,0
Alcaldia del Ayuntamiento de Torredonjimeno,Other,4,0
Alcaldia del Ayuntamiento de Torrejoncillo,Other,4,0
Alcaldia del Ayuntamiento de Torremocha,Other,4,0
Alcaldia del Ayuntamiento de Umbrete,Cloud,4,6
Alcaldia del Ayuntamiento de Yunquera de Henares,Other,4,0
Alcaldia del Ayuntamiento de peñaflor,Other,4,0
Alcaldia del Concello de Coristanco,Infrastructure & Hardware,4,4
Alcaldía de Magaz del Pisuerga,Other,4,0
Alcaldía de l'Ajuntament de Santa Maria del Camí,Other,4,0
Alcaldía del Ajuntament de Santanyi,Other,4,0
Alcaldía del Ayuntamiento de Agoncillo,Other,4,0
Alcaldía del Ayuntamiento de Aguilón,Other,4,0
Alcaldía del Ayuntamiento de Alagón del Río,Other,4,0
Alcaldía del Ayuntamiento de Alange,Other,4,0
Alcaldía del Ayuntamiento de Alberche del Caudillo,Other,4,0
Alcaldía del Ayuntamiento de Albocàsser,Other,4,0
Alcaldía del Ayuntamiento de Albudeite,Other,4,0
Alcaldía del Ayuntamiento de Albuñuelas,Other,4,0
Alcaldía del Ayuntamiento de Alcalá de la Selva,Other,4,0
Alcaldía del Ayuntamiento de Alcaraz,Other,4,0
Alcaldía del Ayuntamiento de Alcazarén,Other,4,0
Alcaldía del Ayuntamiento de Alfondeguilla,Other,4,0
Alcaldía del Ayuntamiento de Almansa,Software & Development,4,4
Alcaldía del Ayuntamiento de Almendral,Other,4,0
Alcaldía del Ayuntamiento de Almonacid de Zorita,Other,4,0
Alcaldía del Ayuntamiento de Almussafes,Software & Development,4,1
Alcaldía del Ayuntamiento de Alpedrete,Other,4,0
Alcaldía del Ayuntamiento de Andújar,Software & Development,4,4
Alcaldía del Ayuntamiento de Arafo,Other,4,0
Alcaldía del Ayuntamiento de Arboleas,Other,4,0
Alcaldía del Ayuntamiento de Argés,Other,4,0
Alcaldía del Ayuntamiento de Armilla,Software & Development,4,1
Alcaldía del Ayuntamiento de Arquillos,Other,4,0
Alcaldía del Ayuntamiento de Añover de Tajo,Other,4,0
Alcaldía del Ayuntamiento de Barcarrota,Other,4,0
Alcaldía del Ayuntamiento de Belmonte,Other,4,0
Alcaldía del Ayuntamiento de Benageber,Other,4,0
Alcaldía del Ayuntamiento de Benamaurel,Other,4,0
Alcaldía del Ayuntamiento de Benassal,Other,4,0
Alcaldía del Ayuntamiento de Benicolet,Other,4,0
Alcaldía del Ayuntamiento de Benlloch,Other,4,0
Alcaldía del Ayuntamiento de Bienservida,Other,4,0
Alcaldía del Ayuntamiento de Binissalem,Other,4,0
Alcaldía del Ayuntamiento de Bisaurri,Other,4,0
Alcaldía del Ayuntamiento de Bollullos de la Mitación,Cloud,4,4
Alcaldía del Ayuntamiento de Brazatortas,Other,4,0
Alcaldía del Ayuntamiento de Brea de Tajo,Other,4,0
Alcaldía del Ayuntamiento de Bujaraloz,Other,4,0
Alcaldía del Ayuntamiento de Burguillos de Toledo,Other,4,0
Alcaldía del Ayuntamiento de Béjar,Software & Development,4,0
Alcaldía del Ayuntamiento de Cabanas,Other,4,0
Alcaldía del Ayuntamiento de Calamocha,Other,4,0
Alcaldía del Ayuntamiento de Calera de León,Other,4,0
Alcaldía del Ayuntamiento de Camarena de la Sierra,Other,4,0
Alcaldía del Ayuntamiento de Cambil,Other,4,0
Alcaldía del Ayuntamiento de Campillo de Altobuey,Other,4,0
Alcaldía del Ayuntamiento de Cangas de Onís,Other,4,0
Alcaldía del Ayuntamiento de Cantalejo,Other,4,0
Alcaldía del Ayuntamiento de Carballo,Software & Development,4,4
Alcaldía del Ayuntamiento de Cariño,Other,4,0
Alcaldía del Ayuntamiento de Casarrubuelos,Other,4,0
Alcaldía del Ayuntamiento de Castellar de Santiago,Other,4,0
Alcaldía del Ayuntamiento de Castrojeriz,Other,4,0
Alcaldía del Ayuntamiento de Cazalla de la Sierra,Other,4,0
Alcaldía del Ayuntamiento de Ceclavín,Other,4,0
Alcaldía del Ayuntamiento de Cedillo,Other,4,0
Alcaldía del Ayuntamiento de Chillón,Other,4,0
Alcaldía del Ayuntamiento de Ciempozuelos,Software & Development,4,4
Alcaldía del Ayuntamiento de Cigales,Other,4,0
Alcaldía del Ayuntamiento de Coca,Other,4,0
Alcaldía del Ayuntamiento de Cuevas del Campo,Other,4,0
Alcaldía del Ayuntamiento de Cárcer,Other,4,0
Alcaldía del Ayuntamiento de Cózar,Other,4,0
Alcaldía del Ayuntamiento de Cútar,Other,4,0
Alcaldía del Ayuntamiento de El Campillo,Other,4,0
Alcaldía del Ayuntamiento de El Casar,Other,4,0
Alcaldía del Ayuntamiento de El Cuervo de Sevilla,Cloud,4,4
Alcaldía del Ayuntamiento de El Provencio,Other,4,0
Alcaldía del Ayuntamiento de El Real de San Vicente,Other,4,0
Alcaldía del Ayuntamiento de El Ronquillo,Other,4,0
Alcaldía del Ayuntamiento de El Vellón,Other,4,0
Alcaldía del Ayuntamiento de Enciso,Other,4,0
Alcaldía del Ayuntamiento de Escucha,Other,4,0
Alcaldía del Ayuntamiento de Estubeny,Other,4,0
Alcaldía del Ayuntamiento de Ezcaray,Other,4,0
Alcaldía del Ayuntamiento de Formentera del Segura,Other,4,0
Alcaldía del Ayuntamiento de Frailes,Other,4,0
Alcaldía del Ayuntamiento de Freila,Other,4,0
Alcaldía del Ayuntamiento de Fresno de Cantespino,Other,4,0
Alcaldía del Ayuntamiento de Fuente Vaqueros,Other,4,0
Alcaldía del Ayuntamiento de Fuente de Cantos,Other,4,0
Alcaldía del Ayuntamiento de Fuentes de León,Other,4,0
Alcaldía del Ayuntamiento de Galápagos,Other,4,0
Alcaldía del Ayuntamiento de Gelsa,Other,4,0
Alcaldía del Ayuntamiento de Granja de Torrehermosa,Other,4,0
Alcaldía del Ayuntamiento de Guadalajara,Infrastructure & Hardware,4,0
Alcaldía del Ayuntamiento de Huétor Tájar,Other,4,0
Alcaldía del Ayuntamiento de Huévar del Aljarafe,Other,4,0
Alcaldía del Ayuntamiento de Híjar,Other,4,0
Alcaldía del Ayuntamiento de Illescas,Software & Development,4,3
Alcaldía del Ayuntamiento de Iniesta,Other,4,0
Alcaldía del Ayuntamiento de Jaén,Infrastructure & Hardware,4,1
Alcaldía del Ayuntamiento de Jerte,Other,4,0
Alcaldía del Ayuntamiento de Jérez del Marquesado,Other,4,0
Alcaldía del Ayuntamiento de La Gineta,Other,4,0
Alcaldía del Ayuntamiento de La Guijarrosa,Other,4,0
Alcaldía del Ayuntamiento de La Llosa,Other,4,0
Alcaldía del Ayuntamiento de Labajos,Other,4,0
Alcaldía del Ayuntamiento de Lahiguera,Other,4,0
Alcaldía del Ayuntamiento de Las Labores,Other,4,0
Alcaldía del Ayuntamiento de Las Valeras,Other,4,0
Alcaldía del Ayuntamiento de Llanes,Infrastructure & Hardware,4,3
Alcaldía del Ayuntamiento de Llombai,Other,4,0
Alcaldía del Ayuntamiento de Los Molares,Cloud,4,4
Alcaldía del Ayuntamiento de Los Navalmorales,Other,4,0
Alcaldía del Ayuntamiento de Lubrín,Other,4,0
Alcaldía del Ayuntamiento de Mairena del Aljarafe,Software & Development,4,1
Alcaldía del Ayuntamiento de Maranchón,Other,4,0
Alcaldía del Ayuntamiento de Marines,Other,4,0
Alcaldía del Ayuntamiento de Mazaleón,Other,4,0
Alcaldía del Ayuntamiento de Merindad de Valdeporres,Other,4,0
Alcaldía del Ayuntamiento de Minglanilla,Other,4,0
Alcaldía del Ayuntamiento de Mislata,Software & Development,4,4
Alcaldía del Ayuntamiento de Molina de Segura,Other,4,0
Alcaldía del Ayuntamiento de Mombeltrán,Other,4,0
Alcaldía del Ayuntamiento de Monroy,Other,4,0
Alcaldía del Ayuntamiento de Montejo de la Sierra,Other,4,0
Alcaldía del Ayuntamiento de Monterrrubio de la Serena,Other,4,0
Alcaldía del Ayuntamiento de Montesa,Other,4,0
Alcaldía del Ayuntamiento de Moriles,Other,4,0
Alcaldía del Ayuntamiento de Moya,Other,4,0
Alcaldía del Ayuntamiento de Mula,Other,4,0
Alcaldía del Ayuntamiento de Narón,Software & Development,4,3
Alcaldía del Ayuntamiento de Navaconcejo,Other,4,0
Alcaldía del Ayuntamiento de Navas del Madroño,Other,4,0
Alcaldía del Ayuntamiento de Nogales,Other,4,0
Alcaldía del Ayuntamiento de Oropesa del Mar,Other,4,0
Alcaldía del Ayuntamiento de Palmera,Other,4,0
Alcaldía del Ayuntamiento de Pedralba,Other,4,0
Alcaldía del Ayuntamiento de Pedro Muñoz,Other,4,0
Alcaldía del Ayuntamiento de Peralta de Alcofea,Other,4,0
Alcaldía del Ayuntamiento de Peñaranda de Bracamonte,Other,4,0
Alcaldía del Ayuntamiento de Piedrahíta,Other,4,0
Alcaldía del Ayuntamiento de Pizarra,Other,4,0
Alcaldía del Ayuntamiento de Proaza,Other,4,0
Alcaldía del Ayuntamiento de Puebla de Sancho Pérez,Other,4,0
Alcaldía del Ayuntamiento de Puerto Real,Software & Development,4,2
Alcaldía del Ayuntamiento de Punta umbría,Software & Development,4,2
Alcaldía del Ayuntamiento de Puçol,Software & Development,4,4
Alcaldía del Ayuntamiento de Quart de les Valls,Other,4,0
Alcaldía del Ayuntamiento de Rafelguaraf,Other,4,0
Alcaldía del Ayuntamiento de Remolinos,Other,4,0
Alcaldía del Ayuntamiento de Rincón de la Victoria,Software & Development,4,3
Alcaldía del Ayuntamiento de Riolobos,Other,4,0
Alcaldía del Ayuntamiento de Rociana del Condado,Other,4,0
Alcaldía del Ayuntamiento de Rozas de Puerto Real,Other,4,0
Alcaldía del Ayuntamiento de Salinas,Other,4,0
Alcaldía del Ayuntamiento de San Isidro,Other,4,0
Alcaldía del Ayuntamiento de San Leonardo de Yagüe,Other,4,0
Alcaldía del Ayuntamiento de San Mateo de Gállego,Other,4,0
Alcaldía del Ayuntamiento de Santa Lucía de Tirajana,Software & Development,4,4
Alcaldía del Ayuntamiento de Santiago del Teide,Software & Development,4,4
Alcaldía del Ayuntamiento de Senyera,Other,4,0
Alcaldía del Ayuntamiento de Sepúlveda,Other,4,0
Alcaldía del Ayuntamiento de Setenil de la Bodegas,Other,4,0
Alcaldía del Ayuntamiento de Sinarcas,Other,4,0
Alcaldía del Ayuntamiento de Sobrado,Other,4,0
Alcaldía del Ayuntamiento de Tardienta,Other,4,0
Alcaldía del Ayuntamiento de Tolva,Other,4,0
Alcaldía del Ayuntamiento de Torreblascopedro,Other,4,0
Alcaldía del Ayuntamiento de Torrecaballeros,Other,4,0
Alcaldía del Ayuntamiento de Torrecilla de la Jara,Other,4,0
Alcaldía del Ayuntamiento de Turis,Other,4,0
Alcaldía del Ayuntamiento de Tàrbena,Other,4,0
Alcaldía del Ayuntamiento de Tórtola de Henares,Other,4,0
Alcaldía del Ayuntamiento de Utrera,Software & Development,4,3
Alcaldía del Ayuntamiento de Valdeavero,Other,4,0
Alcaldía del Ayuntamiento de Valdepeñas,Software & Development,4,4
Alcaldía del Ayuntamiento de Valsequillo de Gran Canaria,Cloud,4,8
Alcaldía del Ayuntamiento de Valverde,Software & Development,4,1
Alcaldía del Ayuntamiento de Valverde de Leganés,Other,4,0
Alcaldía del Ayuntamiento de Vegadeo,Other,4,0
Alcaldía del Ayuntamiento de Ventas de Huelma,Other,4,0
Alcaldía del Ayuntamiento de Villafranca del Cid,Other,4,0
Alcaldía del Ayuntamiento de Villalpardo,Other,4,0
Alcaldía del Ayuntamiento de Villanueva de Perales,Other,4,0
Alcaldía del Ayuntamiento de Villanueva del Fresno,Other,4,0
Alcaldía del Ayuntamiento de Villanueva del Pardillo,Other,4,0
Alcaldía del Ayuntamiento de Villar de Olalla,Other,4,0
Alcaldía del Ayuntamiento de Villar de Plasencia,Other,4,0
Alcaldía del Ayuntamiento de Villar de los Navarros,Other,4,0
Alcaldía del Ayuntamiento de Villaralbo,Other,4,0
Alcaldía del Ayuntamiento de Villardompardo,Other,4,0
Alcaldía del Ayuntamiento de Villarrubia de Santiago,Other,4,0
Alcaldía del Ayuntamiento de Villaviciosa de Odón,Software & Development,4,2
Alcaldía del Ayuntamiento de Xirivella,Software & Development,4,2
Alcaldía del Ayuntamiento de Yepes,Other,4,0
Alcaldía del Ayuntamiento de Yuncos,Other,4,0
Alcaldía del Ayuntamiento de Yunquera,Other,4,0
Alcaldía del Ayuntamiento de Zamora,Software & Development,4,4
Alcaldía del Ayuntamiento de la Histórica Villa de los Realejos,Infrastructure & Hardware,4,2
Alcaldía del Ayuntamiento de la Puerta de Segura,Other,4,0
Alcaldía del Concello de Taboada,Other,4,0
Alcaldía del Concello do Rosal,Other,4,0
"Apoderado de Global Omnium Inversiones, S.L.",Other,4,0
Asamblea General de la Mancomunidad Campiña-Andévalo,Other,4,0
Asamblea Regional de Murcia,Software & Development,4,2
Autoridad Portuaria de Marín y Ría de Pontevedra,Infrastructure & Hardware,4,4
Ayuntamiento de Vitoria-Gasteiz - Ayuntamiento de Vitoria-Gasteiz,Software & Development,4,10
BARCELONA ACTIVA SAU SPM,Software & Development,4,8
"Barcelona d'Infraestructures Municipals, SA",Other,4,0
C.A.M.F. IMSERSO Alcuéscar,Other,4,0
CAI Pando,Other,4,0
Cartográfica de Canarias S.A.,Software & Development,4,2
Centro de Inserción Social Mercedes Pinto,Other,4,0
Comandancia Guardia Civil de Córdoba,Other,4,0
Comandancia Guardia Civil de Pontevedra,Other,4,0
Comandancia Guardia Civil de Sevilla,Other,4,0
Comisión Delegada del Patronato de la Fundación Instituto de Hidráulica Ambiental de Cantabria,Other,4,0
"Comisión Ejecutiva de la Corporación de Empresas Municipales de Sevilla A.I.E. (CEMS, A.I.E.)",Software & Development,4,6
Comisión Ejecutiva de la Fundación Salamanca Ciudad de Cultura y Saberes,Other,4,0
Comisión Ejecutiva de la Gerencia de Urbanismo de Sevilla,Software & Development,4,1
"Comisión Ejecutiva de la Sociedad Provincial de Desarrollo de Valladolid, S.A. (SODEVA)",Software & Development,4,5
Comisión Rectora del Fondo de Reestructuración Ordenada Bancaria,Other,4,0
Comisión de Gobierno del Consorcio para la Ejecución de las Previsiones del Plan Zonal de Residuos 7. Área de Gestión A2,Infrastructure & Hardware,4,5
Comisión de Gobierno del Consorcio para la Ejecución de las Previsiones del Plan Zonal de Residuos 7. Área de Gestión A2,Other,4,0
"Comité Ejecutivo del Consorcio de Prevención, Extinción de Incendios y Salvamento de la Isla de Tenerife",Other,4,0
Comité Ejecutivo del Consorcio de Tributos de Tenerife,Other,4,0
Comité de Contratación del Instituto de Crédito Oficial (ICO),Cloud,4,14
"Comunidad de Madrid. Consejería de Vivienda, Transportes e Infraestructuras",Other,4,0
Concejal Delegado de Contratación del Ayuntamiento de Chiclana de la Frontera,Other,4,0
"Concejal de Área Acción Social, Educación, Infancia, Juventud, Políticas Inclusivas, Mayores y Accesibilidad Universal del Ayuntamiento de Puerto de la Cruz",Other,4,0
"Concejalía Delegada General del Área de Hacienda, Personal y Modernización Administrativa del Ayuntamiento de Valladolid",Infrastructure & Hardware,4,3
Concejalía Delegada de Bomberos y Protección Civil del Ayuntamiento de Zaragoza,Other,4,0
Concejalía Delegada de Hacienda de Adeje,Software & Development,4,3
Concejalía Delegada de Hacienda del Ayuntamiento de Gijón,Software & Development,4,2
"Concejalía Delegada de Hacienda, Contratación, Patrimonio e Industria del Ayuntamiento de Burgos",Other,4,0
"Concejalía Delegada de Recursos Humanos, Tecnología, Transparencia, Prot. de Datos, Organización, At. Ciudadana, Estadística y Dem. Territorial, Consumo, Admin. Interna, Gab. de Prensa, Prot. y Sop. a Distritos del Ayto. de Sta. Cruz de Tenerife",Software & Development,4,2
"Concejalía Delegada de de Participación Ciudadana, Juventud y Deportes del Ayuntamiento de Valladolid",Other,4,0
"Concejalía Delegada de la Presidencia de la Junta Municipal del Distrito nº 10, Puerto de la Torre del Ayuntamiento de Málaga",Other,4,0
"Concejalía Delegada del Área Específica de Innovación, Digitalización Urbana, Promoción de la Inversión Tecnológica y Empresarial y Captación de Inversiones del Ayuntamiento de Málaga",Infrastructure & Hardware,4,4
Concejalía Delegada en Materia de Contratación del Ayuntamiento de Torremolinos,Infrastructure & Hardware,4,3
"Consejera Insular Delegada de Accesibilidad, Informática, Nuevas Tecnologías y Planificación y Proyectos Estratégicos del Cabildo Insular de Fuerteventura",Other,4,0
"Consejera de Área Insular de Turismo, Desarrollo Económico, Transición Ecológica, Sostenibilidad Ambiental y Seguridad del Cabildo Insular de Fuerteventura",Software & Development,4,4
"Consejero Delegado de Extremadura Avante Logística, S.A.",Other,4,0
"Consejero Delegado de Ingeniería de Sistemas para la Defensa de España S.A., S.M.E. y M.P.",AI & Machine Learning,4,4
"Consejero Delegado de la Empresa Municipal de Suelo y Vivienda de San Sebastián de los Reyes, S.A.U.",Other,4,0
"Consejero Insular Delegado de Contratación Pública, Deportes, Transportes, Movilidad y Comunicaciones del Cabildo Insular de Fuerteventura",Other,4,0
"Consejería Delegada de Getafe Iniciativas, S.A.",Software & Development,4,3
"Consejería Delegada de Hoteles Escuela de Canarias, S.A.",Software & Development,4,2
"Consejería de Agricultura, Pesca, Agua y Desarrollo Rural",Other,4,0
Consejería de Digitalización,AI & Machine Learning,4,11
"Consejería de Economía, Empleo y Transformación Digital",AI & Machine Learning,4,4
"Consejería de Economía, Hacienda, Fondos Europeos y Transformación Digital de la Región de Murcia",Infrastructure & Hardware,4,1
"Consejería de Economía, Transformación Digital y Transparencia del Ayuntamiento de Zaragoza",Software & Development,4,7
Consejería de Gestión Forestal y Mundo Rural,Software & Development,4,5
"Consejería de Inclusión Social, Juventud, Familias e Igualdad de la Comunidad Autónoma de Cantabria",Other,4,0
"Consejería de Industria, Energía, Ciencia y Territorio",Other,4,0
Consejería de Medio Rural y Política Agraria,Infrastructure & Hardware,4,4
"Consejería de Obras Públicas, Transportes y Vivienda del Gobierno de Canarias",Other,4,0
Consejería de Sanidad y Bienestar Social de la Junta de Castilla y León,Other,4,0
Consejería de Sostenibilidad y Medio Ambiente,Other,4,0
"Consejería de Turismo, Cultura, Juventud y Deportes de la Región de Murcia",Other,4,0
Consejería de la Presidencia de la Junta de Castilla y León,Infrastructure & Hardware,4,1
Consejería de Área de Educación y Juventud del Cabildo de Gran Canaria,Other,4,0
Consejo Ejecutivo del Consorcio del Sector II de la Provincia de Almería para la gestión de residuos sólidos urbanos,Other,4,0
Consejo Rector del Consorcio Museo Etnográfico Extremeño González Santana,Other,4,0
Consejo Rector del Consorcio de la Zona Especial Canaria,Other,4,0
Consejo Rector del Instituto de Empleo y Desarrollo Socioeconómico y Tecnológico de la Diputación Provincial de Cádiz,Software & Development,4,4
Consejo Rector del Patronato Provincial de Turismo de Granada,Other,4,0
Consejo de Administración de Bilbao Ría 2000 S.A.,Other,4,0
"Consejo de Administración de Cementerio Jardín de Alcalá de Henares, S.A.",Other,4,0
Consejo de Administración de Comercializadora Eléctrica de Cádiz S.A.,Other,4,0
"Consejo de Administración de Hub Empresa Municipal de San Fernando, M.P. S.A. (HEMSA)",Other,4,0
"Consejo de Administración de ICEX España Exportación e Inversiones, E.P.E.",Infrastructure & Hardware,4,3
Consejo de Administración de Iniciativas para el Desarrollo de Cehegín S.L.,Software & Development,4,4
Consejo de Administración de Mercados Centrales de Abastecimiento de Granada S.A. (Mercagranada S.A.),Other,4,0
Consejo de Administración de Promoción de la Ciudad de Las Palmas de Gran Canaria S.A.,Software & Development,4,4
Consejo de Administración de Radio Televisión Melilla S.A.U.,Other,4,0
Consejo de Administración de Suministradora Eléctrica de Cádiz S.A.,Software & Development,4,5
Consejo de Administración de la Autoridad Portuaria de Santa Cruz de Tenerife,Software & Development,4,3
Consejo de Administración de la Autoridad Portuaria de Valencia,Other,4,0
Consejo de Administración de la Compañía para la Gestión de Residuos Sólidos en Asturias S.A.,Software & Development,4,7
"Consejo de Administración de la Empresa Mancomunada del Aljarafe, S.A. (ALJARAFESA)",Software & Development,4,3
"Consejo de Administración de la Empresa Municipal Almería XXI, S.A.",Other,4,0
Consejo de Administración de la Empresa Municipal Saneamientos de Córdoba S.A. (SADECO),Infrastructure & Hardware,4,1
"Consejo de Administración de la Empresa Municipal de Aguas de Córdoba, S.A.",Infrastructure & Hardware,4,1
"Consejo de Administración de la Empresa Municipal de Innovación y Desarrollo Tecnológico, S.A.",Software & Development,4,5
"Consejo de Administración de la Empresa Municipal de Transportes de Valencia, S.A.U.",Infrastructure & Hardware,4,1
Consejo de Administración de la Empresa Municipal de la Vivienda de Ceuta S.A. (EMVICESA),Other,4,0
Consejo de Administración de la Empresa Municipal de la Vivienda de Gijón,Other,4,0
"Consejo de Administración de la Empresa Pública de Servicios Catarroja, S.L.U.",Other,4,0
"Consejo de Administración de la Empresa de Gestión Urbanística y Servicios de Alboraya, S.L.U.",Other,4,0
Consejo de Administración de la Entidad Pública Empresarial Local Agua de Valladolid,Software & Development,4,2
"Consejo de Administración de la Entidad Pública Empresarial Local Balsas de Tenerife, BALTEN del Cabildo Insular de Tenerife",Other,4,0
"Consejo de Administración de la Sociedad Mercantil Estatal de Gestión Inmobiliaria de Patrimonio, M.P.S.A. (Segipsa)",Infrastructure & Hardware,4,3
Consejo de Administración de la Sociedad Mixta Aguas de Puertollano S.L.,Other,4,0
Consejo de Administración de la Sociedad Municipal de Deportes de Santa Brígida S.L.,Other,4,0
Consejo de Administración de la Societat Valenciana FIRA València S.A.,Software & Development,4,4
"Consejo de Administración de la Zona de Actividades Logísticas de Salamanca, S.A.U.",Other,4,0
"Consejo de Administración del Aeropuerto Internacional de la Región de Murcia S.M.E., S.A.",Other,4,0
"Consejo de Administración del Instituto de Sistemas Fotovoltaicos de Concentración, S.A.U.",Other,4,0
Consejo de Administración del Patrimonio Nacional,Infrastructure & Hardware,4,1
Consejo de Gobierno de la Gerencia de Urbanismo de Sevilla,Other,4,0
Consejo de Seguridad Nuclear,Cloud,4,0
"Consejo de la Mancomunidad de Desarrollo Turístico de los Municipios de Ábalos, Briones, San Vicente de la Sonsierra y San Asensio",Software & Development,4,4
"Conselleria de Educación, Universidades y Empleo de la Generalitat Valenciana",Other,4,0
Consorci Sanitari Alt Penedès i Garraf,Software & Development,4,5
Consorcio Agencia Extremeña de la Energía (AGENEX),Other,4,0
Consorcio Medioambiente y Aguas Provincia de Cáceres - Mas Medio,Software & Development,4,5
Consorcio de Aguas Bilbao Bizkaia - Consorcio de Aguas Bilbao Bizkaia,Other,4,0
Consorcio de la Zona Franca de Vigo,Software & Development,4,3
Construcciones e Infraestructuras Educativas de la Generalitat Valenciana S.A.,Infrastructure & Hardware,4,2
"Corporació Catalana de Mitjans Audiovisuals, SA (CCMA, SA)",Software & Development,4,4
Delegación Provincial de la Consejería de Fomento en Ciudad Real,Other,4,0
Delegación Provincial de la Consejería de Fomento en Cuenca,Other,4,0
Delegación Provincial de la Consejería de Sanidad en Toledo,Other,4,0
Delegación de Economía y Hacienda en la Comunidad Valenciana - Valencia,Other,4,0
Delegación del Gobierno en Extremadura,Other,4,0
Delegación del Gobierno en la Comunidad Valenciana,Other,4,0
Departamento de Desarrollo Rural y Medio Ambiente,Other,4,0
"Departamento de Educación, Cultura y Deporte",Infrastructure & Hardware,4,2
Departamento de Salud La Fe. Dirección Económica-Gerencia,Infrastructure & Hardware,4,4
"Direccion General de la Sociedad de Promoción Exterior del Principado de Asturias, S.A. (ASTUREX)",Other,4,0
Dirección - Gerencia de la Fundación Extremeña de la Cultura,Other,4,0
Dirección Ejecutiva de la Fundación Centro de Estudios Ambientales del Mediterráneo,Infrastructure & Hardware,4,0
Dirección Ejecutiva del Consorcio ESS Bilbao,Other,4,0
Dirección General - Osakidetza,Software & Development,4,5
"Dirección General de Agricultura de la Consejería de Agricultura Ganadería, Pesca y Soberanía Alimentaria de la Comunidad Autónoma de Canarias",Infrastructure & Hardware,4,4
Dirección General de Carreteras,Software & Development,4,4
"Dirección General de Desarrollo Rural, Innovación y Formación Agroalimentaria",Other,4,0
"Dirección General de Estudios, Formación e Investigación en Seguridad Pública de la Consejería de Presidencia, Administraciones Públicas, Justicia y Seguridad del Gobierno de Canarias",Other,4,0
Dirección General de Hemodonación y Hemoterapia del Gobierno de Canarias,Other,4,0
Dirección General de Patrimonio Cultural y Bellas Artes,Software & Development,4,3
Dirección General de Tráfico,Software & Development,4,4
"Dirección General de la Agencia Balear de Digitalización, Ciberseguridad y Telecomunicaciones",Software & Development,4,7
Dirección General de la Fundació Lluís Alcanyís de la Universitat de València de la Comunitat Valenciana,Other,4,0
Dirección General de la Fundación Parque Científico y Tecnológico de Castilla-La Mancha,Other,4,0
"Dirección General de la Sociedad Española para la Transformación Tecnológica, E.P.E.",Cloud,4,5
"Dirección General de la Societat Valenciana FIRA Alacant, S.A.",Infrastructure & Hardware,4,1
Dirección General de la Societat Valenciana FIRA València S.A.,Software & Development,4,5
Dirección General del Consorcio Casa de América,Other,4,0
"Dirección General del Instituto Nacional de Ciberseguridad de España, S.A. (INCIBE)",Other,4,0
Dirección General del Instituto de Mayores y Servicios Sociales,Software & Development,4,8
Dirección General del Palacio de Ferias y Congresos de Málaga,Software & Development,4,4
Dirección Gerencia del Departamento de Salud de la Ribera de la Conselleria de Sanidad de la Generalitat Valenciana,Software & Development,4,7
Dirección Gerente del Centro de Recuperación de Personas con Discapacidad Física (IMSERSO) Lardero,Other,4,0
"Dirección Insular de Recursos Humanos, Servicio Público y Transformación Digital del Cabildo Insular de Tenerife",Infrastructure & Hardware,4,1
Dirección Provincial del Servicio Público de Empleo Estatal en Córdoba,Other,4,0
Dirección de Asuntos Económicos del Ejército del Aire,Other,4,0
Dirección de Chiclana Natural S.A.,Infrastructure & Hardware,4,5
Dirección de la Agencia de Estrategia Turística de las Islas Baleares (AETIB),Other,4,0
Dirección de la Fundación Centro de Cirugía de Mínima Invasión Jesús Usón,Other,4,0
Dirección del Centro Asociado de la UNED en Almería,Other,4,0
Dirección del Centro Español de Metrología,Other,4,0
Dirección del Centro Penitenciario Madrid VII (Estremera),Other,4,0
"Dirección del Centro Penitenciario Murcia II, Campos del Río",Other,4,0
Dirección del Consorcio Universitario del Centro Asociado a la UNED en Huelva,Other,4,0
Dirección del Consorcio de Tributos de Tenerife,Other,4,0
"Dirección del Consorcio para el Diseño, Construcción, Equipamiento y Explotación del Centro de Láseres Pulsados Ultracortos Ultraintensos",Other,4,0
Dirección del Instituto Cervantes,Infrastructure & Hardware,4,0
Dirección del Instituto de Estudios Fiscales,Other,4,0
Director-Gerente de la Fundación Salamanca Ciudad de Cultura y Saberes,Other,4,0
Distrito de Villaverde,Software & Development,4,4
"Empresa de Transformación Agraria S.A.,S.M.E., M.P., (TRAGSA)",Data & Analytics,4,3
Ente Público de Radiotelevisión de las Illes Balears,Infrastructure & Hardware,4,2
"European Commission, DG JRC - Joint Research Centre",Software & Development,4,6
FUNDACIÓ HOSPITAL UNIVERSITARI VALL D’HEBRON - INSTITUT DE RECERCA (VHIR),Software & Development,4,2
FUNDACIÓ UNIVERSITAT OBERTA DE CATALUNYA,Other,4,0
Fundación Centro de Investigación Enfermedades Neurológicas (CIEN),Other,4,0
"Fundación Estatal para la Formación en el Empleo, F.S.P.",Cloud,4,4
Fundación IMDEA Software,Infrastructure & Hardware,4,1
Fundación Instituto de Investigación Sanitaria Illes Balears,Other,4,0
Fundación de la Comunitat Valenciana para la Gestión de (ISABIAL),Other,4,0
Fundación del Centro Supercomputación de Castilla y León,Other,4,0
"Gerencia Empresa Mixta Valenciana de Aguas, S.A.",Other,4,0
Gerencia Territorial de Servicios Sociales de Avila,Other,4,0
Gerencia Territorial de Servicios Sociales de León,Other,4,0
Gerencia Territorial de Servicios Sociales de Segovia,Other,4,0
Gerencia de Aigües Municipals de Paterna S.A.,Other,4,0
Gerencia de Aigües de Cullera S.A.,Other,4,0
Gerencia de Coordinación e Inspección de la Junta de Comunidades de Castilla-La Mancha,Other,4,0
Gerencia de FUNDECYT-PCTEX,Other,4,0
Gerencia de FUNDECYT-PCTEX,Software & Development,4,6
"Gerencia de Geonet Territorial, S.A.U.",Other,4,0
Gerencia de Infraestructures i Serveis de Telecom. I Certificació S.A.U.,Software & Development,4,9
Gerencia de Limpieza Pública y Protección Ambiental Sociedad Anónima Municipal (LIPASAM),Software & Development,4,2
Gerencia de Sevilla Activa SAU,Other,4,0
Gerencia de Teumo Serveis Publics S.L.,Other,4,0
"Gerencia de Transportes Urbanos de Sevilla, SAM",Infrastructure & Hardware,4,2
Gerencia de la Empresa Malagueña de Transportes S.A.M.,Software & Development,4,6
Gerencia de la Empresa Municipal Autobuses de Córdoba S.A. (AUCORSA),Software & Development,4,2
Gerencia de la Empresa Municipal de Transportes de Mieres S.A.,Other,4,0
"Gerencia de la Empresa Provincial de Aguas Costa Blanca, PROAGUAS COSTABLANCA S.A.",Other,4,0
"Gerencia de la Empresa Pública Sociedad de Servicios del Principado de Asturias, S.A., M.P.",Other,4,0
Gerencia de la Fundació Visit València de la Comunitat Valenciana,Software & Development,4,5
Gerencia de la Fundación Canaria de Juventud Ideo,Other,4,0
Gerencia de la Fundación Comunidad Valenciana Hospital Provincial de Castellón,Other,4,0
Gerencia de la Societat Municipal d'Aparcaments i Projectes S.A.,Other,4,0
Gerencia del Consejo Insular de Aguas de La Gomera,Other,4,0
Gerencia del Consorcio Espacial Valenciano - Val Space Consortium (VSC),Other,4,0
Gerencia del Consorcio de Museos de la Comunitat Valenciana,Infrastructure & Hardware,4,1
Gerencia del Consorcio de Museos de la Comunitat Valenciana,Software & Development,4,3
Gerencia del Consorcio para la Promoción de la Música,Other,4,0
Gerencia del Instituto Insular de Atención Social y Sociosanitaria - IASS,Other,4,0
Gerencia del Instituto Tecnológico y de Energías Renovables S.A.,Infrastructure & Hardware,4,3
"Gerencia del Instituto para la Transición Justa, O. A.",Other,4,0
Gerencia del Área Sanitaria V - Gijón del Servicio de Salud del Principado de Asturias,Software & Development,4,4
"Gerencia umivale Activa, Mutua Colaboradora con la Seguridad Social número 3",Cloud,4,9
Gobierno Vasco - Seguridad,Software & Development,4,4
Gobierno de La Rioja,Other,4,0
Gobierno de Zaragoza,Infrastructure & Hardware,4,4
Hospital Universitario de Bellvitge,Other,4,0
IGSS - Intervención General de la Seguridad Social,Other,4,0
INSS-Dirección provincial de Cuenca,Other,4,0
INSS-Dirección provincial de Las Palmas,Other,4,0
INSS-Dirección provincial de Lleida,Other,4,0
INSS-Dirección provincial de Santa Cruz de Tenerife,Other,4,0
INSS-Dirección provincial de Toledo,Other,4,0
INSS-Dirección provincial de Ávila,Other,4,0
INSTITUTO DE ESTADÍSTICA Y CARTOGRAFÍA DE ANDALUCÍA - IECA,Software & Development,4,3
"INTERBIAK BIZKAIA, S.A. M.P. - INTERBIAK",Other,4,0
"Imprenta de Billetes, S.A., Medio Propio del Banco de España (IMBISA)",Software & Development,4,5
Ineco-Comité de Dirección,Cloud,4,5
Inspección General de Sanidad de la Defensa,Infrastructure & Hardware,4,4
Institución Fernando el Católico,Other,4,0
Instituto Aragonés de Empleo (INAEM),Other,4,0
Instituto Balear de la Mujer,Other,4,0
Instituto Social de la Marina -Dirección Provincial de Castellón,Other,4,0
Instituto Social de la Marina -Dirección Provincial de Cádiz,Other,4,0
Instituto Social de la Marina -Dirección Provincial de Lugo,Other,4,0
Instituto de Estadística de las Illes Balears,Software & Development,4,4
Instituto de Turismo de España (TURESPAÑA),Software & Development,4,3
Intendente de Ferrol,Software & Development,4,2
JUNTA DE GOBIERNO DEL AYUNTAMIENTO DE VALDEPOLO,Other,4,0
Jefatura de Asuntos Económicos de la Guardia Civil,Software & Development,4,5
Jefatura de Asuntos Económicos del CG de la Comandancia Gral. de Melilla,Infrastructure & Hardware,4,3
Jefatura de Asuntos Económicos del Estado Mayor de la Defensa,Infrastructure & Hardware,4,3
Jefatura de la Sección Económico Administrativa 15 Agrupación del Cuartel General del Ejército del Aire,Infrastructure & Hardware,4,1
Junta Directiva de la Asociación de Municipios Turísticos de Canarias,Other,4,0
Junta General de la Comunidad de Villa y Tierra de Cuéllar,Other,4,0
Junta General de la Mancomunidad de Municipios de la Costa Tropìcal de Granada,Other,4,0
"Junta General de la Mancomunidad de Servicios Sociales de Ampuero, Limpias, Liendo, Guriezo y Colindres",Other,4,0
Junta Vecinal de Castrillo de Murcia,Other,4,0
Junta Vecinal de la Entidad Local Autónoma de Carchuna-Calahonda,Other,4,0
"Junta de Compensación del Sector 89-3 Arcosur, Zaragoza",Other,4,0
Junta de Contratación del Ejército del Aire,Other,4,0
"Junta de Contratación del Ministerio de Asuntos Exteriores, Unión Europea y Cooperación",Infrastructure & Hardware,4,1
Junta de Gobierno (Por Delegación del Pleno) de Ayuntamiento de Dos Torres,Other,4,0
Junta de Gobierno Local de Ayuntamiento de Puente Genil,Other,4,0
Junta de Gobierno Local de la Mancomunitat l'Horta Nord,Other,4,0
Junta de Gobierno Local del Ayuntamiento de Alcalà de Xivert,Software & Development,4,2
Junta de Gobierno Local del Ayuntamiento de Alcalá de Guadaíra,Software & Development,4,5
Junta de Gobierno Local del Ayuntamiento de Alcalá del Valle,Other,4,0
Junta de Gobierno Local del Ayuntamiento de Ames,Infrastructure & Hardware,4,5
Junta de Gobierno Local del Ayuntamiento de Arenas de San Juan,Other,4,0
Junta de Gobierno Local del Ayuntamiento de Ariza,Other,4,0
Junta de Gobierno Local del Ayuntamiento de Baza,Software & Development,4,3
Junta de Gobierno Local del Ayuntamiento de Camarena,Other,4,0
Junta de Gobierno Local del Ayuntamiento de Camponaraya,Other,4,0
Junta de Gobierno Local del Ayuntamiento de Carucedo,Software & Development,4,3
Junta de Gobierno Local del Ayuntamiento de Caspe,Software & Development,4,3
Junta de Gobierno Local del Ayuntamiento de Catoira,Other,4,0
Junta de Gobierno Local del Ayuntamiento de Catral,Other,4,0
Junta de Gobierno Local del Ayuntamiento de Cervo,Other,4,0
Junta de Gobierno Local del Ayuntamiento de Chiloeches,Other,4,0
Junta de Gobierno Local del Ayuntamiento de Cofrentes,Other,4,0
Junta de Gobierno Local del Ayuntamiento de Colmenar Viejo,Software & Development,4,3
Junta de Gobierno Local del Ayuntamiento de El Ejido,Infrastructure & Hardware,4,2
Junta de Gobierno Local del Ayuntamiento de Fuente de Piedra,Other,4,0
Junta de Gobierno Local del Ayuntamiento de Jumilla,Software & Development,4,1
Junta de Gobierno Local del Ayuntamiento de L'Atzúbia,Other,4,0
Junta de Gobierno Local del Ayuntamiento de La Villa de Tegueste,Other,4,0
Junta de Gobierno Local del Ayuntamiento de Maella,Other,4,0
Junta de Gobierno Local del Ayuntamiento de Moeche,Other,4,0
Junta de Gobierno Local del Ayuntamiento de Molinaseca,Other,4,0
Junta de Gobierno Local del Ayuntamiento de Monfero,Other,4,0
Junta de Gobierno Local del Ayuntamiento de Monterrei,Other,4,0
Junta de Gobierno Local del Ayuntamiento de Navalafuente,Other,4,0
Junta de Gobierno Local del Ayuntamiento de Nigüelas,Other,4,0
Junta de Gobierno Local del Ayuntamiento de Pulianas,Other,4,0
Junta de Gobierno Local del Ayuntamiento de Salvaterra de Miño,Other,4,0
Junta de Gobierno Local del Ayuntamiento de Sancedo,Other,4,0
Junta de Gobierno Local del Ayuntamiento de Sariegos,Other,4,0
Junta de Gobierno Local del Ayuntamiento de Sos del Rey Católico,Other,4,0
Junta de Gobierno Local del Ayuntamiento de Torrejón de Velasco,Other,4,0
Junta de Gobierno Local del Ayuntamiento de Villadangos del Páramo,Other,4,0
Junta de Gobierno Local del Ayuntamiento de Villanueva de la Torre,Other,4,0
Junta de Gobierno Local del Ayuntamiento de Xermade,Other,4,0
Junta de Gobierno Local del Ayuntamiento de Ávila,Software & Development,4,3
Junta de Gobierno Local del Ilustre Ayuntamiento de Vega de San Mateo,Other,4,0
Junta de Gobierno de l'Ajuntament de Sant Joan,Other,4,0
Junta de Gobierno de la Diputación Provincial de Castellón,Software & Development,4,2
Junta de Gobierno de la Diputación Provincial de Jaén,Other,4,0
Junta de Gobierno del Ayuntamiento de Aldea del Rey,Other,4,0
Junta de Gobierno del Ayuntamiento de Alguazas,Other,4,0
Junta de Gobierno del Ayuntamiento de Alzira,Infrastructure & Hardware,4,3
Junta de Gobierno del Ayuntamiento de Alzira,Software & Development,4,3
Junta de Gobierno del Ayuntamiento de Arnuero,Other,4,0
Junta de Gobierno del Ayuntamiento de Belmonte de Miranda,Other,4,0
Junta de Gobierno del Ayuntamiento de Benamocarra,Other,4,0
Junta de Gobierno del Ayuntamiento de Benissa,Software & Development,4,3
Junta de Gobierno del Ayuntamiento de Boadilla del Monte,Infrastructure & Hardware,4,3
Junta de Gobierno del Ayuntamiento de Chozas de Abajo,Other,4,0
Junta de Gobierno del Ayuntamiento de Cieza (Murcia),Software & Development,4,5
Junta de Gobierno del Ayuntamiento de Ciudad Real,Infrastructure & Hardware,4,4
Junta de Gobierno del Ayuntamiento de Ciudad Real,Software & Development,4,4
Junta de Gobierno del Ayuntamiento de Corvera de Asturias,Infrastructure & Hardware,4,4
Junta de Gobierno del Ayuntamiento de Cox,Software & Development,4,3
Junta de Gobierno del Ayuntamiento de Cádiz,Infrastructure & Hardware,4,2
Junta de Gobierno del Ayuntamiento de Cájar,Other,4,0
Junta de Gobierno del Ayuntamiento de Es Castell,Other,4,0
Junta de Gobierno del Ayuntamiento de Gijón,Infrastructure & Hardware,4,3
Junta de Gobierno del Ayuntamiento de Granada,Data & Analytics,4,1
Junta de Gobierno del Ayuntamiento de Hermigua,Other,4,0
Junta de Gobierno del Ayuntamiento de La Vall d'Uixó,Software & Development,4,2
Junta de Gobierno del Ayuntamiento de Los Yébenes,Other,4,0
Junta de Gobierno del Ayuntamiento de Mondariz Balneario,Other,4,0
Junta de Gobierno del Ayuntamiento de Moraleda de Zafayona,Other,4,0
Junta de Gobierno del Ayuntamiento de Navacerrada,Other,4,0
Junta de Gobierno del Ayuntamiento de Navarrés,Other,4,0
Junta de Gobierno del Ayuntamiento de Nájera,Other,4,0
Junta de Gobierno del Ayuntamiento de Onda,Software & Development,4,3
Junta de Gobierno del Ayuntamiento de Palazuelos de Eresma,Other,4,0
Junta de Gobierno del Ayuntamiento de Palma de Mallorca,Infrastructure & Hardware,4,2
Junta de Gobierno del Ayuntamiento de Piedrabuena,Other,4,0
Junta de Gobierno del Ayuntamiento de Pilas,Other,4,0
Junta de Gobierno del Ayuntamiento de Rivas Vaciamadrid,Cloud,4,9
Junta de Gobierno del Ayuntamiento de Salobreña,Other,4,0
Junta de Gobierno del Ayuntamiento de Sevilla la Nueva,Other,4,0
Junta de Gobierno del Ayuntamiento de Talamanca de Jarama,Other,4,0
Junta de Gobierno del Ayuntamiento de Teulada,Cloud,4,10
Junta de Gobierno del Ayuntamiento de Teulada,Software & Development,4,3
Junta de Gobierno del Ayuntamiento de Toledo,Software & Development,4,4
Junta de Gobierno del Ayuntamiento de Toreno,Other,4,0
Junta de Gobierno del Ayuntamiento de Torrijos,Other,4,0
Junta de Gobierno del Ayuntamiento de Xixona,Other,4,0
Junta de Gobierno del Ayuntamiento de Órgiva,Other,4,0
Junta de Gobierno del Concello de A Pontenova,Other,4,0
Junta de Gobierno del Consejo Insular de Aguas de La Palma,Other,4,0
Junta de Gobierno del Consorcio Vías Verdes de la Región de Murcia,Other,4,0
Junta de Gobierno del Organismo Autónomo de Deportes del Ayuntamiento de San Cristóbal de la Laguna,Other,4,0
Junta de Gobierno y Administración del Consorcio Provincial Zona Norte de Ávila,Other,4,0
Junta de la Mancomunidad de Servicios Sociales Mejorada Velilla,Other,4,0
"Megaturbinas Arinaga, S.A.",Infrastructure & Hardware,4,4
Mercados Centrales De Abastecimiento de Alicante S.A.,Other,4,0
Mesa de Les Corts Valencianes,Software & Development,4,3
Mesa del Congreso de los Diputados,Infrastructure & Hardware,4,3
"Metro de Madrid, S.A.",Cybersecurity,4,7
"Mutua Universal Mugenat, Mutua Colaboradora con la Seguridad Social nº 10",Cloud,4,9
Novena Zona de la Guardia Civil Comunidad Autónoma de Navarra,Other,4,0
OSAKIDETZA - Servicio Vasco de Salud - Organización Central,Data & Analytics,4,6
Organismo Autónomo Informática del Ayuntamiento de Madrid,Infrastructure & Hardware,4,4
"Parque Tecnológico del Motor de Aragón, S.A.",Other,4,0
Patronato Municipal de Deportes de Jaén,Other,4,0
Pleno de Ayuntamiento de Peñarroya-Pueblonuevo,Other,4,0
Pleno de la Diputación Provincial de Alicante,Other,4,0
Pleno de la Diputación Provincial de Sevilla,Other,4,0
Pleno de la Mancomunidad Hoya Buñol - Chiva,Other,4,0
Pleno de la Mancomunidad de los Pueblos del Moncalvillo,Other,4,0
Pleno del Ayuntamiento de Aguilar del Río Alhama,Other,4,0
Pleno del Ayuntamiento de Albentosa,Other,4,0
Pleno del Ayuntamiento de Alcoy,Other,4,0
Pleno del Ayuntamiento de Almanza,Other,4,0
Pleno del Ayuntamiento de Alovera,Other,4,0
Pleno del Ayuntamiento de Antigua,Other,4,0
Pleno del Ayuntamiento de Aras de los Olmos,Other,4,0
Pleno del Ayuntamiento de Argelita,Other,4,0
Pleno del Ayuntamiento de Ayamonte,Other,4,0
Pleno del Ayuntamiento de Azuqueca de Henares,Other,4,0
Pleno del Ayuntamiento de Bulbuente,Other,4,0
Pleno del Ayuntamiento de Calatayud,Other,4,0
Pleno del Ayuntamiento de Calzadilla,Other,4,0
Pleno del Ayuntamiento de Camargo,Other,4,0
Pleno del Ayuntamiento de Cervatos de la Cueza,Other,4,0
Pleno del Ayuntamiento de Cisneros,Other,4,0
Pleno del Ayuntamiento de Cádiz,Other,4,0
Pleno del Ayuntamiento de Deleitosa,Other,4,0
Pleno del Ayuntamiento de Domeño,Other,4,0
Pleno del Ayuntamiento de El Berrueco,Other,4,0
Pleno del Ayuntamiento de El Ejido,Other,4,0
Pleno del Ayuntamiento de Fuente Vaqueros,Other,4,0
Pleno del Ayuntamiento de Gallegos del Río,Other,4,0
Pleno del Ayuntamiento de Garrafe de Torío,Other,4,0
Pleno del Ayuntamiento de Guadix,Other,4,0
Pleno del Ayuntamiento de Illescas,Other,4,0
Pleno del Ayuntamiento de La Oliva,Other,4,0
Pleno del Ayuntamiento de Magán,Other,4,0
Pleno del Ayuntamiento de Mairena del Alcor,Other,4,0
Pleno del Ayuntamiento de Manises,Other,4,0
Pleno del Ayuntamiento de Manzanares el Real,Other,4,0
Pleno del Ayuntamiento de Mascaraque,Other,4,0
Pleno del Ayuntamiento de Moguer,Other,4,0
Pleno del Ayuntamiento de Moya,Other,4,0
Pleno del Ayuntamiento de Orihuela del Tremedal,Other,4,0
Pleno del Ayuntamiento de Paracuellos de Jarama,Other,4,0
Pleno del Ayuntamiento de Parres,Other,4,0
Pleno del Ayuntamiento de Plasencia de Jalón,Other,4,0
Pleno del Ayuntamiento de Puebla de Albortón,Other,4,0
Pleno del Ayuntamiento de Redován,Other,4,0
Pleno del Ayuntamiento de Riaño,Other,4,0
Pleno del Ayuntamiento de San Antonio de Benagéber,Other,4,0
Pleno del Ayuntamiento de San Fernando,Other,4,0
Pleno del Ayuntamiento de San Isidro,Other,4,0
Pleno del Ayuntamiento de San Pedro del Pinatar,Other,4,0
Pleno del Ayuntamiento de Sotorribas,Other,4,0
Pleno del Ayuntamiento de Tabuenca,Other,4,0
Pleno del Ayuntamiento de Torre del Bierzo,Other,4,0
Pleno del Ayuntamiento de Valcabado,Other,4,0
Pleno del Ayuntamiento de Valdesamario,Other,4,0
Pleno del Ayuntamiento de Valdetorres de Jarama,Other,4,0
Pleno del Ayuntamiento de Valverde de Leganés,Other,4,0
Pleno del Ayuntamiento de Vera,Other,4,0
Pleno del Ayuntamiento de Villavieja del Lozoya,Other,4,0
Pleno del Ayuntamiento de Zotes del Páramo,Other,4,0
Presidencia - Sociedad Estatal de Participaciones Industriales (SEPI),Software & Development,4,4
Presidencia Delegada del Patronato Municipal de la Vivienda de Alicante,Other,4,0
"Presidencia Ejecutiva de la Agencia E.F.E. S.A.U., S.M.E.",Infrastructure & Hardware,4,1
Presidencia de Diputación Provincial de Albacete,Infrastructure & Hardware,4,3
Presidencia de Diputación Provincial de Albacete,Software & Development,4,3
Presidencia de Turisme Comunitat Valenciana,Software & Development,4,6
"Presidencia de Turismo de Ronda, S.A.",Other,4,0
Presidencia de la Agencia Estatal de Meteorología,Infrastructure & Hardware,4,2
Presidencia de la Asociación de Universidades Populares de Extremadura (AUPEX),Other,4,0
Presidencia de la Autoridad Portuaria de Baleares,Software & Development,4,4
Presidencia de la Autoridad Portuaria de Bilbao,Infrastructure & Hardware,4,1
Presidencia de la Autoridad Portuaria de Gijón,Software & Development,4,1
Presidencia de la Comarca de Andorra-Sierra de Arcos,Other,4,0
Presidencia de la Comarca de Cinco Villas,Other,4,0
Presidencia de la Comarca de la Jacetania,Other,4,0
"Presidencia de la Cámara Oficial de Comercio, Industria, Servicios y Navegación de Santa Cruz de Tenerife",Software & Development,4,2
Presidencia de la Diputación Provincial de A Coruña,Infrastructure & Hardware,4,2
Presidencia de la Diputación Provincial de Ciudad Real,Infrastructure & Hardware,4,2
"Presidencia de la Empresa Municipal de Transportes Urbanos, S.A.",Other,4,0
Presidencia de la Entidad Local Menor Isla Redonda La Aceñuela,Other,4,0
Presidencia de la Entidad Metropolitana de Servicios Hidráulicos (EMSHI),Other,4,0
"Presidencia de la Fundación para la Promoción del Empleo, la Formación Profesional y el Movimiento Cooperativo del Iltre. Ayto. de la Villa de Ingenio",Other,4,0
Presidencia de la Mancomunidad Intermunicipal La Encina,Other,4,0
Presidencia de la Mancomunidad Marina Baixa,Other,4,0
Presidencia de la Mancomunidad de municipios del Levante Almeriense,Infrastructure & Hardware,4,2
Presidencia de la Mancomunidad del Nordeste de Tenerife,Other,4,0
Presidencia de la Mancomunitat de Municipis La Costera - Canal,Other,4,0
Presidencia de la Mancomunitat de la Valldigna,Other,4,0
Presidencia de la Mancomunitat de les Valls,Other,4,0
Presidencia de la Sociedad Anónima Estatal de Caución Agraria,Software & Development,4,0
Presidencia del Consejo Rector de la Gerencia Municipal de Urbanismo del Ayuntamiento de Córdoba,Software & Development,4,7
"Presidencia del Consejo de Administración de PROCESA, Sociedad de Desarrollo de Ceuta S.A.",Software & Development,4,4
Presidencia del Consejo de Administración de la Autoridad Portuaria de Barcelona (PORT DE BARCELONA),Cloud,4,5
"Presidencia del Consejo de Administración del Parque Tecnológico de Fuerteventura, S.A., M.P. (PTFSA)",Other,4,0
Presidencia del Consorcio de Derecho Público Museo de Arte Contemporáneo Esteban Vicente,Other,4,0
Presidencia del Consorcio del Agua de Lanzarote,Other,4,0
Presidencia del Consorcio para el Abastecimiento de Aguas y Saneamientos de la Marina Baja,Other,4,0
Presidencia del Consorcio para la Gestión de los Residuos Sólidos Urbanos del Baix Vinalopó,Other,4,0
Presidencia del Institut Mallorquí d' Afers Socials,Infrastructure & Hardware,4,0
Presidencia del Instituto Municipal de Asuntos Sociales del Ayuntamiento de Cáceres,Other,4,0
Presidencia del Instituto Provincial de Bienestar Social de Córdoba,Other,4,0
Presidencia del Organismo Autónomo de Gestión Tributaria,Other,4,0
Presidencia del Organismo Autónomo de Recaudación y Gestión Tributaria de la Diputación de Cáceres,Other,4,0
Presidencia del Organismo Público Puertos del Estado,Software & Development,4,3
Presidencia del Patronato Municipal de Actividades Culturales - PMAC,Other,4,0
Presidencia del Patronato Municipal de Deportes del Ayuntamiento de Almería,Other,4,0
Presidencia del Servicio Municipalizado de Movilidad y Transporte,Other,4,0
"Presidencia y Dirección de Administración y Finanzas de la de la Sociedad Mercantil Estatal para la Gestión de la Innovación y las Tecnologías Turísticas, S.A.M.P. (SEGITTUR)",Cloud,4,8
Presidenta de Mancomunidad de Municipios Campiña Sur Cordobesa,Other,4,0
Presidente de la Comarca de la Litera,Other,4,0
"Presidente de la Sociedad Municipal de Aparcamientos de Las Palmas de Gran Canaria, S.A. (SAGULPA)",Cloud,4,8
Reciclatge de Residus Marina Alta S.A.,Other,4,0
Rectorado de la Universidad Rey Juan Carlos,Infrastructure & Hardware,4,2
Rectorado de la Universidad de Alicante,Cloud,4,3
Rectorado de la Universidad de Cantabria,Infrastructure & Hardware,4,3
Rectorado de la Universidad de Córdoba,Cloud,4,4
Rectorado de la Universidad de La Laguna,Software & Development,4,4
Rectorado de la Universidad de Murcia,Infrastructure & Hardware,4,5
Rectorado de la Universidad de Oviedo,Infrastructure & Hardware,4,3
"Regidoria Delegada d'Hisenda, Contractació i Promoció Econòmica de l'Ajuntament d'Alcúdia",Infrastructure & Hardware,4,0
SERVICIO NAVARRO SALUD-OSASUNBIDEA,Other,4,0
SPRI-Agencia Vasca de Desarrollo Empresarial - SPRI,Software & Development,4,9
Secretaria General del Servicio de Salud de Castilla-La Mancha,Infrastructure & Hardware,4,3
Secretario General del Departamento de Economía y Finanzas de la Generalitat de Catalunya,Other,4,0
"Secretaría General Técnica de la Consejería de Agricultura, Ganadería, Pesca y Soberanía Alimentaria del Gobierno de Canarias",Software & Development,4,5
"Secretaría General Técnica de la Consejería de Economía, Industria, Comercio y Autónomos",Software & Development,4,4
Secretaría General Técnica de la Consejería de Turismo y Empleo de Canarias,Software & Development,4,4
Secretaría General de la Comisión Nacional de los Mercados y la Competencia,Software & Development,4,2
"Secretaría General de la Consejería de Hacienda, Administraciones Públicas y Transformación Digital de la Junta de Comunidades de Castilla-La Mancha",Infrastructure & Hardware,4,4
Secretaría General de la Federación Española de Municipios y Provincias,Infrastructure & Hardware,4,3
Secretaría General de la Federación Valenciana de Municipios y Provincias,Other,4,0
Secretaría General del Tesoro y Financiación Internacional,Other,4,0
"Secretaría de Estado de Infraestructuras, Transporte y Vivienda - Demarcación de Carreteras del Estado en Castilla-La Mancha",Other,4,0
Secretaría de Estado de Planificación e Infraestructuras - Demarcación de Carreteras del Estado en Extremadura,Other,4,0
Servicio Andaluz de Salud. Hospital Universitario Puerta del Mar,Other,4,0
Servicio Andaluz de Salud. Hospital Universitario Virgen de las Nieves,Other,4,0
Servicio Español para la Internacionalización de la Educación (SEPIE),Other,4,0
Servicio Territorial de Medio Ambiente de Ávila,Other,4,0
"Sociedad Mercantil Estatal de Infraestructuras Agrarias, S.A. (SEIASA)",Infrastructure & Hardware,4,3
Subdirección General de Administración y Gestión Financiera,Other,4,0
Subdirección General de Gestión Económica y Patrimonial,Software & Development,4,4
Subdirección General de Programación y Gestión Económica del Servicio Público de Justicia,Other,4,0
Subdirección General de Recursos Humanos,Other,4,0
Subdirección General de la Oficialía Mayor del MEFPD,Other,4,0
Subsecretaría de Hacienda (Dirección General del Patrimonio del Estado),Other,4,0
Síndic de Greuges de la Comunitat Valenciana,Other,4,0
TGSS-Dirección provincial de Ceuta,Other,4,0
TGSS-Dirección provincial de Cáceres,Other,4,0
TGSS-Dirección provincial de Melilla,Other,4,0
TGSS-Dirección provincial de Álava,Other,4,0
Tribunal Constitucional,Software & Development,4,2
UPV/EHU - Universidad del País Vasco - Vicegerencia de las Tecnologías de la Información y de las Comunicaciones de la UPV/EHU,Software & Development,4,5
Universitat de Barcelona - Oficina de Contratación Administrativa,Other,4,0
Viceconsejería de Derechos Sociales,Other,4,0
"Vicepresidencia de Gestión de Infraestructuras Públicas de Telecomunicaciones del Principado de Asturias, S.A.",Other,4,0
Vicepresidencia de Urvial Sociedad de Gestión Urbanística S.L.U.,Other,4,0
Vicepresidencia de la Comisión Ejecutiva de la Fundación Pública Local Granada Educa,Other,4,0
Vicepresidencia de la Fundación Municipal de Cultura de Siero,Software & Development,4,4
Vicepresidencia de la Institución Ferial de Tenerife S.A.,Other,4,0
Vicepresidencia del Consejo Insular de Aguas de Fuerteventura,Other,4,0
Vicepresidencia del Instituto Municipal de Deportes del Ayuntamiento de Sevilla,Software & Development,4,3
Vicepresidencia del Instituto Municipal de Servicios Sociales de Elda,Other,4,0
Vicepresidencia del Patronato Deportivo Municipal de Siero,Other,4,0
Xunta de Goberno do Concello de Santiago de Compostela,Software & Development,4,4
Área de Fomento de la Diputación Provincial de Badajoz,Infrastructure & Hardware,4,4
Órgano de Contratación de la Ciudad Autónoma de Ceuta,Infrastructure & Hardware,4,6
ADIF-Alta Velocidad,Other,3,0
AGENCIA EMPRESARIAL PARA LA TRANSFORMACION Y EL DESARROLLO ECONOMICO (TRADE),Other,3,0
AGENCIA PÚBLICA DE PUERTOS DE ANDALUCÍA,Other,3,0
ALCALDIA DEL AYUNTAMIENTO DE BERBEGAL,Other,3,0
ALCALDIA DEL AYUNTAMIENTO DE SAN PEDRO DE MÉRIDA,Other,3,0
ALCALDIA DEL AYUNTAMIENTO DE SENA,Other,3,0
ALCALDIA del Ayuntamiento de Llocnou de la Corona,Other,3,0
ALCALDÍA DEL AYUNTAMIENTO DE VILLAGARCIA DE LA TORRE,Other,3,0
ASOCIACIÓN INSERTA EMPLEO,Other,3,0
AYUNTAMIENTO DE VILLAVICIOSA,Other,3,0
Adif-Alta Velocidad,Other,3,0
Administrador Único de Aparcamientos Zona Franca S.L.U.,Other,3,0
"Administrador Único de Televisión Autonómica de Castilla-La Mancha, S.A.",Infrastructure & Hardware,3,1
Aena. Dirección del Aeropuerto de Ibiza,Infrastructure & Hardware,3,2
Aena. Dirección del Aeropuerto de Málaga-Costa del Sol,Software & Development,3,2
Aena. Dirección del Aeropuerto de Reus,Software & Development,3,3
Aena. Dirección del Aeropuerto de Tenerife Sur,Infrastructure & Hardware,3,0
Agencia Digital de Andalucía,Cybersecurity,3,4
Agencia Digital de Andalucía,Infrastructure & Hardware,3,2
Agencia para la Administración Digital de la CM,Infrastructure & Hardware,3,3
Aguas de Priego S.L,Other,3,0
Ajuntament de Sabadell,Software & Development,3,3
Alcalde del Ayuntamiento Almonacid de La Cuba,Other,3,0
Alcalde del Ayuntamiento Salillas de Jalon,Other,3,0
Alcalde del Ayuntamiento Villarroya de La Sierra,Other,3,0
Alcalde del Ayuntamiento de Ainzón,Other,3,0
Alcalde del Ayuntamiento de Brea de Aragón,Other,3,0
Alcalde del Ayuntamiento de Bárboles,Other,3,0
Alcalde del Ayuntamiento de Cimballa,Other,3,0
Alcalde del Ayuntamiento de Erla,Other,3,0
Alcalde del Ayuntamiento de Farlete,Other,3,0
Alcalde del Ayuntamiento de Illueca,Other,3,0
Alcalde del Ayuntamiento de La Almolda,Other,3,0
Alcalde del Ayuntamiento de Malejan,Other,3,0
Alcalde del Ayuntamiento de Monreal de Ariza,Other,3,0
Alcalde-Presidente del Ayuntamiento de Paniza,Other,3,0
Alcaldia del Ayuntamiento de Alconchel,Other,3,0
Alcaldia del Ayuntamiento de Aldeanueva del Camino,Other,3,0
Alcaldia del Ayuntamiento de Aliaguilla,Other,3,0
Alcaldia del Ayuntamiento de Arjonilla,Other,3,0
Alcaldia del Ayuntamiento de Arnedo,Software & Development,3,2
Alcaldia del Ayuntamiento de Benacazón,Cloud,3,3
Alcaldia del Ayuntamiento de Benaocaz,Other,3,0
Alcaldia del Ayuntamiento de Bonares,Other,3,0
Alcaldia del Ayuntamiento de Campillo de Arenas,Other,3,0
Alcaldia del Ayuntamiento de Carcelén,Other,3,0
Alcaldia del Ayuntamiento de Escañuela,Other,3,0
Alcaldia del Ayuntamiento de Fuensanta,Other,3,0
Alcaldia del Ayuntamiento de Fuente Obejuna,Infrastructure & Hardware,3,3
Alcaldia del Ayuntamiento de Guadalupe,Other,3,0
Alcaldia del Ayuntamiento de La Guardia de Jaén,Other,3,0
Alcaldia del Ayuntamiento de Las Navas de la Concepción,Cloud,3,3
Alcaldia del Ayuntamiento de Los Palacios y Villafranca,Software & Development,3,3
Alcaldia del Ayuntamiento de Marinaleda,Cloud,3,3
Alcaldia del Ayuntamiento de Mogán,Cybersecurity,3,7
Alcaldia del Ayuntamiento de Mérida,Cloud,3,6
Alcaldia del Ayuntamiento de Mérida,Infrastructure & Hardware,3,3
Alcaldia del Ayuntamiento de Navalcán,Other,3,0
Alcaldia del Ayuntamiento de Palos de la Frontera,Software & Development,3,2
Alcaldia del Ayuntamiento de Pelayos de la Presa,Other,3,0
Alcaldia del Ayuntamiento de Portaje,Other,3,0
Alcaldia del Ayuntamiento de Pueblonuevo del Guadiana,Other,3,0
Alcaldia del Ayuntamiento de San Fernando,Infrastructure & Hardware,3,2
Alcaldia del Ayuntamiento de San Fernando,Software & Development,3,2
Alcaldia del Ayuntamiento de Vega de Espinareda,Other,3,0
Alcaldia del Concello de Crecente,Other,3,0
Alcaldía de Ayuntamiento de Belmez,Other,3,0
Alcaldía de Ayuntamiento de Cañete de Las Torres,Other,3,0
Alcaldía de Ayuntamiento de Encinas Reales,Other,3,0
Alcaldía de Ayuntamiento de Fuente Tójar,Other,3,0
Alcaldía de Ayuntamiento de Nueva Carteya,Other,3,0
Alcaldía de la EATIM de Cinco Casas,Other,3,0
Alcaldía del Ajuntament de Alcalalí,Other,3,0
Alcaldía del Ajuntament de Llucmajor,Infrastructure & Hardware,3,2
Alcaldía del Ayuntamiento De Ainsa Sobrarbe,Other,3,0
Alcaldía del Ayuntamiento de Acebo,Other,3,0
Alcaldía del Ayuntamiento de Aguilafuente,Other,3,0
Alcaldía del Ayuntamiento de Aguilar del Río Alhama,Other,3,0
Alcaldía del Ayuntamiento de Albalat de la Ribera,Other,3,0
Alcaldía del Ayuntamiento de Alcantarilla,Infrastructure & Hardware,3,2
Alcaldía del Ayuntamiento de Alcantarilla,Software & Development,3,3
Alcaldía del Ayuntamiento de Alcaucín,Other,3,0
Alcaldía del Ayuntamiento de Alcolea de Calatrava,Other,3,0
Alcaldía del Ayuntamiento de Alcollarín,Other,3,0
Alcaldía del Ayuntamiento de Alcántara,Other,3,0
Alcaldía del Ayuntamiento de Aldeatejada,Other,3,0
Alcaldía del Ayuntamiento de Aledo,Other,3,0
Alcaldía del Ayuntamiento de Alfamén,Other,3,0
Alcaldía del Ayuntamiento de Alforque,Other,3,0
Alcaldía del Ayuntamiento de Algeciras,Cloud,3,6
Alcaldía del Ayuntamiento de Algemesí,Other,3,0
Alcaldía del Ayuntamiento de Algimia d'Alfara,Other,3,0
Alcaldía del Ayuntamiento de Algueña,Other,3,0
Alcaldía del Ayuntamiento de Alhama de Aragón,Other,3,0
Alcaldía del Ayuntamiento de Alhaurín el Grande,Software & Development,3,4
Alcaldía del Ayuntamiento de Almodóvar del Campo,Infrastructure & Hardware,3,3
Alcaldía del Ayuntamiento de Almoines,Other,3,0
Alcaldía del Ayuntamiento de Amieva,Other,3,0
Alcaldía del Ayuntamiento de Antigüedad,Other,3,0
Alcaldía del Ayuntamiento de Aragüés del Puerto,Other,3,0
Alcaldía del Ayuntamiento de Aras de los Olmos,Other,3,0
Alcaldía del Ayuntamiento de Arcos de la Llana,Other,3,0
Alcaldía del Ayuntamiento de Arnedillo,Other,3,0
Alcaldía del Ayuntamiento de Arrecife,Infrastructure & Hardware,3,3
Alcaldía del Ayuntamiento de Arteixo,Software & Development,3,1
Alcaldía del Ayuntamiento de Atarfe,Software & Development,3,3
Alcaldía del Ayuntamiento de Badajoz,Infrastructure & Hardware,3,3
Alcaldía del Ayuntamiento de Badolatosa,Cloud,3,3
Alcaldía del Ayuntamiento de Balazote,Other,3,0
Alcaldía del Ayuntamiento de Bareyo,Other,3,0
Alcaldía del Ayuntamiento de Barracas,Other,3,0
Alcaldía del Ayuntamiento de Baños de Montemayor,Other,3,0
Alcaldía del Ayuntamiento de Beceite,Other,3,0
Alcaldía del Ayuntamiento de Belvís de Monroy,Other,3,0
Alcaldía del Ayuntamiento de Benarrabá,Other,3,0
Alcaldía del Ayuntamiento de Benicàssim,Infrastructure & Hardware,3,2
Alcaldía del Ayuntamiento de Benirredrà,Other,3,0
Alcaldía del Ayuntamiento de Benissanó,Other,3,0
Alcaldía del Ayuntamiento de Bienvenida,Other,3,0
Alcaldía del Ayuntamiento de Binaced,Other,3,0
Alcaldía del Ayuntamiento de Blesa,Other,3,0
Alcaldía del Ayuntamiento de Boal,Other,3,0
Alcaldía del Ayuntamiento de Brozas,Other,3,0
Alcaldía del Ayuntamiento de Bueu,Other,3,0
Alcaldía del Ayuntamiento de Bufali,Other,3,0
Alcaldía del Ayuntamiento de Cabanillas de la Sierra,Other,3,0
Alcaldía del Ayuntamiento de Cabañas del Castillo,Other,3,0
Alcaldía del Ayuntamiento de Cabezón de Pisuerga,Other,3,0
Alcaldía del Ayuntamiento de Cabrales,Other,3,0
Alcaldía del Ayuntamiento de Cabrerizos,Other,3,0
Alcaldía del Ayuntamiento de Cabuérniga,Other,3,0
Alcaldía del Ayuntamiento de Cacabelos,Other,3,0
Alcaldía del Ayuntamiento de Calera y Chozas,Other,3,0
Alcaldía del Ayuntamiento de Calles,Other,3,0
Alcaldía del Ayuntamiento de Canet d'en Berenguer,Software & Development,3,3
Alcaldía del Ayuntamiento de Carrizo de la Ribera,Other,3,0
Alcaldía del Ayuntamiento de Casas de Don Pedro,Other,3,0
Alcaldía del Ayuntamiento de Casas de Millán,Other,3,0
Alcaldía del Ayuntamiento de Casatejada,Other,3,0
Alcaldía del Ayuntamiento de Casinos,Other,3,0
Alcaldía del Ayuntamiento de Caso,Other,3,0
Alcaldía del Ayuntamiento de Castellanos de Moriscos,Other,3,0
Alcaldía del Ayuntamiento de Castielfabib,Other,3,0
Alcaldía del Ayuntamiento de Castilblanco de los Arroyos,Cloud,3,3
Alcaldía del Ayuntamiento de Castilleja de Guzmán,Other,3,0
Alcaldía del Ayuntamiento de Castro-Urdiales,Software & Development,3,0
Alcaldía del Ayuntamiento de Castrogonzalo,Other,3,0
Alcaldía del Ayuntamiento de Cazorla,Software & Development,3,3
Alcaldía del Ayuntamiento de Cedillo del Condado,Other,3,0
Alcaldía del Ayuntamiento de Cenicientos,Other,3,0
Alcaldía del Ayuntamiento de Cerdido,Other,3,0
Alcaldía del Ayuntamiento de Chella,Other,3,0
Alcaldía del Ayuntamiento de Chiclana de Segura,Other,3,0
Alcaldía del Ayuntamiento de Chulilla,Other,3,0
Alcaldía del Ayuntamiento de Cobeja,Other,3,0
Alcaldía del Ayuntamiento de Corbera,Other,3,0
Alcaldía del Ayuntamiento de Corcubión,Other,3,0
Alcaldía del Ayuntamiento de Cortegana,Other,3,0
Alcaldía del Ayuntamiento de Corvera de Toranzo,Other,3,0
Alcaldía del Ayuntamiento de Crevillent,Software & Development,3,0
Alcaldía del Ayuntamiento de Cáñar,Other,3,0
Alcaldía del Ayuntamiento de Dos Aguas,Other,3,0
Alcaldía del Ayuntamiento de Duruelo de la Sierra,Other,3,0
Alcaldía del Ayuntamiento de El Campello,Software & Development,3,2
Alcaldía del Ayuntamiento de El Garrobo,Other,3,0
Alcaldía del Ayuntamiento de El Pedernoso,Other,3,0
Alcaldía del Ayuntamiento de El Real de la Jara,Cloud,3,3
Alcaldía del Ayuntamiento de El Robledo,Other,3,0
Alcaldía del Ayuntamiento de El Tiemblo,Other,3,0
Alcaldía del Ayuntamiento de El Valle,Other,3,0
Alcaldía del Ayuntamiento de Enguídanos,Other,3,0
Alcaldía del Ayuntamiento de Entrambasaguas,Other,3,0
Alcaldía del Ayuntamiento de Entrimo,Other,3,0
Alcaldía del Ayuntamiento de Esparragosa de la Serena,Other,3,0
Alcaldía del Ayuntamiento de Fanzara,Other,3,0
Alcaldía del Ayuntamiento de Fernán Caballero,Other,3,0
Alcaldía del Ayuntamiento de Ferreira,Other,3,0
Alcaldía del Ayuntamiento de Fonz,Other,3,0
Alcaldía del Ayuntamiento de Fresno de Torote,Software & Development,3,2
Alcaldía del Ayuntamiento de Fuenlabrada de los Montes,Other,3,0
Alcaldía del Ayuntamiento de Fuente Carreteros,Other,3,0
Alcaldía del Ayuntamiento de Garganta la Olla,Other,3,0
Alcaldía del Ayuntamiento de Garrovillas de Alconétar,Other,3,0
Alcaldía del Ayuntamiento de Gascones,Other,3,0
Alcaldía del Ayuntamiento de Gata,Other,3,0
Alcaldía del Ayuntamiento de Genovés,Other,3,0
Alcaldía del Ayuntamiento de Gilet,Other,3,0
Alcaldía del Ayuntamiento de Guareña,Infrastructure & Hardware,3,3
Alcaldía del Ayuntamiento de Gátova,Other,3,0
Alcaldía del Ayuntamiento de Güímar,Software & Development,3,3
Alcaldía del Ayuntamiento de Herce,Other,3,0
Alcaldía del Ayuntamiento de Higueruela,Other,3,0
Alcaldía del Ayuntamiento de Hondón de las Nieves,Other,3,0
Alcaldía del Ayuntamiento de Hoyos,Other,3,0
Alcaldía del Ayuntamiento de Huelma,Other,3,0
Alcaldía del Ayuntamiento de Huerta de Valdecarábanos,Other,3,0
Alcaldía del Ayuntamiento de Istán,Other,3,0
Alcaldía del Ayuntamiento de Iznatoraf,Other,3,0
Alcaldía del Ayuntamiento de Jabugo,Other,3,0
Alcaldía del Ayuntamiento de Jaén,Software & Development,3,1
Alcaldía del Ayuntamiento de Jubrique,Other,3,0
Alcaldía del Ayuntamiento de Jódar,Other,3,0
Alcaldía del Ayuntamiento de La Alberca de Záncara,Other,3,0
Alcaldía del Ayuntamiento de La Cumbre,Other,3,0
Alcaldía del Ayuntamiento de La Guijarrosa,Infrastructure & Hardware,3,3
Alcaldía del Ayuntamiento de La Losa,Other,3,0
Alcaldía del Ayuntamiento de La Pedraja de Portillo,Other,3,0
Alcaldía del Ayuntamiento de La Puebla de Almoradiel,Other,3,0
Alcaldía del Ayuntamiento de La Puebla de Montalbán,Other,3,0
Alcaldía del Ayuntamiento de La Puebla de los Infantes,Other,3,0
Alcaldía del Ayuntamiento de La Romana,Other,3,0
Alcaldía del Ayuntamiento de La Serna del Monte,Other,3,0
Alcaldía del Ayuntamiento de Laguna de Duero,Infrastructure & Hardware,3,1
Alcaldía del Ayuntamiento de Las Torres de Cotillas,Software & Development,3,3
Alcaldía del Ayuntamiento de Laspuña,Other,3,0
Alcaldía del Ayuntamiento de Ledesma,Other,3,0
Alcaldía del Ayuntamiento de Llaurí,Other,3,0
Alcaldía del Ayuntamiento de Los Barrios (Cádiz),Software & Development,3,1
Alcaldía del Ayuntamiento de Los Navalucillos,Other,3,0
Alcaldía del Ayuntamiento de Lucena del Puerto,Other,3,0
Alcaldía del Ayuntamiento de Madrigueras,Other,3,0
Alcaldía del Ayuntamiento de Maguilla,Other,3,0
Alcaldía del Ayuntamiento de Maire de Castroponce,Other,3,0
Alcaldía del Ayuntamiento de Mairena del Aljarafe,Cloud,3,5
Alcaldía del Ayuntamiento de Malpica de Tajo,Other,3,0
Alcaldía del Ayuntamiento de Manilva,Software & Development,3,4
Alcaldía del Ayuntamiento de Mansilla Mayor,Other,3,0
Alcaldía del Ayuntamiento de María de la Salut,Other,3,0
Alcaldía del Ayuntamiento de Massalavés,Other,3,0
Alcaldía del Ayuntamiento de Matapozuelos,Other,3,0
Alcaldía del Ayuntamiento de Mazaricos,Other,3,0
Alcaldía del Ayuntamiento de Medina de las Torres,Other,3,0
Alcaldía del Ayuntamiento de Menasalbas,Infrastructure & Hardware,3,3
Alcaldía del Ayuntamiento de Menasalbas,Other,3,0
Alcaldía del Ayuntamiento de Millares,Other,3,0
Alcaldía del Ayuntamiento de Monforte de Moyuela,Other,3,0
Alcaldía del Ayuntamiento de Montanejos,Other,3,0
Alcaldía del Ayuntamiento de Montejaque,Other,3,0
Alcaldía del Ayuntamiento de Moraleja,Infrastructure & Hardware,3,5
Alcaldía del Ayuntamiento de Morón de la Frontera,Software & Development,3,3
Alcaldía del Ayuntamiento de Mota del Cuervo,Other,3,0
Alcaldía del Ayuntamiento de Muniesa,Other,3,0
Alcaldía del Ayuntamiento de Muro,Other,3,0
Alcaldía del Ayuntamiento de Muros de Nalón,Other,3,0
Alcaldía del Ayuntamiento de Nerpio,Other,3,0
Alcaldía del Ayuntamiento de Nogueira de Ramuín,Other,3,0
Alcaldía del Ayuntamiento de Novés,Other,3,0
Alcaldía del Ayuntamiento de O Incio,Other,3,0
Alcaldía del Ayuntamiento de Obejo,Other,3,0
Alcaldía del Ayuntamiento de Oia,Other,3,0
Alcaldía del Ayuntamiento de Oleiros,Software & Development,3,3
Alcaldía del Ayuntamiento de Onís,Other,3,0
Alcaldía del Ayuntamiento de Osa de la Vega,Other,3,0
Alcaldía del Ayuntamiento de Oña,Other,3,0
Alcaldía del Ayuntamiento de Padul,Other,3,0
Alcaldía del Ayuntamiento de Pantoja,Other,3,0
Alcaldía del Ayuntamiento de Pastriz,Other,3,0
Alcaldía del Ayuntamiento de Pedrola,Other,3,0
Alcaldía del Ayuntamiento de Pego,Other,3,0
Alcaldía del Ayuntamiento de Pelabravo,Other,3,0
Alcaldía del Ayuntamiento de Petrés,Other,3,0
Alcaldía del Ayuntamiento de Peñamellera Baja,Other,3,0
Alcaldía del Ayuntamiento de Picassent,Software & Development,3,2
Alcaldía del Ayuntamiento de Pinilla del Valle,Other,3,0
Alcaldía del Ayuntamiento de Poblete,Other,3,0
Alcaldía del Ayuntamiento de Polán,Other,3,0
Alcaldía del Ayuntamiento de Portas,Other,3,0
Alcaldía del Ayuntamiento de Pozohondo,Other,3,0
Alcaldía del Ayuntamiento de Pozuelo de Calatrava,Other,3,0
Alcaldía del Ayuntamiento de Pradoluengo,Other,3,0
Alcaldía del Ayuntamiento de Puebla de Don Fadrique,Other,3,0
Alcaldía del Ayuntamiento de Puente de Domingo Flórez,Other,3,0
Alcaldía del Ayuntamiento de Puertolas,Other,3,0
Alcaldía del Ayuntamiento de Puertollano,Software & Development,3,2
Alcaldía del Ayuntamiento de Puçol,Cloud,3,7
Alcaldía del Ayuntamiento de Quartell,Other,3,0
Alcaldía del Ayuntamiento de Rafelcofer,Other,3,0
Alcaldía del Ayuntamiento de Ramales de la Victoria,Other,3,0
Alcaldía del Ayuntamiento de Ribamontán al Mar,Infrastructure & Hardware,3,2
Alcaldía del Ayuntamiento de Ribera del Fresno,Other,3,0
Alcaldía del Ayuntamiento de Rioja,Other,3,0
Alcaldía del Ayuntamiento de Riópar,Other,3,0
Alcaldía del Ayuntamiento de Roa de Duero,Other,3,0
Alcaldía del Ayuntamiento de Robleda,Other,3,0
Alcaldía del Ayuntamiento de Robregordo,Other,3,0
Alcaldía del Ayuntamiento de Ronda,Software & Development,3,2
Alcaldía del Ayuntamiento de Rota,Infrastructure & Hardware,3,1
Alcaldía del Ayuntamiento de Salvaleón,Other,3,0
Alcaldía del Ayuntamiento de San Bartolomé de la Torre,Other,3,0
Alcaldía del Ayuntamiento de San Juan de La Rambla,Other,3,0
Alcaldía del Ayuntamiento de San Lorenzo de Calatrava,Other,3,0
Alcaldía del Ayuntamiento de San Pablo de los Montes,Other,3,0
Alcaldía del Ayuntamiento de Sant Joanet,Other,3,0
Alcaldía del Ayuntamiento de Sant Jordi,Other,3,0
Alcaldía del Ayuntamiento de Santa Ana,Other,3,0
Alcaldía del Ayuntamiento de Santa Lucía de Tirajana,Infrastructure & Hardware,3,2
Alcaldía del Ayuntamiento de Santa Marta,Other,3,0
Alcaldía del Ayuntamiento de Santo Adriano,Other,3,0
Alcaldía del Ayuntamiento de Sella,Other,3,0
Alcaldía del Ayuntamiento de Serradilla del Llano,Other,3,0
Alcaldía del Ayuntamiento de Simat de la Valldigna,Other,3,0
Alcaldía del Ayuntamiento de Sisante,Other,3,0
Alcaldía del Ayuntamiento de Solera de Gabaldón,Other,3,0
Alcaldía del Ayuntamiento de Sollana,Other,3,0
Alcaldía del Ayuntamiento de Soria,Software & Development,3,2
Alcaldía del Ayuntamiento de Sueca,Infrastructure & Hardware,3,1
Alcaldía del Ayuntamiento de Talayuelas,Other,3,0
Alcaldía del Ayuntamiento de Tardelcuende,Other,3,0
Alcaldía del Ayuntamiento de Teresa,Other,3,0
Alcaldía del Ayuntamiento de Teresa de Cofrentes,Other,3,0
Alcaldía del Ayuntamiento de Terrateig,Other,3,0
Alcaldía del Ayuntamiento de Teruel,Other,3,0
Alcaldía del Ayuntamiento de Torre Pacheco,Infrastructure & Hardware,3,2
Alcaldía del Ayuntamiento de Torre de Juan Abad,Other,3,0
Alcaldía del Ayuntamiento de Torreorgaz,Other,3,0
Alcaldía del Ayuntamiento de Torreperogil,Other,3,0
Alcaldía del Ayuntamiento de Torres de Albanchez,Other,3,0
Alcaldía del Ayuntamiento de Torrijas,Other,3,0
Alcaldía del Ayuntamiento de Trujillo,Infrastructure & Hardware,3,2
Alcaldía del Ayuntamiento de Turégano,Other,3,0
Alcaldía del Ayuntamiento de Udías,Other,3,0
Alcaldía del Ayuntamiento de Usagre,Other,3,0
Alcaldía del Ayuntamiento de Utebo,Software & Development,3,3
Alcaldía del Ayuntamiento de Utiel,Infrastructure & Hardware,3,2
Alcaldía del Ayuntamiento de Valdaracete,Other,3,0
Alcaldía del Ayuntamiento de Valdelacalzada,Other,3,0
Alcaldía del Ayuntamiento de Valdemanco del Esteras,Other,3,0
Alcaldía del Ayuntamiento de Valdemoro,Other,3,0
Alcaldía del Ayuntamiento de Valderrueda,Other,3,0
Alcaldía del Ayuntamiento de Valencina de la Concepción,Software & Development,3,2
Alcaldía del Ayuntamiento de Valle de Abdalajís,Other,3,0
Alcaldía del Ayuntamiento de Valle de Valdebezana,Other,3,0
Alcaldía del Ayuntamiento de Valverde de Campos,Other,3,0
Alcaldía del Ayuntamiento de Valverde de Júcar,Other,3,0
Alcaldía del Ayuntamiento de Vega de San Mateo,Other,3,0
Alcaldía del Ayuntamiento de Venta del Moro,Other,3,0
Alcaldía del Ayuntamiento de Vera,Infrastructure & Hardware,3,2
Alcaldía del Ayuntamiento de Vilamartín de Valdeorras,Other,3,0
Alcaldía del Ayuntamiento de Vilar de Santos,Other,3,0
Alcaldía del Ayuntamiento de Villaconejos,Other,3,0
Alcaldía del Ayuntamiento de Villalonga,Other,3,0
Alcaldía del Ayuntamiento de Villamantilla,Other,3,0
Alcaldía del Ayuntamiento de Villanueva de la Reina,Other,3,0
Alcaldía del Ayuntamiento de Villanueva de los Infantes,Other,3,0
Alcaldía del Ayuntamiento de Villanueva del Trabuco,Other,3,0
Alcaldía del Ayuntamiento de Villar del Olmo,Other,3,0
Alcaldía del Ayuntamiento de Villar del Río,Other,3,0
Alcaldía del Ayuntamiento de Villarcayo de Merindad de Castilla la Vieja,Other,3,0
Alcaldía del Ayuntamiento de Villaverde del Río,Cloud,3,3
Alcaldía del Ayuntamiento de Villaverde del Río,Other,3,0
Alcaldía del Ayuntamiento de Vinalesa,Other,3,0
Alcaldía del Ayuntamiento de Viver,Other,3,0
Alcaldía del Ayuntamiento de Xirivella,Cloud,3,7
Alcaldía del Ayuntamiento de Yátova,Infrastructure & Hardware,3,3
Alcaldía del Ayuntamiento de Zagra,Other,3,0
Alcaldía del Ayuntamiento de Zufre,Other,3,0
Alcaldía del Ayuntamiento de la Villa de La Orotava,Infrastructure & Hardware,3,3
Alcaldía del Ayuntamiento de la Villa de La Orotava,Software & Development,3,2
Alcaldía del Ayuntamiento de Úbeda,Software & Development,3,0
Alcaldía del Ayuntamiento deCampanet,Other,3,0
Alcaldía del Concello de A Pobra de Trives,Other,3,0
Alcaldía del Concello de Punxín,Other,3,0
Alcaldía del Concello de San Amaro,Other,3,0
Alcaldía del ayuntamiento de Benifaió,Software & Development,3,3
Aragón Exterior S.A.U.,Other,3,0
Asamblea General del Consorcio de Entes Locales Valle del Tiétar,Other,3,0
Asamblea Regional de Murcia,Other,3,0
Asamblea Vecinal de la Entidad Local Menor de Fuencalderas,Other,3,0
Audiencia de Cuentas de Canarias,Other,3,0
Autoritat del Transport Metropolità,Software & Development,3,4
"Autoritat del Transport Metropolità, Consorci per a la coordinació del sistema metropolità del transport públic de l'àrea de Barcelona",Software & Development,3,3
Ayuntamiento de Bilbao - Área de Obras Públicas y Servicios,Other,3,0
Banco de España,Data & Analytics,3,2
"CANAL SUR RADIO Y TELEVISION, S.A.",Other,3,0
"CANAL SUR RADIO Y TELEVISION, S.A.",Software & Development,3,4
CONSORCI HOSPITAL CLÍNIC DE BARCELONA (HCB),Cloud,3,7
CONSORCIO PUNTOS VUELA DE ANDALUCÍA,Software & Development,3,5
Cartográfica de Canarias S.A.,Other,3,0
Centro Asociado de la UNED en Cartagena,Other,3,0
Centro de Atención a Personas con Discapacidad Física del IMSERSO de Guadalajara,Other,3,0
Centro de Estudios y Experimentación de Obras Públicas (CEDEX),Infrastructure & Hardware,3,3
Centro de Estudios y Experimentación de Obras Públicas (CEDEX),Software & Development,3,1
Comandancia Guardia Civil de Barcelona,Other,3,0
Comandancia Guardia Civil de Tarragona,Other,3,0
Comisión Ejecutiva de Gestión Integral del Agua de Huelva,Infrastructure & Hardware,3,3
"Comisión Ejecutiva de Transportes Urbanos de Sevilla, SAM",Software & Development,3,3
"Comisión Ejecutiva de la Corporación de Empresas Municipales de Sevilla A.I.E. (CEMS, A.I.E.)",Other,3,0
Comisión Ejecutiva de la Fundación Parque Científico de Madrid,Infrastructure & Hardware,3,1
Comisión Ejecutiva de la Fundación Parque Científico y Tecnológico de Castilla-La Mancha,Other,3,0
Comisión Ejecutiva de la Gerencia de Urbanismo de Sevilla,Cloud,3,4
Comisión Ejecutiva de la Limpieza Pública y Protección Ambiental Sociedad Anónima Municipal (LIPASAM),Software & Development,3,3
Comisión Ejecutiva del Consorcio CENIEH,Other,3,0
Comisión Ejecutiva del Consorcio de la Ciudad de Cuenca,Other,3,0
"Comisión Ejecutiva del Consorcio para el Diseño, Construcción, Equipamiento y Explotación del Centro de Láseres Pulsados Ultracortos Ultraintensos",Other,3,0
Comisión Ejecutiva del Grupo de Ciudades Patrimonio de la Humanidad de España,Other,3,0
Comisión Nacional del Mercado de Valores,Cloud,3,0
Comisión de Gobierno del Consorcio para la Ejecución de las Previsiones del Plan Zonal de Residuos 8. Área de Gestión A3,Other,3,0
"Comité Central de Compras de Navantia S.A., S.M.E.",Data & Analytics,3,2
Comité Econòmic i Social de la Comunitat Valenciana,Other,3,0
"Comité de Dirección de Enwesa Operaciones, S.A., S.M.E.",Software & Development,3,1
"Comunidad de Madrid.- Consejería de Vivienda, Transportes e Infraestructuras",Other,3,0
Concejal Presidente del Tagoror del Distrito Ofra-Costa Sur del Ayuntamiento de Santa Cruz de Tenerife,Other,3,0
"Concejal de Área de Turismo, Promoción Cultural, Fiestas, Mercado, Desarrollo Tecnológico Y Organismo Autónomo Local del Ayuntamiento de Puerto de la Cruz",Cloud,3,10
Concejalía Delegada de Contratación y Compras del Ayuntamiento de El Puerto de Santa María,Software & Development,3,2
Concejalía Delegada de Cultura del Ayuntamiento de Elche,Other,3,0
Concejalía Delegada de Deportes del Ayuntamiento de Santa Cruz de Tenerife,Other,3,0
"Concejalía Delegada de Desarrollo Económico, Innovación, Empleo, Comercio y  Consumo del Ayuntamiento de Burgos",Software & Development,3,3
Concejalía Delegada de Educación y Fomento del Empleo del Ayuntamiento de Málaga,Other,3,0
Concejalía Delegada de Hacienda y Régimen Interior del Ayuntamiento de Barbastro,Software & Development,3,5
Concejalía Delegada de Infraestructuras y Ciclo Integral del Agua del Ayuntamiento de Zaragoza,Other,3,0
"Concejalía Delegada de Ingeniería Industrial, Tráfico, Almacenes y Servicios del Ayuntamiento de Burgos",Other,3,0
Concejalía Delegada de Modernización Administrativa y Digitalización del Ayuntamiento de Burgos,Other,3,0
Concejalía Delegada de Seguridad Ciudadana y Emergencias del Ayuntamiento de Gijón,Other,3,0
Concejalía Delegada de Transformación Digital y Transparencia del Ayuntamiento de Zaragoza,Software & Development,3,0
"Concejalía Delegada de la Presidencia de la Junta Municipal del Distrito nº 3, Ciudad Jardín del Ayuntamiento de Málaga",Other,3,0
"Concejalía Delegada de la Presidencia de la Junta Municipal del Distrito nº 5, Palma Palmilla del Ayuntamiento de Málaga",Other,3,0
Concejalía Delegada del Ayuntamiento de Eivissa,Software & Development,3,2
Concejalía Delegada del Ayuntamiento de Torrent,Other,3,0
"Concejalía Delegada del Área de Hacienda, Contratación, Digitalización, Organización y Régimen Interior del Ayuntamiento de Siero",Other,3,0
Concejalía Delegada del Área de Territorio y Servicios Municipales del Ayuntamiento de Ontinyent,Other,3,0
Concejalía de Contratación del Ayuntamiento de Ondara,Software & Development,3,1
Concejalía de Patrimonio del Ayuntamiento de Benalmádena,Other,3,0
"Consejera Delegada de Asistencia Integral Tributaria, S.A (Asista Canarias)",Software & Development,3,4
"Consejera Insular Delegada de Accesibilidad, Informática, Nuevas Tecnologías y Planificación y Proyectos Estratégicos del Cabildo Insular de Fuerteventura",Software & Development,3,2
Consejero Delegado de la Empresa Municipal de Aguas de Málaga S.A.,Cybersecurity,3,4
Consejero Delegado de la Empresa Municipal de Aguas de Málaga S.A.,Data & Analytics,3,3
"Consejero Delegado de la Empresa Provincial Alicante Natura Red Ambiental de la Provincia de Alicante, S.A.",Infrastructure & Hardware,3,4
Consejero Delegado de la Sociedad Canaria de Fomento Económico S.A. - PROEXCA,Software & Development,3,0
Consejero Insular Delegado de Residuos del Cabildo Insular de Fuerteventura,Other,3,0
"Consejero de Área Insular de Aguas, Educación y Juventud, Sector Primario y Residuos del Cabildo Insular de Fuerteventura",Other,3,0
"Consejería Delegada Mancomunada de Actuacions Ambientals Integrals, S.L.",Infrastructure & Hardware,3,3
"Consejería Delegada de Agua y Residuos del Campo de Gibraltar, S.A. (ARCGISA)",Infrastructure & Hardware,3,3
"Consejería Delegada de Servicios Informáticos Local de Menorca, S.A.",Infrastructure & Hardware,3,0
"Consejería Delegada de la Empresa Provincial de Residuos y Medio Ambiente, S.A.",Other,3,0
"Consejería Insular del Medio Natural, Sostenibilidad, Seguridad y Emergencias del Cabildo Insular de Tenerife",Other,3,0
"Consejería de Administraciones Públicas, Justicia y Seguridad",Other,3,0
"Consejería de Agricultura, Ganadería y Desarrollo Rural de la Junta de Comunidades de Castilla- La Mancha",Software & Development,3,3
"Consejería de Agricultura, Ganadería, Medio Rural y Política Ambiental de la Junta de Castilla y León",Infrastructure & Hardware,3,3
"Consejería de Agricultura, Ganadería, Medio Rural y Política Ambiental de la Junta de Castilla y León",Other,3,0
"Consejería de Ciencia, Industria y Empleo del Principado de Asturias",Other,3,0
"Consejería de Cultura, Turismo y Deporte de la Comunidad Autónoma de Cantabria",Infrastructure & Hardware,3,3
"Consejería de Cultura, Turismo, Jóvenes y Deportes",Infrastructure & Hardware,3,3
Consejería de Economía y Hacienda de la Junta de Castilla y León,Software & Development,3,3
"Consejería de Economía, Comercio, Innovación Tecnológica, Turismo y Fomento de la Ciudad Autónoma de Melilla",Other,3,0
"Consejería de Economía, Hacienda e Innovación de las Illes Balears",Infrastructure & Hardware,3,3
"Consejería de Economía, Hacienda, Fondos Europeos y Transformación Digital de la Región de Murcia",Cybersecurity,3,3
Consejería de Educación y Cultura,Software & Development,3,3
"Consejería de Empresa, Empleo y Energía de las Illes Balears",Other,3,0
"Consejería de Fomento, Articulación del Territorio y Vivienda de la Junta de Andalucía",Other,3,0
Consejería de Hacienda de la Ciudad Autónoma de Melilla,Cloud,3,0
Consejería de Hacienda y Administración Pública,Software & Development,3,4
Consejería de Hacienda y Fondos Europeos del Ayuntamiento de Zaragoza,Other,3,0
"Consejería de Hacienda, Justicia y Asuntos Europeos del Principado de Asturias",Software & Development,3,3
"Consejería de Infraestructuras, Transporte y Vivienda",Infrastructure & Hardware,3,3
"Consejería de Infraestructuras, Transporte y Vivienda",Software & Development,3,3
"Consejería de Movilidad, Transformación Digital e Inteligencia Artificial de la Junta de Castilla y León",AI & Machine Learning,3,3
"Consejería de Política Social, Familias e Igualdad de la Región de Murcia",Other,3,0
"Consejería de Presidencia, Administraciones Públicas, Justicia y Seguridad de la Comunidad Autónoma de Canarias",Other,3,0
"Consejería de Presidencia, Coordinación de la Acción de Gobierno y Cooperación Local",Software & Development,3,4
Consejería de Salud y Servicios Sociales,Software & Development,3,5
Consejería de Sanidad de la Comunidad de Madrid,Data & Analytics,3,0
Consejería de Sanidad. Hospital Universitario del Tajo,Other,3,0
Consejería de Urbanismo y Transporte de la Ciudad Autónoma de Ceuta,Other,3,0
"Consejería de Urbanismo, Infraestructuras, Energía y Vivienda del Ayuntamiento de Zaragoza",Software & Development,3,7
Consejería de la Presidencia de la Junta de Castilla y León,Software & Development,3,2
"Consejería de Área de Medio Ambiente, Clima, Energía y Conocimiento del Cabildo de Gran Canaria",Software & Development,3,2
"Consejería delegada de ACOSOL, S.A.U.",Software & Development,3,3
Consejo Directivo de la Mancomunidad de Interés General Valladolid y su Alfoz,Other,3,0
Consejo Ejecutivo del Consorcio Almanzora Levante Vélez Para La Recogida de Rsu,Other,3,0
Consejo Rector de la Fundación Municipal de Cultura de Siero,Other,3,0
Consejo Rector del Consorcio Centro Federico García Lorca,Other,3,0
Consejo Rector del Consorcio Granada para la Música,Other,3,0
Consejo Rector del Instituto Municipal para la Promoción de la Actividad Física y el Deporte del Ayuntamiento de Las Palmas de Gran Canaria,Other,3,0
Consejo de Administración de Aigües de Cullera S.A.,Other,3,0
Consejo de Administración de Aigües de Cullera S.A.,Software & Development,3,1
"Consejo de Administración de Alaquàs Empresa Municipal, S.L.",Other,3,0
Consejo de Administración de Aquaoleiros S.A.,Other,3,0
"Consejo de Administración de Casco Antiguo de Cartagena, S.A.",Other,3,0
Consejo de Administración de Cementerios de Gijón SA (CEGISA),Other,3,0
"Consejo de Administración de Ferias Jaén, S.A.M.P. Unipersonal",Other,3,0
"Consejo de Administración de Gestió Municipal de Neteja, S.L.",Other,3,0
"Consejo de Administración de Iniciativa Municipal para la Vivienda, S.A.",Other,3,0
"Consejo de Administración de Marratxi XXI, S.A.U.",Software & Development,3,3
Consejo de Administración de Mercados Centrales de Abastecimiento de Murcia S.A. - MERCAMURCIA,Other,3,0
"Consejo de Administración de Mercados Centrales de Abastecimiento de Santiago, Mercagalicia S.A.",Other,3,0
Consejo de Administración de Mogán Gestión Municipal S.L.U.,Other,3,0
"Consejo de Administración de Murcia Alta Velocidad, S.A.",Other,3,0
Consejo de Administración de Obimace S.L.,Other,3,0
Consejo de Administración de Puerto Deportivo de Fuengirola S.A.M,Other,3,0
Consejo de Administración de Radiotelevisión Ceuta S.A.,Other,3,0
Consejo de Administración de Rivas-Vaciamadrid Empresa Municipal de Servicios S.A. (Rivamadrid),Software & Development,3,3
Consejo de Administración de Servicios y Estudios para la Navegación Aérea y la Seguridad Aeronáutica S.M.E. M.P. S.A.,Software & Development,3,0
"Consejo de Administración de Sociedad de Activos Inmobiliarios Campus Comillas, S.L.U.",Other,3,0
Consejo de Administración de Soderin Veintiuno Desarrollo y Vivienda S.A.U.,Software & Development,3,3
Consejo de Administración de la Compañía para la Gestión de Residuos Sólidos en Asturias S.A.,Infrastructure & Hardware,3,3
"Consejo de Administración de la Empresa Municipal de Aguas de Córdoba, S.A.",Software & Development,3,0
Consejo de Administración de la Empresa Municipal de Servicios de Medio Ambiente Urbano de Gijón (EMULSA),Infrastructure & Hardware,3,3
Consejo de Administración de la Empresa Provincial de Aguas de Córdoba S.A.,Data & Analytics,3,0
"Consejo de Administración de la Empresa Pública de Servicios de Quart de Poblet, GESQUART S.L.",Other,3,0
"Consejo de Administración de la Oficina de Proyectos Europeos del Gobierno de Cantabria, S.L.",Other,3,0
Consejo de Administración de la Residencia Estudiantil y Centro de Estudios Ramón Pignatelli S.A.,Other,3,0
"Consejo de Administración de la Sociedad Anónima Municipal Autobuses Urbanos de Valladolid S.A, (AUVASA)",Software & Development,3,4
Consejo de Administración de la Sociedad Fomento de Alcañiz,Other,3,0
"Consejo de Administración de la Sociedad Municipal Cádiz 2012, S.A.",Other,3,0
"Consejo de Administración de la Sociedad Municipal de Aparcamientos y Servicios, S.A.",Other,3,0
"Consejo de Administración de la Sociedad Suelo y Vivienda de Lorca, S.A.",Other,3,0
"Consejo de Administración de la Sociedad de Desarrollo de Santa Cruz de Tenerife, S.A.U.",Software & Development,3,3
Consejo de Administración de la Societat Municipal d'Aparcaments i Projectes S.A.,Software & Development,3,5
"Consejo de Administración del Centro Intermodal de Logística S.A., S.M.E.",Infrastructure & Hardware,3,3
Consejo de Administración del Palacio de Congresos de Huesca S.A.,Other,3,0
Consejo de Administración del Servicio de Gestión Medioambiental de Orihuela S.L.,Other,3,0
Consejo de Administración del Tanatorio Público de Alcañiz,Other,3,0
Consejo de Coordinación de la Agrupación Europea de Cooperación Territorial Duero-Douro,Other,3,0
Consejo de Seguridad Nuclear,Software & Development,3,4
"Consejo de la Mancomunidad de Desarrollo Turístico de Haro, Briñas, Casalarreina, Ollauri y Sajazarra",Software & Development,3,3
Consell Executiu del Consell Insular d'Eivissa,Software & Development,3,1
Consell Rector del Patronat Municipal D'Escoles D'Infants,Other,3,0
"Conselleria de Política Territorial, Obras Públicas y Movilidad",Other,3,0
"Consellería de Presidencia, Justicia y Deportes",Other,3,0
Consorci Mar Parc de Salut de Barcelona,Other,3,0
Consorcio de Turismo Ribeira Sacra,Other,3,0
Consorcio del Castillo de San Pedro de Jaca,Other,3,0
"Consorcio para el Diseño, Construcción, Equipamiento y Explotación del Sistema de Observación Costero de las Illes Balears",Other,3,0
Construcciones e Infraestructuras Educativas de la Generalitat Valenciana S.A.,Other,3,0
Coordinación General de la Alcaldía,Software & Development,3,5
"Coordinador General de Economía, Hacienda, Patrimonio y Contratación del Ayuntamiento de las Las Palmas de Gran Canaria",Software & Development,3,2
"Corporació Catalana de Mitjans Audiovisuals, SA (CCMA, SA)",Other,3,0
Cuadrilla de Gorbeialdea - Cuadrilla de Gorbeialdea,Software & Development,3,3
"Cámara Oficial de Comercio, Industria, Servicios y Navegación de Sevilla",Software & Development,3,3
Delegación Especial de la Agencia Tributaria en Aragón,Other,3,0
Delegación Especial del Estado en el Consorcio de la Zona Franca de Cádiz,Infrastructure & Hardware,3,3
"Delegación Provincial de la Consejería de Agricultura, Ganadería y Desarrollo Rural en Cuenca",Software & Development,3,3
Delegación Provincial de la Consejería de Fomento en Guadalajara,Other,3,0
Delegación Territorial de la Junta de Castilla y León de Soria (Comisión Territorial de Mejoras de Soria),Other,3,0
Delegación de Economía y Hacienda en Barcelona,Other,3,0
Delegación del Gobierno en Andalucía,Other,3,0
Delegación del Gobierno en Cataluña,Other,3,0
Delegación del Gobierno en Murcia,Other,3,0
Delegación del Área de Fomento del Empleo,Software & Development,3,3
Delegada de la Empresa Provincial de Informática de Cádiz S.A. - EPICSA,Software & Development,3,3
"Departamento de Economía, Empleo e Industria del Gobierno de Aragón",Other,3,0
Departamento de Educación del Gobierno de Navarra,Other,3,0
Departamento de Salud Alicante. Dirección Económica-Gerencia,Software & Development,3,4
Departamento de Salud La Fe. Dirección Económica-Gerencia,AI & Machine Learning,3,3
Departamento de Salud de Manises. Dirección Económica-Gerencia,Software & Development,3,2
Departamento de Salud de Sagunto. Dirección Económica-Gerencia,Software & Development,3,4
Departamento de Salud de Valencia Clínico. Dirección Económica-Gerencia,Infrastructure & Hardware,3,3
"Departamento de Vertebración del Territorio, Movilidad y Vivienda",Other,3,0
Departamentos del Consell Insular de Mallorca,Data & Analytics,3,0
"Desaladora de Escombreras, S.A.U.",Software & Development,3,0
Diputación Foral de Bizkaia - Departamento de Administración Pública y Relaciones Institucionales,Other,3,0
Diputación Foral de Gipuzkoa - Departamento de Infraestructuras Viarias y Estrategia Territorial,Infrastructure & Hardware,3,3
Diputación Provincial de Cádiz,Infrastructure & Hardware,3,3
Diputación Provincial de Teruel,Software & Development,3,3
"Diputada delegada de Presidencia, Gobierno Interior y Vivienda",Software & Development,3,3
Dirección General Económico-Financiera de la Entidad Pública Empresarial RENFE-Operadora,AI & Machine Learning,3,4
"Dirección General de Axis Participaciones Empresariales S.G.E.I.C., S.A., S.M.E.",Other,3,0
"Dirección General de Desarrollo Rural, Innovación y Formación Agroalimentaria",Software & Development,3,3
Dirección General de Edar Bens S.A.,Other,3,0
Dirección General de Estrategias de Movilidad,Other,3,0
"Dirección General de Gestión Económica, Contratación e Infraestructuras de la Conselleria de Sanidad",AI & Machine Learning,3,5
"Dirección General de Gestión Económica, Contratación e Infraestructuras de la Conselleria de Sanidad",Data & Analytics,3,3
Dirección General de Planificación Económica,Infrastructure & Hardware,3,3
Dirección General de Planificación y Gestión Educativa,Other,3,0
Dirección General de Producción Agroalimentaria y Cooperativas de la Junta de Comunidades de Castilla-La Mancha,Other,3,0
Dirección General de Producción Agroalimentaria y Cooperativas de la Junta de Comunidades de Castilla-La Mancha,Software & Development,3,3
Dirección General de Relaciones con la Administración de Justicia,Infrastructure & Hardware,3,1
"Dirección General de Renfe Mercancías Sociedad Mercantil Estatal, S.A.",Software & Development,3,2
Dirección General de SOLIMAT,Cloud,3,4
Dirección General de Seguridad del Gobierno de Canarias,Software & Development,3,5
Dirección General de Transporte por Carretera y Ferrocarril,Other,3,0
Dirección General de la Agència Valenciana de Seguretat Ferroviària,Other,3,0
Dirección General de la Fundación Ciudad de la Energía,Cybersecurity,3,5
Dirección General de la Fundación General de la Universidad de Málaga,Other,3,0
"Dirección General de la Mutual Midat Cyclops, Mutua Colaboradora con la Seguridad Social, nº 1",Infrastructure & Hardware,3,0
Dirección General del Consejo Insular de la Energía de Gran Canaria,Infrastructure & Hardware,3,3
Dirección General del Consorcio de la Institución Ferial de Castilla y León del Ayuntamiento de Valladolid,Other,3,0
Dirección General del Instituto Geográfico Nacional,Software & Development,3,2
Dirección General del Instituto de Mayores y Servicios Sociales,Data & Analytics,3,0
Dirección General del Instituto para la Diversificación y Ahorro de la Energía (IDAE),Software & Development,3,2
Dirección Gerencia de Gestión Ambiental de Castilla-La Mancha S.A.,Infrastructure & Hardware,3,2
Dirección Gerencia de Limpieza de Málaga Sociedad Anónima Municipal,Software & Development,3,5
"Dirección Gerencia de Unión de Mutuas, Mutua Colaboradora con la Seguridad Social Nº 267",Infrastructure & Hardware,3,1
Dirección Gerencia de la Agencia del Agua de Castilla-La Mancha,Other,3,0
Dirección Gerencia de la Agència Valenciana de Protecció del Territori,Other,3,0
Dirección Gerencia del Complejo Hospitalario Universitario Insular Materno Infantil,Software & Development,3,2
"Dirección Gerente de Aguas de Cieza, S.A.",Other,3,0
Dirección Gerente del Hospital Universitario Nuestra Señora de Candelaria,Software & Development,3,2
Dirección Insular de Igualdad y Diversidad del Cabildo Insular de Tenerife,Other,3,0
Dirección Insular de Medio Natural del Cabildo Insular de Tenerife,Infrastructure & Hardware,3,2
"Dirección Insular de Planificación Territorial, Paisaje y Patrimonio Histórico del Cabildo Insular de Tenerife",Other,3,0
"Dirección Insular de Recursos Humanos, Servicio Público y Transformación Digital del Cabildo Insular de Tenerife",Software & Development,3,2
Dirección Insular de la Administración General del Estado en Ibiza y Formentera,Other,3,0
Dirección Provincial del Servicio Público de Empleo Estatal en Badajoz,Other,3,0
Dirección Provincial del Servicio Público de Empleo Estatal en Illes Balears,Other,3,0
Dirección Provincial del Servicio Público de Empleo Estatal en Málaga,Other,3,0
Dirección de Barcelona Supercomputing Center - Centro Nacional de Supercomputación (BSC-CNS),Cybersecurity,3,3
Dirección de Suma Gestión Tributaria. Diputación de Alicante,Infrastructure & Hardware,3,2
Dirección de la Agencia Española de Medicamentos y Productos Sanitarios,Software & Development,3,3
Dirección de la Agencia Estatal de Seguridad Ferroviaria,Infrastructure & Hardware,3,1
Dirección de la Agencia para la Calidad del Sistema Universitario de Castilla y León,Software & Development,3,3
Dirección de la Fundación Campus Tecnológico de Algeciras,Other,3,0
Dirección de la Fundación Residencia de Estudiantes,Other,3,0
Dirección de la Fundación para el Fomento en Asturias de la Investigación Científica Aplicada y la Tecnología,Other,3,0
Dirección de la Fundación para la Internacionalización de las Administraciones Públicas,Cloud,3,5
Dirección de la Sociedad de Salvamento y Seguridad Marítima,Infrastructure & Hardware,3,0
Dirección del Centro Asociado a la UNED en Illes Balears,Other,3,0
Dirección del Centro Asociado a la UNED en La Rioja,Other,3,0
Dirección del Centro Asociado de la UNED de Alzira-Valencia,Other,3,0
Dirección del Centro Asociado de la UNED en Madrid,Other,3,0
Dirección del Centro Estatal de Autonomía Personal y Ayudas Técnicas (CEAPAT) - IMSERSO,Other,3,0
Dirección del Centro Penitenciario Alicante Cumplimiento,Other,3,0
Dirección del Centro Penitenciario Madrid V,Other,3,0
Dirección del Centro Penitenciario de Albolote,Other,3,0
Dirección del Centro Penitenciario de Alicante II (Villena),Other,3,0
Dirección del Centro Penitenciario de Mallorca,Other,3,0
Dirección del Centro Penitenciario de Tenerife,Other,3,0
Dirección del Centro Penitenciario de Zaragoza,Other,3,0
Dirección del Centro de Estudios Jurídicos O.A.,Infrastructure & Hardware,3,3
Dirección del Centro de Estudios Jurídicos O.A.,Software & Development,3,2
Dirección del Consorcio Universitario del Centro Asociado a la UNED en Albacete,Other,3,0
Dirección del Consorcio de Tributos de Tenerife,Infrastructure & Hardware,3,1
Dirección del Consorcio de la Comunidad de Trabajo de los Pirineos,Other,3,0
Dirección del Establecimiento Penitenciario de Valencia,Other,3,0
Dirección del Instituto Nacional de Gestión Sanitaria (INGESA),Infrastructure & Hardware,3,3
Dirección del Instituto Valenciano de Seguridad y Salud en el Trabajo,Other,3,0
Dirección del Parc Cientific Universitat de València,Software & Development,3,1
Director Gerente de FREMAP,AI & Machine Learning,3,5
"Director Gerente de la Empresa Municipal de Transports Urbans de Palma, S. A.",Infrastructure & Hardware,3,1
Distrito de Latina,Software & Development,3,3
Distrito de Tetuán,Software & Development,3,3
Distrito de Vicálvaro,Software & Development,3,3
EIT Urban Mobility,Software & Development,3,6
ENAGAS TRANSPORTE S.A.U.,Other,3,0
ENAIRE. Dirección Regional Navegación Aérea. Región Este,Infrastructure & Hardware,3,1
ENAIRE. Dirección Regional Navegación Aérea. Región Este,Software & Development,3,0
ENAIRE. Dirección Región Sur,Infrastructure & Hardware,3,1
El Puerto de Santa María Global S.L.U.,Software & Development,3,1
"Empresa de Transformación Agraria S.A.,S.M.E., M.P., (TRAGSA)",AI & Machine Learning,3,3
"Endesa, S. A. y todas las sociedades y establecimientos permanentes del Grupo ENEL radicados en España y Portugal",Software & Development,3,5
Ens d'Abastament d'Aigua Ter-Llobregat (ATL),Software & Development,3,6
Entidad Regional de Saneamiento y Depuración de Aguas Residuales (ESAMUR),Software & Development,3,3
"European Commission, PMO - Office for the Administration and Payment of Individual Entitlements",Other,3,0
European Foundation for the Improvement of Living and Working Conditions,Other,3,0
European Union Intellectual Property Office,Other,3,0
"Eusko Trenbideak Ferrocarriles Vascos, S.A. - EuskoTrenbideak FFCC Vascos, S.A.U.",Other,3,0
"Ferrocarril Metropolità de Barcelona, SA",Infrastructure & Hardware,3,3
Fons de Garantia Agrària i Pesquera de les Illes Balears - FOGAIBA,Infrastructure & Hardware,3,1
Fundació Hospital Universitari Vall d'Hebron - Institut de Recerca,Software & Development,3,3
Fundació Parc recerca i Innovació Universitat de Girona,Other,3,0
Fundació de Gestió Sanitària de l’Hospital de la Santa Creu i Sant Pau.,Software & Development,3,4
Fundación Instituto de Investigación Sanitaria Illes Balears,Software & Development,3,2
Fundación Integra,Cybersecurity,3,5
Fundación Integra,Software & Development,3,6
Fundación Moto Engineering Foundation,Other,3,0
Fundación Pública Gallega Centro Tecnológico de Supercomputación de Galicia,Software & Development,3,0
Fundación Rioja Salud,Software & Development,3,3
Fundación Universidades y Enseñanzas Superiores de Castilla y León,Other,3,0
Fundación de la Comunitat Valenciana para la Gestión de (ISABIAL),Infrastructure & Hardware,3,0
Fundación del Sector Público Estatal Centro Nacional de Investigaciones Oncológicas Carlos III,Infrastructure & Hardware,3,3
Fundación del Servicio Regional de Relaciones Laborales de Castilla y León,Other,3,0
Fundación para el Apoyo a la Autonomía y Capacidades de las Personas de Aragón,Other,3,0
Gerencia Regional de Salud de Castilla y León,Cybersecurity,3,5
Gerencia Urbanística Port Vell de la Autoridad Portuaria de Barcelona,Other,3,0
Gerencia de Aguas de Ceuta Empresa Municipal S.A.,Other,3,0
"Gerencia de Aguas del Puerto Empresa Municipal, S.A. (APEMSA)",Other,3,0
Gerencia de Aigües de l'Horta S.A.,Infrastructure & Hardware,3,3
Gerencia de Aigües i Sanejament d'Elx S.A.,Infrastructure & Hardware,3,2
Gerencia de Atención Especializada de Salamanca,Software & Development,3,1
Gerencia de Atención Integrada de Villarrobledo,Other,3,0
Gerencia de Atención Primaria del Área de Salud de Gran Canaria,Software & Development,3,2
Gerencia de Atención Sanitaria de Melilla - Instituto Nacional de Gestión Sanitaria,Software & Development,3,1
Gerencia de Blanca Fomento Social S.L,Other,3,0
Gerencia de Inspección Técnica de Vehículos de Asturias S.A. (ITVASA),Software & Development,3,0
Gerencia de MAZ Mútua de Accidentes de Trabajo y Enfermedades Profesionales de la Seguridad Social nº 11,AI & Machine Learning,3,7
"Gerencia de Mutua Navarra, Mutua de Accidentes de Trabajo y Enfermedades Profesionales de la Seguridad Social 21",Cloud,3,4
"Gerencia de Plan Cabanyal-Canyamelar, S.A.",Infrastructure & Hardware,3,0
Gerencia de Servicios Comunitarios de Molina S.A. (SERCOMOSA),Infrastructure & Hardware,3,1
Gerencia de Servicios Comunitarios de Molina S.A. (SERCOMOSA),Software & Development,3,1
Gerencia de Servicios Sanitarios de La Gomera,Other,3,0
Gerencia de Servicios Sociales de la Junta de Castilla y León,Infrastructure & Hardware,3,1
Gerencia de Turismo y Planificación Costa del Sol S.L.U.,Cloud,3,4
Gerencia de Turismo y Planificación Costa del Sol S.L.U.,Infrastructure & Hardware,3,1
Gerencia de Turismo y Planificación Costa del Sol S.L.U.,Software & Development,3,3
Gerencia de la Agencia Tributaria de Sevilla,Other,3,0
Gerencia de la Empresa Malagueña de Transportes S.A.M.,Infrastructure & Hardware,3,2
Gerencia de la Empresa Municipal de Residencia de Mayores de Sanlúcar S.A.U.,Other,3,0
Gerencia de la Fundación Cultural Universitaria de las Artes de Jerez. Fundación Pública Local (FUNDARTE),Other,3,0
Gerencia de la Fundación Formación e Investigación de los Profesionales de la Salud de Extremadura,Other,3,0
Gerencia de la Fundación Teatro Romano de Cartagena,Other,3,0
"Gerencia de la Fundación Tutelar Canaria para la Acción Social, M.P. (FuCAS)",Software & Development,3,1
Gerencia de la Fundación para el Fomento de la Investigación Sanitaria y Biomédica de la Comunitat Valenciana (FISABIO),Software & Development,3,3
Gerencia de la Universidad de Alcalá,Infrastructure & Hardware,3,3
Gerencia del Area de Atención Integrada de Hellín,Other,3,0
Gerencia del Area de Atención Integrada de Valdepeñas,Other,3,0
Gerencia del Centro Atlántico de Arte Moderno SAU,Software & Development,3,1
Gerencia del Consejo de Administración de la Empresa Municipal de Aguas de Cádiz S.A.,Infrastructure & Hardware,3,3
Gerencia del Consorcio Espacial Valenciano - Val Space Consortium (VSC),Infrastructure & Hardware,3,0
Gerencia del Consorcio de la Ciudad de Santiago,Software & Development,3,1
"Gerencia del Instituto Médico Tinerfeño, S.A.",Other,3,0
Gerencia del Patronato de la Fundació Mallorca Literària,Other,3,0
Gerencia del Área Sanitaria IV del Servicio de Salud del Principado de Asturias,Software & Development,3,3
Gerencia del Área Sanitaria VIII del Servicio de Salud del Principado de Asturias,Other,3,0
"Gerencia umivale Activa, Mutua Colaboradora con la Seguridad Social número 3",Data & Analytics,3,1
"Gerente de la Empresa Municipal de Suelo y Vivienda de Toledo, S.A.",Other,3,0
Gestión de Residuos Huesca SAU,Software & Development,3,1
Gobierno Vasco - Seguridad,Data & Analytics,3,0
Gobierno de Navarra - Servicio de Patrimonio,Other,3,0
HOSPITAL CLINICO SAN CARLOS,Other,3,0
Hulleras del Norte S.A.,Infrastructure & Hardware,3,1
INSS-Dirección Provincial de Ciudad Real,Other,3,0
INSS-Dirección Provincial de Murcia,Other,3,0
INSS-Dirección provincial de Almería,Other,3,0
INSS-Dirección provincial de Huelva,Other,3,0
INSS-Dirección provincial de Lugo,Other,3,0
INSS-Dirección provincial de Sevilla,Other,3,0
INSS-Dirección provincial de Zaragoza,Other,3,0
INSS-Servicios Centrales-Dirección General,Other,3,0
"ITELAZPI, S.A. - ITELAZPI, S.A.",Infrastructure & Hardware,3,3
"Infraestructures de la Generalitat de Catalunya, SAU",Software & Development,3,3
Institut Català d'Oncologia (ICO),Software & Development,3,4
Institut de Seguretat Pública de Catalunya,Other,3,0
Instituto Ceutí de Deportes,Other,3,0
Instituto Gallego de la Vivienda y Suelo- Xunta de Galicia,Other,3,0
Instituto Nacional de Gestión Sanitaria - Dirección Territorial Ceuta,Other,3,0
Instituto Nacional de Seguridad y Salud en el Trabajo O.A. M.P. (INSST),Software & Development,3,4
Instituto Social de la Marina -Dirección Provincial de Melilla,Other,3,0
Instituto Social de la Marina -Dirección Provincial de Murcia,Other,3,0
Instituto Tecnológico Agrario de Castilla y León,Software & Development,3,3
Instituto Tecnológico de Canarias S.A.,Software & Development,3,3
Instituto de Turismo de la Región de Murcia (ITREM),Software & Development,3,3
"Instituto de Vivienda, Infraestructura y Equipamiento de la Defensa",Infrastructure & Hardware,3,3
Instituto de las Industrias Culturales y de las Artes de la Región de Murcia (ICA),Other,3,0
Instituto para la Competitividad Empresarial de Castilla y León,Other,3,0
Intendencia de Madrid,Infrastructure & Hardware,3,0
Intendente de las Palmas,Software & Development,3,3
Intervención General de la Administración del Estado,Other,3,0
Izenpe - Empresa de Certificación y Servicios - Izenpe S.A.,Cybersecurity,3,3
JUNTA DE GOBIERNO LOCAL AYUNTAMIENTO DE PULPÍ,Other,3,0
Jefatura de Asuntos Económicos del Mando de Apoyo Logístico,Data & Analytics,3,0
Jefatura de Intendencia de Asuntos Económicos Sur,Software & Development,3,2
Jefatura de la Sección Económico Administrativa 22 - Base Aérea de Torrejón (Agrupación de Base),Software & Development,3,1
Jefatura de la Sección Económico Administrativa 24 de la Base Aérea de Morón,Infrastructure & Hardware,3,3
Jefatura de la Sección Económico-Administrativa 27 - Base Aérea de Getafe,Infrastructure & Hardware,3,1
Jefatura de la Sección Económico-Administrativa 62 - Base Aérea de Cuatro Vientos,Infrastructure & Hardware,3,2
Junta General del Consejo Insular de Aguas de Lanzarote,Other,3,0
Junta General del Consorcio de Residuos Sólidos del Poniente Almeriense,Other,3,0
Junta Rectora de la Fundación Municipal de Cultura de Avilés,Other,3,0
Junta Rectora del Institut de l'Esport Hípic de Mallorca,Other,3,0
Junta Rectora del Organismo Autónomo de Bienestar Social del Ayuntamiento de Arona,Other,3,0
Junta Rectora del Organismo Autónomo de Turismo del Ayuntamiento de Arona,Other,3,0
Junta Vecinal de las Murias de Babia,Other,3,0
Junta de Contratación del Ministerio de Cultura,Software & Development,3,4
Junta de Contratación del Ministerio de Sanidad,Data & Analytics,3,5
Junta de Contratación del Ministerio de Trabajo y Economía Social,Software & Development,3,3
Junta de Contratación del Ministerio de Transportes y Movilidad Sostenible,Software & Development,3,3
"Junta de Contratación del Ministerio de la Presidencia, Justicia y Relaciones con las Cortes",Infrastructure & Hardware,3,1
Junta de Coordinación del Defensor del Pueblo,Software & Development,3,1
Junta de Gobierno Local de Ayuntamiento de Priego de Córdoba,Infrastructure & Hardware,3,1
Junta de Gobierno Local del Ayuntamiento de Baños de Río Tobía,Other,3,0
Junta de Gobierno Local del Ayuntamiento de Blanca,Other,3,0
Junta de Gobierno Local del Ayuntamiento de Bollullos Par del Condado,Software & Development,3,2
Junta de Gobierno Local del Ayuntamiento de Calanda,Other,3,0
Junta de Gobierno Local del Ayuntamiento de Cartagena,Software & Development,3,1
Junta de Gobierno Local del Ayuntamiento de Cualedro,Other,3,0
Junta de Gobierno Local del Ayuntamiento de Fortuna,Infrastructure & Hardware,3,2
Junta de Gobierno Local del Ayuntamiento de Fuente del Maestre,Infrastructure & Hardware,3,3
Junta de Gobierno Local del Ayuntamiento de Hornachuelos,Software & Development,3,3
Junta de Gobierno Local del Ayuntamiento de La Aldea San Nicolás,Software & Development,3,3
Junta de Gobierno Local del Ayuntamiento de La Mojonera,Other,3,0
Junta de Gobierno Local del Ayuntamiento de La Villa de Don Fadrique,Infrastructure & Hardware,3,3
Junta de Gobierno Local del Ayuntamiento de Llamas de la Ribera,Other,3,0
Junta de Gobierno Local del Ayuntamiento de Llubí,Other,3,0
Junta de Gobierno Local del Ayuntamiento de Lorca,Software & Development,3,1
Junta de Gobierno Local del Ayuntamiento de Maria de Huerva,Other,3,0
Junta de Gobierno Local del Ayuntamiento de Medina Sidonia,Other,3,0
Junta de Gobierno Local del Ayuntamiento de Montefrío,Other,3,0
Junta de Gobierno Local del Ayuntamiento de Montiel,Other,3,0
Junta de Gobierno Local del Ayuntamiento de Méntrida,Other,3,0
Junta de Gobierno Local del Ayuntamiento de Noceda del Bierzo,Other,3,0
Junta de Gobierno Local del Ayuntamiento de Noja,Other,3,0
Junta de Gobierno Local del Ayuntamiento de O Corgo,Other,3,0
Junta de Gobierno Local del Ayuntamiento de Ogíjares,Software & Development,3,2
Junta de Gobierno Local del Ayuntamiento de Olula del Río,Other,3,0
Junta de Gobierno Local del Ayuntamiento de Palencia,Software & Development,3,2
Junta de Gobierno Local del Ayuntamiento de Paracuellos de Jarama,Infrastructure & Hardware,3,1
Junta de Gobierno Local del Ayuntamiento de Puebla de Obando,Other,3,0
Junta de Gobierno Local del Ayuntamiento de Rioseco de Tapia,Other,3,0
Junta de Gobierno Local del Ayuntamiento de San Asensio,Other,3,0
Junta de Gobierno Local del Ayuntamiento de Sanlúcar de Barrameda,Infrastructure & Hardware,3,2
Junta de Gobierno Local del Ayuntamiento de Santa Cruz del Retamar,Other,3,0
Junta de Gobierno Local del Ayuntamiento de Sineu,Other,3,0
Junta de Gobierno Local del Ayuntamiento de Tírig,Other,3,0
Junta de Gobierno Local del Ayuntamiento de Valle de Santa Ana,Other,3,0
Junta de Gobierno Local del Concello de Muiños,Other,3,0
Junta de Gobierno de la Comarca de Tarazona y el Moncayo,Other,3,0
Junta de Gobierno de la Diputación Provincial de Burgos,Infrastructure & Hardware,3,1
Junta de Gobierno de la Diputación Provincial de León,Cloud,3,6
Junta de Gobierno de la Diputación Provincial de León,Infrastructure & Hardware,3,3
Junta de Gobierno de la Diputación Provincial de Lugo,Cloud,3,9
Junta de Gobierno de la Diputación Provincial de Lugo,Software & Development,3,1
Junta de Gobierno de la Diputación Provincial de Valladolid,Infrastructure & Hardware,3,1
Junta de Gobierno de la Diputación Provincial de Valladolid,Software & Development,3,1
Junta de Gobierno de la Fundación de Oftalmología Médica de la Comunitat Valenciana,Other,3,0
Junta de Gobierno de la Mancomunidad de Municipios de Los Pedroches,Infrastructure & Hardware,3,2
Junta de Gobierno del Ayuntamiento Dénia,Software & Development,3,2
Junta de Gobierno del Ayuntamiento de A Cañiza,Other,3,0
Junta de Gobierno del Ayuntamiento de A Coruña,Infrastructure & Hardware,3,2
Junta de Gobierno del Ayuntamiento de Alaejos,Other,3,0
Junta de Gobierno del Ayuntamiento de Alcobendas,Cloud,3,5
Junta de Gobierno del Ayuntamiento de Alfaro,Software & Development,3,4
Junta de Gobierno del Ayuntamiento de Algemesí,Cloud,3,5
Junta de Gobierno del Ayuntamiento de Algemesí,Software & Development,3,0
Junta de Gobierno del Ayuntamiento de Algueña,Other,3,0
Junta de Gobierno del Ayuntamiento de Almonte,Infrastructure & Hardware,3,3
Junta de Gobierno del Ayuntamiento de Altea,Software & Development,3,2
Junta de Gobierno del Ayuntamiento de Bacares,Other,3,0
Junta de Gobierno del Ayuntamiento de Benidorm,Infrastructure & Hardware,3,1
Junta de Gobierno del Ayuntamiento de Beniel,Other,3,0
Junta de Gobierno del Ayuntamiento de Bigastro,Other,3,0
Junta de Gobierno del Ayuntamiento de Boadilla del Monte,Software & Development,3,3
Junta de Gobierno del Ayuntamiento de Bárcena de Cicero,Other,3,0
Junta de Gobierno del Ayuntamiento de Cabana de Bergantiños,Other,3,0
Junta de Gobierno del Ayuntamiento de Caravaca de la Cruz,Software & Development,3,2
Junta de Gobierno del Ayuntamiento de Chiclana de la Frontera,Infrastructure & Hardware,3,2
Junta de Gobierno del Ayuntamiento de Chiva,Other,3,0
Junta de Gobierno del Ayuntamiento de Colmenarejo,Other,3,0
Junta de Gobierno del Ayuntamiento de Cádiz,Cybersecurity,3,3
Junta de Gobierno del Ayuntamiento de Ejea de Los Caballeros,Cloud,3,4
Junta de Gobierno del Ayuntamiento de El Puerto de Santa María,Software & Development,3,3
Junta de Gobierno del Ayuntamiento de Getafe,Cloud,3,3
Junta de Gobierno del Ayuntamiento de Getafe,Cybersecurity,3,4
Junta de Gobierno del Ayuntamiento de Granada,Cybersecurity,3,5
Junta de Gobierno del Ayuntamiento de Inca,Software & Development,3,0
Junta de Gobierno del Ayuntamiento de Istán,Other,3,0
Junta de Gobierno del Ayuntamiento de Jérica,Other,3,0
Junta de Gobierno del Ayuntamiento de La Rinconada,Infrastructure & Hardware,3,1
Junta de Gobierno del Ayuntamiento de Lalín,Software & Development,3,3
Junta de Gobierno del Ayuntamiento de León,Software & Development,3,1
Junta de Gobierno del Ayuntamiento de Liérganes,Other,3,0
Junta de Gobierno del Ayuntamiento de Lloret de Vistalegre,Other,3,0
Junta de Gobierno del Ayuntamiento de Llíria,Infrastructure & Hardware,3,2
Junta de Gobierno del Ayuntamiento de Los Alcázares,Software & Development,3,2
Junta de Gobierno del Ayuntamiento de Massanassa,Other,3,0
Junta de Gobierno del Ayuntamiento de Mazarrón,Software & Development,3,2
Junta de Gobierno del Ayuntamiento de Neda,Other,3,0
Junta de Gobierno del Ayuntamiento de Orxeta,Other,3,0
Junta de Gobierno del Ayuntamiento de Parla,Infrastructure & Hardware,3,0
Junta de Gobierno del Ayuntamiento de Petrer,Software & Development,3,1
Junta de Gobierno del Ayuntamiento de Pinto,Software & Development,3,3
Junta de Gobierno del Ayuntamiento de Porzuna,Other,3,0
Junta de Gobierno del Ayuntamiento de Rincón de Soto,Other,3,0
Junta de Gobierno del Ayuntamiento de Sabiñánigo,Other,3,0
Junta de Gobierno del Ayuntamiento de Sagunto,Infrastructure & Hardware,3,3
Junta de Gobierno del Ayuntamiento de San Cristóbal de La Laguna,Software & Development,3,1
Junta de Gobierno del Ayuntamiento de Sant Llorenç des Cardassar,Infrastructure & Hardware,3,2
Junta de Gobierno del Ayuntamiento de Sant Llorenç des Cardassar,Software & Development,3,2
Junta de Gobierno del Ayuntamiento de Sedaví,Infrastructure & Hardware,3,0
Junta de Gobierno del Ayuntamiento de Siero,Software & Development,3,3
Junta de Gobierno del Ayuntamiento de Silla,Software & Development,3,1
Junta de Gobierno del Ayuntamiento de Sollana,Other,3,0
Junta de Gobierno del Ayuntamiento de Soutomaior,Other,3,0
Junta de Gobierno del Ayuntamiento de Talavera de la Reina,Cybersecurity,3,3
Junta de Gobierno del Ayuntamiento de Talavera de la Reina,Software & Development,3,3
Junta de Gobierno del Ayuntamiento de Tomares,Other,3,0
Junta de Gobierno del Ayuntamiento de Torrejón de Ardoz,Infrastructure & Hardware,3,1
Junta de Gobierno del Ayuntamiento de Valderredible,Software & Development,3,1
Junta de Gobierno del Ayuntamiento de Vigo,Infrastructure & Hardware,3,1
Junta de Gobierno del Ayuntamiento de Vilar de Barrio,Other,3,0
Junta de Gobierno del Ayuntamiento de Villamanrique de la Condesa,Other,3,0
Junta de Gobierno del Ayuntamiento de Xàtiva,Other,3,0
Junta de Gobierno del Ayuntamiento de Yecla,Infrastructure & Hardware,3,0
Junta de Gobierno del Ayuntamiento de la Pobla Llarga,Other,3,0
Junta de Gobierno del Ayuntamiento de la Villa de Firgas,Other,3,0
Junta de Gobierno del Consell Insular de Formentera,Software & Development,3,2
Junta de Govern del Ajuntament de Campos,Infrastructure & Hardware,3,2
Junta o Concejo Vecinal de Sámano - Castro Urdiales,Other,3,0
"LANBIDE, Servicio Vasco de Empleo - Lanbide",Software & Development,3,4
"Logaritme, Serveis Logístics, AIE",Software & Development,3,3
MUBIL Fundazioa - MUBIL Fundazioa,Other,3,0
Mesa de las Cortes de Aragón,Software & Development,3,2
Mesa del Congreso de los Diputados,Software & Development,3,2
Mesa del Senado,Infrastructure & Hardware,3,0
Mesa-Comisión de Gobierno del Parlamento de Cantabria,Other,3,0
Miembros Corporativos titulares de Áreas del Cabildo Insular de la Palma,Software & Development,3,2
"Minas de Almadén y Arrayanes, S.A., S.M.E. (MAYASA)",Other,3,0
"Mutua Universal Mugenat, Mutua Colaboradora con la Seguridad Social nº 10",Cybersecurity,3,4
"NAVARRA DE INFRAESTRUCTURAS LOCALES, S.A.",Other,3,0
OSAKIDETZA - Servicio Vasco de Salud - OSI Barrualde-Galdakao (Impulsora),Other,3,0
OSAKIDETZA - Servicio Vasco de Salud - OSI Bilbao-Basurto,Other,3,0
Organismo Autónomo Informática del Ayuntamiento de Madrid,Data & Analytics,3,5
PLENO DEL AYUNTAMIENTO DE LOARRE,Other,3,0
PLENO DEL AYUNTAMIENTO DE VALENCIA DE LAS TORRES,Other,3,0
"Parque Tecnológico Walqa, S.A.",Other,3,0
Patronato de la Obra Pía de los Santos Lugares de Jerusalén,Other,3,0
Patronato del Palau Ducal Dels Borja. Fundació de la Comunitat Valenciana,Other,3,0
Pleno Municipal del Ayuntamiento de Vallehermoso,Other,3,0
Pleno de la Diputación Provincial de Huelva,Other,3,0
Pleno de la Diputación Provincial de Segovia,Other,3,0
Pleno de la Diputación de Badajoz,Other,3,0
Pleno de la Entidad Local Menor de Cuzcurrita de Juarros,Other,3,0
Pleno de la Junta Administrativa de Orbaneja del Castillo,Other,3,0
Pleno de la Mancomunidad de Municipios Alto Valle del Aragón,Other,3,0
Pleno del Ayuntamiento de Aguaviva,Other,3,0
Pleno del Ayuntamiento de Alcántara,Other,3,0
Pleno del Ayuntamiento de Aldea del Fresno,Other,3,0
Pleno del Ayuntamiento de Aldeacentenera,Other,3,0
Pleno del Ayuntamiento de Algar,Other,3,0
Pleno del Ayuntamiento de Algemesí,Other,3,0
Pleno del Ayuntamiento de Alija del Infantado,Other,3,0
Pleno del Ayuntamiento de Almarza,Other,3,0
Pleno del Ayuntamiento de Almonte,Other,3,0
Pleno del Ayuntamiento de Almoradí,Other,3,0
Pleno del Ayuntamiento de Anguciana,Other,3,0
Pleno del Ayuntamiento de Arganza,Other,3,0
Pleno del Ayuntamiento de Badajoz,Other,3,0
Pleno del Ayuntamiento de Belmonte de Gracián,Other,3,0
Pleno del Ayuntamiento de Benageber,Other,3,0
Pleno del Ayuntamiento de Benarrabá,Other,3,0
Pleno del Ayuntamiento de Berzosa de Lozoya,Other,3,0
Pleno del Ayuntamiento de Beteta,Other,3,0
Pleno del Ayuntamiento de Bolbaite,Other,3,0
Pleno del Ayuntamiento de Bueu,Other,3,0
Pleno del Ayuntamiento de Bugarra,Other,3,0
Pleno del Ayuntamiento de Bullas,Other,3,0
Pleno del Ayuntamiento de Báguena,Other,3,0
Pleno del Ayuntamiento de Cabezabellosa,Other,3,0
Pleno del Ayuntamiento de Calzada de Calatrava,Other,3,0
Pleno del Ayuntamiento de Camprovín,Other,3,0
Pleno del Ayuntamiento de Capdepera,Other,3,0
Pleno del Ayuntamiento de Carcaboso,Other,3,0
Pleno del Ayuntamiento de Castejón de Las Armas,Other,3,0
Pleno del Ayuntamiento de Castrotierra de Valmadrigal,Other,3,0
Pleno del Ayuntamiento de Cañaveral,Other,3,0
Pleno del Ayuntamiento de Ceutí,Other,3,0
Pleno del Ayuntamiento de Chera,Other,3,0
Pleno del Ayuntamiento de Chiclana de la Frontera,Other,3,0
Pleno del Ayuntamiento de Chumillas,Other,3,0
Pleno del Ayuntamiento de Codos,Other,3,0
Pleno del Ayuntamiento de Comillas,Other,3,0
Pleno del Ayuntamiento de Cudillero,Other,3,0
Pleno del Ayuntamiento de Cuevas del Almanzora,Other,3,0
Pleno del Ayuntamiento de Culla,Other,3,0
Pleno del Ayuntamiento de Dénia,Other,3,0
Pleno del Ayuntamiento de El Atazar,Other,3,0
Pleno del Ayuntamiento de El Frago,Other,3,0
Pleno del Ayuntamiento de El Sauzal,Other,3,0
Pleno del Ayuntamiento de Estellencs,Other,3,0
Pleno del Ayuntamiento de Estremera,Other,3,0
Pleno del Ayuntamiento de Fayón,Other,3,0
Pleno del Ayuntamiento de Felanitx,Other,3,0
Pleno del Ayuntamiento de Fraga,Other,3,0
Pleno del Ayuntamiento de Fuente Álamo de Murcia,Other,3,0
Pleno del Ayuntamiento de Fuentes de Valdepero,Other,3,0
Pleno del Ayuntamiento de Graus,Other,3,0
Pleno del Ayuntamiento de Griñón,Other,3,0
Pleno del Ayuntamiento de Gátova,Other,3,0
Pleno del Ayuntamiento de Haro,Other,3,0
Pleno del Ayuntamiento de Hontoria del Pinar,Other,3,0
Pleno del Ayuntamiento de Horcajuelo de la Sierra,Other,3,0
Pleno del Ayuntamiento de Hormilleja,Other,3,0
Pleno del Ayuntamiento de Hornachos,Other,3,0
Pleno del Ayuntamiento de Hospital de Órbigo,Other,3,0
Pleno del Ayuntamiento de Huéscar,Other,3,0
Pleno del Ayuntamiento de Ibias,Other,3,0
Pleno del Ayuntamiento de Jatiel,Other,3,0
Pleno del Ayuntamiento de La Pesquera,Other,3,0
Pleno del Ayuntamiento de La Roca de la Sierra,Other,3,0
Pleno del Ayuntamiento de La Villa de Garafía,Other,3,0
Pleno del Ayuntamiento de Lanjarón,Other,3,0
Pleno del Ayuntamiento de Llanera,Other,3,0
Pleno del Ayuntamiento de Los Montesinos,Other,3,0
Pleno del Ayuntamiento de Luceni,Other,3,0
Pleno del Ayuntamiento de Luesma,Other,3,0
Pleno del Ayuntamiento de Meliana,Other,3,0
Pleno del Ayuntamiento de Mezalocha,Other,3,0
Pleno del Ayuntamiento de Mirabel,Other,3,0
Pleno del Ayuntamiento de Miraflores de la Sierra,Other,3,0
Pleno del Ayuntamiento de Miramar,Other,3,0
Pleno del Ayuntamiento de Mogán,Other,3,0
Pleno del Ayuntamiento de Molinos de Duero,Other,3,0
Pleno del Ayuntamiento de Montilla,Other,3,0
Pleno del Ayuntamiento de Monóvar,Other,3,0
Pleno del Ayuntamiento de Motril,Other,3,0
Pleno del Ayuntamiento de Navas de Estena,Other,3,0
Pleno del Ayuntamiento de Ocón,Other,3,0
Pleno del Ayuntamiento de Onzonilla,Other,3,0
Pleno del Ayuntamiento de Osera de Ebro,Other,3,0
Pleno del Ayuntamiento de Paracuellos de la Ribera,Other,3,0
Pleno del Ayuntamiento de Paterna del Río,Other,3,0
Pleno del Ayuntamiento de Ponteareas,Other,3,0
Pleno del Ayuntamiento de Porreres,Other,3,0
Pleno del Ayuntamiento de Prádena del Rincón,Other,3,0
Pleno del Ayuntamiento de Pueyo de Araguas,Other,3,0
Pleno del Ayuntamiento de Quart de Poblet,Other,3,0
Pleno del Ayuntamiento de Quintana y Congosto,Other,3,0
Pleno del Ayuntamiento de Quintanar de la Sierra,Other,3,0
Pleno del Ayuntamiento de Rascafría,Other,3,0
Pleno del Ayuntamiento de Requena,Other,3,0
Pleno del Ayuntamiento de Ribamontán al Monte,Other,3,0
Pleno del Ayuntamiento de Riello,Other,3,0
Pleno del Ayuntamiento de Sacedón,Other,3,0
Pleno del Ayuntamiento de San Fernando de Henares,Other,3,0
Pleno del Ayuntamiento de San Pedro del Arroyo,Other,3,0
Pleno del Ayuntamiento de Santa Cruz de Moncayo,Other,3,0
Pleno del Ayuntamiento de Santa Elena de Jamuz,Other,3,0
Pleno del Ayuntamiento de Santorcaz,Other,3,0
Pleno del Ayuntamiento de Segorbe,Other,3,0
Pleno del Ayuntamiento de Ses Salines,Other,3,0
Pleno del Ayuntamiento de Sollana,Other,3,0
Pleno del Ayuntamiento de Teruel,Other,3,0
Pleno del Ayuntamiento de Titulcia,Other,3,0
Pleno del Ayuntamiento de Torrellas,Other,3,0
Pleno del Ayuntamiento de Torás,Other,3,0
Pleno del Ayuntamiento de Turcia,Other,3,0
Pleno del Ayuntamiento de Uceda,Other,3,0
Pleno del Ayuntamiento de Valdemeca,Other,3,0
Pleno del Ayuntamiento de Valderrueda,Other,3,0
Pleno del Ayuntamiento de Valjunquera,Other,3,0
Pleno del Ayuntamiento de Valoria la Buena,Other,3,0
Pleno del Ayuntamiento de Valverde de Alcalá,Other,3,0
Pleno del Ayuntamiento de Vera de Moncayo,Other,3,0
Pleno del Ayuntamiento de Villalmanzo,Other,3,0
Pleno del Ayuntamiento de Villaminaya,Other,3,0
Pleno del Ayuntamiento de Villamol,Other,3,0
Pleno del Ayuntamiento de Villanueva de Gallego,Other,3,0
Pleno del Ayuntamiento de Villanueva de Jiloca,Other,3,0
Pleno del Ayuntamiento de Yátova,Other,3,0
Pleno del Ayuntamiento de Zafarraya,Other,3,0
Pleno del Ayuntamiento de Zaorejas,Other,3,0
Pleno del Ayuntamiento de Énova,Other,3,0
Presidencia de Aguas Sierra de Cádiz,Other,3,0
Presidencia de Entidad Local Autónoma de Ochavillo del Río,Other,3,0
"Presidencia de Ferias Jaén, S.A.M.P. Unipersonal",Other,3,0
Presidencia de Sociedad Española de Estudios para la Comunicación Fija a través del Estrecho de Gibraltar S.A. (SECEGSA),Other,3,0
Presidencia de la Agencia de Estrategia Turística de las Islas Baleares (AETIB),Software & Development,3,4
Presidencia de la Asamblea de Madrid,Other,3,0
Presidencia de la Asociación Grupo de Acción Local de la Sierra del Segura,Infrastructure & Hardware,3,3
Presidencia de la Autoridad Portuaria de A Coruña,Infrastructure & Hardware,3,2
Presidencia de la Autoridad Portuaria de Huelva,Infrastructure & Hardware,3,0
Presidencia de la Autoridad Portuaria de Melilla,Software & Development,3,0
Presidencia de la Autoridad Portuaria de Santa Cruz de Tenerife,Infrastructure & Hardware,3,3
Presidencia de la Autoridad Portuaria de la Bahía de Cádiz,Infrastructure & Hardware,3,3
Presidencia de la Comarca Comunidad de Teruel,Other,3,0
Presidencia de la Comarca Los Monegros,Other,3,0
Presidencia de la Comarca Ribera Alta del Ebro,Other,3,0
Presidencia de la Comarca de Gúdar-Javalambre,Other,3,0
Presidencia de la Comarca del Aranda,Other,3,0
Presidencia de la Comisión Nacional de los Mercados y la Competencia,Other,3,0
Presidencia de la Confederación Hidrográfica del Guadalquivir,Infrastructure & Hardware,3,0
Presidencia de la Confederación Hidrográfica del Guadiana,Software & Development,3,3
Presidencia de la Diputación Provincial de Ciudad Real,Software & Development,3,2
Presidencia de la Diputación Provincial de Huelva,Data & Analytics,3,0
Presidencia de la Diputación Provincial de Huesca,Software & Development,3,3
Presidencia de la Diputación Provincial de León,Infrastructure & Hardware,3,3
Presidencia de la Diputación Provincial de León,Software & Development,3,1
Presidencia de la Diputación Provincial de Málaga,Infrastructure & Hardware,3,3
Presidencia de la Diputación Provincial de Pontevedra,Cloud,3,5
Presidencia de la Diputación Provincial de Salamanca,Software & Development,3,2
Presidencia de la Diputación Provincial de Toledo,Cybersecurity,3,5
Presidencia de la Entidad Local Autónoma de Castil de Campos,Other,3,0
Presidencia de la Entidad Local Autónoma de El Torno,Other,3,0
Presidencia de la Entidad Pública Empresarial Aguas de Ames EPEL,Other,3,0
Presidencia de la Fundación Deportiva Municipal de Avilés,Other,3,0
Presidencia de la Fundación Felipe II,Other,3,0
Presidencia de la Fundación Municipal de Cultura del Ayuntamiento de Oviedo,Software & Development,3,3
Presidencia de la Fundación Provincial de Artes Plásticas Rafael Botí,Other,3,0
"Presidencia de la Fundación para la Promoción del Empleo, la Formación Profesional y el Movimiento Cooperativo del Iltre. Ayto. de la Villa de Ingenio",Software & Development,3,3
Presidencia de la Gerencia Municipal de Cultura y Turismo del Ayuntamiento de Burgos,Other,3,0
Presidencia de la Mancomunidad Espadán Mijares,Infrastructure & Hardware,3,0
Presidencia de la Mancomunidad Intermunicipal Alto Palancia,Other,3,0
Presidencia de la Mancomunidad Intermunicipal del Valle del Vinalopó,Other,3,0
Presidencia de la Mancomunidad Ribera Baixa,Software & Development,3,3
Presidencia de la Mancomunidad Ruta de la Plata,Other,3,0
Presidencia de la Mancomunidad Torozos,Other,3,0
Presidencia de la Mancomunidad Valle del Alagón-Pozuelo de Zarzón-Cáceres,Other,3,0
Presidencia de la Mancomunidad de Municipios Siberia,Other,3,0
Presidencia de la Mancomunidad de Municipios Zona Centro,Other,3,0
Presidencia de la Mancomunidad de Municipios de la Comarca de Écija,Other,3,0
Presidencia de la Mancomunidad de Municipios de la Sierra de Cádiz,Software & Development,3,3
Presidencia de la Mancomunidad de Servicios Turísticos del Noroeste de Murcia,Infrastructure & Hardware,3,3
Presidencia de la Mancomunidad de Servicios del Valle Norte del Lozoya,Software & Development,3,4
Presidencia de la Mancomunidad de los Valles de San Vicente,Other,3,0
Presidencia de la Mancomunitat Circuit Cultural Comarcal de la Marina Alta,Other,3,0
"Presidencia de la Mancomunitat Intermunicipal d'Alcàntera de Xúquer, Càrcer, Cotes i Sellent, per a l'abastiment d'aigües potables i altres serveis",Other,3,0
Presidencia de la Sociedad Anónima Estatal de Caución Agraria,Cloud,3,7
"Presidencia de la Sociedad para la Limpieza y Aseo de Ronda, S.A.",Other,3,0
Presidencia de las Cortes de Castilla y León,Other,3,0
"Presidencia de los Servizos Urbanos Municipais de Arteixo, S.A",Infrastructure & Hardware,3,3
Presidencia del Centro Especial de Empleo Municipal Jardines y Naturaleza,Other,3,0
Presidencia del Consejo Consultivo de Castilla y León,Other,3,0
Presidencia del Consejo Consultivo de Castilla-La Mancha,Other,3,0
Presidencia del Consejo Superior de Deportes,Infrastructure & Hardware,3,0
"Presidencia del Consejo de Administración del Parque Tecnológico de Fuerteventura, S.A., M.P. (PTFSA)",Software & Development,3,3
Presidencia del Consejo de Cuentas de Castilla y León,Other,3,0
Presidencia del Consell Jurídic Consultiu de la Comunitat Valenciana,Infrastructure & Hardware,3,0
Presidencia del Consorci de la Ribera,Other,3,0
Presidencia del Consorcio Asturiano de Servicios Tecnológicos,Software & Development,3,1
Presidencia del Consorcio Cáceres Ciudad Histórica,Other,3,0
Presidencia del Consorcio Gestión Medioambiental y Serv. Trat. Rd. Sol de la Provincia de Burgos,Other,3,0
Presidencia del Consorcio Isla Baja,Other,3,0
Presidencia del Consorcio de Extinción de Incendios y Salvamentos del Levante Almeriense,Other,3,0
Presidencia del Consorcio de Medio Ambiente Estepa-Sierra Sur,Other,3,0
Presidencia del Consorcio de Servicios Públicos Medioambientales de la Provincia de Toledo,Other,3,0
Presidencia del Consorcio para el Desarrollo de la Vega Sierra Elvira,Software & Development,3,3
Presidencia del Consorcio para la Gestión de Residuos Urbanos de la Provincia de Zamora,Other,3,0
Presidencia del Consorcio para la Recuperación Económica y de la Actividad de la Marina Alta (CREAMA),Other,3,0
Presidencia del Fondo Español de Garantía Agraria,Other,3,0
Presidencia del Fondo de Reestructuración Ordenada Bancaria,Other,3,0
Presidencia del Instituto Insular de Atención Social y Sociosanitaria - IASS,Software & Development,3,4
Presidencia del Instituto Municipal para la Promoción de la Actividad Física y el Deporte del Ayuntamiento de Las Palmas de Gran Canaria,Other,3,0
Presidencia del Instituto de Empleo y Desarrollo Socioeconómico y Tecnológico de la Diputación Provincial de Cádiz,Software & Development,3,3
Presidencia del O.A.L. Escuela Taurina de la Diputación Provincial de Castellón,Other,3,0
Presidencia del Organismo Autónomo Centro Informático Provincial de Salamanca,Infrastructure & Hardware,3,1
Presidencia del Organismo Autónomo Fundación Deportiva Municipal de Torrent,Other,3,0
Presidencia del Organismo Autónomo de Actividades Musicales del Ayuntamiento de San Cristóbal de la Laguna,Other,3,0
Presidencia del Organismo Autónomo de Cultura del Excmo. Ayuntamiento de Santa Cruz de Tenerife,Other,3,0
Presidencia del Organismo Público Puertos del Estado,Infrastructure & Hardware,3,2
Presidencia del Patronato Insular de Música del Cabildo Insular de Tenerife,Other,3,0
Presidencia del Patronato Municipal de Actividades Deportivas - PMAD,Other,3,0
Presidencia del Patronato Municipal de Turismo y Playas de Alicante,Other,3,0
Presidencia del Patronato Municipal del Certamen Internacional de Habaneras y Polifonía,Other,3,0
Presidencia del Patronato Provincial de Turismo de la Costa Blanca,Other,3,0
"Presidencia y Dirección de Administración y Finanzas de la de la Sociedad Mercantil Estatal para la Gestión de la Innovación y las Tecnologías Turísticas, S.A.M.P. (SEGITTUR)",Infrastructure & Hardware,3,1
"Presidencia y Dirección de Administración y Finanzas de la de la Sociedad Mercantil Estatal para la Gestión de la Innovación y las Tecnologías Turísticas, S.A.M.P. (SEGITTUR)",Software & Development,3,3
Presidente de Patronato Municipal de Cultura de Palma del Río,Other,3,0
Presidente de la Autoridad Portuaria de Santander,Software & Development,3,2
Presidente de la Mancomunidad Barrio del Cristo Aldaia-Quart de Poblet,Other,3,0
Presidente de la Mancomunidad de Municipios de la Costa Tropìcal de Granada,Other,3,0
Procurador del Común de Castilla y León,Other,3,0
Promotur Turismo Canarias S.A.,Software & Development,3,3
Rectorado de la Universidad Autónoma de Madrid,Data & Analytics,3,0
Rectorado de la Universidad Complutense de Madrid,Infrastructure & Hardware,3,3
Rectorado de la Universidad Miguel Hernández de Elche,Cloud,3,7
Rectorado de la Universidad Politécnica de Cartagena,Software & Development,3,2
Rectorado de la Universidad Politécnica de Madrid,Cloud,3,3
Rectorado de la Universidad de Almería,Infrastructure & Hardware,3,2
Rectorado de la Universidad de Burgos,Software & Development,3,2
Rectorado de la Universidad de Jaén,Cloud,3,6
Rectorado de la Universidad de Las Palmas de Gran Canaria,Infrastructure & Hardware,3,1
Rectorado de la Universidad de Murcia,Cloud,3,4
Rectorado de la Universidad de les Illes Balears,Cloud,3,4
Rectorado de la Universitat de València,Cloud,3,5
"Región de Murcia Deportes, SAU.",Other,3,0
SECCIÓN DE ASUNTOS ECONÓMICOS DE LA COMANDANCIA GENERAL DE MELILLA,Other,3,0
"SEPIDES Gestión, S.G.E.C.R., S.A., S.M.E.",Other,3,0
SERVICIO ANDALUZ DE SALUD. HOSPITAL UNIVERSITARIO REINA SOFÍA,Other,3,0
Sección de Asuntos Económicos del Parque y Centro de Mantenimiento de Helicópteros,Infrastructure & Hardware,3,1
Secretaria General de la Presidencia del Gobierno de Canarias,Other,3,0
Secretaria General del Servicio Canario de Salud,Other,3,0
Secretaria General del Servicio Canario de Salud,Software & Development,3,3
Secretaría General Técnica,Other,3,0
"Secretaría General Técnica de la Consejería de Política Territorial, Cohesión Territorial y Aguas de Canarias",Software & Development,3,2
Secretaría General Técnica del Ministerio de Hacienda,Software & Development,3,4
Secretaría General de Coordinación Territorial,Infrastructure & Hardware,3,3
Secretaría General de Coordinación Territorial,Other,3,0
Secretaría General de Investigación,Other,3,0
"Secretaría General de la Consejería de Hacienda, Administraciones Públicas y Transformación Digital de la Junta de Comunidades de Castilla-La Mancha",Cybersecurity,3,3
Secretaría de Estado de Medio Ambiente,Software & Development,3,4
Servei Català de la Salut (CatSalut),Software & Development,3,6
Serveis de Millora Agrària i Pesquera,Software & Development,3,2
Servicio Canario de Empleo,Software & Development,3,5
Servicio Cántabro de Empleo,Other,3,0
Servicio Cántabro de Salud,AI & Machine Learning,3,3
Servicio Riojano de Salud,Other,3,0
Servicio Territorial de Medio Ambiente de Palencia,Other,3,0
Servicio Territorial de Medio Ambiente de Salamanca,Other,3,0
Servicio Territorial de Movilidad y Transformación Digital de Ávila,Other,3,0
Servicio de Contratación y Compras del Ayuntamiento de San Bartolomé de Tirajana,Infrastructure & Hardware,3,3
Servicio de Salud de las Illes Balears,Cybersecurity,3,4
"Servicios de la Comarca de Pamplona , S.A.",Other,3,0
Sindicatura de Comptes de la Comunitat Valenciana,Software & Development,3,2
"Sociedad Municipal de Gestión Urbanística de Las Palmas de Gran Canaria, S.A. (GEURSA)",Other,3,0
"Sociedad Pública de Gestión Ambiental, IHOBE, S.A. - IHOBE, S.A.",Software & Development,3,6
Societat Valenciana  de Inspecció Técnica de Vehicles S.A.,Other,3,0
Subdelegación del Gobierno en Huelva,Other,3,0
Subdelegación del Gobierno en Tarragona,Other,3,0
Subdirección General de Administración Financiera y Oficialía Mayor,Other,3,0
Subdirección General de Oficinas Económicas y Comerciales en el Exterior y de Red Territorial de Comercio,Infrastructure & Hardware,3,3
Subdirección General de Planificacion y Gestion de Infraestructuras y Medios para la Seguridad,Infrastructure & Hardware,3,3
"Subsecretaría de Asuntos Exteriores, Unión Europea y Cooperación",Other,3,0
TGSS-Dirección provincial de Almería,Other,3,0
TGSS-Dirección provincial de Córdoba,Other,3,0
TGSS-Dirección provincial de León,Other,3,0
TGSS-Dirección provincial de Lérida,Other,3,0
TGSS-Dirección provincial de Navarra,Other,3,0
TGSS-Dirección provincial de Segovia,Other,3,0
"Tenencia de Alcaldía Delegada de Área de Comercio, Gestión de la Vía Pública y Fomento de la Actividad Empresarial",Other,3,0
"Teniente de Alcalde delegado de Transparencia, Servicios Sociales y Familia, Tercera Edad y Cementerios del Ayuntamiento de Calviá",Other,3,0
"Teniente de Alcalde delegado de Vivienda, Urbanismo, Patrimonio y Educación del Ayuntamiento de Calviá",Other,3,0
"Tortosa Salut, S.L.",Other,3,0
Universitat Politècnica de Catalunya,Other,3,0
Universitat de Barcelona,Software & Development,3,4
Viceconsejería de Medio Ambiente de la Junta de Comunidades de Castilla-La Mancha,Other,3,0
Viceconsejería de la Presidencia del Gobierno de Canarias,Infrastructure & Hardware,3,2
Viceconsejería de la Presidencia del Gobierno de Canarias,Software & Development,3,3
Vicepresidencia de Enseñanzas Artísticas Superiores de las Illes Balears (EASIB),Other,3,0
Vicepresidencia de la Agencia Valenciana de la Innovació,Software & Development,3,3
Vicepresidencia de la Sociedad Municipal Puerto Deportivo de Marbella S.A.,Other,3,0
"Vicepresidencia del Consejo de Administración de Fires, Congressos i Esdeveniments D'Eivissa, S.A.U.",Software & Development,3,4
Vicepresidencia del Consejo de Administración de la Entidad Pública de Saneamiento de Aguas Residuales de la Comunidad Valenciana,Infrastructure & Hardware,3,1
Vicepresidencia del Consejo de Administración de la Sociedad Insular para la Promoción de las Personas con Discapacidad S.L.,Software & Development,3,2
Vicepresidencia del Patronato Provincial de Turismo de Córdoba,Other,3,0
Xunta de Goberno do Concello de Santiago de Compostela,Infrastructure & Hardware,3,3
ayuntamiento de pamplona,Other,3,0
Área Metropolitana de Barcelona,Other,3,0
Área Sanitaria da Coruña e Cee - Servicio Gallego de Salud,Other,3,0
"Área de Gobierno de Políticas Sociales, Familia e Igualdad del Ayuntamiento de Madrid",Software & Development,3,3
"Área de Gobierno de Portavoz, Seguridad y Emergencias",Other,3,0
12ª Zona de la Guardia Civil Castilla León,Other,2,0
14ª Zona de la Guardia Civil de Asturias,Other,2,0
ADIF Alta Velocidad - Presidencia,Software & Development,2,1
ADIF — Alta Velocidad,Other,2,0
ADIF — Alta velocidad,Other,2,0
ADMINISTRADOR DE INFRAESTRUCTURAS FERROVIARIAS (SUBDIRECCIÓN DE CONTRATACIÓN DE MANTENIMIENTO),Other,2,0
"AENA, S.M.E., S.A.",Software & Development,2,4
AGENCIA DE EMERGENCIAS DE ANDALUCIA,Other,2,0
AGENCIA DE SEGURIDAD Y GESTIÓN INTEGRAL DE EMERGENCIAS DE ANDALUCIA,Other,2,0
AGENCIA DE VIVIENDA Y REHABILITACIÓN DE ANDALUCIA,Infrastructure & Hardware,2,2
AGENCIA PARA LA ADMINISTRACIÓN DIGITAL DE LA COMUNIDAD DE MADRID,Cloud,2,4
AGENCIA PÚBLICA DE PUERTOS DE ANDALUCÍA,Software & Development,2,2
ALCALDIA DEL AYUNTAMIENTO DE TAMARITE DE LITERA,Other,2,0
ALCALDIA DEL AYUNTAMIENTO ELM DE RUECAS,Other,2,0
ALCALDÍA AYUNTAMIENTO DE PULPÍ,Other,2,0
ALCALDÍA DEL AYUNTAMIENTO DE E.L.M. DE GUADAJIRA,Other,2,0
ALCALDÍA DEL AYUNTAMIENTO DE FUENCEMILLÁN,Other,2,0
ALCALDÍA DEL AYUNTAMIENTO DE GARLITOS,Other,2,0
ALCALDÍA DEL AYUNTAMIENTO DE TRUJILLANOS,Other,2,0
ALCALDÍA DEL AYUNTAMIENTO DE VALENCIA DE LAS TORRES,Other,2,0
"ARABAT, Vías de Álava S.A. - ARABAT, Vías de Álava S.A.",Other,2,0
ASOCIACIÓN INSERTA EMPLEO,Software & Development,2,4
AYUNTAMIENTO DE BARCELONA,Other,2,0
AYUNTAMIENTO DE GRANOLLERS,Other,2,0
"AZPILUR EUSKADI, S.A.M.P. - AZPILUR EUSKADI, S.A.M.P.",Software & Development,2,2
"Administración de AGRUMINSA, S.A.",Other,2,0
Administrador Unico de FEVAL Gestión de Sevicios S.L.U.,Other,2,0
"Administrador Único de Pellet de Villahermosa, S.L.",Other,2,0
Aena. Dirección de Contratación,Cybersecurity,2,2
Aena. Dirección del Aeropuerto de Alicante-Elche,Data & Analytics,2,0
Aena. Dirección del Aeropuerto de Almería,Infrastructure & Hardware,2,0
Aena. Dirección del Aeropuerto de Almería,Software & Development,2,1
Aena. Dirección del Aeropuerto de Bilbao,Software & Development,2,1
Aena. Dirección del Aeropuerto de Girona-Costa Brava,Software & Development,2,1
Aena. Dirección del Aeropuerto de Ibiza,Software & Development,2,1
Aena. Dirección del Aeropuerto de Jerez,Software & Development,2,2
Aena. Dirección del Aeropuerto de Josep Tarradellas Barcelona-El Prat,Data & Analytics,2,0
Aena. Dirección del Aeropuerto de Madrid-Cuatro Vientos,Data & Analytics,2,2
Aena. Dirección del Aeropuerto de Palma de Mallorca,Software & Development,2,0
Aena. Dirección del Aeropuerto de Santiago,Software & Development,2,2
Aena. Dirección del Aeropuerto de Sevilla,Infrastructure & Hardware,2,0
Aena. Dirección del Aeropuerto de Tenerife Norte,Infrastructure & Hardware,2,1
Aena. Dirección del Aeropuerto de Valencia,Software & Development,2,0
Aena. Presidencia. Consejero Delegado,AI & Machine Learning,2,2
Agencia Balear del Agua y de la Calidad Ambiental,Software & Development,2,2
Agencia Digital de Andalucía,AI & Machine Learning,2,2
Agencia Española de Protección de Datos,Infrastructure & Hardware,2,0
Agencia Estatal de Administración Tributaria,Infrastructure & Hardware,2,2
Agencia Madrileña de Atención Social,Other,2,0
Agencia Pública Andaluza de Educación,Software & Development,2,3
Agencia Tributaria Valenciana (ATV),Software & Development,2,2
Agencia Tributaria de la Región de Murcia (ATRM),Software & Development,2,1
Agencia Tributaria de las Illes Balears,Infrastructure & Hardware,2,1
"Agencia de Ciencia, Competitividad Empresarial e Innovación Asturiana",Software & Development,2,4
Agencia de Gestión Agraria y Pesquera de Andalucía,Other,2,0
"Aguas Municipales de Vitoria-Gasteiz, S.A.U. - Aguas Municipales de Vitoria-Gasteiz, S.A.U.",Other,2,0
Agència Valenciana d'Avaluació i Prospectiva,Other,2,0
Agència de Qualitat i Avaluació Sanitàries de Catalunya,AI & Machine Learning,2,5
"Aigües de Barcelona, Empresa Metropolitana de Gestió del Cicle Integral de l'Aigua, S.A.",Other,2,0
Ajuntament de Badalona,Other,2,0
Ajuntament de Gavà,Software & Development,2,4
Ajuntament de Martorell,Infrastructure & Hardware,2,2
Ajuntament de Sant Feliu de Guíxols,Other,2,0
Ajuntament de Tarragona,Other,2,0
Alcadía del Ayuntamiento de Alfoz de Lloredo,Other,2,0
Alcaladia del Ayuntamiento de Palazuelos de Eresma,Other,2,0
Alcalde - Presidente del Ayuntamiento de Turrillas,Other,2,0
Alcalde Presidente del Ayuntamiento de Alhama de Almería,Other,2,0
Alcalde del Alcalde de Cinco Olivas,Other,2,0
Alcalde del Ayuntamiento de Agón,Other,2,0
Alcalde del Ayuntamiento de Albeta,Other,2,0
Alcalde del Ayuntamiento de Fabara,Other,2,0
Alcalde del Ayuntamiento de Fayón,Other,2,0
Alcalde del Ayuntamiento de Jarque,Other,2,0
Alcalde del Ayuntamiento de Langa del Castillo,Other,2,0
Alcalde del Ayuntamiento de Lechon,Other,2,0
Alcalde del Ayuntamiento de Mediana de Aragón,Other,2,0
Alcalde del Ayuntamiento de Sestrica,Other,2,0
Alcalde del Ayuntamiento de Terrer,Other,2,0
Alcalde del Ayuntamiento de Vera de Moncayo,Other,2,0
Alcalde-Presidente del Ayuntamiento de Figueruelas,Other,2,0
Alcalde-Presidente del Ayuntamiento de La Joyosa,Other,2,0
Alcaldia de l'Ajuntament de L'Alqueria de la Comtessa,Other,2,0
Alcaldia del Ajuntament de Sumacàrcer,Other,2,0
Alcaldia del Ayuntamiento de Acehuche,Other,2,0
Alcaldia del Ayuntamiento de Albalá,Other,2,0
Alcaldia del Ayuntamiento de Aldea del Cano,Other,2,0
Alcaldia del Ayuntamiento de Alovera,Software & Development,2,2
Alcaldia del Ayuntamiento de Ayamonte,Software & Development,2,1
Alcaldia del Ayuntamiento de Benacazón,Other,2,0
Alcaldia del Ayuntamiento de Benifairó de la Valldigna,Other,2,0
Alcaldia del Ayuntamiento de Buenache de Alarcón,Other,2,0
Alcaldia del Ayuntamiento de Canfranc,Other,2,0
Alcaldia del Ayuntamiento de Castrillón,Cloud,2,2
Alcaldia del Ayuntamiento de Castrillón,Infrastructure & Hardware,2,1
Alcaldia del Ayuntamiento de Castrillón,Software & Development,2,2
Alcaldia del Ayuntamiento de Cheste,Software & Development,2,2
Alcaldia del Ayuntamiento de Confrides,Other,2,0
Alcaldia del Ayuntamiento de Conil de la Frontera,Infrastructure & Hardware,2,1
Alcaldia del Ayuntamiento de Coripe,Other,2,0
Alcaldia del Ayuntamiento de Cotes,Other,2,0
Alcaldia del Ayuntamiento de Don Benito,Infrastructure & Hardware,2,1
Alcaldia del Ayuntamiento de El Coronil,Other,2,0
Alcaldia del Ayuntamiento de Estepa,Software & Development,2,1
Alcaldia del Ayuntamiento de Hermandad Campoo Suso,Other,2,0
Alcaldia del Ayuntamiento de La Carolina,Cloud,2,4
Alcaldia del Ayuntamiento de Lebrija,Other,2,0
Alcaldia del Ayuntamiento de Llocnou d'en Fenollet,Other,2,0
Alcaldia del Ayuntamiento de Lupión,Other,2,0
Alcaldia del Ayuntamiento de Marratxí,Infrastructure & Hardware,2,0
Alcaldia del Ayuntamiento de Marratxí,Software & Development,2,0
Alcaldia del Ayuntamiento de Matamala de Almazán,Other,2,0
Alcaldia del Ayuntamiento de Mogán,Cloud,2,3
Alcaldia del Ayuntamiento de Mogán,Infrastructure & Hardware,2,1
Alcaldia del Ayuntamiento de Muro de Alcoy,Software & Development,2,1
Alcaldia del Ayuntamiento de Nambroca,Other,2,0
Alcaldia del Ayuntamiento de Nívar,Other,2,0
Alcaldia del Ayuntamiento de Olmedo,Software & Development,2,1
Alcaldia del Ayuntamiento de Ontinyent,Software & Development,2,2
Alcaldia del Ayuntamiento de Orba,Other,2,0
Alcaldia del Ayuntamiento de Palos de la Frontera,Infrastructure & Hardware,2,0
Alcaldia del Ayuntamiento de Pinet,Other,2,0
Alcaldia del Ayuntamiento de Plasenzuela,Other,2,0
Alcaldia del Ayuntamiento de Potes,Other,2,0
Alcaldia del Ayuntamiento de Rafelbunyol,Software & Development,2,1
Alcaldia del Ayuntamiento de Rueda,Other,2,0
Alcaldia del Ayuntamiento de Salobreña,Software & Development,2,2
Alcaldia del Ayuntamiento de San Nicolás del Puerto,Cloud,2,2
Alcaldia del Ayuntamiento de Toreno,Other,2,0
Alcaldia del Ayuntamiento de Torre Cardela,Other,2,0
Alcaldia del Ayuntamiento de Valverde de la Vera,Other,2,0
Alcaldia del Ayuntamiento de Vila-real,Software & Development,2,1
Alcaldia del Ayuntamiento de Villalmanzo,Other,2,0
Alcaldia del Ayuntamiento de Villamediana de Iregua,Other,2,0
Alcaldia del Ayuntamiento de Villamuelas,Other,2,0
Alcaldia del Ayuntamiento de Villanueva de San Carlos,Other,2,0
Alcaldia del Ayuntamiento de la Frontera,Infrastructure & Hardware,2,2
Alcaldía Ayuntamiento de Añe,Other,2,0
Alcaldía de Ayuntamiento de Barbate,Infrastructure & Hardware,2,2
Alcaldía de Ayuntamiento de Barbate,Software & Development,2,2
Alcaldía de Ayuntamiento de Carcabuey,Other,2,0
Alcaldía de Ayuntamiento de Cardeña,Other,2,0
Alcaldía de Ayuntamiento de El Guijo,Other,2,0
Alcaldía de Ayuntamiento de Espiel,Other,2,0
Alcaldía de Ayuntamiento de Fuente la Lancha,Other,2,0
Alcaldía de Ayuntamiento de Iznájar,Software & Development,2,0
Alcaldía de Ayuntamiento de Zuheros,Other,2,0
Alcaldía de l'Ajuntament de Salem,Other,2,0
Alcaldía de la Comunidad de Villa y Tierra de Comunero de Nuestra Señora de Revenga,Other,2,0
Alcaldía de la E.L.A Estella del Marqués,Other,2,0
Alcaldía de la Entidad Local Menor La Santa Espina,Other,2,0
Alcaldía de la Entidad Local Menor de Los Guadalperales,Other,2,0
Alcaldía de la Entidad Local Menor de Valdeíñigos,Other,2,0
Alcaldía de la Entidad Local Menor de Zurbarán,Other,2,0
Alcaldía del Ayuntamiento De Longares,Other,2,0
Alcaldía del Ayuntamiento de Abegondo,Other,2,0
Alcaldía del Ayuntamiento de Abenójar,Other,2,0
Alcaldía del Ayuntamiento de Ademuz,Other,2,0
Alcaldía del Ayuntamiento de Ador,Other,2,0
Alcaldía del Ayuntamiento de Agaete (Las Palmas),Infrastructure & Hardware,2,2
Alcaldía del Ayuntamiento de Ahillones,Other,2,0
Alcaldía del Ayuntamiento de Aisa,Other,2,0
Alcaldía del Ayuntamiento de Alatoz,Other,2,0
Alcaldía del Ayuntamiento de Albarreal de Tajo,Other,2,0
Alcaldía del Ayuntamiento de Albentosa,Other,2,0
Alcaldía del Ayuntamiento de Alberite de San Juan,Other,2,0
Alcaldía del Ayuntamiento de Albillos,Other,2,0
Alcaldía del Ayuntamiento de Alborea,Other,2,0
Alcaldía del Ayuntamiento de Alborge,Other,2,0
Alcaldía del Ayuntamiento de Albuñol,Other,2,0
Alcaldía del Ayuntamiento de Alcala del Obispo,Other,2,0
Alcaldía del Ayuntamiento de Alcalá de la Vega,Other,2,0
Alcaldía del Ayuntamiento de Alcalá del Júcar,Other,2,0
Alcaldía del Ayuntamiento de Alcantud,Other,2,0
Alcaldía del Ayuntamiento de Alcañiz,Infrastructure & Hardware,2,2
Alcaldía del Ayuntamiento de Alcoba,Other,2,0
Alcaldía del Ayuntamiento de Aldaia,Software & Development,2,0
Alcaldía del Ayuntamiento de Alfafar,Infrastructure & Hardware,2,1
Alcaldía del Ayuntamiento de Alfara del Patriarca,Other,2,0
Alcaldía del Ayuntamiento de Alfarnate,Other,2,0
Alcaldía del Ayuntamiento de Alfarp,Other,2,0
Alcaldía del Ayuntamiento de Algatocín,Other,2,0
Alcaldía del Ayuntamiento de Alginet,Software & Development,2,0
Alcaldía del Ayuntamiento de Algámitas,Other,2,0
Alcaldía del Ayuntamiento de Alhama de Murcia,Software & Development,2,2
Alcaldía del Ayuntamiento de Alhaurín de la Torre,Infrastructure & Hardware,2,2
Alcaldía del Ayuntamiento de Alhaurín de la Torre,Software & Development,2,1
Alcaldía del Ayuntamiento de Alhendín,Other,2,0
Alcaldía del Ayuntamiento de Aliaga,Other,2,0
Alcaldía del Ayuntamiento de Aljaraque,Software & Development,2,2
Alcaldía del Ayuntamiento de Aller,Software & Development,2,0
Alcaldía del Ayuntamiento de Almadrones,Other,2,0
Alcaldía del Ayuntamiento de Almaraz,Software & Development,2,1
Alcaldía del Ayuntamiento de Almargen,Other,2,0
Alcaldía del Ayuntamiento de Almarza,Other,2,0
Alcaldía del Ayuntamiento de Almassora,Software & Development,2,1
Alcaldía del Ayuntamiento de Almonacid de Toledo,Other,2,0
Alcaldía del Ayuntamiento de Almuradiel,Other,2,0
Alcaldía del Ayuntamiento de Almuñécar,Software & Development,2,0
Alcaldía del Ayuntamiento de Alozaina,Other,2,0
Alcaldía del Ayuntamiento de Alpartir,Other,2,0
Alcaldía del Ayuntamiento de Alía,Other,2,0
Alcaldía del Ayuntamiento de Ampudia,Other,2,0
Alcaldía del Ayuntamiento de Arenas de San Pedro,Other,2,0
Alcaldía del Ayuntamiento de Ares del Maestrat,Other,2,0
Alcaldía del Ayuntamiento de Arrecife,Software & Development,2,3
Alcaldía del Ayuntamiento de Arroyomolinos de León,Other,2,0
Alcaldía del Ayuntamiento de Astorga,Software & Development,2,1
Alcaldía del Ayuntamiento de Atarfe,Cloud,2,2
Alcaldía del Ayuntamiento de Auñón,Other,2,0
Alcaldía del Ayuntamiento de Ayerbe,Other,2,0
Alcaldía del Ayuntamiento de Banyalbufar,Other,2,0
Alcaldía del Ayuntamiento de Barajas de Melo,Other,2,0
Alcaldía del Ayuntamiento de Barbadás,Infrastructure & Hardware,2,2
Alcaldía del Ayuntamiento de Barraca d'Aigües Vives,Other,2,0
Alcaldía del Ayuntamiento de Barrax,Other,2,0
Alcaldía del Ayuntamiento de Barx,Other,2,0
Alcaldía del Ayuntamiento de Batres,Other,2,0
Alcaldía del Ayuntamiento de Baños de Valdearados,Other,2,0
Alcaldía del Ayuntamiento de Benabarre,Other,2,0
Alcaldía del Ayuntamiento de Benahadux,Other,2,0
Alcaldía del Ayuntamiento de Benamargosa,Infrastructure & Hardware,2,2
Alcaldía del Ayuntamiento de Benavente,Software & Development,2,0
Alcaldía del Ayuntamiento de Beniatjar,Other,2,0
Alcaldía del Ayuntamiento de Benissuera,Other,2,0
Alcaldía del Ayuntamiento de Bernuy de Porreros,Other,2,0
Alcaldía del Ayuntamiento de Beteta,Other,2,0
Alcaldía del Ayuntamiento de Bimenes,Other,2,0
Alcaldía del Ayuntamiento de Bocairent,Infrastructure & Hardware,2,1
Alcaldía del Ayuntamiento de Boltaña,Other,2,0
Alcaldía del Ayuntamiento de Bolulla,Other,2,0
Alcaldía del Ayuntamiento de Borau,Other,2,0
Alcaldía del Ayuntamiento de Bormujos,Infrastructure & Hardware,2,1
Alcaldía del Ayuntamiento de Borobia,Other,2,0
Alcaldía del Ayuntamiento de Braojos de la Sierra,Other,2,0
Alcaldía del Ayuntamiento de Burbáguena,Other,2,0
Alcaldía del Ayuntamiento de Béjar,Infrastructure & Hardware,2,0
Alcaldía del Ayuntamiento de Búger,Other,2,0
Alcaldía del Ayuntamiento de Cabeza del Buey,Other,2,0
Alcaldía del Ayuntamiento de Cabeza la Vaca,Other,2,0
Alcaldía del Ayuntamiento de Cabezarados,Other,2,0
Alcaldía del Ayuntamiento de Cabezarrubias del Puerto,Other,2,0
Alcaldía del Ayuntamiento de Cabra,Software & Development,2,0
Alcaldía del Ayuntamiento de Cadalso de los Vidrios,Other,2,0
Alcaldía del Ayuntamiento de Calaceite,Other,2,0
Alcaldía del Ayuntamiento de Calzada del Coto,Other,2,0
Alcaldía del Ayuntamiento de Camaleño,Other,2,0
Alcaldía del Ayuntamiento de Camarma de Esteruelas,Other,2,0
Alcaldía del Ayuntamiento de Campo Lugar,Other,2,0
Alcaldía del Ayuntamiento de Campos del Río,Other,2,0
Alcaldía del Ayuntamiento de Candamo,Other,2,0
Alcaldía del Ayuntamiento de Candelaria,Data & Analytics,2,2
Alcaldía del Ayuntamiento de Cantimpalos,Other,2,0
Alcaldía del Ayuntamiento de Cantoria,Infrastructure & Hardware,2,2
Alcaldía del Ayuntamiento de Carabaña,Other,2,0
Alcaldía del Ayuntamiento de Carballeda de Avia,Other,2,0
Alcaldía del Ayuntamiento de Carballo,Cloud,2,4
Alcaldía del Ayuntamiento de Carboneras,Other,2,0
Alcaldía del Ayuntamiento de Cardenete,Other,2,0
Alcaldía del Ayuntamiento de Cardeñajimeno,Other,2,0
Alcaldía del Ayuntamiento de Carreño,Infrastructure & Hardware,2,2
Alcaldía del Ayuntamiento de Carrión de Calatrava,Other,2,0
Alcaldía del Ayuntamiento de Carrión de los Céspedes,Cloud,2,2
Alcaldía del Ayuntamiento de Carrión de los Céspedes,Other,2,0
Alcaldía del Ayuntamiento de Carrícola,Other,2,0
Alcaldía del Ayuntamiento de Casar de Palomero,Other,2,0
Alcaldía del Ayuntamiento de Casas Bajas,Other,2,0
Alcaldía del Ayuntamiento de Casas de Ves,Other,2,0
Alcaldía del Ayuntamiento de Casas del Castañar,Other,2,0
Alcaldía del Ayuntamiento de Casasimarro,Other,2,0
Alcaldía del Ayuntamiento de Casavieja,Other,2,0
Alcaldía del Ayuntamiento de Casillas,Other,2,0
Alcaldía del Ayuntamiento de Castellfort,Other,2,0
Alcaldía del Ayuntamiento de Castelserás,Other,2,0
Alcaldía del Ayuntamiento de Castilfrío de la Sierra,Other,2,0
Alcaldía del Ayuntamiento de Castilleja del Campo,Other,2,0
Alcaldía del Ayuntamiento de Castrillo de Don Juan,Other,2,0
Alcaldía del Ayuntamiento de Castrillo de Villavega,Other,2,0
Alcaldía del Ayuntamiento de Castro Caldelas,Other,2,0
Alcaldía del Ayuntamiento de Castro de Rei,Other,2,0
Alcaldía del Ayuntamiento de Caudete de las Fuentes,Other,2,0
Alcaldía del Ayuntamiento de Cañaveruelas,Other,2,0
Alcaldía del Ayuntamiento de Cañete la Real,Other,2,0
Alcaldía del Ayuntamiento de Cebanico,Other,2,0
Alcaldía del Ayuntamiento de Cebolla,Other,2,0
Alcaldía del Ayuntamiento de Centenera,Other,2,0
Alcaldía del Ayuntamiento de Cerdá,Other,2,0
Alcaldía del Ayuntamiento de Cervera de Buitrago,Other,2,0
Alcaldía del Ayuntamiento de Cetina,Other,2,0
Alcaldía del Ayuntamiento de Chapinería,Other,2,0
Alcaldía del Ayuntamiento de Chilluévar,Other,2,0
Alcaldía del Ayuntamiento de Chipiona,Infrastructure & Hardware,2,2
Alcaldía del Ayuntamiento de Chueca,Other,2,0
Alcaldía del Ayuntamiento de Chóvar,Other,2,0
Alcaldía del Ayuntamiento de Cimanes del Tejar,Other,2,0
Alcaldía del Ayuntamiento de Conquista de la Sierra,Other,2,0
Alcaldía del Ayuntamiento de Coreses,Other,2,0
Alcaldía del Ayuntamiento de Coria del Río,Infrastructure & Hardware,2,2
Alcaldía del Ayuntamiento de Coria del Río,Software & Development,2,0
Alcaldía del Ayuntamiento de Cortes de Arenoso,Other,2,0
Alcaldía del Ayuntamiento de Cuacos de Yuste,Other,2,0
Alcaldía del Ayuntamiento de Cubla,Other,2,0
Alcaldía del Ayuntamiento de Cubo de la Solana,Other,2,0
Alcaldía del Ayuntamiento de Cuevas del Becerro,Other,2,0
Alcaldía del Ayuntamiento de Cuzcurrita de Río Tirón,Other,2,0
Alcaldía del Ayuntamiento de Deià,Other,2,0
Alcaldía del Ayuntamiento de Dosbarrios,Other,2,0
Alcaldía del Ayuntamiento de Dúrcal,Other,2,0
Alcaldía del Ayuntamiento de El Atazar,Other,2,0
Alcaldía del Ayuntamiento de El Bosque,Other,2,0
Alcaldía del Ayuntamiento de El Burgo de Ebro,Other,2,0
Alcaldía del Ayuntamiento de El Casar de Escalona,Other,2,0
Alcaldía del Ayuntamiento de El Castell de Guadalest,Other,2,0
Alcaldía del Ayuntamiento de El Franco,Other,2,0
Alcaldía del Ayuntamiento de El Granado,Other,2,0
Alcaldía del Ayuntamiento de El Molar,Other,2,0
Alcaldía del Ayuntamiento de El Palmar de Troya,Other,2,0
Alcaldía del Ayuntamiento de El Paso,Software & Development,2,2
Alcaldía del Ayuntamiento de El Perdigón,Other,2,0
Alcaldía del Ayuntamiento de El Puente del Arzobispo,Other,2,0
Alcaldía del Ayuntamiento de El Real de la Jara,Other,2,0
Alcaldía del Ayuntamiento de El Rubio,Other,2,0
Alcaldía del Ayuntamiento de El Sauzal,Infrastructure & Hardware,2,1
Alcaldía del Ayuntamiento de El Toboso,Other,2,0
Alcaldía del Ayuntamiento de Emperador,Other,2,0
Alcaldía del Ayuntamiento de Encinasola,Other,2,0
Alcaldía del Ayuntamiento de Encinillas,Other,2,0
Alcaldía del Ayuntamiento de Espeluy,Other,2,0
Alcaldía del Ayuntamiento de Espinosa de los Monteros,Other,2,0
Alcaldía del Ayuntamiento de Espirdo,Other,2,0
Alcaldía del Ayuntamiento de Estellencs,Other,2,0
Alcaldía del Ayuntamiento de Estepona,Infrastructure & Hardware,2,0
Alcaldía del Ayuntamiento de Estivella,Other,2,0
Alcaldía del Ayuntamiento de Estollo,Other,2,0
Alcaldía del Ayuntamiento de Estépar,Other,2,0
Alcaldía del Ayuntamiento de Faraján,Other,2,0
Alcaldía del Ayuntamiento de Feria,Other,2,0
Alcaldía del Ayuntamiento de Figueroles,Other,2,0
Alcaldía del Ayuntamiento de Fiscal,Other,2,0
Alcaldía del Ayuntamiento de Fiñana,Other,2,0
Alcaldía del Ayuntamiento de Forcall,Other,2,0
Alcaldía del Ayuntamiento de Fraga,Software & Development,2,2
Alcaldía del Ayuntamiento de Frías,Other,2,0
Alcaldía del Ayuntamiento de Frómista,Other,2,0
Alcaldía del Ayuntamiento de Fuente de Pedro Naharro,Other,2,0
Alcaldía del Ayuntamiento de Fuente del Arco,Other,2,0
Alcaldía del Ayuntamiento de Fuente el Fresno,Other,2,0
Alcaldía del Ayuntamiento de Fuentealbilla,Other,2,0
Alcaldía del Ayuntamiento de Fuentelencina,Other,2,0
Alcaldía del Ayuntamiento de Fuentes de Andalucía,Other,2,0
Alcaldía del Ayuntamiento de Fuerte del Rey,Other,2,0
Alcaldía del Ayuntamiento de Galende,Other,2,0
Alcaldía del Ayuntamiento de Gata de Gorgos,Software & Development,2,2
Alcaldía del Ayuntamiento de Gaucín,Other,2,0
Alcaldía del Ayuntamiento de Gibraleón,Software & Development,2,0
Alcaldía del Ayuntamiento de Godelleta,Other,2,0
Alcaldía del Ayuntamiento de Gradefes,Other,2,0
Alcaldía del Ayuntamiento de Granátula de Calatrava,Other,2,0
Alcaldía del Ayuntamiento de Grañén,Other,2,0
Alcaldía del Ayuntamiento de Grisén,Other,2,0
Alcaldía del Ayuntamiento de Griñón,Software & Development,2,2
Alcaldía del Ayuntamiento de Guaro,Other,2,0
Alcaldía del Ayuntamiento de Guijo de Galisteo,Other,2,0
Alcaldía del Ayuntamiento de Guijo de Granadilla,Other,2,0
Alcaldía del Ayuntamiento de Gálvez,Other,2,0
Alcaldía del Ayuntamiento de Gójar,Other,2,0
Alcaldía del Ayuntamiento de Güevéjar,Other,2,0
Alcaldía del Ayuntamiento de Güímar,Infrastructure & Hardware,2,0
Alcaldía del Ayuntamiento de Hazas de Cesto,Other,2,0
Alcaldía del Ayuntamiento de Helechosa de los Montes,Other,2,0
Alcaldía del Ayuntamiento de Hellín,Software & Development,2,2
Alcaldía del Ayuntamiento de Hermigua,Other,2,0
Alcaldía del Ayuntamiento de Hervás,Other,2,0
Alcaldía del Ayuntamiento de Higuera de Calatrava,Other,2,0
Alcaldía del Ayuntamiento de Hinojosas de Calatrava,Other,2,0
Alcaldía del Ayuntamiento de Hontanares de Eresma,Other,2,0
Alcaldía del Ayuntamiento de Hontoba,Other,2,0
Alcaldía del Ayuntamiento de Horcajo Medianero,Other,2,0
Alcaldía del Ayuntamiento de Huelma,Infrastructure & Hardware,2,2
Alcaldía del Ayuntamiento de Huesca,Software & Development,2,2
Alcaldía del Ayuntamiento de Huete,Other,2,0
Alcaldía del Ayuntamiento de Humanes,Other,2,0
Alcaldía del Ayuntamiento de Humanes de Madrid,Software & Development,2,2
Alcaldía del Ayuntamiento de Isuerre,Other,2,0
Alcaldía del Ayuntamiento de Jabalquinto,Infrastructure & Hardware,2,2
Alcaldía del Ayuntamiento de Jabalquinto,Other,2,0
Alcaldía del Ayuntamiento de Jacarilla,Other,2,0
Alcaldía del Ayuntamiento de Jarafuel,Other,2,0
Alcaldía del Ayuntamiento de Jarilla,Other,2,0
Alcaldía del Ayuntamiento de Jimera de Libar,Other,2,0
Alcaldía del Ayuntamiento de Jurisdicción de San Zadornil,Other,2,0
Alcaldía del Ayuntamiento de L'Alcora,Software & Development,2,2
Alcaldía del Ayuntamiento de La Acebeda,Other,2,0
Alcaldía del Ayuntamiento de La Adrada,Software & Development,2,1
Alcaldía del Ayuntamiento de La Alberca,Other,2,0
Alcaldía del Ayuntamiento de La Cabrera,Other,2,0
Alcaldía del Ayuntamiento de La Font d'En Carròs,Infrastructure & Hardware,2,2
Alcaldía del Ayuntamiento de La Granjuela,Other,2,0
Alcaldía del Ayuntamiento de La Jana,Other,2,0
Alcaldía del Ayuntamiento de La Pesga,Other,2,0
Alcaldía del Ayuntamiento de La Puebla de los Infantes,Cloud,2,2
Alcaldía del Ayuntamiento de La Pueblanueva,Other,2,0
Alcaldía del Ayuntamiento de La Salzadella,Other,2,0
Alcaldía del Ayuntamiento de La Solana,Data & Analytics,2,0
Alcaldía del Ayuntamiento de La Vall de Laguar,Other,2,0
Alcaldía del Ayuntamiento de La Zarza,Other,2,0
Alcaldía del Ayuntamiento de Lagartera,Other,2,0
Alcaldía del Ayuntamiento de Laguna de Negrillos,Other,2,0
Alcaldía del Ayuntamiento de Lanaja,Other,2,0
Alcaldía del Ayuntamiento de Langreo,Software & Development,2,1
Alcaldía del Ayuntamiento de Las Herencias,Other,2,0
Alcaldía del Ayuntamiento de Las Palmas de Gran Canaria,Software & Development,2,2
Alcaldía del Ayuntamiento de Las Ventas de Retamosa,Other,2,0
Alcaldía del Ayuntamiento de Lascuarre,Other,2,0
Alcaldía del Ayuntamiento de Layos,Other,2,0
Alcaldía del Ayuntamiento de Lecrín,Other,2,0
Alcaldía del Ayuntamiento de Lezuza,Other,2,0
Alcaldía del Ayuntamiento de Limpias,Other,2,0
Alcaldía del Ayuntamiento de Linares,Software & Development,2,1
Alcaldía del Ayuntamiento de Llanos del Caudillo,Other,2,0
Alcaldía del Ayuntamiento de Llíber,Other,2,0
Alcaldía del Ayuntamiento de Lora de Estepa,Other,2,0
Alcaldía del Ayuntamiento de Lora del Río,Infrastructure & Hardware,2,2
Alcaldía del Ayuntamiento de Los Guájares,Other,2,0
Alcaldía del Ayuntamiento de Los Rábanos,Other,2,0
Alcaldía del Ayuntamiento de Los Tojos,Other,2,0
Alcaldía del Ayuntamiento de Lubián,Other,2,0
Alcaldía del Ayuntamiento de Lucena del Cid,Other,2,0
Alcaldía del Ayuntamiento de Lumbreras,Other,2,0
Alcaldía del Ayuntamiento de Luyego,Other,2,0
Alcaldía del Ayuntamiento de Madrigal de la Vera,Other,2,0
Alcaldía del Ayuntamiento de Madrigalejo,Other,2,0
Alcaldía del Ayuntamiento de Mairena del Aljarafe,Infrastructure & Hardware,2,0
Alcaldía del Ayuntamiento de Majadahonda,Infrastructure & Hardware,2,1
Alcaldía del Ayuntamiento de Majadas,Other,2,0
Alcaldía del Ayuntamiento de Malpartida de la Serena,Other,2,0
Alcaldía del Ayuntamiento de Manacor,Infrastructure & Hardware,2,0
Alcaldía del Ayuntamiento de Manacor,Software & Development,2,1
Alcaldía del Ayuntamiento de Manuel,Infrastructure & Hardware,2,2
Alcaldía del Ayuntamiento de Mariana,Other,2,0
Alcaldía del Ayuntamiento de Martos,Other,2,0
Alcaldía del Ayuntamiento de Matet,Other,2,0
Alcaldía del Ayuntamiento de Mazarambroz,Other,2,0
Alcaldía del Ayuntamiento de Medina del Campo,Software & Development,2,2
Alcaldía del Ayuntamiento de Melón,Other,2,0
Alcaldía del Ayuntamiento de Membrío,Other,2,0
Alcaldía del Ayuntamiento de Merindad de Valdivielso,Other,2,0
Alcaldía del Ayuntamiento de Mira,Other,2,0
Alcaldía del Ayuntamiento de Moclinejo,Other,2,0
Alcaldía del Ayuntamiento de Molina de Aragón,Other,2,0
Alcaldía del Ayuntamiento de Moneva,Other,2,0
Alcaldía del Ayuntamiento de Montalbán,Other,2,0
Alcaldía del Ayuntamiento de Montanuy,Other,2,0
Alcaldía del Ayuntamiento de Monteagudo de las Salinas,Other,2,0
Alcaldía del Ayuntamiento de Monterroso,Other,2,0
Alcaldía del Ayuntamiento de Montijo,Infrastructure & Hardware,2,1
Alcaldía del Ayuntamiento de Montilla,Software & Development,2,1
Alcaldía del Ayuntamiento de Montán,Other,2,0
Alcaldía del Ayuntamiento de Morales de Toro,Other,2,0
Alcaldía del Ayuntamiento de Morelábor,Other,2,0
Alcaldía del Ayuntamiento de Morille,Other,2,0
Alcaldía del Ayuntamiento de Moros,Other,2,0
Alcaldía del Ayuntamiento de Nalda,Other,2,0
Alcaldía del Ayuntamiento de Narón,Infrastructure & Hardware,2,0
Alcaldía del Ayuntamiento de Nava,Software & Development,2,1
Alcaldía del Ayuntamiento de Nava de Arévalo,Other,2,0
Alcaldía del Ayuntamiento de Navalafuente,Other,2,0
Alcaldía del Ayuntamiento de Navalagamella,Other,2,0
Alcaldía del Ayuntamiento de Navaluenga,Other,2,0
Alcaldía del Ayuntamiento de Navardún,Other,2,0
Alcaldía del Ayuntamiento de Niebla,Other,2,0
Alcaldía del Ayuntamiento de Noja,Software & Development,2,2
Alcaldía del Ayuntamiento de Noreña,Software & Development,2,2
Alcaldía del Ayuntamiento de Nuevo Baztán,Software & Development,2,2
Alcaldía del Ayuntamiento de Náquera,Software & Development,2,1
Alcaldía del Ayuntamiento de Níjar,Software & Development,2,3
Alcaldía del Ayuntamiento de O Corgo,Other,2,0
Alcaldía del Ayuntamiento de Oria,Other,2,0
Alcaldía del Ayuntamiento de Orusco de Tajuña,Other,2,0
Alcaldía del Ayuntamiento de Ossa de Montiel,Other,2,0
Alcaldía del Ayuntamiento de Paiporta,Other,2,0
Alcaldía del Ayuntamiento de Pedrera,Cloud,2,2
Alcaldía del Ayuntamiento de Pedrosillo de los Aires,Other,2,0
Alcaldía del Ayuntamiento de Pegalajar,Other,2,0
Alcaldía del Ayuntamiento de Peraleda de la Mata,Other,2,0
Alcaldía del Ayuntamiento de Peraleda de la Mata,Software & Development,2,1
Alcaldía del Ayuntamiento de Periana,Other,2,0
Alcaldía del Ayuntamiento de Pezuela de las Torres,Other,2,0
Alcaldía del Ayuntamiento de Peñafiel,Software & Development,2,2
Alcaldía del Ayuntamiento de Peñalba,Other,2,0
Alcaldía del Ayuntamiento de Piedralaves,Other,2,0
Alcaldía del Ayuntamiento de Pinofranqueado,Other,2,0
Alcaldía del Ayuntamiento de Piornal,Other,2,0
Alcaldía del Ayuntamiento de Piélagos,Software & Development,2,2
Alcaldía del Ayuntamiento de Pleitas,Other,2,0
Alcaldía del Ayuntamiento de Polinyà de Xúquer,Infrastructure & Hardware,2,2
Alcaldía del Ayuntamiento de Pomer,Other,2,0
Alcaldía del Ayuntamiento de Ponga,Other,2,0
Alcaldía del Ayuntamiento de Poveda de la Sierra,Other,2,0
Alcaldía del Ayuntamiento de Pozo de Guadalajara,Other,2,0
Alcaldía del Ayuntamiento de Pozoamargo,Other,2,0
Alcaldía del Ayuntamiento de Priego,Other,2,0
Alcaldía del Ayuntamiento de Préjano,Other,2,0
Alcaldía del Ayuntamiento de Puente Viesgo (Cantabria),Other,2,0
Alcaldía del Ayuntamiento de Puerto Real,Infrastructure & Hardware,2,2
Alcaldía del Ayuntamiento de Puerto de San Vicente,Other,2,0
Alcaldía del Ayuntamiento de Puerto de Santa Cruz,Other,2,0
Alcaldía del Ayuntamiento de Puertollano,Infrastructure & Hardware,2,1
Alcaldía del Ayuntamiento de Puçol,Infrastructure & Hardware,2,2
Alcaldía del Ayuntamiento de Quart de Poblet,Software & Development,2,1
Alcaldía del Ayuntamiento de Quesa,Other,2,0
Alcaldía del Ayuntamiento de Quintana Redonda,Other,2,0
Alcaldía del Ayuntamiento de Quintana y Congosto,Other,2,0
Alcaldía del Ayuntamiento de Quintanar de la Sierra,Other,2,0
Alcaldía del Ayuntamiento de Quiruelas de Vidriales,Other,2,0
Alcaldía del Ayuntamiento de Redondela,Cloud,2,3
Alcaldía del Ayuntamiento de Renedo de Esgueva,Other,2,0
Alcaldía del Ayuntamiento de Retuerta del Bullaque,Infrastructure & Hardware,2,0
Alcaldía del Ayuntamiento de Riego de la Vega,Other,2,0
Alcaldía del Ayuntamiento de Riofrío de Aliste,Other,2,0
Alcaldía del Ayuntamiento de Romangordo,Other,2,0
Alcaldía del Ayuntamiento de Ronda,Infrastructure & Hardware,2,2
Alcaldía del Ayuntamiento de Rosalejo,Other,2,0
Alcaldía del Ayuntamiento de Ruanes,Other,2,0
Alcaldía del Ayuntamiento de Rueda de Jalon,Other,2,0
Alcaldía del Ayuntamiento de Sa Pobla,Other,2,0
Alcaldía del Ayuntamiento de Sahún,Other,2,0
Alcaldía del Ayuntamiento de Salamanca,Cloud,2,4
Alcaldía del Ayuntamiento de Salamanca,Data & Analytics,2,0
Alcaldía del Ayuntamiento de Salares,Other,2,0
Alcaldía del Ayuntamiento de Salas de los Infantes,Other,2,0
Alcaldía del Ayuntamiento de Salinas,Infrastructure & Hardware,2,2
Alcaldía del Ayuntamiento de Salobre,Other,2,0
Alcaldía del Ayuntamiento de Salorino,Other,2,0
Alcaldía del Ayuntamiento de Samboal,Other,2,0
Alcaldía del Ayuntamiento de Samper de Calanda,Other,2,0
Alcaldía del Ayuntamiento de San Asensio,Other,2,0
Alcaldía del Ayuntamiento de San Bartolomé de Lanzarote,Infrastructure & Hardware,2,1
Alcaldía del Ayuntamiento de San Cristóbal de la Polantera,Other,2,0
Alcaldía del Ayuntamiento de San Felices de los Gallegos,Other,2,0
Alcaldía del Ayuntamiento de San Miguel de Aguayo,Other,2,0
Alcaldía del Ayuntamiento de San Miguel de Salinas,Infrastructure & Hardware,2,2
Alcaldía del Ayuntamiento de San Pedro Bercianos,Other,2,0
Alcaldía del Ayuntamiento de San Rafael del Río,Other,2,0
Alcaldía del Ayuntamiento de San Roque,Software & Development,2,1
Alcaldía del Ayuntamiento de San Vicente de la Barquera,Other,2,0
Alcaldía del Ayuntamiento de Sant Joan de Labritja,Infrastructure & Hardware,2,2
Alcaldía del Ayuntamiento de Santa Bárbara de Casa,Other,2,0
Alcaldía del Ayuntamiento de Santa Cruz de Bezana,Infrastructure & Hardware,2,2
Alcaldía del Ayuntamiento de Santa Cruz de Bezana,Software & Development,2,1
Alcaldía del Ayuntamiento de Santa Cruz de Mudela,Infrastructure & Hardware,2,2
Alcaldía del Ayuntamiento de Santa Cruz de la Zarza,Other,2,0
Alcaldía del Ayuntamiento de Santa Eulalia de Oscos,Other,2,0
Alcaldía del Ayuntamiento de Santa Magdalena de Pulpis,Other,2,0
Alcaldía del Ayuntamiento de Santa Marta de Tormes,Other,2,0
Alcaldía del Ayuntamiento de Santiago de Alcántara,Other,2,0
Alcaldía del Ayuntamiento de Santovenia de Pisuerga,Other,2,0
Alcaldía del Ayuntamiento de Sedaví,Other,2,0
Alcaldía del Ayuntamiento de Segovia,Data & Analytics,2,0
Alcaldía del Ayuntamiento de Selva,Other,2,0
Alcaldía del Ayuntamiento de Sempere,Other,2,0
Alcaldía del Ayuntamiento de Siero,Infrastructure & Hardware,2,2
Alcaldía del Ayuntamiento de Socovos,Other,2,0
Alcaldía del Ayuntamiento de Solana de los Barros,Other,2,0
Alcaldía del Ayuntamiento de Somosierra,Other,2,0
Alcaldía del Ayuntamiento de Soneja,Other,2,0
Alcaldía del Ayuntamiento de Soportujar,Other,2,0
Alcaldía del Ayuntamiento de Soto de la Vega,Other,2,0
Alcaldía del Ayuntamiento de Soto del Real,Software & Development,2,2
Alcaldía del Ayuntamiento de Sueras,Other,2,0
Alcaldía del Ayuntamiento de Tarazona de la Mancha,Other,2,0
Alcaldía del Ayuntamiento de Tavernes Blanques,Other,2,0
Alcaldía del Ayuntamiento de Teba,Other,2,0
Alcaldía del Ayuntamiento de Teguise,Software & Development,2,2
Alcaldía del Ayuntamiento de Tierga,Other,2,0
Alcaldía del Ayuntamiento de Titaguas,Other,2,0
Alcaldía del Ayuntamiento de Todolella,Other,2,0
Alcaldía del Ayuntamiento de Tolox,Other,2,0
Alcaldía del Ayuntamiento de Tordehumos,Other,2,0
Alcaldía del Ayuntamiento de Tornavacas,Other,2,0
Alcaldía del Ayuntamiento de Toro,Other,2,0
Alcaldía del Ayuntamiento de Torrecilla en Cameros,Other,2,0
Alcaldía del Ayuntamiento de Torrejoncillo del Rey,Other,2,0
Alcaldía del Ayuntamiento de Torremejía,Other,2,0
Alcaldía del Ayuntamiento de Torremolinos,Software & Development,2,0
Alcaldía del Ayuntamiento de Torrequemada,Other,2,0
Alcaldía del Ayuntamiento de Torvizcón,Other,2,0
Alcaldía del Ayuntamiento de Totanés,Other,2,0
Alcaldía del Ayuntamiento de Tragacete,Other,2,0
Alcaldía del Ayuntamiento de Trescasas,Other,2,0
Alcaldía del Ayuntamiento de Trigueros,Other,2,0
Alcaldía del Ayuntamiento de Trijueque,Other,2,0
Alcaldía del Ayuntamiento de Táliga,Other,2,0
Alcaldía del Ayuntamiento de Utrillas,Other,2,0
Alcaldía del Ayuntamiento de Vadocondes,Other,2,0
Alcaldía del Ayuntamiento de Valdehúncar,Other,2,0
Alcaldía del Ayuntamiento de Valdelosa,Other,2,0
Alcaldía del Ayuntamiento de Valdeolea,Other,2,0
Alcaldía del Ayuntamiento de Valdeolmos-Alalpardo,Other,2,0
Alcaldía del Ayuntamiento de Valderrobres,Other,2,0
Alcaldía del Ayuntamiento de Valdetorres,Other,2,0
Alcaldía del Ayuntamiento de Valencia del Mombuey,Other,2,0
Alcaldía del Ayuntamiento de Valladolid,Other,2,0
Alcaldía del Ayuntamiento de Valladolid,Software & Development,2,2
Alcaldía del Ayuntamiento de Valle de Abdalajís,Infrastructure & Hardware,2,2
Alcaldía del Ayuntamiento de Vallés,Other,2,0
Alcaldía del Ayuntamiento de Valmojado,Other,2,0
Alcaldía del Ayuntamiento de Vega de Liébana,Other,2,0
Alcaldía del Ayuntamiento de Vejer de la Frontera,Software & Development,2,1
Alcaldía del Ayuntamiento de Viana de Cega,Other,2,0
Alcaldía del Ayuntamiento de Vierlas,Other,2,0
Alcaldía del Ayuntamiento de Vilanova d'Alcolea,Other,2,0
Alcaldía del Ayuntamiento de Vilariño de Conso,Other,2,0
Alcaldía del Ayuntamiento de Vilasantar,Other,2,0
Alcaldía del Ayuntamiento de Villabrágima,Other,2,0
Alcaldía del Ayuntamiento de Villacarriedo,Other,2,0
Alcaldía del Ayuntamiento de Villafranca del Bierzo,Other,2,0
Alcaldía del Ayuntamiento de Villahermosa,Other,2,0
Alcaldía del Ayuntamiento de Villahermosa del Río,Other,2,0
Alcaldía del Ayuntamiento de Villalbilla de Burgos,Other,2,0
Alcaldía del Ayuntamiento de Villamanrique de Tajo,Other,2,0
Alcaldía del Ayuntamiento de Villamayor de Santiago,Other,2,0
Alcaldía del Ayuntamiento de Villamiel de Toledo,Other,2,0
Alcaldía del Ayuntamiento de Villamor de los Escuderos,Other,2,0
Alcaldía del Ayuntamiento de Villanueva de San Juan,Other,2,0
Alcaldía del Ayuntamiento de Villanueva del Río y Minas,Cloud,2,2
Alcaldía del Ayuntamiento de Villares de la Reina,Software & Development,2,2
Alcaldía del Ayuntamiento de Villarrubio,Other,2,0
Alcaldía del Ayuntamiento de Villarta de los Montes,Other,2,0
Alcaldía del Ayuntamiento de Villasbuenas de Gata,Other,2,0
Alcaldía del Ayuntamiento de Villasrubias,Other,2,0
Alcaldía del Ayuntamiento de Villaviciosa de Córdoba,Other,2,0
Alcaldía del Ayuntamiento de Villaviciosa de Odón,Infrastructure & Hardware,2,1
Alcaldía del Ayuntamiento de Villoruela,Other,2,0
Alcaldía del Ayuntamiento de Villoslada de Cameros,Other,2,0
Alcaldía del Ayuntamiento de Viniegra de Abajo,Other,2,0
Alcaldía del Ayuntamiento de Xaló,Other,2,0
Alcaldía del Ayuntamiento de Xeraco,Infrastructure & Hardware,2,2
Alcaldía del Ayuntamiento de Xàtiva,Infrastructure & Hardware,2,2
Alcaldía del Ayuntamiento de Yebra,Other,2,0
Alcaldía del Ayuntamiento de Zahínos,Other,2,0
Alcaldía del Ayuntamiento de Zaratán,Infrastructure & Hardware,2,2
Alcaldía del Ayuntamiento de Zarza la Mayor,Other,2,0
Alcaldía del Ayuntamiento de la Granja de la Costera,Other,2,0
Alcaldía del Ayuntamiento de la Pobla Llarga,Other,2,0
Alcaldía del Ayuntamiento de Álora,Software & Development,2,2
Alcaldía del Ayuntamiento de Íllar,Other,2,0
Alcaldía del Ayuntamiento de Ítrabo,Other,2,0
Alcaldía del Ayuntamiento del Poble Nou de Benitatxell,Data & Analytics,2,2
Alcaldía del Ayuntamiento del Poble Nou de Benitatxell,Infrastructure & Hardware,2,2
Alcaldía del Ayuntamientos de Otos,Other,2,0
Alcaldía del Concello de Beariz,Other,2,0
Alcaldía del Concello de Muras,Other,2,0
Alcaldía del Concello de San Amaro,Software & Development,2,2
Alcaldía del Concello do Páramo,Other,2,0
Alcaldía del ayuntamiento de Siete Aguas,Other,2,0
"Alcaldía, Política Estratégica, Régimen Interior y Seguridad Ciudadana del Ayuntamiento de Puerto de la Cruz",Other,2,0
"Apoderada Solidaria de Gestión de Infraestructuras Sanitarias del Principado de Asturias, S.A.U.",Software & Development,2,1
Aragón Exterior S.A.U.,Software & Development,2,1
Asamblea Vecinal del Ayuntamiento de La Hiruela,Other,2,0
Asamblea de Representantes de la Mancomunidad Norte Duero,Software & Development,2,1
Augas de Galicia,Software & Development,2,3
Autoridad Portuaria de Alicante,Infrastructure & Hardware,2,1
Autoridad Portuaria de Cartagena,Data & Analytics,2,0
Autoridad Portuaria de Málaga,Infrastructure & Hardware,2,2
Autoridad Portuaria de Santander,Other,2,0
Autoridad Portuaria de Sevilla,Infrastructure & Hardware,2,1
Autoridad Portuaria de Vigo,Software & Development,2,2
Autoritat del Transport Metropolità,Other,2,0
Ayuntamiento de Barcelona,Other,2,0
Ayuntamiento de Getxo - Ayuntamiento de Getxo,Infrastructure & Hardware,2,2
Ayuntamiento de Getxo - Ayuntamiento de Getxo,Other,2,0
Ayuntamiento de Santa Coloma de Gramenet,Other,2,0
Ayuntamiento de la Anteiglesia de Erandio - Ayuntamiento de la Anteiglesia de Erandio,Software & Development,2,2
BARCELONA ACTIVA SAU SPM,Other,2,0
"BIDEGI Agencia Guipuzcoana de Infraestructuras - BIDEGI, S.A.",Infrastructure & Hardware,2,2
"Badesa, S.A. - Badesa, S.A.",Software & Development,2,2
Banco de España,Cybersecurity,2,2
"Barcelona d'Infraestructures Municipals, SA",Software & Development,2,3
"Barcelona d’Infraestructures Municipals, SA",Other,2,0
Boletín Oficial de la Región de Murcia (BORM),Other,2,0
"CALAFELL EMPRESA MUNICIPAL DE SERVEIS, S.A.",Other,2,0
"CANAL DE ISABEL II S.A., M.P.",Other,2,0
"CANAL DE ISABEL II SOCIEDAD ANÓNIMA, M.P.",Other,2,0
"CANAL DE ISABEL II, S.A., M.P.",Cloud,2,2
"CONSEJERÍA DE EDUCACIÓN, CIENCIA Y UNIVERSIDADES (COMUNIDAD DE MADRID)",Other,2,0
"CONSEJERÍA DE PRESIDENCIA, RETO DEMOGRÁFICO, IGUALDAD Y TURISMO",Other,2,0
"CONSEJERÍA DE SANIDAD, PRESIDENCIA Y EMERGENCIAS",Data & Analytics,2,0
CONSORCI CORPORACIÓ SANITÀRIA PARC TAULI,Software & Development,2,4
CONSORCI LOCALRET,Cloud,2,4
CONSORCIO PARA LA GESTIÓN DE RESIDUOS DEL VALLÈS ORIENTAL,Software & Development,2,2
Casa de S.M. el Rey,Software & Development,2,0
Centre de Telecomunicacions i Tecnologies de la Informació de la Generalitat de Catalunya,Data & Analytics,2,0
Centre de Telecomunicacions i Tecnologies de la Informació de la Generalitat de Catalunya,Infrastructure & Hardware,2,2
Centro Nacional de Información Geográfica,Software & Development,2,1
Centro de Referencia Estatal de Atención a Personas con Enfermedades Raras y sus Familias,Other,2,0
Comandancia Guardia Civil de Albacete,Other,2,0
Comandancia Guardia Civil de Burgos,Other,2,0
Comandancia Guardia Civil de Ciudad Real,Other,2,0
Comandancia Guardia Civil de Cádiz,Other,2,0
Comandancia Guardia Civil de Guadalajara,Other,2,0
Comandancia Guardia Civil de Huesca,Other,2,0
Comandancia Guardia Civil de Toledo,Other,2,0
Comandancia Guardia Civil de Tres Cantos,Other,2,0
Comandancia Guardia Civil de Zaragoza,Other,2,0
Comisionado para el Mercado de Tabacos,Infrastructure & Hardware,2,1
Comisionado para el Mercado de Tabacos,Software & Development,2,2
Comisión Ejecutiva de Animajoven SAU,Infrastructure & Hardware,2,1
Comisión Ejecutiva de Consejeros de Mercados Centrales de Abastecimiento de Madrid S.A. (MERCAMADRID S.A.),Other,2,0
Comisión Ejecutiva de Valencia Plataforma Intermodal y Logística S.A.,Other,2,0
Comisión Ejecutiva de la Autoridad de Transporte Metropolitano de Valencia,Infrastructure & Hardware,2,2
"Comisión Ejecutiva de la Corporación de Empresas Municipales de Sevilla A.I.E. (CEMS, A.I.E.)",Cloud,2,2
Comisión Ejecutiva de la Fundación Palau de Les Arts Reina Sofía,Other,2,0
Comisión Ejecutiva de la Limpieza Pública y Protección Ambiental Sociedad Anónima Municipal (LIPASAM),Infrastructure & Hardware,2,0
"Comisión Ejecutiva del Consejo de Administración de la Empresa Municipal de la Vivienda, Suelo y Equipamiento de Sevilla S.A. (EMVISESA)",Software & Development,2,3
Comisión Ejecutiva del Consorcio de la Ruta del Vino de Rueda,Software & Development,2,2
Comisión Ejecutiva del Consorcio para la Explotación del Centro Nacional de Análisis Genómico,Other,2,0
Comisión Ejecutiva del Patronato Municipal de Deportes del Ayuntamiento de Ayamonte,Other,2,0
Comisión Ejecutiva del Patronato del Real Alcázar y Casa Consistorial de Sevilla,Software & Development,2,2
"Comisión Ejecutiva para Contratación de Basuras Sierra de Cádiz, S.A.",Software & Development,2,2
Comisión Executiva del Auditorio de Galicia,Other,2,0
Comisión Nacional del Mercado de Valores,Cybersecurity,2,3
Comisión de Gobierno de la Mancomunidad de Servicios Sociales y Mujer La Maliciosa,Infrastructure & Hardware,2,1
"Comité Central de Compras de Navantia S.A., S.M.E.",Cybersecurity,2,3
Comité Ejecutivo del Consorcio de la Zona Franca de Cádiz,Software & Development,2,2
Comité de Contratación del Instituto de Crédito Oficial (ICO),Data & Analytics,2,6
Comité de Dirección de Equipos Nucleares S.A.,Infrastructure & Hardware,2,1
"Compañía Española de Reafianzamiento S.M.E., S.A.",Software & Development,2,1
Compras de la Corporación de Radio y Televisión Española S.A.,Data & Analytics,2,0
Concejal Delegado de Contratación del Ayuntamiento de Chiclana de la Frontera,Software & Development,2,0
Concejal Presidente del Tagoror del Distrito Suroeste del Ayuntamiento de Santa Cruz de Tenerife,Software & Development,2,2
Concejal Responsable del Área de Hacienda y Patrimonio del Ayuntamiento de Huelva,Other,2,0
Concejal de Contratación del Ayuntamiento de Oliva,Software & Development,2,2
Concejal de Contratación del Ayuntamiento de Pinto,Infrastructure & Hardware,2,0
"Concejal del Área de Deportes, Promoción de la Salud, Drogodependencias y Empleo del Ayuntamiento de Puerto de la Cruz",Other,2,0
"Concejalía De Cultura, Juventud, Fiestas, Comunicación y Relaciones Institucionales, Participación Ciudadana y Turismo del Ayuntamiento de Granadilla de Abona",Other,2,0
Concejalía Delegada de Barrios Rurales del Ayuntamiento de Zaragoza,Other,2,0
Concejalía Delegada de Contratación del Ajuntament de València,Cloud,2,2
Concejalía Delegada de Contratación del Ajuntament de València,Data & Analytics,2,0
Concejalía Delegada de Contratación del Ayuntamiento de Alcázar de San Juan,Infrastructure & Hardware,2,1
Concejalía Delegada de Contratación del Ayuntamiento de Puerto del Rosario,Cloud,2,6
"Concejalía Delegada de Cultura, Museos e Industrias Creativas del Ayuntamiento de Gijón",Other,2,0
Concejalía Delegada de Hacienda y Régimen Interior del Ayuntamiento de Barbastro,Data & Analytics,2,1
Concejalía Delegada de Hacienda y Régimen Interior del Ayuntamiento de Barbastro,Infrastructure & Hardware,2,1
"Concejalía Delegada de Hacienda, Contratación, Personal y Modernización Administrativa del Ayuntamiento de Llanera",Software & Development,2,0
"Concejalía Delegada de Innovación, Tecnología, Agenda Digital y Captación de Inversiones del Ayuntamiento de València",Infrastructure & Hardware,2,0
Concejalía Delegada de Juventud y Voluntariado del Ayuntamiento de Burgos,Other,2,0
"Concejalía Delegada de Mayores, Familia e Infancia del Ayuntamiento de Burgos",Other,2,0
"Concejalía Delegada de Personal, Régimen Interior, Relaciones Institucionales y Calidad Total del Ayuntamiento de Burgos",Other,2,0
"Concejalía Delegada de Personal, Régimen Interior, Relaciones Institucionales y Calidad Total del Ayuntamiento de Burgos",Software & Development,2,2
Concejalía Delegada de Policía Local del Ayuntamiento de Zaragoza,Other,2,0
"Concejalía Delegada de Recursos Humanos, Tecnología, Transparencia, Prot. de Datos, Organización, At. Ciudadana, Estadística y Dem. Territorial, Consumo, Admin. Interna, Gab. de Prensa, Prot. y Sop. a Distritos del Ayto. de Sta. Cruz de Tenerife",Infrastructure & Hardware,2,1
Concejalía Delegada de Seguridad Ciudadana y Emergencias del Ayuntamiento de Gijón,Software & Development,2,1
"Concejalía Delegada de Vías Públicas, Licencias, Obras y Arquitectura del Ayuntamiento de Burgos",Other,2,0
"Concejalía Delegada de la Presidencia de la Junta Municipal del Distrito nº 6, Cruz de Humilladero del Ayuntamiento de Málaga",Software & Development,2,2
Concejalía Delegada del Ayuntamiento de Eivissa,Infrastructure & Hardware,2,1
Concejalía Delegada del Área Específica de Deporte del Ayuntamiento de Málaga,Software & Development,2,2
Concejalía Delegada del Área Específica de Movilidad del Ayuntamiento de Málaga,Other,2,0
Concejalía Delegada del Área de Servicios Sociales del Ayuntamiento de Valladolid,Software & Development,2,2
"Concejalía Delegada del Área de Turismo, Eventos y Marca Ciudad del Ayuntamiento de Valladolid",Software & Development,2,3
Concejalía de Gobierno del Área de Hacienda y Patrimonio del Ayuntamiento de Santa Cruz de Tenerife,Other,2,0
"Concejalía de Gobierno del Área de Infraestructuras y del Área de Presidencia, con competencias sectoriales en Proyectos Urbanos, Infraestructuras, Obras, Participación Ciudadana, Contratación, Mantenimiento y Gestión del Patrimonio del Ayuntamiento de Santa Cruz de Tenerife",Other,2,0
"Concejalía de Gobierno del Área de Planificación Estratégica, Sostenibilidad Ambiental y Servicios Públicos del Ayuntamiento de Santa Cruz de Tenerife",Other,2,0
"Confederación Hidrográfica del Duero, O.A.",Software & Development,2,0
"Consejera Delegada de la Empresa Pública de Promoción del Turismo y la Artesanía de Castilla-La Mancha (ETURIA), S.A.",Infrastructure & Hardware,2,1
"Consejera de Área Insular de Hacienda, Promoción Económica, Recursos Humanos, Deportes y Movilidad Sostenible del Cabildo Insular de Fuerteventura",Infrastructure & Hardware,2,0
"Consejera de Área Insular de Turismo, Desarrollo Económico, Transición Ecológica, Sostenibilidad Ambiental y Seguridad del Cabildo Insular de Fuerteventura",Infrastructure & Hardware,2,0
"Consejero Delegado de Canarias Submarine Link, S.L.",Software & Development,2,4
"Consejero Delegado de Ingeniería de Sistemas para la Defensa de España S.A., S.M.E. y M.P.",Cloud,2,3
"Consejero Delegado de Ingeniería de Sistemas para la Defensa de España S.A., S.M.E. y M.P.",Cybersecurity,2,2
Consejero Delegado de la Empresa Municipal de Aguas de Málaga S.A.,AI & Machine Learning,2,6
Consejero Delegado de la Sociedad Canaria de Fomento Económico S.A. - PROEXCA,Infrastructure & Hardware,2,1
"Consejero Delegado de la Sociedad de Desarrollo de Santa Cruz de Tenerife, S.A.U.",Cloud,2,5
"Consejero Delegado del Instituto de Finanzas de Castilla-La Mancha, S.A.U.",Other,2,0
Consejero Director de la Gerencia Municipal de Urbanismo del Ayuntamiento de Santa Cruz de Tenerife,Software & Development,2,1
"Consejero de Área Insular de Acción Social, Diversidad, LGTBIQ+, Participación Ciudadana y Gobierno Abierto del Cabildo Insular de Fuerteventura",Other,2,0
"Consejería Delegada Mancomunada de Actuacions Ambientals Integrals, S.L.",Other,2,0
"Consejería Delegada de Aguas de Guadix, S.A.",Other,2,0
Consejería Delegada de Aguas de Lucena S.L.,Other,2,0
"Consejería Delegada de Fomento Extremeño de Infraestructuras Industriales, S.A.U",Software & Development,2,3
"Consejería Delegada de GESTUR Canarias, S.A.",Infrastructure & Hardware,2,1
"Consejería Delegada de GESTUR Canarias, S.A.",Software & Development,2,3
"Consejería Delegada de Suelo y Vivienda de Lucena, S.A.",Other,2,0
Consejería Delegada de la Empresa Metropolitana de Abastecimiento y Saneamiento de Aguas de Sevilla S.A. (EMASESA),Cloud,2,2
Consejería Delegada del Consorcio de Abastecimiento de Aguas a Fuerteventura,Software & Development,2,1
"Consejería Delegada del Instituto Tecnológico y de Energías Renovables, S.A.",Infrastructure & Hardware,2,1
Consejería Insular de Movilidad del Cabildo Insular de Tenerife,Other,2,0
"Consejería Insular de Turismo, Acción Exterior y Relaciones Institucionales del Cabildo Insular de Tenerife",Software & Development,2,2
Consejería Insular de Área de Cooperación Municipal y Vivienda del Cabildo Insular de Tenerife,Infrastructure & Hardware,2,2
Consejería Insular del Área de Gestión del Medio Natural y Seguridad del Cabildo Insular de Tenerife,Software & Development,2,4
Consejería Insular del Área de Régimen Interior y Patrimonio Insular del Cabildo Insular de la Gomera,Other,2,0
Consejería con delegación en Carreteras del Cabildo Insular de Tenerife,Infrastructure & Hardware,2,2
Consejería con delegación en Formación y Juventud del Cabildo Insular de Tenerife,Other,2,0
"Consejería de Agricultura, Ganadería, Pesca y Desarrollo Sostenible — Dirección General de Infraestructuras del Agua",Other,2,0
"Consejería de Agricultura, Pesca, Agua y Desarrollo Rural. Dirección General de Recursos Hídricos.",Other,2,0
"Consejería de Agua, Agricultura, Ganadería y Pesca de la Región de Murcia",Infrastructure & Hardware,2,2
"Consejería de Bienestar Social, Igualdad, Juventud, Infancia y Familias",Software & Development,2,3
"Consejería de Comercio, Turismo y Empleo de la Ciudad Autónoma de Ceuta",Other,2,0
"Consejería de Cultura, Turismo y Deporte de la Junta de Castilla y León",Software & Development,2,2
"Consejería de Cultura, Turismo y Deportes",Software & Development,2,2
"Consejería de Economía, Comercio, Innovación Tecnológica, Turismo y Fomento de la Ciudad Autónoma de Melilla",Infrastructure & Hardware,2,2
"Consejería de Economía, Hacienda y Empleo",Software & Development,2,3
"Consejería de Economía, Hacienda y Empleo. Comunidad de Madrid",Software & Development,2,4
"Consejería de Economía, Hacienda, Portavocía, Fondos Europeos y Transformación Digital de la Región de Murcia",Cybersecurity,2,2
"Consejería de Economía, Transformación Digital y Transparencia del Ayuntamiento de Zaragoza",Infrastructure & Hardware,2,0
Consejería de Educación,Software & Development,2,2
Consejería de Educación en Reino Unido e Irlanda,Other,2,0
Consejería de Educación y Universidades,Infrastructure & Hardware,2,0
"Consejería de Educación, Ciencia y Formación Profesional",Cloud,2,0
"Consejería de Educación, Ciencia y Formación Profesional",Infrastructure & Hardware,2,1
"Consejería de Educación, Ciencia y Universidades. Dirección General de Infraestructuras y Servicios",Infrastructure & Hardware,2,2
"Consejería de Educación, Formación Profesional y Universidades del Gobierno de Cantabria",Infrastructure & Hardware,2,1
"Consejería de Educación, Formación Profesional, Actividad Física y Deportes de Canarias",Software & Development,2,2
"Consejería de Empresa, Autónomos y Energía de las Illes Balears",Infrastructure & Hardware,2,2
"Consejería de Empresa, Autónomos y Energía de las Illes Balears",Software & Development,2,2
Consejería de Familia e Igualdad de Oportunidades de la Junta de Castilla y León,Infrastructure & Hardware,2,2
Consejería de Gestión Forestal y Mundo Rural,Infrastructure & Hardware,2,2
"Consejería de Gobierno de Política Social, Accesibilidad, Igualdad, Diversidad del Cabildo de Gran Canaria",Other,2,0
Consejería de Gobierno de Política Territorial y Paisaje del Cabildo de Gran Canaria,Other,2,0
Consejería de Gobierno de Presidencia y Movilidad Sostenible del Cabildo de Gran Canaria,Cloud,2,2
"Consejería de Hacienda, Administración Pública y Diálogo Social",Infrastructure & Hardware,2,0
"Consejería de Industria, Universidades, Empleo y Comercio de la Junta de Castilla y León",Other,2,0
"Consejería de Industria, Universidades, Empleo y Comercio de la Junta de Castilla y León",Software & Development,2,3
"Consejería de Infraestructuras, Vivienda y Medio Ambiente del Ayuntamiento de Zaragoza",Other,2,0
"Consejería de Medio Ambiente, Universidades, Investigación y Mar Menor de la Región de Murcia",Infrastructure & Hardware,2,2
"Consejería de Medio Ambiente, Vivienda y Ordenación del Territorio de la Junta de Castilla y León",Software & Development,2,1
Consejería de Obras Públicas y Transportes del Gobierno de Canarias,Other,2,0
"Consejería de Política Territorial, Cohesión Territorial y Aguas de Canarias",Infrastructure & Hardware,2,2
Consejería de Presidencia y Gobernación de la Ciudad Autónoma de Ceuta,Infrastructure & Hardware,2,1
"Consejería de Presidencia, Administraciones Públicas, Justicia y Seguridad de la Comunidad Autónoma de Canarias",Software & Development,2,3
"Consejería de Presidencia, Justicia y Administración Local",Other,2,0
"Consejería de Presidencia, Justicia, Seguridad y Simplificación Administrativa de la Comunidad Autónoma de Cantabria",Cybersecurity,2,2
"Consejería de Presidencia, Portavocía, Acción Exterior y Emergencias de la Región de Murcia",Infrastructure & Hardware,2,2
"Consejería de Presidencia, Portavocía, Acción Exterior y Emergencias de la Región de Murcia",Other,2,0
"Consejería de Presidencia, Relaciones Institucionales y Seguridad Ciudadana del Ayuntamiento de Zaragoza",Infrastructure & Hardware,2,0
"Consejería de Presidencia, Reto Demográfico, Igualdad y Turismo del Principado de Asturias",AI & Machine Learning,2,3
Consejería de Salud,Software & Development,2,3
Consejería de Sanidad de la Junta de Castilla y León,Infrastructure & Hardware,2,1
"Consejería de Transición Ecológica, Industria y Desarrollo Económico del Principado de Asturias",Software & Development,2,2
Consejería de Turismo y Empleo de Canarias,Other,2,0
Consejería de Área de Administración Pública y Transparencia del Cabildo de Gran Canaria,Infrastructure & Hardware,2,0
Consejería del Mar y del Ciclo del Agua de la Comunidad Autónoma de las Illes Balears,Infrastructure & Hardware,2,2
Consejo Directivo de la Mancomunidad Municipal para el Saneamiento Integral de León y su Alfoz,Other,2,0
Consejo Jurídico de la Región de Murcia,Other,2,0
Consejo Rector de CASA 47 Entidad Pública Empresarial,Software & Development,2,2
Consejo Rector de la Fundación Deportiva Municipal de Avilés,Other,2,0
Consejo Rector del Consorcio Museo Vostell Malpartida,Other,2,0
Consejo Rector del Consorcio Museo de las Ciencias del Vino de Almendralejo,Other,2,0
"Consejo Rector del Consorcio de Televisión Digital Local, Demarcación de Alicante, Alicante Canal 21",Other,2,0
Consejo Rector del Fondo para la Etnografía y el Desarrollo de la Artesanía Canaria (FEDAC),Software & Development,2,2
Consejo Rector del IMPEFE-Ayuntamiento de Ciudad Real,Other,2,0
Consejo Rector del Instituto Municipal Coruña Espectáculos,Other,2,0
Consejo Rector del Instituto Municipal de Deportes de El Ejido,Other,2,0
"Consejo Rector del Instituto de Fomento, Empleo y Formación de la Ciudad de Cádiz - Ayuntamiento de Cádiz",Infrastructure & Hardware,2,1
Consejo Rector del Patronato Municipal Teatro de Rojas,Other,2,0
Consejo Rector del Patronato Municipal de Escuelas Infantiles del Ayuntamiento de Almería,Other,2,0
Consejo de Administración SEPES Entidad Pública Empresarial de Suelo,Software & Development,2,3
Consejo de Administración de Aigües Municipals de Paterna S.A.,Software & Development,2,2
Consejo de Administración de Aigües de Cullera S.A.,Infrastructure & Hardware,2,1
Consejo de Administración de Aigües i Sanejament d'Elx S.A.,Infrastructure & Hardware,2,2
Consejo de Administración de Autoridad de Transporte Metropolitano de Valencia,Other,2,0
Consejo de Administración de Auxiliar de Servicios de Pinto SAU,Cloud,2,5
Consejo de Administración de Auxiliar de Servicios de Pinto SAU,Software & Development,2,2
"Consejo de Administración de EMAYA, Empresa Municipal d'Aigües i Clavegueram, S.A.",Data & Analytics,2,0
"Consejo de Administración de Empresa Municipal Auxiliar de Recaudación, S.A. (EMARSA)",Other,2,0
Consejo de Administración de Entidad Pública Empresarial Aparcamientos Municipales de Lucena,Other,2,0
Consejo de Administración de Feria de Muestras de Armilla S.A.,Other,2,0
"Consejo de Administración de Gestión Ambiental Zona Oriental, S.L.",Other,2,0
Consejo de Administración de Gestión Integral de Ingresos de Santa Lucía S.L.,Other,2,0
Consejo de Administración de Gestión Integral del Agua de Huelva,Other,2,0
Consejo de Administración de Gestión de Suelo y Vivienda de Valdemoro S.A.,Other,2,0
Consejo de Administración de Gestión y Calidad Turística Ciudad de Segovia S.A.U.,Other,2,0
"Consejo de Administración de Gorona del Viento El Hierro, S.A.",Other,2,0
"Consejo de Administración de ICEX España Exportación e Inversiones, E.P.E.",Cloud,2,2
Consejo de Administración de Inspección Técnica de Vehículos de Asturias S.A. (ITVASA),Software & Development,2,3
Consejo de Administración de Limpieza de Málaga Sociedad Anónima Municipal,Data & Analytics,2,0
"Consejo de Administración de Metropolitano de Tenerife, S.A.",Software & Development,2,2
Consejo de Administración de Nauta Sanxenxo Sociedad Limitada Unipersonal,Other,2,0
"Consejo de Administración de PROVISE BENAMIEL, S.L.",Other,2,0
Consejo de Administración de Parque Cementerio de Fuengirola S.A.M. (PARCESAM),Other,2,0
"Consejo de Administración de Personas y Ciudad, S.A Unipersonal",Other,2,0
"Consejo de Administración de Promociones e Iniciativas Municipales de Elche, S.A. (PIMESA)",Software & Development,2,3
Consejo de Administración de Puerta de África S.A.,Other,2,0
Consejo de Administración de Pública de Desarrollo Municipal M.P. S.A.,Software & Development,2,2
Consejo de Administración de Radio Televisión Melilla S.A.U.,Software & Development,2,4
Consejo de Administración de Roche Sociedad Anónima Municipal (ROSAM),Other,2,0
"Consejo de Administración de Servicios Turísticos de Ceuta, S.L.",Software & Development,2,2
"Consejo de Administración de Sociedad Mercantil Estatal Aguas de las Cuencas de España, S.A. (ACUAES)",Infrastructure & Hardware,2,0
"Consejo de Administración de Spet, Turismo de Tenerife, S.A.",Cloud,2,4
"Consejo de Administración de Spet, Turismo de Tenerife, S.A.",Cybersecurity,2,2
"Consejo de Administración de Suelo Empresarial del Atlántico, S.L., S.M.E.",Other,2,0
"Consejo de Administración de Train Port Barcelona, SA, SME",Other,2,0
Consejo de Administración de Transportes Interurbanos de Tenerife S.A.U.,Software & Development,2,4
Consejo de Administración de Urvial Sociedad de Gestión Urbanística S.L.U.,Other,2,0
"Consejo de Administración de VIVE Empresa Pública de la Vivienda de Alcalá de Guadaíra, S.L.",Other,2,0
"Consejo de Administración de Zaragoza Alta Velocidad 2002, S.A.",Other,2,0
"Consejo de Administración de Zuera de Gestión Local, S.A",Other,2,0
Consejo de Administración de la Agencia de Régimen Especial Ciclo Integral Aguas del Retortillo,Infrastructure & Hardware,2,2
"Consejo de Administración de la Agència Balear de Digitalització, Ciberseguretat i Telecomunicacions (IB Digital)",Other,2,0
Consejo de Administración de la Autoridad Portuaria de Gijón,Infrastructure & Hardware,2,2
Consejo de Administración de la E.P.E Sóller 2010,Other,2,0
"Consejo de Administración de la Empresa Mancomunada del Aljarafe, S.A. (ALJARAFESA)",Data & Analytics,2,2
Consejo de Administración de la Empresa Mixta Local Unidad Alimentaria de Valladolid S.A. (MERCAOLID),Other,2,0
Consejo de Administración de la Empresa Municipal Serveis de Alcoi S.L.,Software & Development,2,0
"Consejo de Administración de la Empresa Municipal de Aguas de Córdoba, S.A. (EMACSA)",Data & Analytics,2,2
Consejo de Administración de la Empresa Municipal de Iniciativas y Actividades Empresariales de Málaga S.A.,Other,2,0
Consejo de Administración de la Empresa Municipal de Transportes Urbanos de Gijón SA (EMTUSA),Software & Development,2,2
"Consejo de Administración de la Empresa Municipal de Transports Urbans de Palma, S.A",Software & Development,2,3
Consejo de Administración de la Empresa Municipal de Turismo de Santander M.P. S.A.,Infrastructure & Hardware,2,0
Consejo de Administración de la Gerencia de Servicios Sociales del Ayuntamiento de Burgos,Other,2,0
"Consejo de Administración de la Sociedad Estatal Loterías y Apuestas del ESTADO, S.M.E., S.A.",Infrastructure & Hardware,2,1
Consejo de Administración de la Sociedad Mixta Aguas de Langreo,Other,2,0
"Consejo de Administración de la Sociedad Regional de Promoción del Principado de Asturias, S.A.",Other,2,0
"Consejo de Administración de la Sociedad de Gestión de Activos procedentes de la Reestructuración Bancaria, S.A",Cloud,2,2
"Consejo de Administración de la Sociedad de Promoción Económica de Gran Canaria, S.A.U.",Software & Development,2,2
"Consejo de Administración de la Sociedad para el Desarrollo de las Comarcas Mineras, S.A. Delegado en apoderados mancomunados",Software & Development,2,2
Consejo de Administración del Consorcio Ruta del Vino Ribera del Duero,Other,2,0
"Consejo de Administración del Instituto Municipal de Suelo Móstoles, S.A.",Software & Development,2,1
Consejo de Administración del Patronat Municipal d'Esports,Other,2,0
Consejo de Dirección del Consorcio de Viviendas de Gran Canaria,Other,2,0
Consejo de Gobierno Insular del Cabildo Insular de Lanzarote,Software & Development,2,3
Consejo de Gobierno Insular del Cabildo de Gran Canaria,Infrastructure & Hardware,2,2
Consejo de Gobierno de la Gerencia Municipal de Urbanismo del Ayuntamiento de Mairena del Aljarafe,Other,2,0
Consejo de la Cámara de Cuentas de Aragón,Other,2,0
Consell Comarcal del Baix Penedès,Other,2,0
Consell Rector del Patronat Municipal de L'Hospital de Ciutadella de Menorca,Other,2,0
"Conselleria de Economía, Hacienda y Administración Pública",Cloud,2,4
"Conselleria de Economía, Hacienda y Administración Pública",Cybersecurity,2,2
"Conselleria de Economía, Hacienda y Administración Pública - Central de Compras de la Generalitat Valenciana",Infrastructure & Hardware,2,1
"Conselleria de Economía, Hacienda y Administración Pública - Central de Compras de la Generalitat Valenciana",Software & Development,2,3
"Conselleria de Industria, Turismo, Innovación y Comercio de la Generalitat Valenciana",Infrastructure & Hardware,2,0
Consellería de Medio Ambiente y Cambio Climático,Other,2,0
Consellería del Mar,Other,2,0
Consorci Sanitari Alt Penedès i Garraf,Infrastructure & Hardware,2,2
Consorci Sanitari de l'Anoia,Other,2,0
Consorci Sanitari del Maresme,Software & Development,2,2
"Consorci del Laboratori Intercomarcal de l'Alt Penedès, l'Anoia i Garraf.",Data & Analytics,2,4
Consorcio Hospital General Universitario de Valencia,Infrastructure & Hardware,2,3
Consorcio IFMIF-DONES España,Software & Development,2,1
Consorcio Medioambiente y Aguas Provincia de Cáceres - Mas Medio,Infrastructure & Hardware,2,2
Consorcio Universitario del Centro Asociado a la UNED en A Coruña,Software & Development,2,2
"Consorcio Universitario del Centro Asociado a la UNED en Barbastro Ramón J Sender, M.P.",Software & Development,2,6
Consorcio Universitario del Centro Asociado a la UNED en Ourense,Other,2,0
Consorcio Universitario del Centro Asociado a la UNED en Tenerife,Other,2,0
Consorcio de Compensación de Seguros,Cloud,2,3
Consorcio de Compensación de Seguros,Infrastructure & Hardware,2,2
Consorcio de Transportes de Bizkaia - Consorcio de Transportes de Bizkaia,Software & Development,2,2
Consorcio de Turismo sostenible de la Costa Occidental de Huelva,Infrastructure & Hardware,2,2
Consorcio de la Zona Franca de Barcelona,Infrastructure & Hardware,2,2
"Consorcio para la Construcción, Equipamiento y Explotación del Laboratorio de Luz Sincrotrón",Software & Development,2,3
"Corporació Catalana de Mitjans Audiovisuals, SA (CCMA, SA)",Infrastructure & Hardware,2,1
Corporació Valenciana de Mitjans de Comunicació,Infrastructure & Hardware,2,1
Corporació Valenciana de Mitjans de Comunicació,Software & Development,2,2
Corporación Aragonesa de Radio y Televisión,Software & Development,2,0
"Cámara Oficial de Comercio, Industria, Servicios y Navegación de Huelva",Software & Development,2,2
Cámara de Cuentas de Andalucía,Software & Development,2,4
"DELEGACIÓN TERRITORIAL INCLUSIÓN SOCIAL, JUVENTUD, FAMILIAS E IGUALDAD EN MÁLAGA",Other,2,0
DIPUTACION DE TARRAGONA,Software & Development,2,2
DIPUTACIÓN DE BARCELONA,Cybersecurity,2,2
DIPUTACIÓN DE BARCELONA,Data & Analytics,2,2
DIRECCIÓN GENERAL DE ESPACIOS NATURALES PROTEGIDOS DE LA CONSEJERÍA DE SOSTENIBILIDAD Y MEDIO AMBIENTE DE LA JUNTA DE ANDALUCÍA,Other,2,0
Defensor del Pueblo Andaluz,Software & Development,2,0
Delegación Especial de la Agencia Tributaria en Illes Balears,Other,2,0
Delegación Especial del Ministerio de Hacienda en el Consorcio de la Zona Franca de Gran Canaria,Other,2,0
Delegación Provincial de la Consejería de Bienestar Social en Guadalajara,Software & Development,2,2
"Delegación Provincial de la Consejería de Economía, Empresas y Empleo en Ciudad Real",Other,2,0
"Delegación Provincial de la Consejería de Economía, Empresas y Empleo en Cuenca",Other,2,0
"Delegación Provincial de la Consejería de Economía, Empresas y Empleo en Toledo",Other,2,0
Delegación Provincial de la Consejería de Fomento en Albacete,Other,2,0
Delegación Provincial de la Consejería de Sanidad en Albacete,Other,2,0
"Delegación Territorial de Inclusión Social, Juventud, Familias e Igualdad en Almería",Other,2,0
"Delegación Territorial de Inclusión Social, Juventud, Familias e Igualdad en Sevilla",Other,2,0
Delegación de Economía y Hacienda en Canarias - Las Palmas,Other,2,0
Delegación de Economía y Hacienda en Cuenca,Other,2,0
Delegación de Economía y Hacienda en Cáceres,Other,2,0
Delegación de Economía y Hacienda en Córdoba,Other,2,0
Delegación de Economía y Hacienda en Granada,Other,2,0
Delegación de Economía y Hacienda en Pontevedra,Other,2,0
Delegación del Gobierno en Galicia,Other,2,0
Delegación del Gobierno en Melilla,Other,2,0
Delegación del Gobierno en la Ciudad Autónoma de Ceuta,Other,2,0
Delegada de la Empresa Provincial de Informática de Cádiz S.A. - EPICSA,Data & Analytics,2,0
Departament de Drets Socials i Inclusió,Other,2,0
"Departamento de Agricultura, Ganadería y Alimentación del Gobierno de Aragón",Software & Development,2,2
"Departamento de Fomento, Vivienda, Movilidad y Logística del Gobierno de Aragón",Other,2,0
Departamento de Medio Ambiente y Turismo del Gobierno de Aragón,Infrastructure & Hardware,2,2
Departamento de Salud Valencia Dr. Peset. Dirección Económica-Gerencia,Software & Development,2,2
Departamento de Salud de Denia. Dirección Económica-Gerencia,Software & Development,2,2
Departamentos del Consell Insular de Mallorca,Infrastructure & Hardware,2,0
Diputació de Girona,Software & Development,2,1
Diputació de Lleida,Software & Development,2,2
Diputación Foral de Gipuzkoa - Departamento de Gobernanza,Other,2,0
Diputación Foral de Álava - Departamento de Desarrollo Económico y Sostenibilidad,Other,2,0
"Diputación Foral de Álava - Departamento de Empleo, Comercio, Turismo y Administración Foral",Software & Development,2,3
Diputación Provincial de Zamora,Cloud,2,4
Diputación Provincial de Zamora,Software & Development,2,2
Diputación de Barcelona,Other,2,0
Diputación de Barcelona,Software & Development,2,3
Diputación de Tarragona,Software & Development,2,2
Diputado Delegado del Organismo Autónomo de Recaudación y Gestión Tributaria (O.A.R.),Infrastructure & Hardware,2,0
Direccción del Centro Penitenciario de Castellón ll (Albocasser),Other,2,0
"Direccion General de la Sociedad de Promoción Exterior del Principado de Asturias, S.A. (ASTUREX)",Software & Development,2,2
Dirección Centro Universitario de la Defensa en San Javier,Other,2,0
"Dirección Corporativa de Sainsel Sistemas Navales, S.A. Unipersonal",Software & Development,2,1
Dirección Económica del Consorcio Hospitalario Provincial de Castellón,Infrastructure & Hardware,2,1
Dirección Económico Financiero de la Dirección General de Infraestructura. MDE,Cybersecurity,2,2
Dirección Económico Financiero de la Dirección General de Infraestructura. MDE,Data & Analytics,2,2
Dirección Económico-Financiera de ENAIRE,Data & Analytics,2,3
Dirección Ejecutiva de la Agencia Española de Seguridad Alimentaria y Nutrición,Data & Analytics,2,0
Dirección General Económico-Financiera de la Entidad Pública Empresarial RENFE-Operadora,Cloud,2,3
Dirección General Económico-Financiera de la Entidad Pública Empresarial RENFE-Operadora,Cybersecurity,2,3
Dirección General LogiRail S.A.,Software & Development,2,2
Dirección General Societat Anonima de Gestió Sagunt Mitja Propi Municipal S.A.,Cloud,2,3
Dirección General Societat Anonima de Gestió Sagunt Mitja Propi Municipal S.A.,Software & Development,2,3
"Dirección General de Agricultura de la Consejería de Agricultura Ganadería, Pesca y Soberanía Alimentaria de la Comunidad Autónoma de Canarias",Other,2,0
"Dirección General de Biodiversidad, Bosques y Desertificación",Software & Development,2,4
Dirección General de Calidad Ambiental de Canarias,Infrastructure & Hardware,2,2
Dirección General de Comercio y Consumo del Gobierno de Canarias,Other,2,0
"Dirección General de Comunicación, Diplomacia Pública y Redes",Other,2,0
Dirección General de Correos Telecom,Infrastructure & Hardware,2,2
"Dirección General de Enajenación de Materiales Ferroviarios, S.A., SME, MP.",Other,2,0
Dirección General de Espacios Naturales y Biodiversidad de Canarias,Other,2,0
Dirección General de Estrategias de Movilidad,Data & Analytics,2,2
Dirección General de Extremadura Avante S.L.U.,Software & Development,2,0
Dirección General de Formación Profesional y Enseñanzas de Régimen Especial de la Comunidad Autónoma de Canarias,Infrastructure & Hardware,2,2
Dirección General de Hemodonación y Hemoterapia del Gobierno de Canarias,Infrastructure & Hardware,2,2
"Dirección General de IBERMUTUA, Mutua Colaboradora con la Seguridad Social nº 274",AI & Machine Learning,2,2
Dirección General de Infraestructura Viaria del Gobierno de Canarias,Other,2,0
Dirección General de Mayores y Participación Activa,Other,2,0
Dirección General de Mercados Centrales de Abastecimiento de Madrid S.A. (MERCAMADRID S.A.),Infrastructure & Hardware,2,1
Dirección General de Modernización y Calidad de los Servicios Públicos,Software & Development,2,1
Dirección General de Patrimonio Cultural de la Comunidad Valenciana,Other,2,0
Dirección General de Patrimonio Cultural y Bellas Artes,Infrastructure & Hardware,2,1
Dirección General de Política Comercial y Seguridad Económica,Other,2,0
Dirección General de Relaciones con la Administración de Justicia,Software & Development,2,2
"Dirección General de Renfe Ingeniería y Mantenimiento Sociedad Mercantil Estatal, S.A.",Infrastructure & Hardware,2,2
Dirección General de SOLIMAT,Infrastructure & Hardware,2,0
Dirección General de Salud Digital y Sistemas de Información del Sistema Nacional de Salud,Other,2,0
Dirección General de Salud Pública del Gobierno de Canarias,Other,2,0
Dirección General de Servicios,Software & Development,2,1
Dirección General de Telecomunicaciones y Digitalización,Infrastructure & Hardware,2,3
Dirección General de Trabajo de la Comunidad Autonóma de Canarias,Other,2,0
Dirección General de Transformación Digital de la Administración de Justicia,Software & Development,2,1
Dirección General de Transición Energética de la Junta de Comunidades de Castilla-La Mancha,Other,2,0
Dirección General de Transparencia y Participación Ciudadana,Software & Development,2,1
Dirección General de la Casa Árabe,Software & Development,2,1
Dirección General de la Ciudad de las Artes y de las Ciencias S.A.,Cloud,2,2
"Dirección General de la Corporación Audiovisual de la Comunitat Valenciana, S.A.",Software & Development,2,4
Dirección General de la Entidad Pública Empresarial RED.ES,AI & Machine Learning,2,5
Dirección General de la Fundación Computación y Tecnologías Avanzadas de Extremadura,Other,2,0
Dirección General de la Fundación EOI,Cloud,2,2
Dirección General de la Fundación Palau de Les Arts Reina Sofía,Software & Development,2,2
Dirección General de la Fundación SEPI,Infrastructure & Hardware,2,1
Dirección General de la Fundación del Teatro Real,Infrastructure & Hardware,2,1
Dirección General de la Fundación para el Impulso de la Investigación Aplicada y la Innovación Tecnológica en Castilla-La Mancha,Other,2,0
Dirección General de la Fundación para la Investigación del Hospital Universitario de la Fe,Software & Development,2,2
"Dirección General de la Mutual Midat Cyclops, Mutua Colaboradora con la Seguridad Social, nº 1",Cybersecurity,2,2
Dirección General de la Sociedad Mercantil Estatal Canal de Navarra S.A.,Other,2,0
"Dirección General de la Societat Valenciana FIRA Alacant, S.A.",Software & Development,2,2
"Dirección General del Aeropuerto Internacional de la Región de Murcia S.M.E., S.A.",Infrastructure & Hardware,2,0
"Dirección General del Centro para el Desarrollo Tecnológico y la Innovación, E.P.E",AI & Machine Learning,2,5
"Dirección General del Centro para el Desarrollo Tecnológico y la Innovación, E.P.E",Cybersecurity,2,4
"Dirección General del Centro para el Desarrollo Tecnológico y la Innovación, E.P.E",Data & Analytics,2,0
Dirección General del Consejo Insular de la Energía de Gran Canaria,Software & Development,2,3
Dirección General del Consorcio Casa de América,Software & Development,2,2
Dirección General del Consorcio Público Casa del Mediterráneo,Other,2,0
"Dirección General del Instituto Nacional de Ciberseguridad de España, S.A. (INCIBE)",Cloud,2,6
"Dirección General del Instituto Nacional de Ciberseguridad de España, S.A. (INCIBE)",Data & Analytics,2,6
Dirección General del Instituto Valenciano de Competitividad Empresarial (IVACE),Cloud,2,4
Dirección General del Instituto Valenciano de Servicios Sociales (IVASS),Software & Development,2,2
"Dirección General del Libro, del Cómic y de la Lectura",Software & Development,2,0
Dirección General del Servicio Exterior,Software & Development,2,2
Dirección Gerencia Hospital Universitario de Gran Canaria Doctor Negrín,Software & Development,2,0
"Dirección Gerencia de Aguas de Alcázar, Empresa Municipal S.A.U.",Other,2,0
"Dirección Gerencia de Mutua Balear, Mutua de Accidentes de Trabajo y Enfermedades Profesionales de la Seguridad Social Nº 183",Cloud,2,2
Dirección Gerencia de la Fundación Aragón Emprende,Software & Development,2,2
Dirección Gerente Centro de Atención a Personas con Enfermedad de Alzheimer y otras demencias (Salamanca),Other,2,0
"Dirección Gerente de la Empresa Municipal de Abastecimiento y Saneamiento de Granada, S.A.",Software & Development,2,0
Dirección Gerente del Centro de Recuperación Discapacidad y Dependencia (IMSERSO) San Andrés del Rabanedo,Other,2,0
Dirección Gerente del Centro de Recuperación de Personas con Discapacidad Física (IMSERSO) Salamanca,Other,2,0
"Dirección Insular de Recursos Humanos, Servicio Público y Transformación Digital del Cabildo Insular de Tenerife",Cloud,2,2
"Dirección Insular de Recursos Humanos, Servicio Público y Transformación Digital del Cabildo Insular de Tenerife",Other,2,0
Dirección Provincial del Ministerio de Educación y Formación Profesional en Melilla,Other,2,0
Dirección Provincial del Servicio Público de Empleo Estatal en Almería,Other,2,0
Dirección Provincial del Servicio Público de Empleo Estatal en Cáceres,Other,2,0
Dirección Provincial del Servicio Público de Empleo Estatal en Granada,Other,2,0
Dirección Provincial del Servicio Público de Empleo Estatal en Jaén,Other,2,0
Dirección Provincial del Servicio Público de Empleo Estatal en Lleida,Other,2,0
Dirección Provincial del Servicio Público de Empleo Estatal en Santa Cruz de Tenerife,Other,2,0
Dirección Provincial del Servicio Público de Empleo Estatal en Teruel,Other,2,0
Dirección Provincial del Servicio Público de Empleo Estatal en Valladolid,Other,2,0
Dirección Territorial del Instituto de Mayores y Servicios Sociales (IMSERSO) en Ceuta,Other,2,0
Dirección de Adquisiciones del Mando de Apoyo Logístico del Ejército del Aire y del Espacio,Software & Development,2,3
Dirección de Chiclana Natural S.A.,AI & Machine Learning,2,6
Dirección de Compras de la Corporación de Radio y Televisión Española S.A.,Data & Analytics,2,0
Dirección de Suma Gestión Tributaria. Diputación de Alicante,Cloud,2,5
Dirección de la Agencia Española de Supervisión de Inteligencia Artificial,AI & Machine Learning,2,2
Dirección de la Agencia Estatal Comisión Española para la Lucha Antidopaje en el Deporte (CELAD),Infrastructure & Hardware,2,2
Dirección de la Agencia Estatal de Administración Digital,Software & Development,2,3
Dirección de la Agencia Valenciana de Seguridad y Respuestas a las Emergencias,Infrastructure & Hardware,2,0
Dirección de la Agencia Valenciana de Seguridad y Respuestas a las Emergencias,Software & Development,2,1
"Dirección de la Empresa General Valenciana del Agua, S.A.",Other,2,0
Dirección de la Fundación General de la Universidad de León y de la Empresa,Other,2,0
Dirección de la Fundación ICO,Software & Development,2,2
Dirección de la Fundación de Oftalmología Médica de la Comunitat Valenciana,Infrastructure & Hardware,2,0
Dirección de la Fundación de la Comunitat Valenciana Unidad ELLIS Alicante,Other,2,0
Dirección de la Fundación del Hospital Nacional de Parapléjicos para la Investigación y la Integración (FUHNPAIN),Other,2,0
Dirección del Centro Asociado a la UNED en Córdoba,Other,2,0
Dirección del Centro Penitenciario Madrid II,Other,2,0
Dirección del Centro Penitenciario Sevilla II (Morón de la Frontera),Other,2,0
Dirección del Centro Penitenciario de Albacete,Other,2,0
Dirección del Centro Penitenciario de Algeciras,Other,2,0
Dirección del Centro Penitenciario de Cáceres,Other,2,0
Dirección del Centro Penitenciario de Córdoba,Other,2,0
Dirección del Centro Penitenciario de El Dueso-Santoña,Other,2,0
Dirección del Centro Penitenciario de Jaén,Other,2,0
Dirección del Centro Penitenciario de La Lama,Other,2,0
"Dirección del Centro Penitenciario de Murcia I, Murcia",Other,2,0
Dirección del Centro Penitenciario de Málaga,Other,2,0
"Dirección del Centro Penitenciario de Málaga II, Archidona",Other,2,0
Dirección del Centro Penitenciario de Teixeiro (A Coruña),Other,2,0
Dirección del Centro de Investigaciones Científicas y Tecnológicas de Extremadura (CICYTEX),Infrastructure & Hardware,2,2
Dirección del Consorcio Universitario del Centro Asociado a la UNED en Asturias,Other,2,0
Dirección del Consorcio Universitario del Centro Asociado a la UNED en Calatayud,Software & Development,2,2
Dirección del Consorcio Universitario del Centro Asociado a la UNED en Talavera,Other,2,0
Dirección del Hospital Psiquiátrico Penitenciario de Alicante,Other,2,0
"Dirección del Institut Valencià de Conservació, Restauració I Investigació (IVCR+I)",Infrastructure & Hardware,2,0
Dirección del Instituto Cántabro de Servicios Sociales,Software & Development,2,2
Dirección del Instituto de Estudios Fiscales,Software & Development,2,3
Dirección del Museo Nacional Centro de Arte Reina Sofía,Infrastructure & Hardware,2,1
Dirección del Museo Nacional del Prado,Software & Development,2,2
Dirección del Organismo Autónomo Provincial de Gestión Tributaria de Toledo,Infrastructure & Hardware,2,0
Dirección del Organismo Autónomo Provincial de Gestión Tributaria de Toledo,Software & Development,2,2
Dirección del Servicio de Gestión Económica de la Agencia Estatal de la Administración Tributaria,Data & Analytics,2,0
Dirección y Gerencia de la Fundación IMDEA Alimentación,Software & Development,2,1
Director Gerente de la Agencia de Defensa del Territorio de Mallorca,Other,2,0
Director Gerente del Centro de Ciencias de Benasque Pedro Pascual,Other,2,0
Director de Asuntos Económicos del Ejército del Aire y del Espacio,Other,2,0
Director de la Agencia de Prevención y Lucha contra el Fraude y la corrupción de la Comunidad Valenciana,Software & Development,2,1
"Director de la Agrupación Europea de Interés Económico Alta Velocidad España - Portugal , AEIE",Other,2,0
Director del Instituto Canario de Estadística (ISTAC),Other,2,0
Director del Instituto Canario de Estadística (ISTAC),Software & Development,2,2
Director del Instituto Tecnológico de Rocas Ornamentales y Materiales de Construcción (INTROMAC),Other,2,0
Directora General del Instituto de Consumo de Extremadura,Other,2,0
Directora Gerente del Servicio Regional de Investigación y Desarrollo Agroalimentario del Principado de Asturias (SERIDA),Software & Development,2,2
Distrito Centro,Software & Development,2,2
Distrito de Chamberí,Software & Development,2,2
Distrito de Ciudad Lineal,Software & Development,2,2
Distrito de Moratalaz,Software & Development,2,2
Distrito de Retiro,Software & Development,2,2
Distrito de San Blas-Canillejas,Software & Development,2,2
División Económica y Técnica (Cuerpo Nacional de Policía),Cloud,2,2
Donostia Kultura - Victoria Eugenia Antzokia,Other,2,0
DonostiaTIK - DonostiaTIK,Infrastructure & Hardware,2,1
EDP Salut Sant Joan de Reus Baix Camp,Infrastructure & Hardware,2,2
"EMPRESA MUNICIPAL DE AGUAS Y SANEAMIENTO DE MURCIA, S.A.",Other,2,0
"EMPRESA PUBLICA DE SERVIZOS AGRARIOS GALEGOS, S.A.",Software & Development,2,2
ENAGAS INFRAESTRUCTURAS DE HIDRÓGENO S.L.U.,Other,2,0
"Empresa Municipal de Servicios Funerarios y Cementerios de Madrid, S.A.",Cloud,2,4
"Empresa Municipal de Transportes de Madrid, S.A.",Cybersecurity,2,2
"Empresa Municipal de Transports Públics de Tarragona, SA",Software & Development,2,4
"Empresa Municipal de la Vivienda y Suelo de Madrid, S.A.",Cybersecurity,2,2
"Empresa Municipal de la Vivienda y Suelo de Madrid, S.A.",Infrastructure & Hardware,2,1
"Empresa Nacional de Residuos Radiactivos, S.A., S.M.E. (ENRESA)",AI & Machine Learning,2,4
"Empresa de Transformación Agraria S.A.,S.M.E., M.P., (TRAGSA)",Cloud,2,4
Endesa S.A. y todas las sociedades y establecimientos permanentes del grupo ENEL radicados en España y Portugal,Other,2,0
Ente Público de Servicios Tributarios del Principado de Asturias,Software & Development,2,2
Ente Vasco de la Energía,Software & Development,2,4
"Entidad Pública Empresarial Local Centros de Arte, Cultura y Turismo de Lanzarote",Software & Development,2,1
Entidad de Saneamiento y Depuración de Aguas Residuales de la Región de Murcia (ESAMUR),Other,2,0
Entidad pública empresarial Portos de Galicia,Software & Development,2,2
Escuela Balear de Administración Pública (EBAP),Software & Development,2,2
"Espacios Económicos empresariales, S.L (E.E.E)",Infrastructure & Hardware,2,1
European Union Intellectual Property Office,Software & Development,2,2
European Union Satellite Centre,Software & Development,2,2
Euskal Trenbide Sarea - ETS - Euskal Trenbide Sarea,Other,2,0
"Expo Zaragoza Empresarial, S.A.",Software & Development,2,0
"FGC RAIL, S.A",Software & Development,2,5
FONDO ESPAÑOL DE GARANTÍA AGRARIA O.A.,Infrastructure & Hardware,2,2
FUNDACIÓN CENTRO DE REGULACIÓN GENÓMICA,Other,2,0
"Ferrocarril Metropolita de Barcelona, SA",Other,2,0
"Fira 2000, S.A.",Other,2,0
Fundació Institut d'Investigació Sanitària Pere Virgili,Other,2,0
Fundació Parc recerca i Innovació Universitat de Girona,Infrastructure & Hardware,2,1
Fundació Privada Hospital de la Santa Creu i Sant Pau,Infrastructure & Hardware,2,2
Fundació de Gestió Sanitària de l’Hospital de la Santa Creu i Sant Pau,Other,2,0
Fundació de Gestió Sanitària de l’Hospital de la Santa Creu i Sant Pau.,Infrastructure & Hardware,2,2
Fundación Agencia Aragonesa para la Investigación y el Desarrollo (ARAID),Software & Development,2,2
Fundación Canaria Instituto de Investigación Sanitaria de Canarias (FIISC),Other,2,0
Fundación Centro de Investigación Enfermedades Neurológicas (CIEN),Software & Development,2,2
Fundación Cursos de Verano de la UPV/EHU - Fundación Cursos de Verano de la UPV/EHU,Software & Development,2,4
Fundación Española para la Ciencia y la Tecnología,Infrastructure & Hardware,2,1
"Fundación Estatal, Salud, Infancia y Bienestar Social, F.S.P.",Software & Development,2,1
Fundación Integra,Infrastructure & Hardware,2,2
Fundación Integra,Other,2,0
Fundación Municipal de Cultura del Excmo. Ayuntamiento de Cádiz,Software & Development,2,2
Fundación Orquesta Sinfónica de la Región de Murcia (OSRM),Other,2,0
Fundación Pública Gallega Centro Tecnológico de Supercomputación de Galicia,Other,2,0
Fundación Universidades y Enseñanzas Superiores de Castilla y León,Infrastructure & Hardware,2,0
"Fundación Universitat Jaume I-Empresa de la Comunitat Valenciana,M.P.",Other,2,0
Fundación Vitoria-Gasteiz Araba Mobility Lab - Fundación Vitoria-Gasteiz Araba Mobility Lab,Software & Development,2,4
Fundación para la Investigación Biomédica del Hospital Gregorio Marañón,Other,2,0
Fundación para la Investigación Biosanitaria de Andalucía Oriental - Alejandro Otero (FIBAO),Infrastructure & Hardware,2,1
Fábrica Nacional de Moneda y Timbre - Real Casa de la Moneda,Infrastructure & Hardware,2,1
GARBIKER - GARBIKER,Other,2,0
GARBIKER - GARBIKER,Software & Development,2,6
GENERALITAT DE CATALUNYA,Other,2,0
Generalitat de Catalunya,Other,2,0
Gerencia Calviá 2000,Infrastructure & Hardware,2,2
Gerencia Calviá 2000,Software & Development,2,1
"Gerencia Municipal de Cultura y Deportes de Santa Lucía, S.A.",Software & Development,2,2
Gerencia Municipal de Urbanismos del Ayuntamiento de Móstoles,Software & Development,2,2
Gerencia Regional de Salud de Castilla y León,Data & Analytics,2,2
Gerencia Sector Sanitario de Barbastro,Software & Development,2,2
Gerencia Sector Sanitario de Calatayud,Software & Development,2,1
Gerencia Sector Sanitario de Teruel,Infrastructure & Hardware,2,2
Gerencia Sector Sanitario de Zaragoza 3,Infrastructure & Hardware,2,2
"Gerencia de Actuacions Ambientals Integrals, S.L.",Other,2,0
Gerencia de Aguas de Ceuta Empresa Municipal S.A.,Infrastructure & Hardware,2,1
Gerencia de Aguas de Huesna SL.,Infrastructure & Hardware,2,2
Gerencia de Aguas de Montilla S.A.,Infrastructure & Hardware,2,2
Gerencia de Aigües i Sanejament d'Elx S.A.,Software & Development,2,2
Gerencia de Asistencia Sanitaria de Palencia,Infrastructure & Hardware,2,1
Gerencia de Atención Especializada Hospital Clínico Univ. de Valladolid,Software & Development,2,2
Gerencia de Atención Integrada de Albacete,Infrastructure & Hardware,2,1
Gerencia de Atención Primaria Valladolid Oeste,Other,2,0
Gerencia de Atención Sanitaria de Melilla - Instituto Nacional de Gestión Sanitaria,Infrastructure & Hardware,2,1
"Gerencia de Ciudad Industrial del Valle del Nalón, S.A.U. (VALNALON)",Other,2,0
Gerencia de EGARSAT,AI & Machine Learning,2,3
Gerencia de Emergencias Sanitarias de la Junta de Castilla y León,Other,2,0
Gerencia de Fraternidad Muprespa - Mútua Colaboradora con la Seguridad Social nº 275,AI & Machine Learning,2,2
"Gerencia de GEBIDEXSA, S.A.U.",Infrastructure & Hardware,2,2
"Gerencia de GEBIDEXSA, S.A.U.",Software & Development,2,2
"Gerencia de GESPESA, S.A.U.",Other,2,0
"Gerencia de Gestión de Servicios para la Salud y Seguridad en Canarias, S.A.",Software & Development,2,1
Gerencia de Grupo Energético de Puerto Real S.A.,Software & Development,2,0
Gerencia de Inspección Técnica de Vehículos de Asturias S.A. (ITVASA),Other,2,0
Gerencia de Limpieza Pública y Protección Ambiental Sociedad Anónima Municipal (LIPASAM),Infrastructure & Hardware,2,0
"Gerencia de Limpiezas Costa de Calviá, S.A.",Other,2,0
Gerencia de MAZ Mútua de Accidentes de Trabajo y Enfermedades Profesionales de la Seguridad Social nº 11,Data & Analytics,2,0
"Gerencia de Mutua Navarra, Mutua de Accidentes de Trabajo y Enfermedades Profesionales de la Seguridad Social 21",Infrastructure & Hardware,2,2
Gerencia de Móstoles Desarrollo Promoción Económica S.A.,Other,2,0
"Gerencia de Palau de Congressos de Palma, S.A.",Other,2,0
"Gerencia de Plan Cabanyal-Canyamelar, S.A.",Software & Development,2,2
"Gerencia de Promociones e Iniciativas Municipales de Elche, S.A. (PIMESA)",Software & Development,2,1
Gerencia de Salud de Área de Burgos,Other,2,0
Gerencia de Salud de Área de Salamanca,Other,2,0
Gerencia de Sevilla Activa SAU,Cloud,2,2
Gerencia de Urgencias y Emergencias Sanitarias de Aragón,Other,2,0
Gerencia de Viviendas Sociales e Infraestructuras de Canarias S.A.U.,Cloud,2,4
"Gerencia de la Empresa Insular de Artesanía, S.A.",Software & Development,2,1
"Gerencia de la Empresa Mancomunada del Aljarafe, S.A. (ALJARAFESA)",Infrastructure & Hardware,2,2
Gerencia de la Empresa Municipal de Aguas y Saneamiento de Murcia S.A.,Cybersecurity,2,2
"Gerencia de la Empresa Municipal de la Vivienda y Suelo de Melilla, S.A. (EMVISMESA)",Cloud,2,2
"Gerencia de la Empresa Municipal, S.A. EMSISA",Software & Development,2,2
"Gerencia de la Empresa Pública Sociedad de Servicios del Principado de Asturias, S.A., M.P.",Infrastructure & Hardware,2,1
Gerencia de la Empresa Pública de Aguas del Ayuntamiento de Los Realejos S.L.,Other,2,0
Gerencia de la Entidad Municipal de Servicios de La Vall d'Uixó S.L.U.,Software & Development,2,2
Gerencia de la Fundación Academia Europea e Iberoamericana de Yuste,Other,2,0
Gerencia de la Fundación Canaria Santa Cruz Sostenible,Other,2,0
"Gerencia de la Fundación Cántabra para la Salud y Bienestar Social, F.S.P.- Medio Propio",Other,2,0
Gerencia de la Fundación ENAIRE F.S.P.,Software & Development,2,2
Gerencia de la Fundación Félix Revello de Toro,Other,2,0
"Gerencia de la Fundación Marco, Museo de Arte Contemporáneo de Vigo",Other,2,0
Gerencia de la Fundación Marqués de Valdecilla,Infrastructure & Hardware,2,0
Gerencia de la Fundación Palacio de Villalón (Patronato),Other,2,0
Gerencia de la Fundación Tribunal de Arbitraje Laboral de la Comunitat Valenciana,Software & Development,2,2
Gerencia de la Fundación Universidad de Valladolid,Software & Development,2,2
Gerencia de la Fundación para el Fomento de la Investigación Sanitaria y Biomédica de la Comunitat Valenciana (FISABIO),Cloud,2,3
Gerencia de la Fundación para la Gestión de la Investigación Biomédica de Cádiz,Other,2,0
"Gerencia de la Sociedad Municipal Zaragoza Vivienda, S.L.U. (Medio Propio)",Software & Development,2,1
"Gerencia de la Sociedad Municipal de Aparcamientos y Servicios, S.A.",Other,2,0
"Gerencia de la Sociedad para el Desarrollo de la Provincia de Burgos, S.A.U. (SODEBUR)",Software & Development,2,2
Gerencia de la Universidad de Castilla-La Mancha,Cloud,2,2
Gerencia de la Universidad de Castilla-La Mancha,Data & Analytics,2,1
"Gerencia del Consejo de Administración de la Sociedad Mixta Aguas de León, S.L.",Infrastructure & Hardware,2,2
Gerencia del Consorcio Festival Internacional Clásico de Mérida,Other,2,0
"Gerencia del Consorcio de Prevención, Extinción de Incendios y Salvamento Provincia de Sevilla",Infrastructure & Hardware,2,1
Gerencia del Hospital Intermutual de Levante,Cybersecurity,2,4
Gerencia del Hospital Intermutual de Levante,Infrastructure & Hardware,2,2
Gerencia del Institut Valencià d'Art Modern (IVAM),Infrastructure & Hardware,2,1
Gerencia del Instituto Municipal de Turismo de Córdoba (IMTUR),Other,2,0
"Gerencia del Parque Cementerio de Málaga, S.A.",Software & Development,2,2
Gerencia del Parque Marítimo Santa Cruz S.A.,Other,2,0
"Gerencia del Servicio de Aguas y Saneamientos de Teruel, S.A.",Other,2,0
Gerencia del Área Sanitaria I - Jarrio del Servicio de Salud del Principado de Asturias,Other,2,0
Gerencia del Área Sanitaria II del Servicio de Salud del Principado de Asturias,Other,2,0
Gerente de la Gerencia Municipal de Urbanismo del Ayuntamiento de Málaga,Software & Development,2,2
Gestión de Medio Rural de Canarias S.A.U. (GMR Canarias),Infrastructure & Hardware,2,2
Gestión de Medio Rural de Canarias S.A.U. (GMR Canarias),Software & Development,2,3
Gobierno Vasco - Cultura y Política Lingüística,Other,2,0
Gobierno Vasco - Movilidad Sostenible,Other,2,0
Gobierno Vasco - Seguridad,Other,2,0
Gobierno de La Rioja,Infrastructure & Hardware,2,0
Hospital Clínic de Barcelona,Software & Development,2,4
Hospital Pare Jofré. Dirección Económica-Gerencia,Other,2,0
Hospital Universitario Infanta Leonor,Software & Development,2,4
Hospital Universitario Joan XXIII,Software & Development,2,4
Hospital Universitario Ramón y Cajal,Software & Development,2,3
IMAS - Coordinació dels centres d'Inclusió Social,Other,2,0
INSS-Dirección Provincial de León,Other,2,0
INSS-Dirección Provincial de Melilla,Other,2,0
INSS-Dirección provincial de Alicante,Software & Development,2,0
INSS-Dirección provincial de Jaén,Other,2,0
INSS-Dirección provincial de La Rioja,Other,2,0
INSS-Dirección provincial de Navarra,Other,2,0
INSS-Dirección provincial de Ourense,Other,2,0
INSS-Dirección provincial en Illes Balears,Infrastructure & Hardware,2,2
INSTITUT CATALÀ DE LA SALUT - HOSPITAL UNIVERSITARI VALL HEBRON,Software & Development,2,4
INSTITUTO ANDALUZ DE PREVENCION DE RIESGOS LABORALES,Other,2,0
"INTERBIAK BIZKAIA, S.A. M.P. - INTERBIAK",Infrastructure & Hardware,2,2
"ITELAZPI, S.A. - ITELAZPI, S.A.",Software & Development,2,4
Ineco-Consejo de Administración,Other,2,0
Infraestructures Ferroviàries de Catalunya,Other,2,0
"Infraestructures de la Generalitat de Catalunya, SAU",Infrastructure & Hardware,2,2
Institut Balear de l'Habitatge,Infrastructure & Hardware,2,2
Institut Cartogràfic i Geogràfic de les Illes Balears,Software & Development,2,2
Institut Cartogràfic i Geològic de Catalunya,Other,2,0
Institut Cartogràfic i Geològic de Catalunya,Software & Development,2,2
Institut Valencià de Cultura,Software & Development,2,2
Institut d'Investigació Biomèdica de Girona (IDIBGI),Other,2,0
Institut de Cultura de Barcelona,Other,2,0
Instituto Aragonés de Gestión Ambiental (INAGA),Other,2,0
Instituto Aragonés de la Mujer (IAM),Other,2,0
Instituto Municipal de las Artes Escénicas Gran Teatro de Córdoba,Infrastructure & Hardware,2,0
Instituto Municipal de las Artes Escénicas Gran Teatro de Córdoba,Software & Development,2,0
Instituto Nacional de Estadística INE,Cloud,2,2
"Instituto Navarro de Tecnologías e Infraestructuras Agroalimentarias, SA",Other,2,0
Instituto Social de la Marina -Dirección Provincial de Asturias,Other,2,0
Instituto Social de la Marina -Dirección Provincial de Madrid,Other,2,0
Instituto Social de la Marina -Dirección Provincial de Málaga,Other,2,0
Instituto Social de la Marina -División de Administración y Análisis Presupuestario,Cloud,2,6
Instituto Social de las Fuerzas Armadas (ISFAS),Software & Development,2,2
Instituto Tecnológico Agrario de Castilla y León,Infrastructure & Hardware,2,2
Instituto Tecnológico de Aragón (ITA),Infrastructure & Hardware,2,0
Instituto Tecnológico de Canarias S.A.,Infrastructure & Hardware,2,2
Instituto de Estudios Gienenses,Software & Development,2,0
Instituto de la Juventud de Extremadura,Infrastructure & Hardware,2,2
Intendente de Cartagena,Infrastructure & Hardware,2,0
Intendente de Cartagena,Software & Development,2,2
Intendente de San Fernando,Software & Development,2,3
"JUNTA DE ANDALUCÍA. CONSEJERÍA DE ECONOMÍA, HACIENDA, FONDOS EUROPEOS Y DIÁLOGO SOCIAL. DIRECCIÓN GENERAL DE CONTRATACIÓN",Infrastructure & Hardware,2,0
JUNTA DE ANDALUCÍACONSEJERÍA DE DESARROLLO EDUCATIVO Y FORMACIÓN PROFESIONAL,Other,2,0
JUNTA DE GOBIERNO DEL AYUNTAMIENTO DE MAGACELA,Other,2,0
JUNTA DE GOBIERNO DEL AYUNTAMIENTO DE SANTANYÍ,Software & Development,2,2
Jefatura Superior de Policía de la Comunidad Valenciana,Other,2,0
Jefatura de Asuntos Económicos de la Guardia Civil,AI & Machine Learning,2,6
Jefatura de Intendencia de Asuntos Económicos Centro,Software & Development,2,5
Jefatura de la Sección Económico Administrativa 22 - Base Aérea de Torrejón (Agrupación de Base),Infrastructure & Hardware,2,2
Jefatura de la Sección Económico Administrativa 23 de la Base Aérea de Albacete,Software & Development,2,0
Junta De Gobierno Local del Ayuntamiento de Huércal-Overa,Infrastructure & Hardware,2,2
Junta De Gobierno Local del Ayuntamiento de Huércal-Overa,Software & Development,2,2
Junta De Gobierno Local del Ayuntamiento de Viator,Software & Development,2,2
Junta De Gobierno del Ayuntamiento de Los Gallardos,Other,2,0
Junta Directiva de la Asociación Club de Producto Cicloturismo en Madrid,Other,2,0
Junta Directiva de la Asociación de Municipios Turísticos de Canarias,Data & Analytics,2,0
"Junta General de Aguas de Alcázar, Empresa Municipal S.A.U.",Other,2,0
Junta General del Consorcio Estación Recreativa Puerto de la Ragua,Other,2,0
Junta Rectora de Patronato Deportivo Municipal de Palma del Río (Córdoba),Other,2,0
Junta Rectora de la Fundación Pública Patronato Municipal de Personas con Discapacidad de La Rinconada,Other,2,0
Junta Rectora del Consorci Museu Marítim de Mallorca,Other,2,0
"Junta Rectora del Organismo Autónomo Local del Servicio de Atención a la Tercera Edad, Residencia Zallako Eguzki",Other,2,0
Junta Rectora del Patronato Deportivo Municipal de Cangas de Onís,Other,2,0
Junta Rectora del Patronato Municipal de Deportes del Ayuntamiento de Ogíjares,Other,2,0
Junta Vecinal de Fuentes de Peñacorada,Other,2,0
Junta Vecinal de Robledo de la Guzpeña,Other,2,0
Junta Vecinal de Villasidro,Other,2,0
Junta Vecinal de Villimer,Other,2,0
Junta Vecinal de Yudego,Other,2,0
Junta Vecinal de la Entidad Local Autónoma de Torrecera,Other,2,0
Junta Vecinal de la Entidad Local Menor de Piedrafita de Jaca,Other,2,0
Junta Vecinal de la Entidad Local Menor de Valdivia,Other,2,0
"Junta de Compras de Informa DB, S.A.",Cloud,2,3
Junta de Contratación de la Secretaría de Estado de Justicia,Data & Analytics,2,0
Junta de Contratación de la Secretaría de Estado de Justicia,Infrastructure & Hardware,2,0
Junta de Contratación de los Servicios Centrales en el Ministerio de Hacienda,Infrastructure & Hardware,2,2
Junta de Contratación del Ejército de Tierra,Infrastructure & Hardware,2,2
Junta de Contratación del Fondo Español de Garantía Agraria,Software & Development,2,1
"Junta de Contratación del Ministerio de Agricultura, Pesca y Alimentación",Infrastructure & Hardware,2,2
Junta de Contratación del Ministerio de Cultura,Cloud,2,0
Junta de Contratación del Ministerio de Cultura,Data & Analytics,2,0
Junta de Contratación del Ministerio de Cultura y Deporte,Software & Development,2,3
"Junta de Contratación del Ministerio de Inclusión, Seguridad Social y Migraciones",Software & Development,2,2
Junta de Contratación del Ministerio de Industria y Turismo,Software & Development,2,1
Junta de Contratación del Ministerio de Sanidad,Infrastructure & Hardware,2,1
Junta de Contratación del Ministerio de Trabajo y Economía Social,Data & Analytics,2,0
Junta de Contratación del Ministerio para la Transformación Digital y de la Función Pública,Software & Development,2,2
Junta de Gobierno Local de Ayuntamiento de Priego de Córdoba,Software & Development,2,0
Junta de Gobierno Local de la Mancomunitat des Raiguer,Other,2,0
Junta de Gobierno Local del Ayuntamiento de Albuñol,Other,2,0
Junta de Gobierno Local del Ayuntamiento de Aldea del Fresno,Other,2,0
Junta de Gobierno Local del Ayuntamiento de Aldeamayor de San Martín,Other,2,0
Junta de Gobierno Local del Ayuntamiento de Alhendín,Software & Development,2,2
Junta de Gobierno Local del Ayuntamiento de Almuradiel,Other,2,0
Junta de Gobierno Local del Ayuntamiento de Ames,Software & Development,2,3
Junta de Gobierno Local del Ayuntamiento de Aranga,Other,2,0
Junta de Gobierno Local del Ayuntamiento de Arcos de Jalón,Other,2,0
Junta de Gobierno Local del Ayuntamiento de Barlovento,Other,2,0
Junta de Gobierno Local del Ayuntamiento de Benalup-Casas Viejas,Other,2,0
Junta de Gobierno Local del Ayuntamiento de Benuza,Other,2,0
Junta de Gobierno Local del Ayuntamiento de Buenavista del Norte,Other,2,0
Junta de Gobierno Local del Ayuntamiento de Calasparra,Other,2,0
Junta de Gobierno Local del Ayuntamiento de Candín,Other,2,0
Junta de Gobierno Local del Ayuntamiento de Cangas de Onís,Other,2,0
Junta de Gobierno Local del Ayuntamiento de Cantalejo,Other,2,0
Junta de Gobierno Local del Ayuntamiento de Carracedelo,Other,2,0
Junta de Gobierno Local del Ayuntamiento de Cartagena,Infrastructure & Hardware,2,1
Junta de Gobierno Local del Ayuntamiento de Colmenar Viejo,Infrastructure & Hardware,2,4
Junta de Gobierno Local del Ayuntamiento de Corullón,Other,2,0
Junta de Gobierno Local del Ayuntamiento de Daya Vieja,Other,2,0
Junta de Gobierno Local del Ayuntamiento de El Palmar de Troya,Cloud,2,2
Junta de Gobierno Local del Ayuntamiento de Entrimo,Other,2,0
Junta de Gobierno Local del Ayuntamiento de Ezcaray,Other,2,0
Junta de Gobierno Local del Ayuntamiento de Fasnia,Other,2,0
Junta de Gobierno Local del Ayuntamiento de Ferrol,Cloud,2,4
Junta de Gobierno Local del Ayuntamiento de Fornelos de Montes,Other,2,0
Junta de Gobierno Local del Ayuntamiento de Guadix,Software & Development,2,2
Junta de Gobierno Local del Ayuntamiento de Gualchos,Other,2,0
Junta de Gobierno Local del Ayuntamiento de Hoyo de Manzanares,Software & Development,2,1
Junta de Gobierno Local del Ayuntamiento de Huércanos,Other,2,0
Junta de Gobierno Local del Ayuntamiento de Jerez,Infrastructure & Hardware,2,1
Junta de Gobierno Local del Ayuntamiento de La Guancha,Infrastructure & Hardware,2,2
Junta de Gobierno Local del Ayuntamiento de La Vecilla de Curueño,Other,2,0
Junta de Gobierno Local del Ayuntamiento de Los Silos,Other,2,0
Junta de Gobierno Local del Ayuntamiento de Lumbrales,Other,2,0
Junta de Gobierno Local del Ayuntamiento de Maracena,Software & Development,2,1
Junta de Gobierno Local del Ayuntamiento de Melide,Other,2,0
Junta de Gobierno Local del Ayuntamiento de Mislata,Other,2,0
Junta de Gobierno Local del Ayuntamiento de Mondoñedo,Other,2,0
Junta de Gobierno Local del Ayuntamiento de Montanejos,Other,2,0
Junta de Gobierno Local del Ayuntamiento de Ojós,Other,2,0
Junta de Gobierno Local del Ayuntamiento de Onil,Software & Development,2,1
Junta de Gobierno Local del Ayuntamiento de Osuna,Software & Development,2,1
Junta de Gobierno Local del Ayuntamiento de Pereruela,Other,2,0
Junta de Gobierno Local del Ayuntamiento de Puigpunyent,Infrastructure & Hardware,2,2
Junta de Gobierno Local del Ayuntamiento de Puigpunyent,Other,2,0
Junta de Gobierno Local del Ayuntamiento de Páramo del Sil,Other,2,0
Junta de Gobierno Local del Ayuntamiento de San Carlos del Valle,Other,2,0
Junta de Gobierno Local del Ayuntamiento de San Cristóbal de Entreviñas,Other,2,0
Junta de Gobierno Local del Ayuntamiento de San Pablo de los Montes,Other,2,0
Junta de Gobierno Local del Ayuntamiento de Sanlúcar de Barrameda,Software & Development,2,1
Junta de Gobierno Local del Ayuntamiento de Santa Colomba de Somoza,Other,2,0
Junta de Gobierno Local del Ayuntamiento de Santa Marina del Rey,Other,2,0
Junta de Gobierno Local del Ayuntamiento de Sayalonga,Other,2,0
Junta de Gobierno Local del Ayuntamiento de Tarancón,Other,2,0
Junta de Gobierno Local del Ayuntamiento de Teruel,Software & Development,2,1
Junta de Gobierno Local del Ayuntamiento de Torre Pacheco,Other,2,0
Junta de Gobierno Local del Ayuntamiento de Torremocha de Jarama,Other,2,0
Junta de Gobierno Local del Ayuntamiento de Tui,Other,2,0
Junta de Gobierno Local del Ayuntamiento de Villanueva del Pardillo,Software & Development,2,2
Junta de Gobierno Local del Concello de Guitiriz,Infrastructure & Hardware,2,2
Junta de Gobierno Local del Instituto Municipal de Servicios Sociales de Calanda,Other,2,0
Junta de Gobierno de la Acadèmia Valenciana de la Llengua,Software & Development,2,0
Junta de Gobierno de la Agencia Pública para la Gestión de la Casa Natal de Pablo Ruiz Picasso y otros Equipamientos Museístico y Culturales,Other,2,0
Junta de Gobierno de la Diputación Provincial de Huelva,Infrastructure & Hardware,2,2
Junta de Gobierno de la Diputación Provincial de Lugo,Infrastructure & Hardware,2,2
Junta de Gobierno de la Mancomunidad Intermunicipal de l'Horta Sud,Other,2,0
Junta de Gobierno de la Mancomunidad de Municipios de la Bahía de Cádiz,Infrastructure & Hardware,2,2
Junta de Gobierno de la Mancomunidad de Municipios del Noroeste,Other,2,0
Junta de Gobierno de la Mancomunidad de Servicios Sociales Sierra Norte,Other,2,0
Junta de Gobierno del Ajuntament de Moncada,Cloud,2,6
Junta de Gobierno del Ayuntamiento San Juan de Aznalfarache,Software & Development,2,2
Junta de Gobierno del Ayuntamiento Villa de Agüimes,Other,2,0
Junta de Gobierno del Ayuntamiento de A Coruña,AI & Machine Learning,2,2
Junta de Gobierno del Ayuntamiento de A Coruña,Software & Development,2,2
Junta de Gobierno del Ayuntamiento de Alaquàs,Other,2,0
Junta de Gobierno del Ayuntamiento de Albacete,Infrastructure & Hardware,2,1
Junta de Gobierno del Ayuntamiento de Alcorcón,Infrastructure & Hardware,2,1
Junta de Gobierno del Ayuntamiento de Aldaia,Other,2,0
Junta de Gobierno del Ayuntamiento de Almaraz,Other,2,0
Junta de Gobierno del Ayuntamiento de Almería,Cloud,2,4
Junta de Gobierno del Ayuntamiento de Arboleas,Other,2,0
Junta de Gobierno del Ayuntamiento de Beneixama,Other,2,0
Junta de Gobierno del Ayuntamiento de Benissa,Infrastructure & Hardware,2,1
Junta de Gobierno del Ayuntamiento de Betxí,Software & Development,2,0
Junta de Gobierno del Ayuntamiento de Bueu,Infrastructure & Hardware,2,2
Junta de Gobierno del Ayuntamiento de Burgos,Infrastructure & Hardware,2,1
Junta de Gobierno del Ayuntamiento de Burguillos,Other,2,0
Junta de Gobierno del Ayuntamiento de Burjassot,Cybersecurity,2,2
Junta de Gobierno del Ayuntamiento de Burjassot,Infrastructure & Hardware,2,2
Junta de Gobierno del Ayuntamiento de Carcaixent,Software & Development,2,0
Junta de Gobierno del Ayuntamiento de Carlet,Infrastructure & Hardware,2,0
Junta de Gobierno del Ayuntamiento de Cervera de Pisuerga,Other,2,0
Junta de Gobierno del Ayuntamiento de Chiprana,Other,2,0
Junta de Gobierno del Ayuntamiento de Cobeña,Other,2,0
Junta de Gobierno del Ayuntamiento de Cudillero,Other,2,0
Junta de Gobierno del Ayuntamiento de El Espinar,Software & Development,2,2
Junta de Gobierno del Ayuntamiento de El Puig de Santa María,Infrastructure & Hardware,2,2
Junta de Gobierno del Ayuntamiento de El Rosario,Software & Development,2,1
Junta de Gobierno del Ayuntamiento de Elche,Cloud,2,3
Junta de Gobierno del Ayuntamiento de Elda,Infrastructure & Hardware,2,2
Junta de Gobierno del Ayuntamiento de Finestrat,Other,2,0
Junta de Gobierno del Ayuntamiento de Fuengirola,AI & Machine Learning,2,4
Junta de Gobierno del Ayuntamiento de Fuente-Álamo,Other,2,0
Junta de Gobierno del Ayuntamiento de Galapagar,Infrastructure & Hardware,2,2
Junta de Gobierno del Ayuntamiento de Gandía,Cloud,2,3
Junta de Gobierno del Ayuntamiento de Gandía,Infrastructure & Hardware,2,0
Junta de Gobierno del Ayuntamiento de Getafe,Infrastructure & Hardware,2,1
Junta de Gobierno del Ayuntamiento de Gijón,Cybersecurity,2,2
Junta de Gobierno del Ayuntamiento de Granja de Rocamora,Other,2,0
Junta de Gobierno del Ayuntamiento de Guijuelo,Other,2,0
Junta de Gobierno del Ayuntamiento de Herrerías,Other,2,0
Junta de Gobierno del Ayuntamiento de Illas,Other,2,0
Junta de Gobierno del Ayuntamiento de L'Alfàs del Pi,Infrastructure & Hardware,2,0
Junta de Gobierno del Ayuntamiento de L'Eliana,Other,2,0
Junta de Gobierno del Ayuntamiento de L'Olleria,Software & Development,2,2
Junta de Gobierno del Ayuntamiento de La Oliva,Software & Development,2,2
Junta de Gobierno del Ayuntamiento de La Rinconada,Software & Development,2,3
Junta de Gobierno del Ayuntamiento de La Unión,Software & Development,2,1
Junta de Gobierno del Ayuntamiento de La Vall de Gallinera,Other,2,0
Junta de Gobierno del Ayuntamiento de Leganés,Cloud,2,3
Junta de Gobierno del Ayuntamiento de Leganés,Infrastructure & Hardware,2,0
Junta de Gobierno del Ayuntamiento de Lepe,Infrastructure & Hardware,2,2
Junta de Gobierno del Ayuntamiento de Llíria,Software & Development,2,1
Junta de Gobierno del Ayuntamiento de Los Alcázares,Infrastructure & Hardware,2,0
Junta de Gobierno del Ayuntamiento de Los Montesinos,Infrastructure & Hardware,2,2
Junta de Gobierno del Ayuntamiento de Lugo,Software & Development,2,1
Junta de Gobierno del Ayuntamiento de Majadahonda,Cybersecurity,2,2
Junta de Gobierno del Ayuntamiento de Marbella,Data & Analytics,2,0
Junta de Gobierno del Ayuntamiento de Mejorada del Campo,Software & Development,2,1
Junta de Gobierno del Ayuntamiento de Mieres,Infrastructure & Hardware,2,1
Junta de Gobierno del Ayuntamiento de Monachil,Software & Development,2,1
Junta de Gobierno del Ayuntamiento de Monforte del Cid,Software & Development,2,2
Junta de Gobierno del Ayuntamiento de Mula,Infrastructure & Hardware,2,2
Junta de Gobierno del Ayuntamiento de Mutxamel,Software & Development,2,0
Junta de Gobierno del Ayuntamiento de Móstoles,Software & Development,2,2
Junta de Gobierno del Ayuntamiento de Orihuela,Cloud,2,2
Junta de Gobierno del Ayuntamiento de Ourense,Cybersecurity,2,3
Junta de Gobierno del Ayuntamiento de Oviedo,Cloud,2,2
Junta de Gobierno del Ayuntamiento de Paiporta,Software & Development,2,1
Junta de Gobierno del Ayuntamiento de Parla,Cloud,2,4
Junta de Gobierno del Ayuntamiento de Paterna,Infrastructure & Hardware,2,0
Junta de Gobierno del Ayuntamiento de Portomarín,Other,2,0
Junta de Gobierno del Ayuntamiento de Puentes Viejas,Other,2,0
Junta de Gobierno del Ayuntamiento de Quintanar de la Orden,Software & Development,2,2
Junta de Gobierno del Ayuntamiento de Ribadavia,Other,2,0
Junta de Gobierno del Ayuntamiento de Rincón de la Victoria,Other,2,0
Junta de Gobierno del Ayuntamiento de Sagunto,Cloud,2,7
Junta de Gobierno del Ayuntamiento de Sagunto,Software & Development,2,1
Junta de Gobierno del Ayuntamiento de Salobreña,Software & Development,2,1
Junta de Gobierno del Ayuntamiento de San Andrés del Rabanedo,Software & Development,2,1
Junta de Gobierno del Ayuntamiento de San Andrés y Sauces,Other,2,0
Junta de Gobierno del Ayuntamiento de San Cibrao das Viñas,Other,2,0
Junta de Gobierno del Ayuntamiento de San Cristovo de Cea,Other,2,0
Junta de Gobierno del Ayuntamiento de San Cristóbal de La Laguna,Data & Analytics,2,1
Junta de Gobierno del Ayuntamiento de San Esteban de Gormaz,Software & Development,2,4
Junta de Gobierno del Ayuntamiento de San Martín de la Vega,Software & Development,2,2
Junta de Gobierno del Ayuntamiento de San Pedro del Pinatar,Cloud,2,3
Junta de Gobierno del Ayuntamiento de San Pedro del Pinatar,Software & Development,2,2
Junta de Gobierno del Ayuntamiento de San Vicente Raspeig,Cybersecurity,2,3
Junta de Gobierno del Ayuntamiento de Santa Fe,Software & Development,2,1
Junta de Gobierno del Ayuntamiento de Santa Pola,Infrastructure & Hardware,2,2
Junta de Gobierno del Ayuntamiento de Sedaví,Data & Analytics,2,0
Junta de Gobierno del Ayuntamiento de Sedaví,Software & Development,2,1
Junta de Gobierno del Ayuntamiento de Sobrescobio,Other,2,0
Junta de Gobierno del Ayuntamiento de Socuéllamos,Software & Development,2,2
Junta de Gobierno del Ayuntamiento de Soto y Amío,Other,2,0
Junta de Gobierno del Ayuntamiento de Talavera de la Reina,Cloud,2,3
Junta de Gobierno del Ayuntamiento de Toledo,Cloud,2,0
Junta de Gobierno del Ayuntamiento de Tomelloso,Infrastructure & Hardware,2,1
Junta de Gobierno del Ayuntamiento de Torremolinos,Other,2,0
Junta de Gobierno del Ayuntamiento de Torrent,Infrastructure & Hardware,2,1
Junta de Gobierno del Ayuntamiento de Torrevieja,Software & Development,2,2
Junta de Gobierno del Ayuntamiento de Valdemoro,Software & Development,2,0
Junta de Gobierno del Ayuntamiento de Venturada,Other,2,0
Junta de Gobierno del Ayuntamiento de Villanueva de Perales,Other,2,0
Junta de Gobierno del Ayuntamiento de Vinarós,Cloud,2,3
Junta de Gobierno del Ayuntamiento de Vélez-Málaga,Software & Development,2,0
Junta de Gobierno del Ayuntamiento de Ágreda,Other,2,0
Junta de Gobierno del Consell Insular de Formentera,Infrastructure & Hardware,2,2
Junta de Gobierno del Consorcio para la Ejecución de las Previsiones del Plan Zonal de Residuos de las Zonas III y VIII Área de Gestión 2,Other,2,0
Junta de Gobierno del Instituto Municipal para la Formación y el Empleo (IMFE),Other,2,0
Junta de Gobierno local del Ayuntamiento de la Villa y Puerto de Garachico,Software & Development,2,2
Junta de Govern Local de l'Ajuntament de L'Alqueria de la Comtessa,Other,2,0
Junta del Gobierno Local del Ayuntamiento de Haro,Software & Development,2,2
LANTIK - LANTIK,Cloud,2,4
LANTIK - LANTIK,Other,2,0
"La Almoraima S.A., S.M.E.",Other,2,0
"Logaritme, Serveis Logístics, AIE",Other,2,0
MERCADOS DE ABASTECIMIENTOS DE BARCELONA S.A.,Cybersecurity,2,2
"METRO DE MADRID, SOCIEDAD ANÓNIMA",Software & Development,2,4
"Madrid Calle 30, S.A.",Infrastructure & Hardware,2,0
"Madrid Destino Cultura Turismo y Negocio, S.A.",Cloud,2,0
Mesa de las Cortes de Aragón,Cybersecurity,2,2
Mesa de las Cortes de Castilla y León,Software & Development,2,2
Mesa del Senado,Data & Analytics,2,0
Mesa-Comisión de Gobierno del Parlamento de Cantabria,Software & Development,2,1
"Metro Bilbao, S.A. - Metro Bilbao, S.A.",Software & Development,2,3
"Ministerio de Educación, Formación Profesional y Deportes",Software & Development,2,2
"Mutua Universal Mugenat, Mutua Colaboradora con la Seguridad Social nº 10",Data & Analytics,2,1
Mutualidad General Judicial MUGEJU,Software & Development,2,1
NATURGY ENERGY GROUP,Cloud,2,6
"Navarra Impulsa Cultura, Deporte y Ocio, S.L.",Other,2,0
Nueva Romareda S.L.,Software & Development,2,0
OSAKIDETZA - Servicio Vasco de Salud - OSI Barakaldo-Sestao (Impulsora),Data & Analytics,2,0
OSAKIDETZA - Servicio Vasco de Salud - Organización Central,AI & Machine Learning,2,6
OSAKIDETZA - Servicio Vasco de Salud - Organización Central,Infrastructure & Hardware,2,2
OSAKIDETZA - Servicio Vasco de Salud - Organización Sanitaria Integrada Bajo Deba (Impulsora),Other,2,0
OSAKIDETZA - Servicio Vasco de Salud - Red de Salud Mental de Bizkaia,Infrastructure & Hardware,2,2
Oficina Andaluza contra el Fraude y la Corrupción,Other,2,0
Organismo Autónomo Agencia para el Empleo de Madrid,Software & Development,2,1
Organismo Autónomo Gerencia Municipal de Urbanismo del Ayuntamiento de San Cristóbal de la Laguna,Software & Development,2,3
Organismo Autónomo Informática del Ayuntamiento de Madrid,Cybersecurity,2,3
Organismo Autónomo Instituto de la Juventud,Cybersecurity,2,2
Organismo Autónomo Instituto de la Juventud,Infrastructure & Hardware,2,0
Organismo Autónomo Parques Nacionales,Infrastructure & Hardware,2,2
Organismo Autónomo Protección de la Legalidad Urbanística RESTAURA,Other,2,0
Organismo Autónomo de Gestión Tributaria y Recaudación de la Diputación Provincial de Cuenca,Cloud,2,4
Organismo Autónomo de Gestión Tributaria y Recaudación de la Diputación Provincial de Cuenca,Other,2,0
PATRONATO DE LA ALHAMBRA Y GENERALIFE,Other,2,0
PLENO DEL AYUNTAMIENTO DE SAN PEDRO DE MÉRIDA,Other,2,0
"PROMOCIONS URBANÍSTIQUES DE MATARÓ, SA",Software & Development,2,2
Padroado da Cultura de Narón,Other,2,0
"Paradores de Turismo de España, S.M.E., S.A.",Cloud,2,4
Parc Sanitari Pere Virgili (Dep. Contractació),Software & Development,2,2
Parlament de Catalunya,Infrastructure & Hardware,2,2
Parlamento Vasco - Parlamento Vasco,Other,2,0
Parque Científico y Tecnológico de Córdoba S.L.,Other,2,0
Parque Móvil del Estado,Software & Development,2,2
Patronato Municipal de Deportes de Donostia/San Sebastián - Patronato Municipal de Deportes de Donostia/San Sebastián,Other,2,0
Patronato Municipal de Música de Ceuta,Other,2,0
Patronato de la Fundación Camino Lebaniego,Other,2,0
"Patronato de la Fundación Laboral de Personas con Discapacidad Santa Bárbara FSP, MP",Other,2,0
Persona Titular de la Delegación de Economía y Hacienda en Jaén,Other,2,0
Persona titular de la Delegación de Economía y Hacienda en Albacete,Other,2,0
Pleno Corporación Municipal del Ayuntamiento de Illueca,Other,2,0
Pleno de Ayuntamiento de Añora,Other,2,0
Pleno de Ayuntamiento de Baena,Other,2,0
Pleno de Gobierno del Ayuntamiento de Es Castell,Other,2,0
Pleno de la Diputación Provincial de Castellón,Software & Development,2,0
Pleno de la Diputación Provincial de Málaga,Infrastructure & Hardware,2,1
Pleno de la Diputación Provincial de Málaga,Software & Development,2,1
Pleno de la Diputación Provincial de Sevilla,Cybersecurity,2,4
Pleno de la Diputación Provincial de Sevilla,Infrastructure & Hardware,2,2
Pleno de la Diputación Provincial de Valladolid,Other,2,0
Pleno de la Diputación Provincial de Zaragoza,Infrastructure & Hardware,2,2
Pleno de la Diputación Provincial de Zaragoza,Software & Development,2,4
Pleno de la Entidad Local Menor San Medel,Other,2,0
Pleno de la Entidad Local Menor de El Temple,Other,2,0
Pleno de la Junta Vecinal de Velilla de la Reina,Other,2,0
Pleno de la Mancomunidad La Vega,Other,2,0
Pleno de la Mancomunidad Los Valles,Other,2,0
Pleno de la Mancomunidad MISECAM,Other,2,0
Pleno de la Mancomunidad Villas Alcarreñas,Other,2,0
Pleno de la Mancomunidad de Penyagolosa-Pobles del Nord,Other,2,0
Pleno de la Mancomunidade de Concellos da Comarca de Ferrol,Other,2,0
Pleno de la Mancomunitat Circuit Cultural Comarcal de la Marina Alta,Other,2,0
Pleno del Alcaldía del Ayuntamiento de Lillo,Other,2,0
Pleno del Ayuntamiento Almonacid de La Cuba,Other,2,0
Pleno del Ayuntamiento Codo,Other,2,0
Pleno del Ayuntamiento Fuendejalon,Other,2,0
Pleno del Ayuntamiento Massalavés,Other,2,0
Pleno del Ayuntamiento San Juan de Aznalfarache,Other,2,0
Pleno del Ayuntamiento Villarramiel (Palencia),Other,2,0
Pleno del Ayuntamiento d'Almiserà,Other,2,0
Pleno del Ayuntamiento de Abrucena,Other,2,0
Pleno del Ayuntamiento de Acebedo,Other,2,0
Pleno del Ayuntamiento de Acered,Other,2,0
Pleno del Ayuntamiento de Adanero,Other,2,0
Pleno del Ayuntamiento de Aguilar de Campoo,Other,2,0
Pleno del Ayuntamiento de Aguilón,Other,2,0
Pleno del Ayuntamiento de Aielo de Rugat,Infrastructure & Hardware,2,2
Pleno del Ayuntamiento de Alameda del Valle,Other,2,0
Pleno del Ayuntamiento de Alaró,Other,2,0
Pleno del Ayuntamiento de Albal,Other,2,0
Pleno del Ayuntamiento de Albalate del Arzobispo,Other,2,0
Pleno del Ayuntamiento de Alberic,Other,2,0
Pleno del Ayuntamiento de Albillos,Other,2,0
Pleno del Ayuntamiento de Alborge,Other,2,0
Pleno del Ayuntamiento de Alcalá de la Vega,Other,2,0
Pleno del Ayuntamiento de Alcolea,Other,2,0
Pleno del Ayuntamiento de Alcolea del Pinar,Other,2,0
Pleno del Ayuntamiento de Alcudia de Veo,Other,2,0
Pleno del Ayuntamiento de Aldehuela de Liestos,Other,2,0
Pleno del Ayuntamiento de Alforque,Other,2,0
Pleno del Ayuntamiento de Alginet,Other,2,0
Pleno del Ayuntamiento de Alhama de Murcia,Other,2,0
Pleno del Ayuntamiento de Allepuz,Other,2,0
Pleno del Ayuntamiento de Almoines,Other,2,0
Pleno del Ayuntamiento de Alpera,Other,2,0
Pleno del Ayuntamiento de Altarejos,Other,2,0
Pleno del Ayuntamiento de Alzira,Software & Development,2,3
Pleno del Ayuntamiento de Ambel,Other,2,0
Pleno del Ayuntamiento de Andorra,Other,2,0
Pleno del Ayuntamiento de Aniñon,Other,2,0
Pleno del Ayuntamiento de Arafo,Other,2,0
Pleno del Ayuntamiento de Arcos de la Llana,Other,2,0
Pleno del Ayuntamiento de Arcos de la Polvorosa,Other,2,0
Pleno del Ayuntamiento de Argamasilla de Calatrava,Other,2,0
Pleno del Ayuntamiento de Ariany,Other,2,0
Pleno del Ayuntamiento de Arija,Other,2,0
Pleno del Ayuntamiento de Arona,Other,2,0
Pleno del Ayuntamiento de Arucas,Other,2,0
Pleno del Ayuntamiento de As Pontes de García Rodríguez,Other,2,0
Pleno del Ayuntamiento de Asín,Other,2,0
Pleno del Ayuntamiento de Atea,Other,2,0
Pleno del Ayuntamiento de Aín,Other,2,0
Pleno del Ayuntamiento de Barbadillo del Pez,Other,2,0
Pleno del Ayuntamiento de Baza,Other,2,0
Pleno del Ayuntamiento de Baños de la Encina,Other,2,0
Pleno del Ayuntamiento de Beas de Segura,Other,2,0
Pleno del Ayuntamiento de Benahadux,Other,2,0
Pleno del Ayuntamiento de Benalup-Casas Viejas,Other,2,0
Pleno del Ayuntamiento de Benamejí,Other,2,0
Pleno del Ayuntamiento de Benavente,Other,2,0
Pleno del Ayuntamiento de Benavites,Other,2,0
Pleno del Ayuntamiento de Benicàssim,Other,2,0
Pleno del Ayuntamiento de Benidorm,Other,2,0
Pleno del Ayuntamiento de Beniflá,Other,2,0
Pleno del Ayuntamiento de Benimeli,Other,2,0
Pleno del Ayuntamiento de Benissoda,Other,2,0
Pleno del Ayuntamiento de Berrueco,Other,2,0
Pleno del Ayuntamiento de Betxí,Other,2,0
Pleno del Ayuntamiento de Bicorp,Other,2,0
Pleno del Ayuntamiento de Bimenes,Other,2,0
Pleno del Ayuntamiento de Biota,Other,2,0
Pleno del Ayuntamiento de Biscarrues,Other,2,0
Pleno del Ayuntamiento de Boltaña,Other,2,0
Pleno del Ayuntamiento de Boquiñeni,Other,2,0
Pleno del Ayuntamiento de Bormujos,Other,2,0
Pleno del Ayuntamiento de Borobia,Other,2,0
Pleno del Ayuntamiento de Borriana,Other,2,0
Pleno del Ayuntamiento de Botorrita,Other,2,0
Pleno del Ayuntamiento de Braojos de la Sierra,Other,2,0
Pleno del Ayuntamiento de Brazuelo,Other,2,0
Pleno del Ayuntamiento de Brenes,Other,2,0
Pleno del Ayuntamiento de Budia,Other,2,0
Pleno del Ayuntamiento de Bárcena de Pie de Concha,Other,2,0
Pleno del Ayuntamiento de Cabolafuente,Other,2,0
Pleno del Ayuntamiento de Cabreros del Río,Other,2,0
Pleno del Ayuntamiento de Calahorra,Other,2,0
Pleno del Ayuntamiento de Calatorao,Other,2,0
Pleno del Ayuntamiento de Camas,Other,2,0
Pleno del Ayuntamiento de Caminreal,Other,2,0
Pleno del Ayuntamiento de Campillo de Altobuey,Other,2,0
Pleno del Ayuntamiento de Campillo de Arenas,Other,2,0
Pleno del Ayuntamiento de Canencia,Other,2,0
Pleno del Ayuntamiento de Canet lo Roig,Other,2,0
Pleno del Ayuntamiento de Carrascal de Barregas,Other,2,0
Pleno del Ayuntamiento de Carreño,Other,2,0
Pleno del Ayuntamiento de Castilleja de la Cuesta,Other,2,0
Pleno del Ayuntamiento de Castillo de Locubín,Other,2,0
Pleno del Ayuntamiento de Castrejón de la Peña,Other,2,0
Pleno del Ayuntamiento de Cavia,Other,2,0
Pleno del Ayuntamiento de Cea,Other,2,0
Pleno del Ayuntamiento de Cenicientos,Other,2,0
Pleno del Ayuntamiento de Cerdedo-Cotobade,Other,2,0
Pleno del Ayuntamiento de Cervera de Pisuerga,Other,2,0
Pleno del Ayuntamiento de Chilches Xilxes,Other,2,0
Pleno del Ayuntamiento de Chodes,Other,2,0
Pleno del Ayuntamiento de Ciempozuelos,Other,2,0
Pleno del Ayuntamiento de Cimanes del Tejar,Other,2,0
Pleno del Ayuntamiento de Ciruelos de Cervera,Other,2,0
Pleno del Ayuntamiento de Ciutadella de Menorca,Other,2,0
Pleno del Ayuntamiento de Coca de Alba,Other,2,0
Pleno del Ayuntamiento de Cocentaina,Other,2,0
Pleno del Ayuntamiento de Colindres,Other,2,0
Pleno del Ayuntamiento de Corbera,Other,2,0
Pleno del Ayuntamiento de Corbillos de los Oteros,Other,2,0
Pleno del Ayuntamiento de Corral de Calatrava,Other,2,0
Pleno del Ayuntamiento de Costitx,Other,2,0
Pleno del Ayuntamiento de Cubillas de Rueda,Other,2,0
Pleno del Ayuntamiento de Daganzo de Arriba,Other,2,0
Pleno del Ayuntamiento de Darro,Other,2,0
Pleno del Ayuntamiento de Degaña,Other,2,0
Pleno del Ayuntamiento de Deifontes,Other,2,0
Pleno del Ayuntamiento de Dos Aguas,Other,2,0
Pleno del Ayuntamiento de Durón,Other,2,0
Pleno del Ayuntamiento de El Paso,Other,2,0
Pleno del Ayuntamiento de El Pozuelo,Other,2,0
Pleno del Ayuntamiento de El Tanque,Other,2,0
Pleno del Ayuntamiento de El Villar de Arnedo,Other,2,0
Pleno del Ayuntamiento de El Viso,Other,2,0
Pleno del Ayuntamiento de Escacena del Campo,Other,2,0
Pleno del Ayuntamiento de Escatrón,Other,2,0
Pleno del Ayuntamiento de Escorihuela,Other,2,0
Pleno del Ayuntamiento de Eslida,Other,2,0
Pleno del Ayuntamiento de Esquivias,Other,2,0
Pleno del Ayuntamiento de Estivella,Other,2,0
Pleno del Ayuntamiento de Farlete,Other,2,0
Pleno del Ayuntamiento de Frías,Other,2,0
Pleno del Ayuntamiento de Fuentes de Carbajal,Other,2,0
Pleno del Ayuntamiento de Galve de Sorbe,Other,2,0
Pleno del Ayuntamiento de Gavilanes,Other,2,0
Pleno del Ayuntamiento de Gema,Other,2,0
Pleno del Ayuntamiento de Genovés,Other,2,0
Pleno del Ayuntamiento de Gibraleón,Other,2,0
Pleno del Ayuntamiento de Godelleta,Other,2,0
Pleno del Ayuntamiento de Gondomar,Other,2,0
Pleno del Ayuntamiento de Gotor,Other,2,0
Pleno del Ayuntamiento de Gozón,Other,2,0
Pleno del Ayuntamiento de Grañón,Other,2,0
Pleno del Ayuntamiento de Gumiel de Mercado,Other,2,0
Pleno del Ayuntamiento de Herrera del Duque,Other,2,0
Pleno del Ayuntamiento de Herrerías,Other,2,0
Pleno del Ayuntamiento de Hontoria de la Cantera,Other,2,0
Pleno del Ayuntamiento de Humada,Other,2,0
Pleno del Ayuntamiento de Huélamo,Other,2,0
Pleno del Ayuntamiento de Ibros,Other,2,0
Pleno del Ayuntamiento de Igea (La Rioja),Other,2,0
Pleno del Ayuntamiento de Iznalloz,Other,2,0
Pleno del Ayuntamiento de Jaraiz de la Vera,Other,2,0
Pleno del Ayuntamiento de L'Alcudia de Crespins,Other,2,0
Pleno del Ayuntamiento de La Antigua,Other,2,0
Pleno del Ayuntamiento de La Pobla Tornesa,Other,2,0
Pleno del Ayuntamiento de La Pobla de Farnals,Other,2,0
Pleno del Ayuntamiento de La Puebla de Valverde,Other,2,0
Pleno del Ayuntamiento de La Rinconada,Other,2,0
Pleno del Ayuntamiento de Lagata,Other,2,0
Pleno del Ayuntamiento de Las Hormazas,Other,2,0
Pleno del Ayuntamiento de Las Tres Villas,Other,2,0
Pleno del Ayuntamiento de Laviana,Other,2,0
Pleno del Ayuntamiento de Laxe,Other,2,0
Pleno del Ayuntamiento de Ledesma de la Cogolla,Other,2,0
Pleno del Ayuntamiento de Les Useres,Other,2,0
Pleno del Ayuntamiento de Letur,Other,2,0
Pleno del Ayuntamiento de Libros,Other,2,0
Pleno del Ayuntamiento de Linares,Other,2,0
Pleno del Ayuntamiento de Litago,Other,2,0
Pleno del Ayuntamiento de Liérganes,Other,2,0
Pleno del Ayuntamiento de Loporzano,Other,2,0
Pleno del Ayuntamiento de Los Barrios de Luna,Other,2,0
Pleno del Ayuntamiento de Los Fayos,Other,2,0
Pleno del Ayuntamiento de Los Llanos de Aridane,Other,2,0
Pleno del Ayuntamiento de Los Navalmorales,Other,2,0
Pleno del Ayuntamiento de Los Tojos,Other,2,0
Pleno del Ayuntamiento de Luyego,Other,2,0
Pleno del Ayuntamiento de Macael,Other,2,0
Pleno del Ayuntamiento de Macastre,Other,2,0
Pleno del Ayuntamiento de Madridejos,Other,2,0
Pleno del Ayuntamiento de Maella,Other,2,0
Pleno del Ayuntamiento de Malpartida de Cáceres,Other,2,0
Pleno del Ayuntamiento de Mancor de la Vall,Other,2,0
Pleno del Ayuntamiento de Manganeses de la Lampreana,Other,2,0
Pleno del Ayuntamiento de Mansilla de las Mulas,Other,2,0
Pleno del Ayuntamiento de Mariana,Other,2,0
Pleno del Ayuntamiento de Marín,Other,2,0
Pleno del Ayuntamiento de Matallana de Torio,Other,2,0
Pleno del Ayuntamiento de Medina del Campo,Other,2,0
Pleno del Ayuntamiento de Merindad de Sotoscueva,Other,2,0
Pleno del Ayuntamiento de Milles de la Polvorosa,Other,2,0
Pleno del Ayuntamiento de Moncofa,Other,2,0
Pleno del Ayuntamiento de Mondéjar,Other,2,0
Pleno del Ayuntamiento de Montoro,Other,2,0
Pleno del Ayuntamiento de Montón,Other,2,0
Pleno del Ayuntamiento de Moral de Calatrava,Other,2,0
Pleno del Ayuntamiento de Morata de Jiloca,Other,2,0
Pleno del Ayuntamiento de Moriscos,Other,2,0
Pleno del Ayuntamiento de Muelas de los Caballeros,Other,2,0
Pleno del Ayuntamiento de Muro,Other,2,0
Pleno del Ayuntamiento de Narón,Other,2,0
Pleno del Ayuntamiento de Navaconcejo,Other,2,0
Pleno del Ayuntamiento de Navalcarnero,Other,2,0
Pleno del Ayuntamiento de Navalvillar de Ibor,Other,2,0
Pleno del Ayuntamiento de Navalvillar de Pela,Other,2,0
Pleno del Ayuntamiento de Navardún,Other,2,0
Pleno del Ayuntamiento de Navarrés,Other,2,0
Pleno del Ayuntamiento de Navezuelas,Other,2,0
Pleno del Ayuntamiento de Nerpio,Other,2,0
Pleno del Ayuntamiento de Nogueruelas,Other,2,0
Pleno del Ayuntamiento de Ocentejo,Other,2,0
Pleno del Ayuntamiento de Ogíjares,Other,2,0
Pleno del Ayuntamiento de Olmeda del Rey,Other,2,0
Pleno del Ayuntamiento de Onil,Other,2,0
Pleno del Ayuntamiento de Ontígola,Other,2,0
Pleno del Ayuntamiento de Orcajo,Other,2,0
Pleno del Ayuntamiento de Orera,Other,2,0
Pleno del Ayuntamiento de Palazuelos de Eresma,Other,2,0
Pleno del Ayuntamiento de Palencia,Other,2,0
Pleno del Ayuntamiento de Palma del Río,Other,2,0
Pleno del Ayuntamiento de Paracuellos de Jiloca,Other,2,0
Pleno del Ayuntamiento de Pedrosa de Río Úrbel,Other,2,0
Pleno del Ayuntamiento de Pedroso,Other,2,0
Pleno del Ayuntamiento de Peraleda de la Mata,Other,2,0
Pleno del Ayuntamiento de Peranzanes,Other,2,0
Pleno del Ayuntamiento de Pesaguero,Other,2,0
Pleno del Ayuntamiento de Pezuela de las Torres,Other,2,0
Pleno del Ayuntamiento de Peñalba,Other,2,0
Pleno del Ayuntamiento de Peñarandilla,Other,2,0
Pleno del Ayuntamiento de Peñarrubia,Other,2,0
Pleno del Ayuntamiento de Piedrabuena,Other,2,0
Pleno del Ayuntamiento de Pinofranqueado,Other,2,0
Pleno del Ayuntamiento de Pinoso,Other,2,0
Pleno del Ayuntamiento de Plenas,Other,2,0
Pleno del Ayuntamiento de Poio,Other,2,0
Pleno del Ayuntamiento de Posada de Valdeón,Other,2,0
Pleno del Ayuntamiento de Poyales del Hoyo,Other,2,0
Pleno del Ayuntamiento de Pozorrubio de Santiago,Other,2,0
Pleno del Ayuntamiento de Pozuelo de Aragón,Other,2,0
Pleno del Ayuntamiento de Prado de la Guzpeña,Other,2,0
Pleno del Ayuntamiento de Puebla de Lillo,Other,2,0
Pleno del Ayuntamiento de Puebla de Sanabria,Other,2,0
Pleno del Ayuntamiento de Pulianas,Other,2,0
Pleno del Ayuntamiento de Puçol,Other,2,0
Pleno del Ayuntamiento de Quero,Other,2,0
Pleno del Ayuntamiento de Quintanar del Rey,Other,2,0
Pleno del Ayuntamiento de Quirós,Other,2,0
Pleno del Ayuntamiento de Respenda de la Peña,Other,2,0
Pleno del Ayuntamiento de Ribera del Fresno,Other,2,0
Pleno del Ayuntamiento de Robledillo de la Jara,Other,2,0
Pleno del Ayuntamiento de Roperuelos del Páramo,Other,2,0
Pleno del Ayuntamiento de Sabero,Other,2,0
Pleno del Ayuntamiento de Saelices el Chico,Other,2,0
Pleno del Ayuntamiento de San Esteban del Valle,Other,2,0
Pleno del Ayuntamiento de San Fernando de Henares,Cybersecurity,2,4
Pleno del Ayuntamiento de San Martin de La Virgen del Moncayo,Other,2,0
Pleno del Ayuntamiento de San Millán de los Caballeros,Other,2,0
Pleno del Ayuntamiento de San Vicente de Alcántara,Other,2,0
Pleno del Ayuntamiento de Sant Antoni de Portmany,Other,2,0
Pleno del Ayuntamiento de Santa Cruz de la Salceda,Other,2,0
Pleno del Ayuntamiento de Santa Eulalia,Other,2,0
Pleno del Ayuntamiento de Santiago Millas,Other,2,0
Pleno del Ayuntamiento de Santo Tomé del Puerto,Other,2,0
Pleno del Ayuntamiento de Santovenia de la Valdoncina,Other,2,0
Pleno del Ayuntamiento de Sanxenxo,Other,2,0
Pleno del Ayuntamiento de Sax,Other,2,0
Pleno del Ayuntamiento de Sediles,Other,2,0
Pleno del Ayuntamiento de Segura de la Sierra,Other,2,0
Pleno del Ayuntamiento de Selva,Other,2,0
Pleno del Ayuntamiento de Seno,Other,2,0
Pleno del Ayuntamiento de Sevilla la Nueva,Other,2,0
Pleno del Ayuntamiento de Sigüenza,Other,2,0
Pleno del Ayuntamiento de Solera de Gabaldón,Other,2,0
Pleno del Ayuntamiento de Soto del Real,Other,2,0
Pleno del Ayuntamiento de Taberno,Other,2,0
Pleno del Ayuntamiento de Talayuela,Other,2,0
Pleno del Ayuntamiento de Tardienta,Other,2,0
Pleno del Ayuntamiento de Titaguas,Infrastructure & Hardware,2,2
Pleno del Ayuntamiento de Todolella,Other,2,0
Pleno del Ayuntamiento de Tordellego,Other,2,0
Pleno del Ayuntamiento de Torralba de Los Frailes,Other,2,0
Pleno del Ayuntamiento de Torrehermosa,Other,2,0
Pleno del Ayuntamiento de Torremanzanas,Other,2,0
Pleno del Ayuntamiento de Tui,Other,2,0
Pleno del Ayuntamiento de Umbrete,Other,2,0
Pleno del Ayuntamiento de Urdiales del Páramo,Other,2,0
Pleno del Ayuntamiento de Urrea de Jalón,Other,2,0
Pleno del Ayuntamiento de Valbona,Other,2,0
Pleno del Ayuntamiento de Valdaracete,Other,2,0
Pleno del Ayuntamiento de Valdelacalzada,Other,2,0
Pleno del Ayuntamiento de Valdelosa,Other,2,0
Pleno del Ayuntamiento de Valdepeñas,Other,2,0
Pleno del Ayuntamiento de Valdepiélago,Other,2,0
Pleno del Ayuntamiento de Valderas,Other,2,0
Pleno del Ayuntamiento de Valderrey,Other,2,0
Pleno del Ayuntamiento de Valle de Valdelucio,Other,2,0
Pleno del Ayuntamiento de Valverde del Majano,Other,2,0
Pleno del Ayuntamiento de Vega de Espinareda,Other,2,0
Pleno del Ayuntamiento de Velilla de Jiloca,Other,2,0
Pleno del Ayuntamiento de Venta del Moro,Other,2,0
Pleno del Ayuntamiento de Vilaboa,Other,2,0
Pleno del Ayuntamiento de Villa del Campo,Other,2,0
Pleno del Ayuntamiento de Villafeliche,Other,2,0
Pleno del Ayuntamiento de Villagatón,Other,2,0
Pleno del Ayuntamiento de Villahoz,Other,2,0
Pleno del Ayuntamiento de Villalba de Perejil,Other,2,0
Pleno del Ayuntamiento de Villalba de los Alcores,Other,2,0
Pleno del Ayuntamiento de Villaluenga del Rosario,Other,2,0
Pleno del Ayuntamiento de Villamandos,Other,2,0
Pleno del Ayuntamiento de Villamediana de Iregua,Other,2,0
Pleno del Ayuntamiento de Villamiel,Other,2,0
Pleno del Ayuntamiento de Villangómez,Other,2,0
Pleno del Ayuntamiento de Villanueva de la Cañada,Other,2,0
Pleno del Ayuntamiento de Villanueva de las Manzanas,Other,2,0
Pleno del Ayuntamiento de Villaobispo de Otero,Other,2,0
Pleno del Ayuntamiento de Villaquejida,Other,2,0
Pleno del Ayuntamiento de Villar del Olmo,Other,2,0
Pleno del Ayuntamiento de Villarejo,Other,2,0
Pleno del Ayuntamiento de Villarejo Periesteban,Other,2,0
Pleno del Ayuntamiento de Villarrasa,Other,2,0
Pleno del Ayuntamiento de Villarroya de los Pinares,Other,2,0
Pleno del Ayuntamiento de Villarta de San Juan,Other,2,0
Pleno del Ayuntamiento de Villarta de los Montes,Other,2,0
Pleno del Ayuntamiento de Villarín de Campos,Other,2,0
Pleno del Ayuntamiento de Villasabariego,Other,2,0
Pleno del Ayuntamiento de Villaselán,Other,2,0
Pleno del Ayuntamiento de Villazanzo de Valderaduey,Other,2,0
Pleno del Ayuntamiento de Vinarós,Other,2,0
Pleno del Ayuntamiento de Yecla,Other,2,0
Pleno del Ayuntamiento de Yeles,Other,2,0
Pleno del Ayuntamiento de Yernes y Tameza,Other,2,0
Pleno del Ayuntamiento de Yunquera,Other,2,0
Pleno del Ayuntamiento de Zarra,Other,2,0
Pleno del Ayuntamiento de la Histórica Villa de los Realejos,Other,2,0
Pleno del Ayuntamiento de la Villa de Ingenio,Other,2,0
Pleno del Ayuntamiento de la Villa de Otura,Other,2,0
Pleno del Ayuntamiento del Ayuntamiento de Cariñena,Other,2,0
Pleno del Concello de Foz,Other,2,0
Pleno del Concello de Muras,Other,2,0
Plenodel Ayuntamiento de Fortaleny,Other,2,0
Plé de l'Ajuntament de L'Alqueria de la Comtessa,Other,2,0
Presidencia Delegada de la Agencia Local de Desarrollo Económico y Social de Alicante,Software & Development,2,2
Presidencia Delegada del Consorcio Provincial para el Servicio de Prevención y Extinción de Incendios y Salvamento de Alicante,Software & Development,2,0
"Presidencia Ejecutiva de la Agencia E.F.E. S.A.U., S.M.E.",Cloud,2,2
Presidencia Fundació Castell de Capdepera,Other,2,0
Presidencia Organismo Autónomo Terra de Sanxenxo,Other,2,0
Presidencia de Ayuntamiento de Ela de Encinarejo,Other,2,0
Presidencia de Casa de la Provincia,Other,2,0
"Presidencia de Desarrollo Económico y Social de Arahal, S.L.",Software & Development,2,2
Presidencia de Diputación Provincial de Albacete,Data & Analytics,2,0
Presidencia de EPE Tugasa Turismo Gaditano,Other,2,0
"Presidencia de EXPASA Agricultura y Ganadería S.M.E., S.A.",Other,2,0
Presidencia de Gestión Tributaria Provincial de Albacete (GESTALBA),Other,2,0
Presidencia de Infraestructuras del Agua de Castilla-La Mancha,Software & Development,2,1
Presidencia de Prodestur Segovia,Other,2,0
"Presidencia de Vigo Activo Sociedad de Capital Riesgo, S.A.",Other,2,0
Presidencia de la Asociación Centro de Desarrollo Navia-Porcía,Software & Development,2,2
Presidencia de la Asociación Red Asturiana de Desarrollo Rural,Software & Development,2,4
Presidencia de la Asociación para el desarrollo del Campo de Calatrava,Software & Development,2,2
Presidencia de la Asociación para el desarrollo rural integral de las comarcas circundantes al Camino de Santiago,Software & Development,2,2
"Presidencia de la Asociación para la Promoción Económica del Valle de Lecrín, El Temple y La Costa APROVALLE-TEMPLE-COSTA",Software & Development,2,2
Presidencia de la Autoridad Independiente de Responsabilidad Fiscal,Software & Development,2,1
Presidencia de la Autoridad Portuaria de A Coruña,Software & Development,2,2
Presidencia de la Autoridad Portuaria de Baleares,AI & Machine Learning,2,2
Presidencia de la Autoridad Portuaria de Bilbao,Cloud,2,0
Presidencia de la Autoridad Portuaria de Castellón,Cloud,2,2
Presidencia de la Autoridad Portuaria de Castellón,Infrastructure & Hardware,2,2
Presidencia de la Autoridad Portuaria de Ceuta,Software & Development,2,1
Presidencia de la Autoridad Portuaria de Ferrol San Cibrao,Infrastructure & Hardware,2,1
Presidencia de la Autoridad Portuaria de Ferrol San Cibrao,Software & Development,2,0
Presidencia de la Autoridad Portuaria de Gijón,Cloud,2,2
Presidencia de la Autoridad Portuaria de Melilla,Infrastructure & Hardware,2,1
Presidencia de la Autoridad Portuaria de Pasaia,Software & Development,2,1
Presidencia de la Autoridad Portuaria de Vilagarcía de Arousa y su ría,Infrastructure & Hardware,2,2
Presidencia de la Comarca Campo de Cariñena,Other,2,0
Presidencia de la Comarca Campo de Cariñena,Software & Development,2,2
Presidencia de la Comarca Campo de Daroca,Infrastructure & Hardware,2,0
Presidencia de la Comarca Comunidad de Teruel,Software & Development,2,3
Presidencia de la Comarca de Campo de Borja,Other,2,0
Presidencia de la Comarca de Jiloca,Software & Development,2,2
Presidencia de la Comarca de Somontano de Barbastro,Data & Analytics,2,0
Presidencia de la Comarca del Matarraña-Matarranya,Other,2,0
Presidencia de la Comisión Nacional de los Mercados y la Competencia,Software & Development,2,3
Presidencia de la Confederación Hidrográfica del Cantábrico,Infrastructure & Hardware,2,2
Presidencia de la Confederación Hidrográfica del Júcar,Infrastructure & Hardware,2,2
Presidencia de la Confederación Hidrográfica del Miño-Sil,Infrastructure & Hardware,2,2
Presidencia de la Confederación Hidrográfica del Miño-Sil,Software & Development,2,1
Presidencia de la Confederación Hidrográfica del Segura,Cloud,2,0
Presidencia de la Confederación Hidrográfica del Segura,Infrastructure & Hardware,2,2
Presidencia de la Cámara de Cuentas de Castilla-La Mancha,Software & Development,2,0
Presidencia de la Diputación Provincial de Alicante,Cloud,2,3
Presidencia de la Diputación Provincial de Almería,Other,2,0
Presidencia de la Diputación Provincial de Castellón,Cybersecurity,2,2
Presidencia de la Diputación Provincial de Granada,Cloud,2,4
Presidencia de la Diputación Provincial de Granada,Data & Analytics,2,0
Presidencia de la Diputación Provincial de Huesca,Cloud,2,2
Presidencia de la Diputación Provincial de Huesca,Infrastructure & Hardware,2,2
Presidencia de la Diputación Provincial de Málaga,Software & Development,2,2
Presidencia de la Diputación Provincial de Pontevedra,Data & Analytics,2,0
Presidencia de la Diputación Provincial de Segovia,Infrastructure & Hardware,2,0
Presidencia de la Diputación Provincial de Soria,Infrastructure & Hardware,2,2
Presidencia de la Diputación Provincial de Valladolid,Infrastructure & Hardware,2,0
Presidencia de la Empresa Municipal de Transportes Urbanos de Gijón SA (EMTUSA),Other,2,0
Presidencia de la Empresa de Servicis de Paiporta (ESPAI),Other,2,0
Presidencia de la Entidad Metropolitana de Servicios Hidráulicos (EMSHI),Software & Development,2,0
Presidencia de la Entidad Metropolitana para el Tratamiento de Residuos,Cloud,2,4
"Presidencia de la Entidad Pública Empresarial Local Balsas de Tenerife, BALTEN del Cabildo Insular de Tenerife",Other,2,0
"Presidencia de la Fundació General de la Universitat Jaume I, Fundació de la Comunitat Valenciana",Other,2,0
Presidencia de la Fundació Universitat-Empresa de Valéncia(Consell Social de la Universitat de Valéncia. Estudi General de Valéncia) de la Comunitat Valenciana,Software & Development,2,0
Presidencia de la Fundación Andrés de Ribera,Other,2,0
Presidencia de la Fundación Cultural Universitaria de las Artes de Jerez. Fundación Pública Local (FUNDARTE),Other,2,0
Presidencia de la Fundación Municipal de Cultura,Software & Development,2,1
Presidencia de la Fundación Municipal de Servicios Sociales,Other,2,0
Presidencia de la Mancomunidad Alto Valle del Aragón,Other,2,0
Presidencia de la Mancomunidad Cabo Peñas,Other,2,0
Presidencia de la Mancomunidad Hoya Buñol - Chiva,Other,2,0
Presidencia de la Mancomunidad Integral Sierra de Montanchez,Other,2,0
Presidencia de la Mancomunidad Intermunicipal de l'Horta Sud,Other,2,0
Presidencia de la Mancomunidad La Serranía,Other,2,0
Presidencia de la Mancomunidad Oriental de Trasmiera,Other,2,0
Presidencia de la Mancomunidad Ribera Baixa,Other,2,0
Presidencia de la Mancomunidad Tierras de Aliste,Other,2,0
Presidencia de la Mancomunidad de Ayuntamientos del Norte de Gran Canaria,Other,2,0
Presidencia de la Mancomunidad de Concejos LLanes-Ribadedeva,Other,2,0
Presidencia de la Mancomunidad de Municipios Sostenibles de Cantabria,Other,2,0
Presidencia de la Mancomunidad de Municipios Tierra del Vino,Other,2,0
Presidencia de la Mancomunidad de Municipios Valle del Guadiato,Other,2,0
"Presidencia de la Mancomunidad de Municipios de Juncaril-Asegra, Albolote-Peligros",Other,2,0
Presidencia de la Mancomunidad de Municipios de L'Alcoià i el Comtat,Other,2,0
Presidencia de la Mancomunidad de Municipios de La Serena,Other,2,0
Presidencia de la Mancomunidad de Municipios de la Costa del Sol Occidental,Software & Development,2,0
Presidencia de la Mancomunidad de Municipios de la Costa del Sol-Axarquía,Other,2,0
Presidencia de la Mancomunidad de Municipios del Bierzo Alto,Other,2,0
"Presidencia de la Mancomunidad de Recogida y Tratamiento de Basuras de Colmenar del Arroyo, Fresnedillas de la Oliva, Navalagamella y Zarzalejo",Other,2,0
Presidencia de la Mancomunidad de Servicios La Vega,Cybersecurity,2,2
Presidencia de la Mancomunidad de Servicios La Vega,Software & Development,2,1
Presidencia de la Mancomunidad de Servicios Sociales Mejorada Velilla,Other,2,0
Presidencia de la Mancomunidad de Servicios del Valle del Nalón,Infrastructure & Hardware,2,2
Presidencia de la Mancomunidad de Tierras Altas de Soria,Other,2,0
Presidencia de la Mancomunidad del Este,Other,2,0
Presidencia de la Mancomunidade do Salnés,Software & Development,2,1
Presidencia de la Mancomunitat Alt Maestrat,Other,2,0
Presidencia de la Mancomunitat Alt Maestrat,Software & Development,2,2
Presidencia de la Mancomunitat Camp de Túria,Infrastructure & Hardware,2,0
Presidencia de la Sociedad Anónima Estatal de Caución Agraria,Infrastructure & Hardware,2,2
"Presidencia de la Sociedad Capital Riesgo Innvierte Economía Sostenible SICC, S.M.E. S.A..",Other,2,0
"Presidencia de la Sociedad Municipal Palacio de Ferias, Congresos y Exposiciones de Marbella, S.L.",Other,2,0
"Presidencia de la Sociedad de Infraestructuras y Equipamientos Penitenciarios y de la Seguridad del Estado, S.M.E., S.A",Infrastructure & Hardware,2,0
Presidencia de la Sociedad de Salvamento y Seguridad Marítima,Infrastructure & Hardware,2,0
Presidencia del Cabildo Insular de El Hierro,Infrastructure & Hardware,2,3
Presidencia del Cabildo Insular de El Hierro,Software & Development,2,1
Presidencia del Cabildo Insular de Lanzarote,Data & Analytics,2,0
Presidencia del Centro Especial de Empleo Municipal Jardines y Naturaleza,Software & Development,2,2
Presidencia del Centro Iniciativas para la Formación y el Empleo,Software & Development,2,1
Presidencia del Centro de Desarrollo Local La Siberia,Software & Development,2,2
Presidencia del Comité Ejecutivo del Fondo de Derribos del Gobierno de Cantabria (F.C.P.J),Other,2,0
Presidencia del Consejo Comarcal de El Bierzo,Other,2,0
Presidencia del Consejo Insular de Aguas de Lanzarote,Infrastructure & Hardware,2,2
Presidencia del Consejo Rector de la Gerencia Municipal de Urbanismo del Ayuntamiento de Córdoba,Infrastructure & Hardware,2,0
Presidencia del Consejo de Administración de la Empresa Provincial de Aguas de Córdoba S.A.,Software & Development,2,1
"Presidencia del Consejo de Administración de la Sociedad Estatal de Infraestructuras del Transporte Terrestre, S.M.E., S.A.",Cloud,2,3
Presidencia del Consejo de Estado,Infrastructure & Hardware,2,0
Presidencia del Consejo de Estado,Software & Development,2,1
"Presidencia del Consejo de Gobierno del Consorcio para el Desarrollo de Aplicaciones de Gestión Universitaria, Cixug",Cloud,2,4
Presidencia del Consell Jurídic Consultiu de la Comunitat Valenciana,Cloud,2,5
Presidencia del Consorcio As Mariñas,Other,2,0
"Presidencia del Consorcio Provincial Prevención y Extinción Incendios, Salvamento y Protección Civil de Zamora",Other,2,0
Presidencia del Consorcio Provincial Servicios Sociales de Albacete,Other,2,0
Presidencia del Consorcio Provincial de Prevención y Extinción de Incendios de Córdoba (CPPEI,Infrastructure & Hardware,2,1
Presidencia del Consorcio Provincial de Prevención y Extinción de Incendios de Córdoba (CPPEI,Software & Development,2,2
Presidencia del Consorcio Urbanístico de la Ciudad Universitaria,Other,2,0
Presidencia del Consorcio de Bibliotecas Andaluzas,Other,2,0
Presidencia del Consorcio de Bomberos de la Provincia de Cádiz,Software & Development,2,1
Presidencia del Consorcio de Viviendas de Gran Canaria,Other,2,0
Presidencia del Consorcio del Agua de Lanzarote,Infrastructure & Hardware,2,2
Presidencia del Consorcio para el Abastecimiento de Aguas y Saneamientos de la Marina Baja,Infrastructure & Hardware,2,2
Presidencia del Consorcio para el Abastecimiento y Saneamiento de Aguas Plan Écija,Other,2,0
Presidencia del Consorcio para el Servicio de Prevención y Extinción de Incendios y de Salvamento de la Provincia de Valencia,Cloud,2,3
Presidencia del Consorcio para el Servicio de Prevención y Extinción de Incendios y de Salvamento de la Provincia de Valencia,Infrastructure & Hardware,2,1
"Presidencia del Consorcio para la Ejecución de las Previsiones del Plan Zonal de Residuos 5, Área de Gestión V4",Infrastructure & Hardware,2,3
Presidencia del Consorcio para la Gestión de Residuos Urbanos de la Provincia de Cádiz,Other,2,0
Presidencia del Consorcio para la Gestión de Residuos Urbanos de la Provincia de Guadalajara,Other,2,0
Presidencia del Consorcio para la Recuperación Económica y de la Actividad de la Marina Alta (CREAMA),Infrastructure & Hardware,2,0
Presidencia del Ente Público Radiotelevisión Canaria,Other,2,0
Presidencia del Fondo Español de Garantía Agraria,Infrastructure & Hardware,2,2
Presidencia del Fondo de Reestructuración Ordenada Bancaria,Cloud,2,0
Presidencia del Instituto Insular de Deportes de Gran Canaria,Infrastructure & Hardware,2,1
Presidencia del Instituto Leonés de Cultura,Other,2,0
Presidencia del Instituto Municipal de Cultura Joaquín Chapaprieta Torregrosa,Other,2,0
Presidencia del OAM València Sostenible,Other,2,0
Presidencia del Organismo Autónomo Centro Informático Provincial de Salamanca,Other,2,0
Presidencia del Organismo Autónomo Centro Informático Provincial de Salamanca,Software & Development,2,1
Presidencia del Organismo Autónomo Servicios Tributarios de Ceuta,Other,2,0
Presidencia del Organismo Autónomo Zaragoza Turismo,Other,2,0
Presidencia del Organismo Autónomo de Recaudación y Gestión Tributaria de la Diputación de Cáceres,Infrastructure & Hardware,2,2
Presidencia del Organismo Autónomo de la Excma. Diputación Provincial de Alicante Instituto Alicantino de Cultura Juan Gil-Albert,Other,2,0
Presidencia del Organismo Provincial de Asistencia Económica y Fiscal (OPAEF),Software & Development,2,1
Presidencia del Patronato Municipal Residencia Riosol de Monzón,Other,2,0
Presidencia del Patronato Municipal de Cultura del Ayuntamiento de Ogíjares,Other,2,0
Presidencia del Patronato Municipal de Deportes del Ayuntamiento de Ogíjares,Other,2,0
Presidencia del Patronato de Recaudación Provincial,Cloud,2,2
Presidencia del Patronato de la Fundación Parque Científico de la Universidad de Salamanca,Other,2,0
Presidencia del Pleno,Software & Development,2,2
Presidencia del Servicio Provincial de Gestión y Recaudación,Other,2,0
Presidenta del Patronato de la Universidad Popular Municipal de Jaén,Other,2,0
Presidente de la Autoridad Portuaria de Santander,Infrastructure & Hardware,2,0
Presidente de la Comunidad de Regantes Apac de Mequinenza,Other,2,0
Presidente de la Mancomunidad Desfiladero y Bureba,Other,2,0
"Presidente de la Sociedad Municipal de Aparcamientos de Las Palmas de Gran Canaria, S.A. (SAGULPA)",Software & Development,2,0
"Presidente del Consejo de Administración de Gestión de Servicios de Algete, S.A.U. (GESERAL)",Other,2,0
Presidente del Consorcio GIRSA,Other,2,0
Presidente del Instituto Municipal Empleo y Promoción Económica de Alcorcón (IMEPE),Other,2,0
Presidente del Patronato Municipal de Deportes de La Rinconada,Other,2,0
Presidente del Patronato Municipal de Personas con Discapacidad de La Rinconada,Other,2,0
Promotur Turismo Canarias S.A.,Cloud,2,6
Puertos de las Illes Balears,Infrastructure & Hardware,2,2
Puertos de las Illes Balears,Software & Development,2,1
Radiotelevisión de la Región de Murcia (RTRM),Software & Development,2,0
Real Patronato sobre Discapacidad,Other,2,0
Rector de la Universidad de León,Infrastructure & Hardware,2,1
Rectorado de la Universidad Autónoma de Madrid,Cloud,2,3
Rectorado de la Universidad Internacional Menéndez Pelayo,Software & Development,2,1
Rectorado de la Universidad Internacional de Andalucía,Cloud,2,3
Rectorado de la Universidad Internacional de Andalucía,Infrastructure & Hardware,2,2
Rectorado de la Universidad Politécnica de Cartagena,Cloud,2,2
Rectorado de la Universidad Rey Juan Carlos,Data & Analytics,2,2
Rectorado de la Universidad de Cádiz,Data & Analytics,2,2
Rectorado de la Universidad de Cádiz,Infrastructure & Hardware,2,1
Rectorado de la Universidad de Córdoba,Infrastructure & Hardware,2,2
Rectorado de la Universidad de Huelva,AI & Machine Learning,2,2
Rectorado de la Universidad de Huelva,Infrastructure & Hardware,2,1
Rectorado de la Universidad de Vigo,Cybersecurity,2,4
Rectorado de la Universidad de Vigo,Infrastructure & Hardware,2,2
Rectorado de la Universidad de Vigo,Software & Development,2,0
SERVICIO ANDALUZ DE SALUD. HOSPITAL UNIVERSITARIO REGIONAL DE MÁLAGA,Other,2,0
SERVICIO ANDALUZ DE SALUD. HOSPITAL UNIVERSITARIO VIRGEN DE LAS NIEVES,Other,2,0
SERVICIO DE SALUD DEL PRINCIPADO DE ASTURIAS,Other,2,0
SERVICIO MADRILEÑO DE SALUD - HOSPITAL UNIVERSITARIO 12 DE OCTUBRE,Software & Development,2,4
SERVICIO NAVARRO DE SALUD-OSASUNBIDEA,Data & Analytics,2,0
"SOLER I SAURET, S.A.",Other,2,0
"Santurban, S.A",Other,2,0
Sección de Asuntos Económicos de la Dirección de Infraestructura,Infrastructure & Hardware,2,2
Secretaria General Técnica de la Consejería de Sanidad del Gobierno de Canarias,Other,2,0
Secretaria General del Servicio Canario de Salud,Infrastructure & Hardware,2,0
Secretaria de Estado de Transportes y Movilidad Sostenible,Other,2,0
Secretaria de Estado de Transportes y Movilidad Sostenible,Software & Development,2,2
Secretario General del Departamento de Economía y Finanzas de la Generalitat de Catalunya,Software & Development,2,4
"Secretaría General Técnica de la Consejería de Educación, Formación Profesional, Actividad Física y Deportes del Gobierno de Canarias",Other,2,0
"Secretaría General Técnica de la Consejería de Política Territorial, Cohesión Territorial y Aguas de Canarias",Other,2,0
Secretaría General Técnica de la Consejería de Transición Ecológica y Energía de Canarias,Software & Development,2,2
Secretaría General de Financiación Autonómica y Local,Infrastructure & Hardware,2,2
"Secretaría General de Telecomunicaciones, Infraestructuras Digitales y Seguridad Digital",Other,2,0
Secretaría General de la Agencia Española de Medicamentos y Productos Sanitarios,Software & Development,2,2
Secretaría General de la Agencia Estatal Consejo Superior de Investigaciones Científicas,Data & Analytics,2,1
Secretaría General de la Comisión Nacional de los Mercados y la Competencia,Data & Analytics,2,0
"Secretaría General de la Consejería de Agricultura, Ganadería y Desarrollo Rural de la Junta de Comunidades de Castilla-La Mancha",Software & Development,2,2
"Secretaría General de la Consejería de Educación, Cultura y Deportes de la Junta de Comunidades de Castilla-La Mancha",Software & Development,2,4
Secretaría General de la Consejería de Sanidad de la Junta de Comunidades de Castilla-La Mancha,Infrastructure & Hardware,2,2
Secretaría General de la Dirección General del Patrimonio del Estado,Other,2,0
Secretaría General de la Federación Española de Municipios y Provincias,Data & Analytics,2,0
Secretaría General de la Federación Valenciana de Municipios y Provincias,Infrastructure & Hardware,2,0
Secretaría General de la Federación de Municipios y Provincias de Castilla-La Mancha,Other,2,0
Secretaría General de la Mutualidad de Funcionarios Civiles del Estado (MUFACE),Cybersecurity,2,5
Secretaría General de las Cortes de Castilla-La Mancha,Cloud,2,3
Secretaría General del Fondo de Garantía Salarial (FOGASA),Cybersecurity,2,2
Secretaría General del Fondo de Garantía Salarial (FOGASA),Infrastructure & Hardware,2,0
Secretaría de Estado de Energía,Software & Development,2,3
Secretaría de Estado de Planificación e Infraestructuras - Demarcación de Carreteras del Estado en Cantabria,Other,2,0
Secretaría de Estado de Planificación e Infraestructuras - Demarcación de Carreteras del Estado en Castilla y León Occidental,Other,2,0
Secretaría de Estado de Transportes y Movilidad Sostenible - Demarcación de Carreteras del Estado en Aragón,Other,2,0
Secretaría de Estado para la Unión Europea,Infrastructure & Hardware,2,2
Serveis Ferroviaris de Mallorca (SFM),Infrastructure & Hardware,2,2
Servicio Andaluz de Salud. Centro de Emergencias Sanitarias 061,Infrastructure & Hardware,2,0
Servicio Andaluz de Salud. Servicios Centrales.,Software & Development,2,3
Servicio Extremeño de Promoción de la Autonomía y Atención a la Dependencia (SEPAD).Gerencia Territorial de Badajoz,Data & Analytics,2,0
Servicio Extremeño de Promoción de la Autonomía y Atención a la Dependencia (SEPAD).Gerencia Territorial de Badajoz,Software & Development,2,3
Servicio Público de Empleo del Principado de Asturias,Software & Development,2,1
Servicio Territorial de Cultura y Turismo de Zamora,Other,2,0
Servicio Territorial de Medio Ambiente de Burgos,Other,2,0
Servicio Territorial de Medio Ambiente de Segovia,Other,2,0
Servicio de Emergencias Sanitarias de la Comunitat Valenciana. Dirección Económica-Gerencia,Software & Development,2,2
Servicio de Salud - Servicios Centrales,AI & Machine Learning,2,4
Servicio de Salud de las Illes Balears,AI & Machine Learning,2,2
Servizo Galego de Saúde. Área Sanitaria de Vigo,Software & Development,2,2
"Sociedad Andaluza para el Desarrollo de las Telecomunicaciones, S.A.",Cloud,2,6
"Sociedad Aragonesa de Gestión Agroambiental, S.L.U. (SARGA)",Infrastructure & Hardware,2,2
Sociedad Mercantil Estatal de Acción Cultural S.A.,Software & Development,2,2
Sociedad Municipal de Viviendas y de Servicios de San Cristóbal de La Laguna,Software & Development,2,2
Sociedad Pública de Gestión y Promoción Turística y Cultural del Principado de Asturias S.A.U.,Infrastructure & Hardware,2,0
Sociedad Pública de Infraestructuras y Medio Ambiente de Castilla y León S.A.,AI & Machine Learning,2,4
Sociedad Regional Cántabra de Promoción Turística S.A. CANTUR S.A.,Infrastructure & Hardware,2,0
Societat Valenciana  de Inspecció Técnica de Vehicles S.A.,Software & Development,2,2
Subdelegación del Gobierno en Alicante,Other,2,0
Subdelegación del Gobierno en Cáceres,Other,2,0
Subdelegación del Gobierno en Guadalajara,Other,2,0
Subdelegación del Gobierno en Málaga,Other,2,0
Subdelegación del Gobierno en Teruel,Other,2,0
Subdirección General Sanitaria de ASEPEYO. Mutua Colaboradora con la Seguridad Social. num. 151,Software & Development,2,1
Subdirección General de Gestión Económica y Oficina Presupuestaria,Other,2,0
Subdirección General de Medios de ASEPEYO. Mutua Colaboradora con la Seguridad Social. num. 151,Infrastructure & Hardware,2,2
Subdirección General de Planificación y Gestión Económica,Cloud,2,0
Subdirección General de Servicios Económicos y Pagadurías,Software & Development,2,2
Subdirección General de Tecnologías de la Información y las Comunicaciones,Other,2,0
Subdirección General de Tecnologías de la Información y las Comunicaciones,Software & Development,2,2
Subdirección General de la Oficina Presupuestaria y Gestión Económica,Software & Development,2,1
"Subsecretaría - Consellería de Hacienda, Economía y Administración Pública",Other,2,0
Subsecretaría de Hacienda (Oficialía Mayor),Other,2,0
"Subsecretaría del Ministerio de Economía, Comercio y Empresa",Other,2,0
TGSS-Dirección provincial de Huelva,Other,2,0
TGSS-Dirección provincial de Jaén,Other,2,0
TGSS-Dirección provincial de Soria,Other,2,0
TGSS-Dirección provincial de Teruel,Other,2,0
Teatro Cervantes de Málaga,Infrastructure & Hardware,2,1
"Tecnologías y Servicios Agrarios S.A.,S.M.E., M.P., (TRAGSATEC)",Cloud,2,4
"Televisión Pública de Canarias, S.A.",Cloud,2,2
Teniente de Alcalde Delegado de Economía y Hacienda del Ayuntamiento de Málaga,Other,2,0
Teniente de Alcalde de Contratación Pública del Ayuntamiento de Elche,Cloud,2,2
"Teniente de Alcalde delegada de Servicios Generales, Informática, Comunicación y Coordinación Municipal del Ayuntamiento de Calviá",Infrastructure & Hardware,2,1
"Teniente de Alcalde delegado de Vías y obras, Transición energética y Medio Ambiente del Ayuntamiento de Calviá",Infrastructure & Hardware,2,2
The European Joint Undertaking for ITER and the Development of Fusion Energy ('Fusion for Energy'),Other,2,0
"Transports de Barcelona, SA",Infrastructure & Hardware,2,1
Tribunal Económico-Administrativo Central,Infrastructure & Hardware,2,0
Tribunal Económico-Administrativo Municipal de Madrid,Other,2,0
UPV/EHU - Universidad del País Vasco - Gerencia,Other,2,0
UPV/EHU - Universidad del País Vasco - Vicerrectorado de Investigación de la UPV/EHU,Infrastructure & Hardware,2,2
UPV/EHU - Universidad del País Vasco - Vicerrectorado de Investigación de la UPV/EHU,Other,2,0
Unidad de Acción Educativa Exterior,Other,2,0
Universidade de Santiago de Compostela,Other,2,0
Universitat Autònoma de Barcelona,Software & Development,2,4
Universitat Rovira i Virgili,Other,2,0
Universitat de Barcelona - Oficina de Contratación Administrativa,Software & Development,2,4
"VERIFICACIONES INDUSTRIALES DE ANDALUCÍA, S.A.",Other,2,0
Viceconsejería de Infraestructuras del Gobierno de Canarias,Other,2,0
Viceconsejería de Planificación Territorial y Reto Demográfico del Gobierno de Canarias,Other,2,0
"Viceconsejería de Transición Ecológica, Lucha Contra el Cambio Climático y Energía del Gobierno de Canarias",Other,2,0
Vicepresidencia Segunda y Conselleria de Presidencia,Software & Development,2,2
Vicepresidencia de la Fundación Isonomia MP de la Universitat Jaume I,Other,2,0
"Vicepresidencia del Consejo de Administración de Fires, Congressos i Esdeveniments D'Eivissa, S.A.U.",Cloud,2,4
Vicepresidencia del Consejo de Administración de la Entidad Pública Empresarial Instituto de la Cultura y de las Artes de Sevilla (ICAS),Infrastructure & Hardware,2,1
Vicepresidencia del Instituto de Cooperación con la Hacienda Local,Other,2,0
Vicepresidencia del Organismo Autónomo de Recaudación y Gestión Tributaria de la Diputación de Salamanca,Other,2,0
"Vicepresidencia tercera y Conselleria de Medio Ambiente, Infraestructuras, Territorio y de la Recuperación",Other,2,0
"Vicepresidencia y Consejería de Coordinación de la Acción de Gobierno, Interior y Emergencias",Other,2,0
Vicepresidenta Primera de la Fundación Municipal de Cultura de las Rozas de Madrid,Other,2,0
Vicepresidenta Primera de la Fundación Municipal de Cultura de las Rozas de Madrid,Software & Development,2,2
"Vicepresidente Segundo y Conseller para la Recuperación Económica y Social de la Comunitat Valenciana y de Medio Ambiente, Infraestructuras y Territorio",Infrastructure & Hardware,2,2
Vicepresidente de Aguas de Huesna SL.,Cloud,2,4
Vicepresidente de Aguas de Huesna SL.,Infrastructure & Hardware,2,2
XUNTA DE GALICIA/CONSELLERIA DE SANIDADE/SERGAS/ÁREA SANITARIA DE PONTEVEDRA E O SALNÉS,Other,2,0
Zona de la Guardia Civil Comunidad Autónoma de La Rioja,Other,2,0
Área Metropolitana de Barcelona,Software & Development,2,3
Área Sanitaria de Vigo-Servicio Gallego de Salud,Infrastructure & Hardware,2,3
Área de Contratación. Gerencia Territorial de Servicios Sociales de Burgos,Other,2,0
"Área de Gobierno de Políticas Sociales, Familia e Igualdad del Ayuntamiento de Madrid",AI & Machine Learning,2,4
"Área de Gobierno de Urbanismo, Medio Ambiente y Movilidad del Ayuntamiento de Madrid",Infrastructure & Hardware,2,2
"Área de Participación Ciudadana, Migración, Acción Exterior, Cooperación al Desarrollo, Transparencia y Buen Gobierno",Software & Development,2,2
Órgano de Administración de Servicios Auxiliares de Avilés S.L.,Other,2,0
Órgano de Contratación de la Ciudad Autónoma de Ceuta,Cloud,2,2
Órgano de Contratación de la Ciudad Autónoma de Ceuta,Cybersecurity,2,2
Órganos Directivos del Ayuntamiento de Sevilla,Data & Analytics,2,0
13ª Zona de la Guardia Civil - Cantabria,Other,1,0
"2023_Tenencia de Alcaldía de Urbanismo, Obras Municipales, Servicios Generales, Patrimonio, Actividades Medioambientales, Movilidad Urbana Sostenible, Sanidad, Protocolo, Comunicación, Bienestar animal e Informática del Ayuntamiento de Cullera",Other,1,0
5ª Zona de la Guardia Civil (Murcia),Other,1,0
ADIF,Infrastructure & Hardware,1,1
ADIF - Presidencia,Cloud,1,3
ADIF - Presidencia,Cybersecurity,1,1
ADIF -Consejo de Administración,Software & Development,1,1
ADIF Alta Velocidad - Consejo de Administración,Infrastructure & Hardware,1,1
ADIF. SUBDIRECCIÓN DE CONTRATACIÓN MANTENIMIENTO,Infrastructure & Hardware,1,2
ADMINISTRADOR DE INFRAESTRUCTURAS FERROVIARIAS,Software & Development,1,1
ADMINISTRADOR DE INFRAESTRUCTURAS FERROVIARIAS (ADIF),Other,1,0
"AGENCIA DE MEDIO AMBIENTE Y AGUA DE ANDALUCIA, M.P.",Software & Development,1,1
AGENCIA DE VIVIENDA SOCIAL DE LA COMUNIDAD DE MADRID,Other,1,0
AGENCIA PARA LA ADMINISTRACIÓN DIGITAL DE LA COMUNIDAD DE MADRID,Other,1,0
AGENCIA PARA LA COMPETITIVIDAD DE LA EMPRESA,Other,1,0
AGENCIA TURISMO DE GALICIA,Other,1,0
"AGUAS DEL AÑARBE-AÑARBEKO URAK, S.A.",Other,1,0
AJUNTAMENT DE CASTELLAR DEL VALLES,Other,1,0
AJUNTAMENT DE VILANOVA I LA GELTRÚ,Other,1,0
ALCALDIA DEL AYUNTAMIENTO DE ILCHE,Other,1,0
ALCALDIA DEL AYUNTAMIENTO DE LLERA,Other,1,0
ALCALDÍA DEL AYUNTAMIENTO DE CALZADILLA DE LOS BARROS,Other,1,0
ALCALDÍA DEL AYUNTAMIENTO DE CARMONITA,Other,1,0
ALCALDÍA DEL AYUNTAMIENTO DE CORDOBILLA DE LÁCARA,Other,1,0
ALCALDÍA DEL AYUNTAMIENTO DE E.L.M. DE GUADAJIRA,Infrastructure & Hardware,1,0
ALCALDÍA DEL AYUNTAMIENTO DE LOBÓN,Other,1,0
ALCALDÍA DEL AYUNTAMIENTO DE TALAVERA LA REAL,Infrastructure & Hardware,1,0
ALCALDÍA DEL AYUNTAMIENTO DE TORREMAYOR,Software & Development,1,1
ALCALDÍA DEL AYUNTAMIENTO DE VALVERDE DE BURGUILLOS,Other,1,0
ALCALDÍA DEL AYUNTAMIENTO DE VILLAR DEL REY,Other,1,0
ALCALDÍA DEL DEL AYUNTAMIENTO DE LA GARROVILLA,Other,1,0
ALCALDÍA del AYUNTAMIENTO DE LAUJAR DE ANDARAX,Other,1,0
ALOKABIDE - Sociedad de Alquiler S.A. - ALOKABIDE - Sociedad de Alquiler S.A.,Software & Development,1,1
"AMB Informació i Serveis, S.A.",Other,1,0
ANDALUCIA TRADE-AGENCIA EMPRESARIAL PARA LA TRANSFORMACION Y EL DESARROLLO ECONOMICO,Software & Development,1,1
AXENCIA GALEGA DE EMERXENCIAS,Other,1,0
AYUNTAMIENTO DE ALAGÓN,Other,1,0
AYUNTAMIENTO DE ALFOZ DE SANTA GADEA,Other,1,0
AYUNTAMIENTO DE BARCELONA,Software & Development,1,2
AYUNTAMIENTO DE BEGUR,Other,1,0
AYUNTAMIENTO DE GRANOLLERS,Software & Development,1,1
AYUNTAMIENTO DE GUADALAJARA,Other,1,0
AYUNTAMIENTO DE PAMPLONA,Other,1,0
AYUNTAMIENTO DE SANT JOAN DESPÍ,Other,1,0
AYUNTAMIENTO DE SANT JOAN DESPÍ,Software & Development,1,0
AYUNTAMIENTO DE VIC,Other,1,0
AYUNTAMIENTO DE VIC,Software & Development,1,1
AYUNTAMIENTO DE VILADECANS,Cloud,1,4
AYUNTAMIENTO DE VILADECANS,Other,1,0
AYUNTAMIENTO DE VILADECANS,Software & Development,1,1
AYUNTAMINETO DE LES FRANQUESES DEL VALLÈS,Software & Development,1,1
Academia de Cabos y Guardias de la Guardia Civil,Infrastructure & Hardware,1,1
"Actius de Muntanya, SA",Other,1,0
Adif Alta Velocidad,Other,1,0
"Adif, Subdirección de Contratación II",Other,1,0
Administración de Parque Empresarial Principado de Asturias S.L.,Other,1,0
Administrador De Infraestructuras Ferroviarias,Software & Development,1,2
Administrador Unico de FEVAL Gestión de Sevicios S.L.U.,Cloud,1,6
Administrador Unico de FEVAL Gestión de Sevicios S.L.U.,Software & Development,1,1
Administrador de Infraestructuras Ferroviarias,Cybersecurity,1,1
Administrador Único de Servicios Documentales de Andalucía S.L.U.,Infrastructure & Hardware,1,1
Administrador Único de Servicios Documentales de Andalucía S.L.U.,Other,1,0
Aena. Consejo de Administración,Cybersecurity,1,1
Aena. Dirección de Contratación,AI & Machine Learning,1,1
Aena. Dirección de Contratación,Cloud,1,0
Aena. Dirección del Aeropuerto de A Coruña,Software & Development,1,0
Aena. Dirección del Aeropuerto de Alicante-Elche,Infrastructure & Hardware,1,1
Aena. Dirección del Aeropuerto de Alicante-Elche,Software & Development,1,1
Aena. Dirección del Aeropuerto de El Hierro,Infrastructure & Hardware,1,0
Aena. Dirección del Aeropuerto de Gran Canaria,Infrastructure & Hardware,1,1
Aena. Dirección del Aeropuerto de Gran Canaria,Software & Development,1,0
Aena. Dirección del Aeropuerto de Granada-Jaén F.G.L.,Infrastructure & Hardware,1,0
Aena. Dirección del Aeropuerto de Josep Tarradellas Barcelona-El Prat,Cloud,1,0
Aena. Dirección del Aeropuerto de León,Data & Analytics,1,1
Aena. Dirección del Aeropuerto de Logroño-Agoncillo,Infrastructure & Hardware,1,0
Aena. Dirección del Aeropuerto de Melilla,Infrastructure & Hardware,1,0
Aena. Dirección del Aeropuerto de Menorca,Software & Development,1,0
Aena. Dirección del Aeropuerto de Málaga-Costa del Sol,Infrastructure & Hardware,1,0
Aena. Dirección del Aeropuerto de Palma de Mallorca,Data & Analytics,1,0
Aena. Dirección del Aeropuerto de Reus,Infrastructure & Hardware,1,0
Aena. Dirección del Aeropuerto de San Sebastián,Infrastructure & Hardware,1,0
Aena. Dirección del Aeropuerto de Santiago,Infrastructure & Hardware,1,0
Aena. Dirección del Aeropuerto de Sevilla,Cloud,1,0
Aena. Dirección del Aeropuerto de Tenerife Norte,Software & Development,1,1
Aena. Dirección del Helipuerto de Ceuta,Infrastructure & Hardware,1,0
Agencia Balear del Agua y de la Calidad Ambiental,Infrastructure & Hardware,1,1
Agencia Catalana de Turismo,Data & Analytics,1,0
Agencia Cántabra de la Administración Tributaria,Other,1,0
Agencia Estatal de Administración Tributaria,Cybersecurity,1,1
Agencia Estatal de Administración Tributaria,Data & Analytics,1,0
Agencia Estatal de Investigación,Cloud,1,0
Agencia Pública Empresarial de la Radio y Televisión de Andalucía,Other,1,0
Agencia Vasca de Ciberseguridad (Cyberzaintza) - Cyberzaintza,Software & Development,1,2
"Agencia de Ciencia, Competitividad Empresarial e Innovación Asturiana",AI & Machine Learning,1,1
Agencia de Contratación Sanitaria de la Comunidad de Madrid,Other,1,0
Agencia de Desarrollo Regional de las Illes Balears,Cloud,1,3
"Agencia de Información y Control Alimentarios, O.A.",Other,1,0
Agencia de Obra Pública de la Junta de Andalucía,Software & Development,1,2
Agencia de Residuos de Cataluña,Other,1,0
Agencia de Residuos de Cataluña,Software & Development,1,2
Agencia de Seguridad y Emergencias Madrid 112,Other,1,0
Agencia de Seguridad y Emergencias Madrid 112,Software & Development,1,1
Agencia de Servicios Sociales y Dependencia de Andalucía,Other,1,0
Agencia de Servicios Sociales y Dependencia de Andalucía,Software & Development,1,2
Agencia para la Administración Digital de la CM,AI & Machine Learning,1,3
Agencia para la Administración Digital de la CM,Data & Analytics,1,3
Agencia para la Modernización Tenológica de Galicia,Software & Development,1,2
Agrupación de Interés Urbanístico Finca Roca de l’Alfàs del Pi,Software & Development,1,1
"Aguas Municipales de Vitoria-Gasteiz, S.A.U. - Aguas Municipales de Vitoria-Gasteiz, S.A.U.",Infrastructure & Hardware,1,1
Aguas de Benahavís S.A.,Other,1,0
Aguas de Priego S.L,Cloud,1,1
Aguas de Priego S.L,Cybersecurity,1,3
Aguas de Priego S.L,Infrastructure & Hardware,1,1
Agència Valenciana de Seguretat Ferroviària (AVSF),Other,1,0
Agència de Qualitat i Avaluació Sanitàries de Catalunya (AQuAS),AI & Machine Learning,1,3
Agència de Qualitat i Avaluació Sanitàries de Catalunya - AQuAS,AI & Machine Learning,1,2
Agència de l'Habitatge de Catalunya,Software & Development,1,2
"Aigües de Barcelona, Empresa Metropolitana de Gestió del Cicle Integral de l'Aigua, S.A.",Cybersecurity,1,3
Ajuntament Atzeneta d'Albaida,Other,1,0
Ajuntament d'Alcarràs,Software & Development,1,1
Ajuntament de Barberà del Vallès,Other,1,0
Ajuntament de Barcelona,Other,1,0
Ajuntament de Blanes,Other,1,0
Ajuntament de Castelldefels,Other,1,0
Ajuntament de Cerdanyola del Vallès,Data & Analytics,1,0
Ajuntament de Cerdanyola del Vallès,Other,1,0
Ajuntament de Gavà,Other,1,0
Ajuntament de Granollers,Other,1,0
Ajuntament de Lleida,Other,1,0
Ajuntament de Lleida,Software & Development,1,1
Ajuntament de Mollet del Vallès,Other,1,0
Ajuntament de Pineda de Mar,Other,1,0
Ajuntament de Sabadell,Cloud,1,2
Ajuntament de Sallent,Other,1,0
Ajuntament de Salou,Other,1,0
Ajuntament de Sant Feliu de Llobregat,Data & Analytics,1,0
Ajuntament de Sant Feliu de Llobregat,Other,1,0
Ajuntament de Tarragona,Infrastructure & Hardware,1,2
Ajuntament de Tarragona,Software & Development,1,1
Ajuntament de Tortosa,Cloud,1,2
Ajuntament de l'Hospitalet de Llobregat,Other,1,0
Ajuntament de l'Hospitalet de Llobregat,Software & Development,1,2
Ajuntament la Ràpita,Data & Analytics,1,0
Alcadía de la Entidad Local Menor de La Moheda de Gata,Infrastructure & Hardware,1,1
Alcalde Presidente del Ayuntamiento de Añón de Moncayo,Other,1,0
Alcalde Presidente del Ayuntamiento de Sobradiel,Other,1,0
Alcalde de Ayuntamiento de Puente Genil,Infrastructure & Hardware,1,1
Alcalde de Ayuntamiento de Puente Genil,Software & Development,1,1
Alcalde de Azuara del Ayuntamiento de Azuara,Infrastructure & Hardware,1,1
Alcalde de Azuara del Ayuntamiento de Azuara,Other,1,0
Alcalde del Ayuntamiento Moyuela,Other,1,0
Alcalde del Ayuntamiento Torres de Berrellén,Infrastructure & Hardware,1,1
Alcalde del Ayuntamiento de Abanto,Other,1,0
Alcalde del Ayuntamiento de Alcala de Ebro,Infrastructure & Hardware,1,1
Alcalde del Ayuntamiento de Belchite,Infrastructure & Hardware,1,1
Alcalde del Ayuntamiento de Bisimbre,Other,1,0
Alcalde del Ayuntamiento de Bordalba,Other,1,0
Alcalde del Ayuntamiento de Brea de Aragón,Infrastructure & Hardware,1,1
Alcalde del Ayuntamiento de Bubierca,Other,1,0
Alcalde del Ayuntamiento de Bureta,Other,1,0
Alcalde del Ayuntamiento de Cabañas de Ebro,Other,1,0
Alcalde del Ayuntamiento de Campillo de Aragón,Other,1,0
Alcalde del Ayuntamiento de Cariñena,Infrastructure & Hardware,1,1
Alcalde del Ayuntamiento de Castiliscar,Other,1,0
Alcalde del Ayuntamiento de Contamina,Other,1,0
Alcalde del Ayuntamiento de Ejea de Los Caballeros,Other,1,0
Alcalde del Ayuntamiento de Ejea de Los Caballeros,Software & Development,1,1
Alcalde del Ayuntamiento de Fuentes de Ebro,Infrastructure & Hardware,1,1
Alcalde del Ayuntamiento de Gallocanta,Other,1,0
Alcalde del Ayuntamiento de Jaraba,AI & Machine Learning,1,1
Alcalde del Ayuntamiento de Jaraba,Other,1,0
Alcalde del Ayuntamiento de La Zaida,Other,1,0
Alcalde del Ayuntamiento de Lobera de Onsella,Infrastructure & Hardware,1,1
Alcalde del Ayuntamiento de Lobera de Onsella,Other,1,0
Alcalde del Ayuntamiento de Lucena de Jalon,Other,1,0
Alcalde del Ayuntamiento de Lumpiaque,Infrastructure & Hardware,1,1
Alcalde del Ayuntamiento de Luna,Other,1,0
Alcalde del Ayuntamiento de Navas de San Antonio,Other,1,0
Alcalde del Ayuntamiento de Puebla de Albortón,Other,1,0
Alcalde del Ayuntamiento de Sos del Rey Catolico,Other,1,0
Alcalde del Ayuntamiento de Uncastillo,Other,1,0
Alcalde del Ayuntamiento de Villanueva de Huerva,Other,1,0
Alcalde del Ayuntamiento de Villarreal de Huerva,Other,1,0
Alcalde-Presidente del Ayuntamiento de Granja de Rocamora,Infrastructure & Hardware,1,0
Alcalde-Presidente del Ayuntamiento de Miedes de Aragón,Other,1,0
Alcaldesa-Presidenta del Ayuntamiento de Aladrén,Other,1,0
Alcaldesa-Presidenta del Ayuntamiento de Villadoz,Other,1,0
Alcaldia de Ayuntamiento de Castro del Río,Infrastructure & Hardware,1,1
Alcaldia de Ayuntamiento de Castro del Río,Software & Development,1,1
Alcaldia de Gobierno del Ayuntamiento de Xixona,Software & Development,1,0
Alcaldia del Ayuntamiento de A Cañiza,Cloud,1,1
Alcaldia del Ayuntamiento de Alanís,Cloud,1,1
Alcaldia del Ayuntamiento de Alanís,Infrastructure & Hardware,1,0
Alcaldia del Ayuntamiento de Albalate de Cinca,Other,1,0
Alcaldia del Ayuntamiento de Alcalá de los Gazules,Software & Development,1,1
Alcaldia del Ayuntamiento de Alcaracejos,Other,1,0
Alcaldia del Ayuntamiento de Aldeanueva de la Vera,Software & Development,1,1
Alcaldia del Ayuntamiento de Aldehuela del Jerte,Other,1,0
Alcaldia del Ayuntamiento de Algar,Other,1,0
Alcaldia del Ayuntamiento de Aliaguilla,Infrastructure & Hardware,1,1
Alcaldia del Ayuntamiento de Alicún,Other,1,0
Alcaldia del Ayuntamiento de Almoharín,Other,1,0
Alcaldia del Ayuntamiento de Alovera,Cloud,1,2
Alcaldia del Ayuntamiento de Arahal,Infrastructure & Hardware,1,1
Alcaldia del Ayuntamiento de Arenas del Rey,Other,1,0
Alcaldia del Ayuntamiento de Arroba de los Montes,Other,1,0
Alcaldia del Ayuntamiento de Arroyo de la Encomienda,Infrastructure & Hardware,1,1
Alcaldia del Ayuntamiento de Arroyomolinos,Other,1,0
Alcaldia del Ayuntamiento de Azuaga,Infrastructure & Hardware,1,1
Alcaldia del Ayuntamiento de Benquerencia,Other,1,0
Alcaldia del Ayuntamiento de Cadalso,Other,1,0
Alcaldia del Ayuntamiento de Calahorra,Other,1,0
Alcaldia del Ayuntamiento de Campaspero,Other,1,0
Alcaldia del Ayuntamiento de Cantillana,Cloud,1,1
Alcaldia del Ayuntamiento de Carmona,Software & Development,1,0
Alcaldia del Ayuntamiento de Carrascal de Barregas,Other,1,0
Alcaldia del Ayuntamiento de Casas de Don Antonio,Other,1,0
Alcaldia del Ayuntamiento de Castellnovo,Other,1,0
Alcaldia del Ayuntamiento de Castrocalbón,Other,1,0
Alcaldia del Ayuntamiento de Catadau,Software & Development,1,1
Alcaldia del Ayuntamiento de Cañaveral,Other,1,0
Alcaldia del Ayuntamiento de Cheste,Data & Analytics,1,0
Alcaldia del Ayuntamiento de Colmenar de Oreja,Other,1,0
Alcaldia del Ayuntamiento de Domeño,Other,1,0
Alcaldia del Ayuntamiento de Dúdar,Infrastructure & Hardware,1,1
Alcaldia del Ayuntamiento de Dúdar,Other,1,0
Alcaldia del Ayuntamiento de El Castillo de las Guardas,Infrastructure & Hardware,1,0
Alcaldia del Ayuntamiento de El Coronil,Infrastructure & Hardware,1,0
Alcaldia del Ayuntamiento de El Viso,Infrastructure & Hardware,1,0
Alcaldia del Ayuntamiento de Espejo,Infrastructure & Hardware,1,1
Alcaldia del Ayuntamiento de Estepa,Infrastructure & Hardware,1,0
Alcaldia del Ayuntamiento de Fregenal de la Sierra,Software & Development,1,0
Alcaldia del Ayuntamiento de Gargantilla del Lozoyo y Pinilla de Buitrago,Other,1,0
Alcaldia del Ayuntamiento de Granadilla de Abona,Cloud,1,1
Alcaldia del Ayuntamiento de Guntín,Other,1,0
Alcaldia del Ayuntamiento de Higueruelas,Other,1,0
Alcaldia del Ayuntamiento de Hontalbilla,Other,1,0
Alcaldia del Ayuntamiento de L'Orxa,Other,1,0
Alcaldia del Ayuntamiento de La Carolina,Infrastructure & Hardware,1,1
Alcaldia del Ayuntamiento de La Carolina,Software & Development,1,1
Alcaldia del Ayuntamiento de La Malahá,Software & Development,1,1
Alcaldia del Ayuntamiento de Las Cabezas de San Juan,Infrastructure & Hardware,1,1
Alcaldia del Ayuntamiento de Las Navas de la Concepción,Software & Development,1,2
Alcaldia del Ayuntamiento de Magaz de Cepeda,Other,1,0
Alcaldia del Ayuntamiento de Mascaraque,Other,1,0
Alcaldia del Ayuntamiento de Merindad de Cuesta Urria,Other,1,0
Alcaldia del Ayuntamiento de Miajadas,Software & Development,1,0
Alcaldia del Ayuntamiento de Mohernando,Other,1,0
Alcaldia del Ayuntamiento de Montillana,Other,1,0
Alcaldia del Ayuntamiento de Moralzarzal,Software & Development,1,1
Alcaldia del Ayuntamiento de Motril,Cybersecurity,1,1
Alcaldia del Ayuntamiento de Motril,Software & Development,1,1
Alcaldia del Ayuntamiento de Navas de Estena,Other,1,0
Alcaldia del Ayuntamiento de Olocau,Infrastructure & Hardware,1,1
Alcaldia del Ayuntamiento de Ontinyent,Cloud,1,1
Alcaldia del Ayuntamiento de Orce,Cloud,1,1
Alcaldia del Ayuntamiento de Ordes,Infrastructure & Hardware,1,1
Alcaldia del Ayuntamiento de Palma del Río,Cloud,1,3
Alcaldia del Ayuntamiento de Paradas,Infrastructure & Hardware,1,0
Alcaldia del Ayuntamiento de Pilas,Software & Development,1,1
Alcaldia del Ayuntamiento de Ponferrada,Cloud,1,0
Alcaldia del Ayuntamiento de Ponferrada,Infrastructure & Hardware,1,0
Alcaldia del Ayuntamiento de Pozoblanco,Infrastructure & Hardware,1,1
Alcaldia del Ayuntamiento de Rafelbunyol,Cloud,1,1
Alcaldia del Ayuntamiento de Ribadavia,Other,1,0
Alcaldia del Ayuntamiento de Salobreña,Infrastructure & Hardware,1,0
Alcaldia del Ayuntamiento de San Fernando,Cloud,1,2
Alcaldia del Ayuntamiento de San Javier,Cloud,1,1
Alcaldia del Ayuntamiento de San Javier,Software & Development,1,0
Alcaldia del Ayuntamiento de San Nicolás del Puerto,Software & Development,1,1
Alcaldia del Ayuntamiento de San Pedro,Other,1,0
Alcaldia del Ayuntamiento de Santa Marta de Magasca,Other,1,0
Alcaldia del Ayuntamiento de Taramundi,Other,1,0
Alcaldia del Ayuntamiento de Terque,Other,1,0
Alcaldia del Ayuntamiento de Torrico,Other,1,0
Alcaldia del Ayuntamiento de Torrijos,Software & Development,1,1
Alcaldia del Ayuntamiento de Totana,Infrastructure & Hardware,1,0
Alcaldia del Ayuntamiento de Totana,Software & Development,1,1
Alcaldia del Ayuntamiento de Umbrete,Infrastructure & Hardware,1,0
Alcaldia del Ayuntamiento de Valdetorres de Jarama,Data & Analytics,1,0
Alcaldia del Ayuntamiento de Valdetorres de Jarama,Infrastructure & Hardware,1,1
Alcaldia del Ayuntamiento de Vallehermoso,Infrastructure & Hardware,1,1
Alcaldia del Ayuntamiento de Valverde del Camino,Software & Development,1,1
Alcaldia del Ayuntamiento de Velliza,Other,1,0
Alcaldia del Ayuntamiento de Vila-real,Cloud,1,0
Alcaldia del Ayuntamiento de Vila-real,Infrastructure & Hardware,1,1
Alcaldia del Ayuntamiento de Villafranca de Ebro,Other,1,0
Alcaldia del Ayuntamiento de Villamejil,Other,1,0
Alcaldia del Ayuntamiento de Villanueva Mesía,Other,1,0
Alcaldia del Ayuntamiento de Villayón,Infrastructure & Hardware,1,1
Alcaldia del Ayuntamiento de la Frontera,Software & Development,1,1
Alcaldia-Presidencia del Ayuntamiento de Santa Brígida,Cloud,1,0
Alcaldia-Presidencia del Ayuntamiento de Santa Brígida,Software & Development,1,2
Alcaldía Ayuntamiento de Gavarda,Other,1,0
Alcaldía Concello A Pobra do Brollón,Other,1,0
Alcaldía Pedánea de la E.A.T.I.M Las Vegas,Infrastructure & Hardware,1,1
Alcaldía Pedánea del Ayuntamiento de la EATIM Hernán Cortés,Other,1,0
Alcaldía de Ayuntamiento de Adamuz,Software & Development,1,1
Alcaldía de Ayuntamiento de Añora,Software & Development,1,1
Alcaldía de Ayuntamiento de Barbate,Data & Analytics,1,0
Alcaldía de Ayuntamiento de Carcabuey,Infrastructure & Hardware,1,0
Alcaldía de Ayuntamiento de Fuente Tójar,Infrastructure & Hardware,1,1
Alcaldía de Ayuntamiento de Iznájar,Infrastructure & Hardware,1,0
Alcaldía de Ayuntamiento de San Sebastián de Los Ballesteros,Other,1,0
Alcaldía de Ayuntamiento de Villaharta,Other,1,0
Alcaldía de Ayuntamiento de Zuheros,Software & Development,1,0
Alcaldía de la EATIM de Jesús Pobre,Other,1,0
Alcaldía de la EATIM de Jesús Pobre,Software & Development,1,1
Alcaldía de la EATIM de Pradochano,Other,1,0
Alcaldía de la Entidad Local Autónoma de Torrecera,Software & Development,1,1
Alcaldía de la Entidad Local Menor de Aguas Nuevas,Other,1,0
Alcaldía de la Entidad Local Menor de Azabal,Other,1,0
Alcaldía de la Entidad Local Menor de Castrillo de Rucios,Other,1,0
Alcaldía de la Entidad Local Menor de Revenga,Other,1,0
Alcaldía de la Entidad Local Menor de Vivares,Other,1,0
Alcaldía de la Junta Vecinal de Tañabueyes de la Sierra,Other,1,0
Alcaldía del Ajuntament El Palomar,Other,1,0
Alcaldía del Ajuntament de Calp,Cloud,1,2
Alcaldía del Ajuntament de Llucmajor,Software & Development,1,0
Alcaldía del Ajuntament de Massanassa,Infrastructure & Hardware,1,0
Alcaldía del Ajuntament de Rocafort,Software & Development,1,1
Alcaldía del Ajuntament de Santanyi,Infrastructure & Hardware,1,0
Alcaldía del Ajuntament de Santanyi,Software & Development,1,1
Alcaldía del Ayuntamiento De Abiego,Other,1,0
Alcaldía del Ayuntamiento De Tobed,Other,1,0
Alcaldía del Ayuntamiento El Buste,Other,1,0
Alcaldía del Ayuntamiento El Real de Gandia,Software & Development,1,0
Alcaldía del Ayuntamiento Torrente de Cinca,Other,1,0
Alcaldía del Ayuntamiento de A Rúa,Other,1,0
Alcaldía del Ayuntamiento de Abades,Other,1,0
Alcaldía del Ayuntamiento de Abertura,Other,1,0
Alcaldía del Ayuntamiento de Abla,Other,1,0
Alcaldía del Ayuntamiento de Abrucena,Other,1,0
Alcaldía del Ayuntamiento de Agaete (Las Palmas),Software & Development,1,0
Alcaldía del Ayuntamiento de Agoncillo,Infrastructure & Hardware,1,1
Alcaldía del Ayuntamiento de Agoncillo,Software & Development,1,0
Alcaldía del Ayuntamiento de Aguatón,Other,1,0
Alcaldía del Ayuntamiento de Aguilar del Río Alhama,Infrastructure & Hardware,1,0
Alcaldía del Ayuntamiento de Agulo,Infrastructure & Hardware,1,0
Alcaldía del Ayuntamiento de Agulo,Software & Development,1,1
Alcaldía del Ayuntamiento de Ahigal,Other,1,0
Alcaldía del Ayuntamiento de Ajofrín,Other,1,0
Alcaldía del Ayuntamiento de Ajofrín,Software & Development,1,1
Alcaldía del Ayuntamiento de Alameda del Valle,Other,1,0
Alcaldía del Ayuntamiento de Alamillo,Other,1,0
Alcaldía del Ayuntamiento de Alaquàs,Software & Development,1,2
Alcaldía del Ayuntamiento de Albalat dels Sorells,Infrastructure & Hardware,1,0
Alcaldía del Ayuntamiento de Albalate de Zorita,Other,1,0
Alcaldía del Ayuntamiento de Albanchez,Other,1,0
Alcaldía del Ayuntamiento de Albanchez de Mágina,Other,1,0
Alcaldía del Ayuntamiento de Albatana,Other,1,0
Alcaldía del Ayuntamiento de Alberite,Other,1,0
Alcaldía del Ayuntamiento de Albolote,Other,1,0
Alcaldía del Ayuntamiento de Albox,Software & Development,1,1
Alcaldía del Ayuntamiento de Albudeite,Software & Development,1,1
Alcaldía del Ayuntamiento de Alburquerque,Other,1,0
Alcaldía del Ayuntamiento de Alcabón,Other,1,0
Alcaldía del Ayuntamiento de Alcaine,Other,1,0
Alcaldía del Ayuntamiento de Alcantarilla,Data & Analytics,1,1
Alcaldía del Ayuntamiento de Alcaudete,Infrastructure & Hardware,1,1
Alcaldía del Ayuntamiento de Alcañices,Other,1,0
Alcaldía del Ayuntamiento de Alcolea,Other,1,0
Alcaldía del Ayuntamiento de Alcubierre,Other,1,0
Alcaldía del Ayuntamiento de Alcubilla de Avellaneda,Other,1,0
Alcaldía del Ayuntamiento de Alcubillas,Other,1,0
Alcaldía del Ayuntamiento de Alcublas,Other,1,0
Alcaldía del Ayuntamiento de Aldeanueva de Figueroa,Other,1,0
Alcaldía del Ayuntamiento de Aldeaquemada,Other,1,0
Alcaldía del Ayuntamiento de Aldeire,Other,1,0
Alcaldía del Ayuntamiento de Aledo,Infrastructure & Hardware,1,1
Alcaldía del Ayuntamiento de Alesanco,Other,1,0
Alcaldía del Ayuntamiento de Alfafar,Software & Development,1,1
Alcaldía del Ayuntamiento de Alfarrasí,Other,1,0
Alcaldía del Ayuntamiento de Algar de Palancia,Other,1,0
Alcaldía del Ayuntamiento de Algarinejo,Other,1,0
Alcaldía del Ayuntamiento de Algarra,Other,1,0
Alcaldía del Ayuntamiento de Algarrobo,Software & Development,1,1
Alcaldía del Ayuntamiento de Algatocín,Software & Development,1,1
Alcaldía del Ayuntamiento de Alginet,Infrastructure & Hardware,1,1
Alcaldía del Ayuntamiento de Algora,Other,1,0
Alcaldía del Ayuntamiento de Alhama de Murcia,Cybersecurity,1,1
Alcaldía del Ayuntamiento de Alhaurín de la Torre,Cloud,1,2
Alcaldía del Ayuntamiento de Alhaurín el Grande,Cloud,1,1
Alcaldía del Ayuntamiento de Alhóndiga,Infrastructure & Hardware,1,1
Alcaldía del Ayuntamiento de Alhóndiga,Other,1,0
Alcaldía del Ayuntamiento de Aljucén,Other,1,0
Alcaldía del Ayuntamiento de Allepuz,Other,1,0
Alcaldía del Ayuntamiento de Aller,Infrastructure & Hardware,1,1
Alcaldía del Ayuntamiento de Almadén de la Plata,Cloud,1,1
Alcaldía del Ayuntamiento de Almansa,AI & Machine Learning,1,2
Alcaldía del Ayuntamiento de Almanza,Other,1,0
Alcaldía del Ayuntamiento de Almarza de Cameros,Other,1,0
Alcaldía del Ayuntamiento de Almassora,Infrastructure & Hardware,1,1
Alcaldía del Ayuntamiento de Almendralejo,Software & Development,1,1
Alcaldía del Ayuntamiento de Almonacid del Marquesado,Other,1,0
Alcaldía del Ayuntamiento de Almonaster La Real,Software & Development,1,1
Alcaldía del Ayuntamiento de Almussafes,Cloud,1,3
Alcaldía del Ayuntamiento de Almussafes,Infrastructure & Hardware,1,0
Alcaldía del Ayuntamiento de Almuñécar,Infrastructure & Hardware,1,0
Alcaldía del Ayuntamiento de Almáchar,Other,1,0
Alcaldía del Ayuntamiento de Alosno,Other,1,0
Alcaldía del Ayuntamiento de Altarejos,Other,1,0
Alcaldía del Ayuntamiento de Altorricón,Other,1,0
Alcaldía del Ayuntamiento de Anaya,Other,1,0
Alcaldía del Ayuntamiento de Andorra,Other,1,0
Alcaldía del Ayuntamiento de Andratx,Infrastructure & Hardware,1,0
Alcaldía del Ayuntamiento de Anguiano,Other,1,0
Alcaldía del Ayuntamiento de Anguita,Other,1,0
Alcaldía del Ayuntamiento de Anna,Software & Development,1,1
Alcaldía del Ayuntamiento de Antas,Software & Development,1,1
Alcaldía del Ayuntamiento de Antella,Other,1,0
Alcaldía del Ayuntamiento de Antigua,Cloud,1,0
Alcaldía del Ayuntamiento de Aranda de Duero,Infrastructure & Hardware,1,0
Alcaldía del Ayuntamiento de Arcones,Other,1,0
Alcaldía del Ayuntamiento de Arcos de las Salinas,Other,1,0
Alcaldía del Ayuntamiento de Ardón,Other,1,0
Alcaldía del Ayuntamiento de Aren,Other,1,0
Alcaldía del Ayuntamiento de Arganda del Rey,Cybersecurity,1,1
Alcaldía del Ayuntamiento de Arganda del Rey,Infrastructure & Hardware,1,0
Alcaldía del Ayuntamiento de Argavieso,Other,1,0
Alcaldía del Ayuntamiento de Ariño,Other,1,0
Alcaldía del Ayuntamiento de Armilla,Infrastructure & Hardware,1,1
Alcaldía del Ayuntamiento de Armuña de Almanzora,Other,1,0
Alcaldía del Ayuntamiento de Arnuero,Infrastructure & Hardware,1,1
Alcaldía del Ayuntamiento de Aroche,Other,1,0
Alcaldía del Ayuntamiento de Arriate,Infrastructure & Hardware,1,1
Alcaldía del Ayuntamiento de Arroyomolinos,Software & Development,1,1
Alcaldía del Ayuntamiento de Arroyomolinos de León,Infrastructure & Hardware,1,1
Alcaldía del Ayuntamiento de Artana,Other,1,0
Alcaldía del Ayuntamiento de Arándiga,Other,1,0
Alcaldía del Ayuntamiento de Arévalo,Infrastructure & Hardware,1,1
Alcaldía del Ayuntamiento de Astorga,Data & Analytics,1,0
Alcaldía del Ayuntamiento de Astudillo,Other,1,0
Alcaldía del Ayuntamiento de Atalaya del Cañavate,Other,1,0
Alcaldía del Ayuntamiento de Atzeneta del Maestrat,Other,1,0
Alcaldía del Ayuntamiento de Autol,Other,1,0
Alcaldía del Ayuntamiento de Avilés,Infrastructure & Hardware,1,1
Alcaldía del Ayuntamiento de Ayllón,Other,1,0
Alcaldía del Ayuntamiento de Ayódar,Other,1,0
Alcaldía del Ayuntamiento de Azaila,Other,1,0
Alcaldía del Ayuntamiento de Azanuy Alins,Other,1,0
Alcaldía del Ayuntamiento de Aznalcóllar,Cloud,1,1
Alcaldía del Ayuntamiento de Azuqueca de Henares,Infrastructure & Hardware,1,1
Alcaldía del Ayuntamiento de Añover de Tajo,Software & Development,1,1
Alcaldía del Ayuntamiento de Babilafuente,Other,1,0
Alcaldía del Ayuntamiento de Badajoz,AI & Machine Learning,1,3
Alcaldía del Ayuntamiento de Badajoz,Cybersecurity,1,1
Alcaldía del Ayuntamiento de Badarán,Other,1,0
Alcaldía del Ayuntamiento de Baena,Infrastructure & Hardware,1,1
Alcaldía del Ayuntamiento de Bailén,Infrastructure & Hardware,1,1
Alcaldía del Ayuntamiento de Bailén,Software & Development,1,0
Alcaldía del Ayuntamiento de Baiona,Infrastructure & Hardware,1,1
Alcaldía del Ayuntamiento de Balsa de Ves,Other,1,0
Alcaldía del Ayuntamiento de Bande,Other,1,0
Alcaldía del Ayuntamiento de Barbastro,Other,1,0
Alcaldía del Ayuntamiento de Barcarrota,Infrastructure & Hardware,1,1
Alcaldía del Ayuntamiento de Barreiros,Infrastructure & Hardware,1,1
Alcaldía del Ayuntamiento de Bayárcal,Other,1,0
Alcaldía del Ayuntamiento de Beas de Guadix,Other,1,0
Alcaldía del Ayuntamiento de Becilla de Valderaduey,Other,1,0
Alcaldía del Ayuntamiento de Begíjar,Software & Development,1,1
Alcaldía del Ayuntamiento de Beleña,Other,1,0
Alcaldía del Ayuntamiento de Belinchón,Other,1,0
Alcaldía del Ayuntamiento de Belver de Cinca,Other,1,0
Alcaldía del Ayuntamiento de Bembibre,Software & Development,1,0
Alcaldía del Ayuntamiento de Benadalid,Other,1,0
Alcaldía del Ayuntamiento de Benafigos,Other,1,0
Alcaldía del Ayuntamiento de Benalup-Casas Viejas,Other,1,0
Alcaldía del Ayuntamiento de Benalup-Casas Viejas,Software & Development,1,2
Alcaldía del Ayuntamiento de Benalúa,Other,1,0
Alcaldía del Ayuntamiento de Benalúa de las Villas,Other,1,0
Alcaldía del Ayuntamiento de Benatae,Other,1,0
Alcaldía del Ayuntamiento de Benavites,Other,1,0
Alcaldía del Ayuntamiento de Beneixida,Infrastructure & Hardware,1,1
Alcaldía del Ayuntamiento de Beneixida,Other,1,0
Alcaldía del Ayuntamiento de Benejúzar,Cloud,1,0
Alcaldía del Ayuntamiento de Benejúzar,Infrastructure & Hardware,1,1
Alcaldía del Ayuntamiento de Benetússer,Other,1,0
Alcaldía del Ayuntamiento de Benferri,Infrastructure & Hardware,1,1
Alcaldía del Ayuntamiento de Benicàssim,Cloud,1,1
Alcaldía del Ayuntamiento de Benicàssim,Software & Development,1,1
Alcaldía del Ayuntamiento de Benidoleig,Other,1,0
Alcaldía del Ayuntamiento de Benidorm,Software & Development,1,1
Alcaldía del Ayuntamiento de Beniel,Infrastructure & Hardware,1,0
Alcaldía del Ayuntamiento de Beniflà,Other,1,0
Alcaldía del Ayuntamiento de Benigembla,Infrastructure & Hardware,1,1
Alcaldía del Ayuntamiento de Benigembla,Other,1,0
Alcaldía del Ayuntamiento de Benijófar,Other,1,0
Alcaldía del Ayuntamiento de Benimarfull,Other,1,0
Alcaldía del Ayuntamiento de Benissoda,Other,1,0
Alcaldía del Ayuntamiento de Benquerencia de la Serena,Other,1,0
Alcaldía del Ayuntamiento de Benquerencia de la Serena,Software & Development,1,1
Alcaldía del Ayuntamiento de Bercianos del Paramo,Other,1,0
Alcaldía del Ayuntamiento de Bergasa,Other,1,0
Alcaldía del Ayuntamiento de Berrocal,Other,1,0
Alcaldía del Ayuntamiento de Betanzos,Software & Development,1,1
Alcaldía del Ayuntamiento de Bezas,Other,1,0
Alcaldía del Ayuntamiento de Bielsa,Other,1,0
Alcaldía del Ayuntamiento de Biescas,Infrastructure & Hardware,1,1
Alcaldía del Ayuntamiento de Boca de Huérgano,Other,1,0
Alcaldía del Ayuntamiento de Boceguillas,Infrastructure & Hardware,1,1
Alcaldía del Ayuntamiento de Boecillo,Software & Development,1,0
Alcaldía del Ayuntamiento de Bonansa,Other,1,0
Alcaldía del Ayuntamiento de Bonrepòs i Mirambell,Software & Development,1,1
Alcaldía del Ayuntamiento de Boquiñeni,Other,1,0
Alcaldía del Ayuntamiento de Bormujos,Cloud,1,2
Alcaldía del Ayuntamiento de Bormujos,Software & Development,1,0
Alcaldía del Ayuntamiento de Borox,Other,1,0
Alcaldía del Ayuntamiento de Borriol,Software & Development,1,1
Alcaldía del Ayuntamiento de Botija,Other,1,0
Alcaldía del Ayuntamiento de Botorrita,Other,1,0
Alcaldía del Ayuntamiento de Brenes,Infrastructure & Hardware,1,0
Alcaldía del Ayuntamiento de Breña Baja,Infrastructure & Hardware,1,0
Alcaldía del Ayuntamiento de Brieva de Cameros,Other,1,0
Alcaldía del Ayuntamiento de Briviesca,Infrastructure & Hardware,1,1
Alcaldía del Ayuntamiento de Buenaventura,Other,1,0
Alcaldía del Ayuntamiento de Buendía,Other,1,0
Alcaldía del Ayuntamiento de Bugedo,Other,1,0
Alcaldía del Ayuntamiento de Burgo de Osma,Data & Analytics,1,0
Alcaldía del Ayuntamiento de Burguillos del Cerro,Infrastructure & Hardware,1,1
Alcaldía del Ayuntamiento de Busot,Infrastructure & Hardware,1,1
Alcaldía del Ayuntamiento de Busot,Other,1,0
Alcaldía del Ayuntamiento de Busto de Bureba,Infrastructure & Hardware,1,1
Alcaldía del Ayuntamiento de Busto de Bureba,Other,1,0
Alcaldía del Ayuntamiento de Bélgida,Other,1,0
Alcaldía del Ayuntamiento de Búger,Infrastructure & Hardware,1,1
Alcaldía del Ayuntamiento de Cabezabellosa,Other,1,0
Alcaldía del Ayuntamiento de Cabra del Santo Cristo,Other,1,0
Alcaldía del Ayuntamiento de Cabrejas del Pinar,Other,1,0
Alcaldía del Ayuntamiento de Calamonte,Software & Development,1,1
Alcaldía del Ayuntamiento de Calanda,Other,1,0
Alcaldía del Ayuntamiento de Calcena,Other,1,0
Alcaldía del Ayuntamiento de Calicasas,Other,1,0
Alcaldía del Ayuntamiento de Callosa de Segura,Other,1,0
Alcaldía del Ayuntamiento de Calvarrasa de Abajo,Other,1,0
Alcaldía del Ayuntamiento de Calviá,Cloud,1,2
Alcaldía del Ayuntamiento de Calviá,Infrastructure & Hardware,1,1
Alcaldía del Ayuntamiento de Calzadilla,Other,1,0
Alcaldía del Ayuntamiento de Camargo,Infrastructure & Hardware,1,1
Alcaldía del Ayuntamiento de Caminomorisco,Other,1,0
Alcaldía del Ayuntamiento de Campillo de Ranas,Other,1,0
Alcaldía del Ayuntamiento de Campillos,Infrastructure & Hardware,1,1
Alcaldía del Ayuntamiento de Campos del Río,Infrastructure & Hardware,1,1
Alcaldía del Ayuntamiento de Camprovín,Other,1,0
Alcaldía del Ayuntamiento de Candelaria,Software & Development,1,1
Alcaldía del Ayuntamiento de Candelario,Other,1,0
Alcaldía del Ayuntamiento de Canet d'en Berenguer,Infrastructure & Hardware,1,1
Alcaldía del Ayuntamiento de Cangas,Other,1,0
Alcaldía del Ayuntamiento de Cangas del Narcea,Software & Development,1,1
Alcaldía del Ayuntamiento de Canillas de Aceituno,Other,1,0
Alcaldía del Ayuntamiento de Cantalpino,Other,1,0
Alcaldía del Ayuntamiento de Capilla,Other,1,0
Alcaldía del Ayuntamiento de Caracuel de Calatrava,Other,1,0
Alcaldía del Ayuntamiento de Carbajales de Alba,Other,1,0
Alcaldía del Ayuntamiento de Carbajo,Other,1,0
Alcaldía del Ayuntamiento de Carcaboso,Other,1,0
Alcaldía del Ayuntamiento de Carlet,Other,1,0
Alcaldía del Ayuntamiento de Carranque,Infrastructure & Hardware,1,1
Alcaldía del Ayuntamiento de Carratraca,Other,1,0
Alcaldía del Ayuntamiento de Cartajima,Other,1,0
Alcaldía del Ayuntamiento de Cartaya,Infrastructure & Hardware,1,0
Alcaldía del Ayuntamiento de Carucedo,Software & Development,1,1
Alcaldía del Ayuntamiento de Casares,Other,1,0
Alcaldía del Ayuntamiento de Casarrubuelos,Software & Development,1,1
Alcaldía del Ayuntamiento de Casas de Benítez,Other,1,0
Alcaldía del Ayuntamiento de Casas de Don Gómez,Other,1,0
Alcaldía del Ayuntamiento de Casas de Juan Núñez,Other,1,0
Alcaldía del Ayuntamiento de Casas de Miravete,Other,1,0
Alcaldía del Ayuntamiento de Casas del Monte,Other,1,0
Alcaldía del Ayuntamiento de Cascante del Río,Other,1,0
Alcaldía del Ayuntamiento de Castalla,Infrastructure & Hardware,1,1
Alcaldía del Ayuntamiento de Castañar de Ibor,Other,1,0
Alcaldía del Ayuntamiento de Castejón,Other,1,0
Alcaldía del Ayuntamiento de Castelflorite,Other,1,0
Alcaldía del Ayuntamiento de Castellar de la Frontera,Software & Development,1,1
Alcaldía del Ayuntamiento de Castellote,Other,1,0
Alcaldía del Ayuntamiento de Castelló,Software & Development,1,0
Alcaldía del Ayuntamiento de Castielfabib,Infrastructure & Hardware,1,1
Alcaldía del Ayuntamiento de Castilblanco,Other,1,0
Alcaldía del Ayuntamiento de Castilfalé,Other,1,0
Alcaldía del Ayuntamiento de Castilleja de la Cuesta,Data & Analytics,1,0
Alcaldía del Ayuntamiento de Castillejo de Robledo,Other,1,0
Alcaldía del Ayuntamiento de Castillo de Albaráñez,Other,1,0
Alcaldía del Ayuntamiento de Castillo de Locubín,Data & Analytics,1,0
Alcaldía del Ayuntamiento de Castillo de Villamalefa,Other,1,0
Alcaldía del Ayuntamiento de Castril,Infrastructure & Hardware,1,1
Alcaldía del Ayuntamiento de Castrillo del Val,Other,1,0
Alcaldía del Ayuntamiento de Castro-Urdiales,AI & Machine Learning,1,1
Alcaldía del Ayuntamiento de Castrocontrigo,Infrastructure & Hardware,1,1
Alcaldía del Ayuntamiento de Castropodame,Other,1,0
Alcaldía del Ayuntamiento de Catarroja,Other,1,0
Alcaldía del Ayuntamiento de Catí,Other,1,0
Alcaldía del Ayuntamiento de Caudete,Software & Development,1,1
Alcaldía del Ayuntamiento de Caudete de las Fuentes,Software & Development,1,1
Alcaldía del Ayuntamiento de Caudiel,Infrastructure & Hardware,1,1
Alcaldía del Ayuntamiento de Cazalla de la Sierra,Cloud,1,1
Alcaldía del Ayuntamiento de Cazalla de la Sierra,Infrastructure & Hardware,1,0
Alcaldía del Ayuntamiento de Cazorla,Infrastructure & Hardware,1,0
Alcaldía del Ayuntamiento de Cañada,Other,1,0
Alcaldía del Ayuntamiento de Cañada Juncosa,Other,1,0
Alcaldía del Ayuntamiento de Cañada Vellida,Other,1,0
Alcaldía del Ayuntamiento de Cañada de Calatrava,Other,1,0
Alcaldía del Ayuntamiento de Cañas,Other,1,0
Alcaldía del Ayuntamiento de Cehegín,Software & Development,1,1
Alcaldía del Ayuntamiento de Celadas,Other,1,0
Alcaldía del Ayuntamiento de Cenes de la Vega,Infrastructure & Hardware,1,1
Alcaldía del Ayuntamiento de Cenes de la Vega,Software & Development,1,1
Alcaldía del Ayuntamiento de Cerezo de Río Tirón,Other,1,0
Alcaldía del Ayuntamiento de Cervera de Buitrago,Software & Development,1,1
Alcaldía del Ayuntamiento de Cervera de los Montes,Other,1,0
Alcaldía del Ayuntamiento de Cespedosa de Tormes,Other,1,0
Alcaldía del Ayuntamiento de Cheles,Other,1,0
Alcaldía del Ayuntamiento de Chia,Other,1,0
Alcaldía del Ayuntamiento de Chilches Xilxes,Cloud,1,3
Alcaldía del Ayuntamiento de Chilches Xilxes,Infrastructure & Hardware,1,1
Alcaldía del Ayuntamiento de Chilches Xilxes,Software & Development,1,1
Alcaldía del Ayuntamiento de Chillón,Software & Development,1,1
Alcaldía del Ayuntamiento de Chipiona,Software & Development,1,0
Alcaldía del Ayuntamiento de Chiprana,Other,1,0
Alcaldía del Ayuntamiento de Chucena,Other,1,0
Alcaldía del Ayuntamiento de Chumillas,Other,1,0
Alcaldía del Ayuntamiento de Cillorigo de Liébana,Other,1,0
Alcaldía del Ayuntamiento de Cinctorres,Other,1,0
Alcaldía del Ayuntamiento de Cistierna,Infrastructure & Hardware,1,1
Alcaldía del Ayuntamiento de Ciutadella de Menorca,Other,1,0
Alcaldía del Ayuntamiento de Cocentaina,Infrastructure & Hardware,1,1
Alcaldía del Ayuntamiento de Cogollos de la Vega,Software & Development,1,1
Alcaldía del Ayuntamiento de Collado Mediano,Cloud,1,1
Alcaldía del Ayuntamiento de Collado Mediano,Software & Development,1,1
Alcaldía del Ayuntamiento de Collado Villalba,Infrastructure & Hardware,1,0
Alcaldía del Ayuntamiento de Colomera,Other,1,0
Alcaldía del Ayuntamiento de Colunga,Software & Development,1,0
Alcaldía del Ayuntamiento de Congosto,Other,1,0
Alcaldía del Ayuntamiento de Consuegra,Software & Development,1,1
Alcaldía del Ayuntamiento de Cornago,Other,1,0
Alcaldía del Ayuntamiento de Corporales,Other,1,0
Alcaldía del Ayuntamiento de Corte de Peleas,Other,1,0
Alcaldía del Ayuntamiento de Cortegada,Other,1,0
Alcaldía del Ayuntamiento de Cortegana,Software & Development,1,0
Alcaldía del Ayuntamiento de Cortelazor la Real,Other,1,0
Alcaldía del Ayuntamiento de Cortes de Arenoso,Software & Development,1,2
Alcaldía del Ayuntamiento de Costitx,Other,1,0
Alcaldía del Ayuntamiento de Cotillas,Other,1,0
Alcaldía del Ayuntamiento de Covaleda,Infrastructure & Hardware,1,1
Alcaldía del Ayuntamiento de Covarrubias,Other,1,0
Alcaldía del Ayuntamiento de Crevillent,Data & Analytics,1,0
Alcaldía del Ayuntamiento de Crevillent,Infrastructure & Hardware,1,0
Alcaldía del Ayuntamiento de Crémenes,Other,1,0
Alcaldía del Ayuntamiento de Cuacos de Yuste,Software & Development,1,1
Alcaldía del Ayuntamiento de Cucalón,Other,1,0
Alcaldía del Ayuntamiento de Cuerva,Infrastructure & Hardware,1,1
Alcaldía del Ayuntamiento de Cuevas Bajas,Software & Development,1,1
Alcaldía del Ayuntamiento de Cuevas del Becerro,Infrastructure & Hardware,1,0
Alcaldía del Ayuntamiento de Cuevas del Valle,Other,1,0
Alcaldía del Ayuntamiento de Culla,Software & Development,1,0
Alcaldía del Ayuntamiento de Cullera,Cloud,1,3
Alcaldía del Ayuntamiento de Curtis,Infrastructure & Hardware,1,0
Alcaldía del Ayuntamiento de Cuéllar,Software & Development,1,1
Alcaldía del Ayuntamiento de Càlig,Other,1,0
Alcaldía del Ayuntamiento de Cádiar,Infrastructure & Hardware,1,1
Alcaldía del Ayuntamiento de Cádiar,Other,1,0
Alcaldía del Ayuntamiento de Cárcer,Data & Analytics,1,0
Alcaldía del Ayuntamiento de Cártama,Infrastructure & Hardware,1,1
Alcaldía del Ayuntamiento de Daimús,Other,1,0
Alcaldía del Ayuntamiento de Darro,Other,1,0
Alcaldía del Ayuntamiento de Daya Nueva,Infrastructure & Hardware,1,1
Alcaldía del Ayuntamiento de Daya Nueva,Other,1,0
Alcaldía del Ayuntamiento de Degaña,Other,1,0
Alcaldía del Ayuntamiento de Domingo Pérez de Granada,Other,1,0
Alcaldía del Ayuntamiento de Durón,Other,1,0
Alcaldía del Ayuntamiento de El Barco de Ávila,Other,1,0
Alcaldía del Ayuntamiento de El Barraco,Other,1,0
Alcaldía del Ayuntamiento de El Barraco,Software & Development,1,1
Alcaldía del Ayuntamiento de El Berrueco,Software & Development,1,1
Alcaldía del Ayuntamiento de El Bonillo,Other,1,0
Alcaldía del Ayuntamiento de El Borge,Other,1,0
Alcaldía del Ayuntamiento de El Burgo,Other,1,0
Alcaldía del Ayuntamiento de El Campillo,Software & Development,1,1
Alcaldía del Ayuntamiento de El Casar,Cloud,1,2
Alcaldía del Ayuntamiento de El Ejido,Software & Development,1,2
Alcaldía del Ayuntamiento de El Gordo,Other,1,0
Alcaldía del Ayuntamiento de El Grado,Other,1,0
Alcaldía del Ayuntamiento de El Maderal,Other,1,0
Alcaldía del Ayuntamiento de El Palmar de Troya,Cloud,1,1
Alcaldía del Ayuntamiento de El Pego,Other,1,0
Alcaldía del Ayuntamiento de El Peral,Other,1,0
Alcaldía del Ayuntamiento de El Pinar de El Hierro,Infrastructure & Hardware,1,0
Alcaldía del Ayuntamiento de El Rasillo de Cameros,Other,1,0
Alcaldía del Ayuntamiento de El Rosario,Infrastructure & Hardware,1,1
Alcaldía del Ayuntamiento de El Saucejo,Cloud,1,1
Alcaldía del Ayuntamiento de El Sauzal,Software & Development,1,0
Alcaldía del Ayuntamiento de El Tanque,Infrastructure & Hardware,1,1
Alcaldía del Ayuntamiento de El Torno,Other,1,0
Alcaldía del Ayuntamiento de El Valle de Altomira,Other,1,0
Alcaldía del Ayuntamiento de El Vallecillo,Other,1,0
Alcaldía del Ayuntamiento de El Villar de Arnedo,Software & Development,1,1
Alcaldía del Ayuntamiento de El Viso de San Juan,Other,1,0
Alcaldía del Ayuntamiento de Eljas,Other,1,0
Alcaldía del Ayuntamiento de Enguera,Other,1,0
Alcaldía del Ayuntamiento de Enix,Other,1,0
Alcaldía del Ayuntamiento de Es Castell,Other,1,0
Alcaldía del Ayuntamiento de Escacena del Campo,Other,1,0
Alcaldía del Ayuntamiento de Escalona,Software & Development,1,1
Alcaldía del Ayuntamiento de Eslida,Other,1,0
Alcaldía del Ayuntamiento de Espadilla,Infrastructure & Hardware,1,1
Alcaldía del Ayuntamiento de Espartinas,Software & Development,1,1
Alcaldía del Ayuntamiento de Espejón,Other,1,0
Alcaldía del Ayuntamiento de Espinosa de Henares,Other,1,0
Alcaldía del Ayuntamiento de Esplús,Other,1,0
Alcaldía del Ayuntamiento de Fageca,Other,1,0
Alcaldía del Ayuntamiento de Famorca,Other,1,0
Alcaldía del Ayuntamiento de Fanlo,Other,1,0
Alcaldía del Ayuntamiento de Fermoselle,Other,1,0
Alcaldía del Ayuntamiento de Ferreras de Arriba,Other,1,0
Alcaldía del Ayuntamiento de Finestrat,Infrastructure & Hardware,1,0
Alcaldía del Ayuntamiento de Finestrat,Software & Development,1,1
Alcaldía del Ayuntamiento de Fonelas,Infrastructure & Hardware,1,1
Alcaldía del Ayuntamiento de Formentera del Segura,Infrastructure & Hardware,1,1
Alcaldía del Ayuntamiento de Formiche Alto,Other,1,0
Alcaldía del Ayuntamiento de Fornes,Other,1,0
Alcaldía del Ayuntamiento de Foz-Calanda,Other,1,0
Alcaldía del Ayuntamiento de Fraga,Infrastructure & Hardware,1,0
Alcaldía del Ayuntamiento de Freila,Software & Development,1,1
Alcaldía del Ayuntamiento de Fresnedillas de la Oliva,Software & Development,1,1
Alcaldía del Ayuntamiento de Fresnillo de las Dueñas,Other,1,0
Alcaldía del Ayuntamiento de Fresno de Torote,Infrastructure & Hardware,1,0
Alcaldía del Ayuntamiento de Fresno de la Ribera,Other,1,0
Alcaldía del Ayuntamiento de Fréscano,Other,1,0
Alcaldía del Ayuntamiento de Frías,Software & Development,1,1
Alcaldía del Ayuntamiento de Fuente el Fresno,Infrastructure & Hardware,1,1
Alcaldía del Ayuntamiento de Fuenteguinaldo,Other,1,0
Alcaldía del Ayuntamiento de Fuentelespino de Haro,Other,1,0
Alcaldía del Ayuntamiento de Fuentelsaz,Other,1,0
Alcaldía del Ayuntamiento de Fuentes,Other,1,0
Alcaldía del Ayuntamiento de Fuentes Claras,Other,1,0
Alcaldía del Ayuntamiento de Fuentes de Andalucía,Cloud,1,1
Alcaldía del Ayuntamiento de Fuentes de Nava,Other,1,0
Alcaldía del Ayuntamiento de Fuentes de Oñoro,Other,1,0
Alcaldía del Ayuntamiento de Galaroza,Software & Development,1,0
Alcaldía del Ayuntamiento de Galindo y Perahuy,Other,1,0
Alcaldía del Ayuntamiento de Galisteo,Other,1,0
Alcaldía del Ayuntamiento de Galve de Sorbe,Other,1,0
Alcaldía del Ayuntamiento de Garbayuela,Other,1,0
Alcaldía del Ayuntamiento de Garciotum,Other,1,0
Alcaldía del Ayuntamiento de Garrafe de Torío,Other,1,0
Alcaldía del Ayuntamiento de Garrucha,Software & Development,1,1
Alcaldía del Ayuntamiento de Geldo,Other,1,0
Alcaldía del Ayuntamiento de Gelves,Infrastructure & Hardware,1,1
Alcaldía del Ayuntamiento de Gerena,Infrastructure & Hardware,1,1
Alcaldía del Ayuntamiento de Gerena,Software & Development,1,1
Alcaldía del Ayuntamiento de Geria,Other,1,0
Alcaldía del Ayuntamiento de Gimileo,Other,1,0
Alcaldía del Ayuntamiento de Gistaín,Other,1,0
Alcaldía del Ayuntamiento de Godojos,Other,1,0
Alcaldía del Ayuntamiento de Gor,Other,1,0
Alcaldía del Ayuntamiento de Gozón,Infrastructure & Hardware,1,1
Alcaldía del Ayuntamiento de Gozón,Software & Development,1,1
Alcaldía del Ayuntamiento de Guadalajara,Cloud,1,1
Alcaldía del Ayuntamiento de Guadalcanal,Cloud,1,1
Alcaldía del Ayuntamiento de Guadalmez,Other,1,0
Alcaldía del Ayuntamiento de Guadassuar,Other,1,0
Alcaldía del Ayuntamiento de Guadasséquies,Other,1,0
Alcaldía del Ayuntamiento de Guardo,Other,1,0
Alcaldía del Ayuntamiento de Guijo de Coria,Other,1,0
Alcaldía del Ayuntamiento de Guijo de Santa Bárbara,Other,1,0
Alcaldía del Ayuntamiento de Gumiel de Izán,Other,1,0
Alcaldía del Ayuntamiento de Gurrea de Gallego,Other,1,0
Alcaldía del Ayuntamiento de Gádor,Other,1,0
Alcaldía del Ayuntamiento de Gáldar,Cloud,1,2
Alcaldía del Ayuntamiento de Gáldar,Infrastructure & Hardware,1,0
Alcaldía del Ayuntamiento de Gérgal,Other,1,0
Alcaldía del Ayuntamiento de Gúdar,Other,1,0
Alcaldía del Ayuntamiento de Haría,Data & Analytics,1,0
Alcaldía del Ayuntamiento de Hellín,Infrastructure & Hardware,1,0
Alcaldía del Ayuntamiento de Herbés,Other,1,0
Alcaldía del Ayuntamiento de Herradón de Pinares,Other,1,0
Alcaldía del Ayuntamiento de Herramélluri,Other,1,0
Alcaldía del Ayuntamiento de Herrera de Pisuerga,Other,1,0
Alcaldía del Ayuntamiento de Herreruela,Other,1,0
Alcaldía del Ayuntamiento de Hervías,Other,1,0
Alcaldía del Ayuntamiento de Higueras,Other,1,0
Alcaldía del Ayuntamiento de Hinojares,Other,1,0
Alcaldía del Ayuntamiento de Hinojos,Software & Development,1,1
Alcaldía del Ayuntamiento de Hinojosa del Duque,Infrastructure & Hardware,1,1
Alcaldía del Ayuntamiento de Hinojosa del Valle,Other,1,0
Alcaldía del Ayuntamiento de Hita,Other,1,0
Alcaldía del Ayuntamiento de Holguera,Software & Development,1,1
Alcaldía del Ayuntamiento de Honrubia,Other,1,0
Alcaldía del Ayuntamiento de Hontecillas,Other,1,0
Alcaldía del Ayuntamiento de Hontoria del Pinar,Other,1,0
Alcaldía del Ayuntamiento de Horcajo de la Sierra-Aoslos,Other,1,0
Alcaldía del Ayuntamiento de Horche,Software & Development,1,2
Alcaldía del Ayuntamiento de Hornillos de Cameros,Other,1,0
Alcaldía del Ayuntamiento de Hornillos de Cerrato,Other,1,0
Alcaldía del Ayuntamiento de Hornos de Moncalvillo,Other,1,0
Alcaldía del Ayuntamiento de Hoya Gonzalo,Other,1,0
Alcaldía del Ayuntamiento de Hoz de Jaca,Other,1,0
Alcaldía del Ayuntamiento de Huecas,Other,1,0
Alcaldía del Ayuntamiento de Huerto,Other,1,0
Alcaldía del Ayuntamiento de Huesca,Infrastructure & Hardware,1,0
Alcaldía del Ayuntamiento de Huete,Infrastructure & Hardware,1,1
Alcaldía del Ayuntamiento de Humilladero,Infrastructure & Hardware,1,1
Alcaldía del Ayuntamiento de Huéscar,Software & Development,1,0
Alcaldía del Ayuntamiento de Ibros,Other,1,0
Alcaldía del Ayuntamiento de Igea,Other,1,0
Alcaldía del Ayuntamiento de Igüeña,Other,1,0
Alcaldía del Ayuntamiento de Illana,Software & Development,1,1
Alcaldía del Ayuntamiento de Illano,Other,1,0
Alcaldía del Ayuntamiento de Illas,Cloud,1,0
Alcaldía del Ayuntamiento de Illescas,Cloud,1,3
Alcaldía del Ayuntamiento de Illora,Software & Development,1,1
Alcaldía del Ayuntamiento de Isla Cristina,Infrastructure & Hardware,1,1
Alcaldía del Ayuntamiento de Isábena,Other,1,0
Alcaldía del Ayuntamiento de Iznate,Infrastructure & Hardware,1,1
Alcaldía del Ayuntamiento de Jabaloyas,Other,1,0
Alcaldía del Ayuntamiento de Jaca,Other,1,0
Alcaldía del Ayuntamiento de Jacarilla,Infrastructure & Hardware,1,1
Alcaldía del Ayuntamiento de Jadraque,Other,1,0
Alcaldía del Ayuntamiento de Jaraicejo,Other,1,0
Alcaldía del Ayuntamiento de Jaraicejo,Software & Development,1,0
Alcaldía del Ayuntamiento de Jarandilla de la Vera,Other,1,0
Alcaldía del Ayuntamiento de Jarque de la Val,Other,1,0
Alcaldía del Ayuntamiento de Jaulín,Other,1,0
Alcaldía del Ayuntamiento de Jaén,Cybersecurity,1,2
Alcaldía del Ayuntamiento de Jerez de los Caballeros,Infrastructure & Hardware,1,1
Alcaldía del Ayuntamiento de Jerte,Infrastructure & Hardware,1,1
Alcaldía del Ayuntamiento de Jete,Other,1,0
Alcaldía del Ayuntamiento de Jimena de la Frontera,Infrastructure & Hardware,1,1
Alcaldía del Ayuntamiento de Joarilla de las Matas,Other,1,0
Alcaldía del Ayuntamiento de Jumilla,Other,1,0
Alcaldía del Ayuntamiento de Juzbado,Other,1,0
Alcaldía del Ayuntamiento de Játar,Other,1,0
Alcaldía del Ayuntamiento de Jávea,Cloud,1,5
Alcaldía del Ayuntamiento de Jávea,Infrastructure & Hardware,1,1
Alcaldía del Ayuntamiento de Jávea,Software & Development,1,0
Alcaldía del Ayuntamiento de Jérica,Infrastructure & Hardware,1,1
Alcaldía del Ayuntamiento de L'Alcora,Infrastructure & Hardware,1,1
Alcaldía del Ayuntamiento de L'Eliana,Infrastructure & Hardware,1,1
Alcaldía del Ayuntamiento de L'Olleria,Infrastructure & Hardware,1,1
Alcaldía del Ayuntamiento de La Algaba,Software & Development,1,0
Alcaldía del Ayuntamiento de La Bañeza,Infrastructure & Hardware,1,1
Alcaldía del Ayuntamiento de La Campana,Software & Development,1,0
Alcaldía del Ayuntamiento de La Coronada,Other,1,0
Alcaldía del Ayuntamiento de La Font d'En Carròs,Other,1,0
Alcaldía del Ayuntamiento de La Font de la Figuera,Cloud,1,2
Alcaldía del Ayuntamiento de La Font de la Figuera,Infrastructure & Hardware,1,1
Alcaldía del Ayuntamiento de La Fuente de San Esteban,Other,1,0
Alcaldía del Ayuntamiento de La Fueva,Other,1,0
Alcaldía del Ayuntamiento de La Granja,Other,1,0
Alcaldía del Ayuntamiento de La Iglesuela del Cid,Other,1,0
Alcaldía del Ayuntamiento de La Mata de Morella,Other,1,0
Alcaldía del Ayuntamiento de La Muela,Infrastructure & Hardware,1,1
Alcaldía del Ayuntamiento de La Palma del Condado,Infrastructure & Hardware,1,1
Alcaldía del Ayuntamiento de La Parra,Other,1,0
Alcaldía del Ayuntamiento de La Peza,Other,1,0
Alcaldía del Ayuntamiento de La Puebla de Alfindén,Cloud,1,2
Alcaldía del Ayuntamiento de La Puebla de Alfindén,Infrastructure & Hardware,1,1
Alcaldía del Ayuntamiento de La Puebla de Cazalla,Data & Analytics,1,0
Alcaldía del Ayuntamiento de La Puebla de Cazalla,Infrastructure & Hardware,1,1
Alcaldía del Ayuntamiento de La Puebla de Cazalla,Software & Development,1,1
Alcaldía del Ayuntamiento de La Puebla de Valverde,Other,1,0
Alcaldía del Ayuntamiento de La Pueblanueva,Infrastructure & Hardware,1,1
Alcaldía del Ayuntamiento de La Recueja,Other,1,0
Alcaldía del Ayuntamiento de La Roda de Andalucía,Cloud,1,1
Alcaldía del Ayuntamiento de La Solana,Infrastructure & Hardware,1,0
Alcaldía del Ayuntamiento de La Taha,Other,1,0
Alcaldía del Ayuntamiento de La Torre d'en Doménec,Other,1,0
Alcaldía del Ayuntamiento de La Vellés,Other,1,0
Alcaldía del Ayuntamiento de La Victoria de Acentejo,Infrastructure & Hardware,1,1
Alcaldía del Ayuntamiento de La Victoria de Acentejo,Software & Development,1,1
Alcaldía del Ayuntamiento de La Vid y Barrios,Other,1,0
Alcaldía del Ayuntamiento de La Villa de Tegueste,Infrastructure & Hardware,1,1
Alcaldía del Ayuntamiento de La Villa de Tegueste,Software & Development,1,0
Alcaldía del Ayuntamiento de La Zarza,Infrastructure & Hardware,1,1
Alcaldía del Ayuntamiento de Ladrillar,Other,1,0
Alcaldía del Ayuntamiento de Laguna de Duero,Data & Analytics,1,0
Alcaldía del Ayuntamiento de Lalueza,Other,1,0
Alcaldía del Ayuntamiento de Lanjarón,Infrastructure & Hardware,1,0
Alcaldía del Ayuntamiento de Lanjarón,Software & Development,1,1
Alcaldía del Ayuntamiento de Las Gabias,Infrastructure & Hardware,1,1
Alcaldía del Ayuntamiento de Las Gabias,Software & Development,1,1
Alcaldía del Ayuntamiento de Las Hormazas,Other,1,0
Alcaldía del Ayuntamiento de Las Palmas de Gran Canaria,Data & Analytics,1,0
Alcaldía del Ayuntamiento de Las Peñas de Riglos,Other,1,0
Alcaldía del Ayuntamiento de Las Ventas de Retamosa,Infrastructure & Hardware,1,1
Alcaldía del Ayuntamiento de Laviana,Software & Development,1,1
Alcaldía del Ayuntamiento de Lerma,Other,1,0
Alcaldía del Ayuntamiento de Les Coves de Vinromà,Infrastructure & Hardware,1,1
Alcaldía del Ayuntamiento de Les Useres,Other,1,0
Alcaldía del Ayuntamiento de Letux,Infrastructure & Hardware,1,1
Alcaldía del Ayuntamiento de Letux,Other,1,0
Alcaldía del Ayuntamiento de Librilla,Software & Development,1,1
Alcaldía del Ayuntamiento de Linares,Infrastructure & Hardware,1,0
Alcaldía del Ayuntamiento de Llanera,Software & Development,1,0
Alcaldía del Ayuntamiento de Llanes,Software & Development,1,0
Alcaldía del Ayuntamiento de Llombai,Infrastructure & Hardware,1,1
Alcaldía del Ayuntamiento de Lloseta,Infrastructure & Hardware,1,1
Alcaldía del Ayuntamiento de Lloseta,Software & Development,1,1
Alcaldía del Ayuntamiento de Loeches,Software & Development,1,1
Alcaldía del Ayuntamiento de Los Blázquez,Other,1,0
Alcaldía del Ayuntamiento de Los Corrales,Cloud,1,1
Alcaldía del Ayuntamiento de Los Corrales de Buelna,Software & Development,1,1
Alcaldía del Ayuntamiento de Los Hinojosos,Other,1,0
Alcaldía del Ayuntamiento de Los Llanos de Aridane,Data & Analytics,1,0
Alcaldía del Ayuntamiento de Los Navalmorales,Software & Development,1,1
Alcaldía del Ayuntamiento de Los Rábanos,Infrastructure & Hardware,1,1
Alcaldía del Ayuntamiento de Los Silos,Software & Development,1,1
Alcaldía del Ayuntamiento de Losar de la Vera,Other,1,0
Alcaldía del Ayuntamiento de Losar de la Vera,Software & Development,1,1
Alcaldía del Ayuntamiento de Luciana,Other,1,0
Alcaldía del Ayuntamiento de Lucillos,Other,1,0
Alcaldía del Ayuntamiento de Lupiñen Ortilla,Other,1,0
Alcaldía del Ayuntamiento de Lújar,Other,1,0
Alcaldía del Ayuntamiento de Macael,Other,1,0
Alcaldía del Ayuntamiento de Madroñera,Other,1,0
Alcaldía del Ayuntamiento de Majadahonda,Cloud,1,1
Alcaldía del Ayuntamiento de Malpartida de Cáceres,Data & Analytics,1,0
Alcaldía del Ayuntamiento de Malpartida de Cáceres,Infrastructure & Hardware,1,1
Alcaldía del Ayuntamiento de Malpartida de Cáceres,Software & Development,1,1
Alcaldía del Ayuntamiento de Malón,Other,1,0
Alcaldía del Ayuntamiento de Manacor,Cloud,1,1
Alcaldía del Ayuntamiento de Manchita,Other,1,0
Alcaldía del Ayuntamiento de Mancor de la Vall,Other,1,0
Alcaldía del Ayuntamiento de Manilva,Infrastructure & Hardware,1,1
Alcaldía del Ayuntamiento de Manises,Cloud,1,1
Alcaldía del Ayuntamiento de Manises,Infrastructure & Hardware,1,0
Alcaldía del Ayuntamiento de Mansilla de la Sierra,Other,1,0
Alcaldía del Ayuntamiento de Mansilla de las Mulas,Other,1,0
Alcaldía del Ayuntamiento de Marchal,Other,1,0
Alcaldía del Ayuntamiento de Maria de Huerva,Other,1,0
Alcaldía del Ayuntamiento de Marina de Cudeyo,Infrastructure & Hardware,1,1
Alcaldía del Ayuntamiento de Marracos,Other,1,0
Alcaldía del Ayuntamiento de Martín de la Jara,Other,1,0
Alcaldía del Ayuntamiento de María,Other,1,0
Alcaldía del Ayuntamiento de María de la Salut,Infrastructure & Hardware,1,1
Alcaldía del Ayuntamiento de Mas de las Matas,Other,1,0
Alcaldía del Ayuntamiento de Maside,Infrastructure & Hardware,1,1
Alcaldía del Ayuntamiento de Maside,Other,1,0
Alcaldía del Ayuntamiento de Massalavés,Infrastructure & Hardware,1,1
Alcaldía del Ayuntamiento de Mata de Cuéllar,Other,1,0
Alcaldía del Ayuntamiento de Mazcuerras,Other,1,0
Alcaldía del Ayuntamiento de Mazuecos,Other,1,0
Alcaldía del Ayuntamiento de Meco,Data & Analytics,1,0
Alcaldía del Ayuntamiento de Meco,Infrastructure & Hardware,1,0
Alcaldía del Ayuntamiento de Medina de Pomar,Software & Development,1,1
Alcaldía del Ayuntamiento de Medina del Campo,Cloud,1,3
Alcaldía del Ayuntamiento de Medina del Campo,Infrastructure & Hardware,1,1
Alcaldía del Ayuntamiento de Medio Cudeyo,Infrastructure & Hardware,1,1
Alcaldía del Ayuntamiento de Mejorada,Other,1,0
Alcaldía del Ayuntamiento de Meliana,Cloud,1,1
Alcaldía del Ayuntamiento de Melón,Infrastructure & Hardware,1,1
Alcaldía del Ayuntamiento de Miengo,Infrastructure & Hardware,1,1
Alcaldía del Ayuntamiento de Miguelturra,Infrastructure & Hardware,1,1
Alcaldía del Ayuntamiento de Millanes,Software & Development,1,1
Alcaldía del Ayuntamiento de Mirabel,Other,1,0
Alcaldía del Ayuntamiento de Mirambel,Other,1,0
Alcaldía del Ayuntamiento de Miranda de Azán,Other,1,0
Alcaldía del Ayuntamiento de Miranda de Ebro,Other,1,0
Alcaldía del Ayuntamiento de Mislata,Cloud,1,2
Alcaldía del Ayuntamiento de Mislata,Infrastructure & Hardware,1,1
Alcaldía del Ayuntamiento de Moclín,Other,1,0
Alcaldía del Ayuntamiento de Modúbar de la Emparedada,Other,1,0
Alcaldía del Ayuntamiento de Mojados,Other,1,0
Alcaldía del Ayuntamiento de Molinos de Duero,Other,1,0
Alcaldía del Ayuntamiento de Mondariz Balneario,Other,1,0
Alcaldía del Ayuntamiento de Monfarracinos,Other,1,0
Alcaldía del Ayuntamiento de Monroyo,Other,1,0
Alcaldía del Ayuntamiento de Montaverner,Other,1,0
Alcaldía del Ayuntamiento de Montejaque,Software & Development,1,1
Alcaldía del Ayuntamiento de Montejo de Tiermes,Other,1,0
Alcaldía del Ayuntamiento de Montellano,Infrastructure & Hardware,1,1
Alcaldía del Ayuntamiento de Montemayor de Pililla,Other,1,0
Alcaldía del Ayuntamiento de Monterde,Other,1,0
Alcaldía del Ayuntamiento de Monterde de Albarracín,Other,1,0
Alcaldía del Ayuntamiento de Montilla,Infrastructure & Hardware,1,1
Alcaldía del Ayuntamiento de Montitxelvo,Other,1,0
Alcaldía del Ayuntamiento de Montizón,Other,1,0
Alcaldía del Ayuntamiento de Montoro,Software & Development,1,1
Alcaldía del Ayuntamiento de Montánchez,Software & Development,1,1
Alcaldía del Ayuntamiento de Monóvar,Infrastructure & Hardware,1,1
Alcaldía del Ayuntamiento de Monóvar,Software & Development,1,0
Alcaldía del Ayuntamiento de Mora de Rubielos,Software & Development,1,1
Alcaldía del Ayuntamiento de Moraleja del Vino,Other,1,0
Alcaldía del Ayuntamiento de Moratalla,Infrastructure & Hardware,1,1
Alcaldía del Ayuntamiento de Morcillo,Other,1,0
Alcaldía del Ayuntamiento de Morcín,Other,1,0
Alcaldía del Ayuntamiento de Morella,Infrastructure & Hardware,1,1
Alcaldía del Ayuntamiento de Morella,Software & Development,1,0
Alcaldía del Ayuntamiento de Mosqueruela,Software & Development,1,1
Alcaldía del Ayuntamiento de Motilleja,Other,1,0
Alcaldía del Ayuntamiento de Mozoncillo,Infrastructure & Hardware,1,1
Alcaldía del Ayuntamiento de Muelas del Pan,Other,1,0
Alcaldía del Ayuntamiento de Munera,Other,1,0
Alcaldía del Ayuntamiento de Munilla,Other,1,0
Alcaldía del Ayuntamiento de Murillo de Gállego,Other,1,0
Alcaldía del Ayuntamiento de Muro,Infrastructure & Hardware,1,1
Alcaldía del Ayuntamiento de Muro,Software & Development,1,1
Alcaldía del Ayuntamiento de Muro de Aguas,Other,1,0
Alcaldía del Ayuntamiento de Muros,Other,1,0
Alcaldía del Ayuntamiento de Murtas,Other,1,0
Alcaldía del Ayuntamiento de Navajas,Other,1,0
Alcaldía del Ayuntamiento de Navaleno,Infrastructure & Hardware,1,1
Alcaldía del Ayuntamiento de Navaleno,Other,1,0
Alcaldía del Ayuntamiento de Navalmanzano,Other,1,0
Alcaldía del Ayuntamiento de Navalmoral de la Mata,Infrastructure & Hardware,1,0
Alcaldía del Ayuntamiento de Navalpino,Other,1,0
Alcaldía del Ayuntamiento de Navalvillar de Ibor,Other,1,0
Alcaldía del Ayuntamiento de Navarredonda y San Mamés,Other,1,0
Alcaldía del Ayuntamiento de Navas de Oro,Other,1,0
Alcaldía del Ayuntamiento de Navezuelas,Other,1,0
Alcaldía del Ayuntamiento de Nerpio,Software & Development,1,1
Alcaldía del Ayuntamiento de Nestares,Other,1,0
Alcaldía del Ayuntamiento de Nevada,Infrastructure & Hardware,1,1
Alcaldía del Ayuntamiento de Niebla,Software & Development,1,0
Alcaldía del Ayuntamiento de Nieva,Other,1,0
Alcaldía del Ayuntamiento de Nigüelas,Other,1,0
Alcaldía del Ayuntamiento de Noceda del Bierzo,Other,1,0
Alcaldía del Ayuntamiento de Noez,Other,1,0
Alcaldía del Ayuntamiento de Nombela,Other,1,0
Alcaldía del Ayuntamiento de Novetlé,Other,1,0
Alcaldía del Ayuntamiento de Novillas,Other,1,0
Alcaldía del Ayuntamiento de Nuez de Ebro,Other,1,0
Alcaldía del Ayuntamiento de Nuñomoral,Other,1,0
Alcaldía del Ayuntamiento de Náquera,Data & Analytics,1,0
Alcaldía del Ayuntamiento de Náquera,Infrastructure & Hardware,1,1
Alcaldía del Ayuntamiento de Níjar,Infrastructure & Hardware,1,0
Alcaldía del Ayuntamiento de O Irixo,Other,1,0
Alcaldía del Ayuntamiento de O Irixo,Software & Development,1,0
Alcaldía del Ayuntamiento de O Valadouro,Other,1,0
Alcaldía del Ayuntamiento de Obón,Infrastructure & Hardware,1,1
Alcaldía del Ayuntamiento de Obón,Other,1,0
Alcaldía del Ayuntamiento de Ohanes,Other,1,0
Alcaldía del Ayuntamiento de Ojén,Software & Development,1,1
Alcaldía del Ayuntamiento de Olba,Other,1,0
Alcaldía del Ayuntamiento de Oleiros,Data & Analytics,1,0
Alcaldía del Ayuntamiento de Oleiros,Infrastructure & Hardware,1,0
Alcaldía del Ayuntamiento de Ollauri,Other,1,0
Alcaldía del Ayuntamiento de Olmeda de las Fuentes,Other,1,0
Alcaldía del Ayuntamiento de Olmedilla de Eliz,Other,1,0
Alcaldía del Ayuntamiento de Olombrada,Other,1,0
Alcaldía del Ayuntamiento de Oncala,Other,1,0
Alcaldía del Ayuntamiento de Ontiñena,Other,1,0
Alcaldía del Ayuntamiento de Orellana de la Sierra,Other,1,0
Alcaldía del Ayuntamiento de Ortigueira,Cloud,1,1
Alcaldía del Ayuntamiento de Orxeta,Infrastructure & Hardware,1,1
Alcaldía del Ayuntamiento de Orxeta,Other,1,0
Alcaldía del Ayuntamiento de Oseja de Sajambre,Other,1,0
Alcaldía del Ayuntamiento de Osorno,Other,1,0
Alcaldía del Ayuntamiento de Osso de Cinca,Other,1,0
Alcaldía del Ayuntamiento de Otero de Herreros,Other,1,0
Alcaldía del Ayuntamiento de Otivar,Other,1,0
Alcaldía del Ayuntamiento de Padrenda,Other,1,0
Alcaldía del Ayuntamiento de Padul,Infrastructure & Hardware,1,1
Alcaldía del Ayuntamiento de Palacios Rubios,Other,1,0
Alcaldía del Ayuntamiento de Palacios de la Sierra,Other,1,0
Alcaldía del Ayuntamiento de Palacios del Arzobispo,Other,1,0
Alcaldía del Ayuntamiento de Palomares del Río,Other,1,0
Alcaldía del Ayuntamiento de Palomas,Infrastructure & Hardware,1,1
Alcaldía del Ayuntamiento de Palomeque,Other,1,0
Alcaldía del Ayuntamiento de Palomera,Other,1,0
Alcaldía del Ayuntamiento de Pancorbo,Other,1,0
Alcaldía del Ayuntamiento de Pancrudo,Other,1,0
Alcaldía del Ayuntamiento de Pantoja,Cybersecurity,1,1
Alcaldía del Ayuntamiento de Paracuellos de la Vega,Other,1,0
Alcaldía del Ayuntamiento de Parcent,Other,1,0
Alcaldía del Ayuntamiento de Pareja,Other,1,0
Alcaldía del Ayuntamiento de Parrillas,Other,1,0
Alcaldía del Ayuntamiento de Paterna del Campo,Other,1,0
Alcaldía del Ayuntamiento de Pedrosa de Río Úrbel,Other,1,0
Alcaldía del Ayuntamiento de Pego,Software & Development,1,0
Alcaldía del Ayuntamiento de Peraleda del Zaucejo,Other,1,0
Alcaldía del Ayuntamiento de Peralejos de Abajo,Other,1,0
Alcaldía del Ayuntamiento de Peralta de Alcofea,Infrastructure & Hardware,1,1
Alcaldía del Ayuntamiento de Pesaguero,Other,1,0
Alcaldía del Ayuntamiento de Pescueza,Infrastructure & Hardware,1,0
Alcaldía del Ayuntamiento de Pesoz,Other,1,0
Alcaldía del Ayuntamiento de Pezuela de las Torres,Software & Development,1,1
Alcaldía del Ayuntamiento de Peñafiel,Infrastructure & Hardware,1,0
Alcaldía del Ayuntamiento de Peñarroya-Pueblonuevo,Other,1,0
Alcaldía del Ayuntamiento de Peñausende,Other,1,0
Alcaldía del Ayuntamiento de Picassent,Cloud,1,0
Alcaldía del Ayuntamiento de Piedrahíta,Software & Development,1,1
Alcaldía del Ayuntamiento de Piedratajada,Other,1,0
Alcaldía del Ayuntamiento de Pioz,Other,1,0
Alcaldía del Ayuntamiento de Pizarra,Software & Development,1,0
Alcaldía del Ayuntamiento de Plan,Other,1,0
Alcaldía del Ayuntamiento de Planes,Other,1,0
Alcaldía del Ayuntamiento de Planes,Software & Development,1,0
Alcaldía del Ayuntamiento de Pleitas,Infrastructure & Hardware,1,1
Alcaldía del Ayuntamiento de Pliego,Software & Development,1,1
Alcaldía del Ayuntamiento de Pobladura de Pelayo García,Other,1,0
Alcaldía del Ayuntamiento de Poleñino,Other,1,0
Alcaldía del Ayuntamiento de Policar,Other,1,0
Alcaldía del Ayuntamiento de Polinyà de Xúquer,Cloud,1,2
Alcaldía del Ayuntamiento de Polopos - La Mamola,Other,1,0
Alcaldía del Ayuntamiento de Porcuna,Other,1,0
Alcaldía del Ayuntamiento de Portell de Morella,Infrastructure & Hardware,1,1
Alcaldía del Ayuntamiento de Portillo,Infrastructure & Hardware,1,1
Alcaldía del Ayuntamiento de Porto,Other,1,0
Alcaldía del Ayuntamiento de Posadas,Other,1,0
Alcaldía del Ayuntamiento de Pozo Alcón,Other,1,0
Alcaldía del Ayuntamiento de Pozo Lorente,Other,1,0
Alcaldía del Ayuntamiento de Pradejón,Other,1,0
Alcaldía del Ayuntamiento de Pruna,Cloud,1,1
Alcaldía del Ayuntamiento de Puebla de San Miguel,Other,1,0
Alcaldía del Ayuntamiento de Puebla de Sanabria,Infrastructure & Hardware,1,1
Alcaldía del Ayuntamiento de Puebla de la Reina,Other,1,0
Alcaldía del Ayuntamiento de Puebla del Prior,Other,1,0
Alcaldía del Ayuntamiento de Pueblonuevo de Miramontes,Other,1,0
Alcaldía del Ayuntamiento de Puertollano,Cloud,1,2
Alcaldía del Ayuntamiento de Puertomingalvo,Other,1,0
Alcaldía del Ayuntamiento de Pulianas,Other,1,0
Alcaldía del Ayuntamiento de Puntallana,Infrastructure & Hardware,1,1
Alcaldía del Ayuntamiento de Purullena,Other,1,0
Alcaldía del Ayuntamiento de Pájara,Data & Analytics,1,0
Alcaldía del Ayuntamiento de Pájara,Infrastructure & Hardware,1,1
Alcaldía del Ayuntamiento de Quart de Poblet,Cloud,1,3
Alcaldía del Ayuntamiento de Quatretonda,Other,1,0
Alcaldía del Ayuntamiento de Quero,Other,1,0
Alcaldía del Ayuntamiento de Quintanar del Rey,Infrastructure & Hardware,1,1
Alcaldía del Ayuntamiento de Quintanilla de Onésimo,Other,1,0
Alcaldía del Ayuntamiento de Quintanilla del Agua y Tordueles,Other,1,0
Alcaldía del Ayuntamiento de Rafelcofer,Infrastructure & Hardware,1,1
Alcaldía del Ayuntamiento de Rafelguaraf,Infrastructure & Hardware,1,1
Alcaldía del Ayuntamiento de Rascafría,Infrastructure & Hardware,1,0
Alcaldía del Ayuntamiento de Rasines,Other,1,0
Alcaldía del Ayuntamiento de Recas,Other,1,0
Alcaldía del Ayuntamiento de Regumiel de la Sierra,Other,1,0
Alcaldía del Ayuntamiento de Reina,Other,1,0
Alcaldía del Ayuntamiento de Rena,Other,1,0
Alcaldía del Ayuntamiento de Reocín (Cantabria),Infrastructure & Hardware,1,1
Alcaldía del Ayuntamiento de Reocín (Cantabria),Software & Development,1,0
Alcaldía del Ayuntamiento de Requena,Cloud,1,1
Alcaldía del Ayuntamiento de Retamoso de la Jara,Other,1,0
Alcaldía del Ayuntamiento de Retortillo de Soria,Other,1,0
Alcaldía del Ayuntamiento de Retuerta del Bullaque,Other,1,0
Alcaldía del Ayuntamiento de Reíllo,Other,1,0
Alcaldía del Ayuntamiento de Rianxo,Infrastructure & Hardware,1,1
Alcaldía del Ayuntamiento de Riba-roja de Túria,Data & Analytics,1,2
Alcaldía del Ayuntamiento de Ribera de Arriba,Other,1,0
Alcaldía del Ayuntamiento de Ribesalbes,Other,1,0
Alcaldía del Ayuntamiento de Rillo,Other,1,0
Alcaldía del Ayuntamiento de Riogordo,Other,1,0
Alcaldía del Ayuntamiento de Riola,Other,1,0
Alcaldía del Ayuntamiento de Rionansa,Other,1,0
Alcaldía del Ayuntamiento de Riós,Other,1,0
Alcaldía del Ayuntamiento de Roales del Pan,Other,1,0
Alcaldía del Ayuntamiento de Robledo,Other,1,0
Alcaldía del Ayuntamiento de Rojales,Cloud,1,2
Alcaldía del Ayuntamiento de Ronda,Cloud,1,1
Alcaldía del Ayuntamiento de Rosal de la Frontera,Other,1,0
Alcaldía del Ayuntamiento de Rotgla i Corbera,Other,1,0
Alcaldía del Ayuntamiento de Rubielos de Mora,Other,1,0
Alcaldía del Ayuntamiento de Rubite,Other,1,0
Alcaldía del Ayuntamiento de Rubiá,Other,1,0
Alcaldía del Ayuntamiento de Ruente,Other,1,0
Alcaldía del Ayuntamiento de Ruidera,Other,1,0
Alcaldía del Ayuntamiento de Ruiloba,Other,1,0
Alcaldía del Ayuntamiento de Sabiñánigo,Infrastructure & Hardware,1,0
Alcaldía del Ayuntamiento de Sacedón,Other,1,0
Alcaldía del Ayuntamiento de Saceruela,Other,1,0
Alcaldía del Ayuntamiento de Sada,Other,1,0
Alcaldía del Ayuntamiento de Salamanca,Infrastructure & Hardware,1,1
Alcaldía del Ayuntamiento de Salas,Software & Development,1,0
Alcaldía del Ayuntamiento de Salteras,Infrastructure & Hardware,1,1
Alcaldía del Ayuntamiento de Salvaleón,Infrastructure & Hardware,1,1
Alcaldía del Ayuntamiento de Salvatierra de los Barros,Other,1,0
Alcaldía del Ayuntamiento de San Bartolomé de las Abiertas,Other,1,0
Alcaldía del Ayuntamiento de San Cristóbal de la Polantera,Infrastructure & Hardware,1,1
Alcaldía del Ayuntamiento de San Emiliano,Other,1,0
Alcaldía del Ayuntamiento de San Esteban de Litera,Other,1,0
Alcaldía del Ayuntamiento de San Fernando de Henares,Software & Development,1,0
Alcaldía del Ayuntamiento de San Martín del Rey Aurelio,Data & Analytics,1,1
Alcaldía del Ayuntamiento de San Martín del Rey Aurelio,Infrastructure & Hardware,1,1
Alcaldía del Ayuntamiento de San Martín del Rey Aurelio,Software & Development,1,1
Alcaldía del Ayuntamiento de San Martín y Mudrián,Other,1,0
Alcaldía del Ayuntamiento de San Miguel de Abona,Infrastructure & Hardware,1,1
Alcaldía del Ayuntamiento de San Miguel de Salinas,Data & Analytics,1,0
Alcaldía del Ayuntamiento de San Miguel del Arroyo,Other,1,0
Alcaldía del Ayuntamiento de San Pablo de los Montes,Infrastructure & Hardware,1,1
Alcaldía del Ayuntamiento de San Pedro del Romeral,Other,1,0
Alcaldía del Ayuntamiento de San Román de los Montes,Infrastructure & Hardware,1,1
Alcaldía del Ayuntamiento de San Tirso de Abres,Other,1,0
Alcaldía del Ayuntamiento de Sanlúcar de Guadiana,Software & Development,1,0
Alcaldía del Ayuntamiento de Sant Joan de Labritja,Software & Development,1,1
Alcaldía del Ayuntamiento de Sant Josep de sa Talaia,Infrastructure & Hardware,1,1
Alcaldía del Ayuntamiento de Sant Josep de sa Talaia,Software & Development,1,1
Alcaldía del Ayuntamiento de Sant Mateu,Other,1,0
Alcaldía del Ayuntamiento de Santa Ana,Software & Development,1,1
Alcaldía del Ayuntamiento de Santa Ana de Pusa,Other,1,0
Alcaldía del Ayuntamiento de Santa Cilia de Jaca,Other,1,0
Alcaldía del Ayuntamiento de Santa Cruz de La Seros,Other,1,0
Alcaldía del Ayuntamiento de Santa Cruz de Moya,Other,1,0
Alcaldía del Ayuntamiento de Santa Cruz de la Sierra,Other,1,0
Alcaldía del Ayuntamiento de Santa Cruz del Comercio,Other,1,0
Alcaldía del Ayuntamiento de Santa Cruz del Retamar,Other,1,0
Alcaldía del Ayuntamiento de Santa Margalida,Infrastructure & Hardware,1,1
Alcaldía del Ayuntamiento de Santa Margalida,Software & Development,1,0
Alcaldía del Ayuntamiento de Santa María de Guía,Infrastructure & Hardware,1,1
Alcaldía del Ayuntamiento de Santa María de la Alameda,Other,1,0
Alcaldía del Ayuntamiento de Santa María de la Isla,Other,1,0
Alcaldía del Ayuntamiento de Santa María de los Llanos,Other,1,0
Alcaldía del Ayuntamiento de Santa María la Real de Nieva,Other,1,0
Alcaldía del Ayuntamiento de Santa Pola,Cloud,1,3
Alcaldía del Ayuntamiento de Santa Pola,Infrastructure & Hardware,1,0
Alcaldía del Ayuntamiento de Santa Úrsula,Infrastructure & Hardware,1,1
Alcaldía del Ayuntamiento de Santiago del Campo,Other,1,0
Alcaldía del Ayuntamiento de Santibáñez de la Peña,Other,1,0
Alcaldía del Ayuntamiento de Santillana del Mar,AI & Machine Learning,1,1
Alcaldía del Ayuntamiento de Santillana del Mar,Infrastructure & Hardware,1,1
Alcaldía del Ayuntamiento de Santillana del Mar,Software & Development,1,1
Alcaldía del Ayuntamiento de Santiponce,Cloud,1,1
Alcaldía del Ayuntamiento de Santiurde de Reinosa,Other,1,0
Alcaldía del Ayuntamiento de Santiurde de Toranzo,Other,1,0
Alcaldía del Ayuntamiento de Santo Domingo-Caudilla,Other,1,0
Alcaldía del Ayuntamiento de Santo Tomé,Other,1,0
Alcaldía del Ayuntamiento de Santo Tomé del Puerto,Other,1,0
Alcaldía del Ayuntamiento de Santorcaz,Infrastructure & Hardware,1,0
Alcaldía del Ayuntamiento de Santoña,Infrastructure & Hardware,1,0
Alcaldía del Ayuntamiento de Santoña,Software & Development,1,1
Alcaldía del Ayuntamiento de Sarrión,Other,1,0
Alcaldía del Ayuntamiento de Saucedilla,Other,1,0
Alcaldía del Ayuntamiento de Sax,Infrastructure & Hardware,1,1
Alcaldía del Ayuntamiento de Segorbe,Software & Development,1,1
Alcaldía del Ayuntamiento de Segovia,Cloud,1,1
Alcaldía del Ayuntamiento de Segovia,Cybersecurity,1,1
Alcaldía del Ayuntamiento de Segovia,Infrastructure & Hardware,1,0
Alcaldía del Ayuntamiento de Segurilla,Other,1,0
Alcaldía del Ayuntamiento de Seira,Other,1,0
Alcaldía del Ayuntamiento de Selaya,Other,1,0
Alcaldía del Ayuntamiento de Sellent,Other,1,0
Alcaldía del Ayuntamiento de Ses Salines,Infrastructure & Hardware,1,1
Alcaldía del Ayuntamiento de Setenil de la Bodegas,Software & Development,1,1
Alcaldía del Ayuntamiento de Sevilla la Nueva,Software & Development,1,1
Alcaldía del Ayuntamiento de Solana del Pino,Other,1,0
Alcaldía del Ayuntamiento de Sollana,Software & Development,1,1
Alcaldía del Ayuntamiento de Solórzano,Other,1,0
Alcaldía del Ayuntamiento de Sonseca,Infrastructure & Hardware,1,1
Alcaldía del Ayuntamiento de Sorihuela de Guadalimar,Other,1,0
Alcaldía del Ayuntamiento de Sot de Ferrer,Infrastructure & Hardware,1,1
Alcaldía del Ayuntamiento de Sot de Ferrer,Other,1,0
Alcaldía del Ayuntamiento de Soto del Real,Infrastructure & Hardware,1,0
Alcaldía del Ayuntamiento de Sueca,Data & Analytics,1,0
Alcaldía del Ayuntamiento de Taberno,Other,1,0
Alcaldía del Ayuntamiento de Talavera de la Reina,Software & Development,1,1
Alcaldía del Ayuntamiento de Talaván,Other,1,0
Alcaldía del Ayuntamiento de Talayuela,Infrastructure & Hardware,1,1
Alcaldía del Ayuntamiento de Tarancón,Infrastructure & Hardware,1,0
Alcaldía del Ayuntamiento de Tarancón,Other,1,0
Alcaldía del Ayuntamiento de Tarazona,Infrastructure & Hardware,1,1
Alcaldía del Ayuntamiento de Teguise,Infrastructure & Hardware,1,1
Alcaldía del Ayuntamiento de Tejeda de Tiétar,Other,1,0
Alcaldía del Ayuntamiento de Tembleque,Infrastructure & Hardware,1,1
Alcaldía del Ayuntamiento de Teo,Infrastructure & Hardware,1,1
Alcaldía del Ayuntamiento de Teverga,Infrastructure & Hardware,1,1
Alcaldía del Ayuntamiento de Tijarafe,Infrastructure & Hardware,1,1
Alcaldía del Ayuntamiento de Tinajo,Software & Development,1,1
Alcaldía del Ayuntamiento de Tobarra,Other,1,0
Alcaldía del Ayuntamiento de Toques,Infrastructure & Hardware,1,1
Alcaldía del Ayuntamiento de Toral de los Guzmanes,Other,1,0
Alcaldía del Ayuntamiento de Tordesillas,Infrastructure & Hardware,1,1
Alcaldía del Ayuntamiento de Tordillos,Other,1,0
Alcaldía del Ayuntamiento de Tormos,Other,1,0
Alcaldía del Ayuntamiento de Toro,Infrastructure & Hardware,1,1
Alcaldía del Ayuntamiento de Toro,Software & Development,1,1
Alcaldía del Ayuntamiento de Torre de Arcas,Other,1,0
Alcaldía del Ayuntamiento de Torre de Don Miguel,Other,1,0
Alcaldía del Ayuntamiento de Torrejón el Rubio,Other,1,0
Alcaldía del Ayuntamiento de Torrelaguna,Other,1,0
Alcaldía del Ayuntamiento de Torrelapaja,Other,1,0
Alcaldía del Ayuntamiento de Torrelavega,Infrastructure & Hardware,1,1
Alcaldía del Ayuntamiento de Torrella,Other,1,0
Alcaldía del Ayuntamiento de Torremolinos,Infrastructure & Hardware,1,1
Alcaldía del Ayuntamiento de Torres de la Alameda,Software & Development,1,1
Alcaldía del Ayuntamiento de Torresandino,Other,1,0
Alcaldía del Ayuntamiento de Torrijo de La Cañada,Other,1,0
Alcaldía del Ayuntamiento de Tous,Infrastructure & Hardware,1,1
Alcaldía del Ayuntamiento de Trasmiras,Other,1,0
Alcaldía del Ayuntamiento de Trasobares,Other,1,0
Alcaldía del Ayuntamiento de Traspinedo,Other,1,0
Alcaldía del Ayuntamiento de Tresjuncos,Other,1,0
Alcaldía del Ayuntamiento de Trigueros del Valle,Other,1,0
Alcaldía del Ayuntamiento de Trujillo,Software & Development,1,1
Alcaldía del Ayuntamiento de Tudelilla,Other,1,0
Alcaldía del Ayuntamiento de Turleque,Other,1,0
Alcaldía del Ayuntamiento de Tuéjar,Infrastructure & Hardware,1,1
Alcaldía del Ayuntamiento de Tébar,Other,1,0
Alcaldía del Ayuntamiento de Ugena,Infrastructure & Hardware,1,1
Alcaldía del Ayuntamiento de Utrera,Infrastructure & Hardware,1,1
Alcaldía del Ayuntamiento de Vadillo de la Guareña,Other,1,0
Alcaldía del Ayuntamiento de Val de San Lorenzo,Other,1,0
Alcaldía del Ayuntamiento de Valacloche,Other,1,0
Alcaldía del Ayuntamiento de Valdecaballeros,Other,1,0
Alcaldía del Ayuntamiento de Valdecañas de Tajo,Other,1,0
Alcaldía del Ayuntamiento de Valdelaguna,Other,1,0
Alcaldía del Ayuntamiento de Valdeltormo,Other,1,0
Alcaldía del Ayuntamiento de Valdelugueros,Other,1,0
Alcaldía del Ayuntamiento de Valdeobispo,Other,1,0
Alcaldía del Ayuntamiento de Valdepeñas,Cloud,1,2
Alcaldía del Ayuntamiento de Valdepeñas,Infrastructure & Hardware,1,1
Alcaldía del Ayuntamiento de Valdepeñas de Jaén,Other,1,0
Alcaldía del Ayuntamiento de Valdeprado del Río,Other,1,0
Alcaldía del Ayuntamiento de Valdetórtola,Other,1,0
Alcaldía del Ayuntamiento de Valencia de Don Juan,Other,1,0
Alcaldía del Ayuntamiento de Valencina de la Concepción,Infrastructure & Hardware,1,1
Alcaldía del Ayuntamiento de Valenzuela de Calatrava,Other,1,0
Alcaldía del Ayuntamiento de Valga,Other,1,0
Alcaldía del Ayuntamiento de Valgañón,Other,1,0
Alcaldía del Ayuntamiento de Vallada,Infrastructure & Hardware,1,1
Alcaldía del Ayuntamiento de Valladolid,Infrastructure & Hardware,1,0
Alcaldía del Ayuntamiento de Valle Gran Rey,Data & Analytics,1,0
Alcaldía del Ayuntamiento de Valle Gran Rey,Infrastructure & Hardware,1,1
Alcaldía del Ayuntamiento de Valle de Valdelucio,Other,1,0
Alcaldía del Ayuntamiento de Valle de la Serena,Other,1,0
Alcaldía del Ayuntamiento de Vallelado,Other,1,0
Alcaldía del Ayuntamiento de Valmojado,Infrastructure & Hardware,1,1
Alcaldía del Ayuntamiento de Valsequillo,Other,1,0
Alcaldía del Ayuntamiento de Valsequillo de Gran Canaria,Software & Development,1,1
Alcaldía del Ayuntamiento de Valverde de Alcalá,Other,1,0
Alcaldía del Ayuntamiento de Valverde de Mérida,Other,1,0
Alcaldía del Ayuntamiento de Valverdón,Other,1,0
Alcaldía del Ayuntamiento de Vega de Infanzones,Infrastructure & Hardware,1,1
Alcaldía del Ayuntamiento de Vegadeo,Software & Development,1,1
Alcaldía del Ayuntamiento de Veganzones,Other,1,0
Alcaldía del Ayuntamiento de Vegas del Genil,Software & Development,1,1
Alcaldía del Ayuntamiento de Vegaviana,Infrastructure & Hardware,1,1
Alcaldía del Ayuntamiento de Vegaviana,Other,1,0
Alcaldía del Ayuntamiento de Velada,Other,1,0
Alcaldía del Ayuntamiento de Velilla de Cinca,Other,1,0
Alcaldía del Ayuntamiento de Vera,Cloud,1,3
Alcaldía del Ayuntamiento de Vianos,Other,1,0
Alcaldía del Ayuntamiento de Vilaflor de Chasna,Infrastructure & Hardware,1,0
Alcaldía del Ayuntamiento de Vilagarcía de Arousa,Other,1,0
Alcaldía del Ayuntamiento de Vilar de Canes,Other,1,0
Alcaldía del Ayuntamiento de Vilar de Santos,Software & Development,1,1
Alcaldía del Ayuntamiento de Villa de Vés,Other,1,0
Alcaldía del Ayuntamiento de Villa y Puerto de Tazacorte,Software & Development,1,1
Alcaldía del Ayuntamiento de Villablanca,Other,1,0
Alcaldía del Ayuntamiento de Villadangos del Páramo,Infrastructure & Hardware,1,1
Alcaldía del Ayuntamiento de Villaescusa,Software & Development,1,1
Alcaldía del Ayuntamiento de Villafranca de Córdoba,Software & Development,1,1
Alcaldía del Ayuntamiento de Villagarcía del Llano,Other,1,0
Alcaldía del Ayuntamiento de Villagonzalo,Other,1,0
Alcaldía del Ayuntamiento de Villajoyosa,Cloud,1,0
Alcaldía del Ayuntamiento de Villajoyosa,Software & Development,1,0
Alcaldía del Ayuntamiento de Villalar de los Comuneros,Other,1,0
Alcaldía del Ayuntamiento de Villalba de la Sierra,Other,1,0
Alcaldía del Ayuntamiento de Villalengua,Other,1,0
Alcaldía del Ayuntamiento de Villalgordo del Júcar,Other,1,0
Alcaldía del Ayuntamiento de Villamanrique de la Condesa,Software & Development,1,1
Alcaldía del Ayuntamiento de Villamanta,Software & Development,1,1
Alcaldía del Ayuntamiento de Villamayor de Calatrava,Other,1,0
Alcaldía del Ayuntamiento de Villamesías,Other,1,0
Alcaldía del Ayuntamiento de Villanubla,Other,1,0
Alcaldía del Ayuntamiento de Villanueva de Duero,Other,1,0
Alcaldía del Ayuntamiento de Villanueva de Gumiel,Other,1,0
Alcaldía del Ayuntamiento de Villanueva de San Juan,Cloud,1,1
Alcaldía del Ayuntamiento de Villanueva de Teba,Other,1,0
Alcaldía del Ayuntamiento de Villanueva de la Cañada,Infrastructure & Hardware,1,1
Alcaldía del Ayuntamiento de Villanueva de la Fuente,Infrastructure & Hardware,1,1
Alcaldía del Ayuntamiento de Villanueva de la Torre,Software & Development,1,1
Alcaldía del Ayuntamiento de Villanueva de los Castillejos,Software & Development,1,2
Alcaldía del Ayuntamiento de Villanueva del Conde,Other,1,0
Alcaldía del Ayuntamiento de Villanúa,Software & Development,1,0
Alcaldía del Ayuntamiento de Villaquejida,Other,1,0
Alcaldía del Ayuntamiento de Villar y Velasco,Other,1,0
Alcaldía del Ayuntamiento de Villarejo de Fuentes,Other,1,0
Alcaldía del Ayuntamiento de Villarejo de Montalbán,Other,1,0
Alcaldía del Ayuntamiento de Villarejo de Órbigo,Infrastructure & Hardware,1,1
Alcaldía del Ayuntamiento de Villarejo de Órbigo,Other,1,0
Alcaldía del Ayuntamiento de Villares de Órbigo,Other,1,0
Alcaldía del Ayuntamiento de Villarrodrigo,Other,1,0
Alcaldía del Ayuntamiento de Villas de la Ventosa,Other,1,0
Alcaldía del Ayuntamiento de Villaseca de la Sagra,Other,1,0
Alcaldía del Ayuntamiento de Villasur de Herreros,Other,1,0
Alcaldía del Ayuntamiento de Villatobas,Other,1,0
Alcaldía del Ayuntamiento de Villavelayo,Other,1,0
Alcaldía del Ayuntamiento de Villaverde de Guadalimar,Other,1,0
Alcaldía del Ayuntamiento de Villaverde de Íscar,Other,1,0
Alcaldía del Ayuntamiento de Villaverde del Río,Software & Development,1,1
Alcaldía del Ayuntamiento de Villavieja de Yeltes,Infrastructure & Hardware,1,1
Alcaldía del Ayuntamiento de Villavieja del Lozoya,Other,1,0
Alcaldía del Ayuntamiento de Villaviudas,Other,1,0
Alcaldía del Ayuntamiento de Villena,Cloud,1,1
Alcaldía del Ayuntamiento de Villena,Software & Development,1,0
Alcaldía del Ayuntamiento de Villoldo,Other,1,0
Alcaldía del Ayuntamiento de Vistabella del Maestrat,Infrastructure & Hardware,1,1
Alcaldía del Ayuntamiento de Vistabella del Maestrat,Other,1,0
Alcaldía del Ayuntamiento de Vitigudino,Other,1,0
Alcaldía del Ayuntamiento de Viveros,Other,1,0
Alcaldía del Ayuntamiento de Válor,Infrastructure & Hardware,1,1
Alcaldía del Ayuntamiento de Válor,Other,1,0
Alcaldía del Ayuntamiento de Vélez-Blanco,Other,1,0
Alcaldía del Ayuntamiento de Víznar,Other,1,0
Alcaldía del Ayuntamiento de Yebra de Basa,Other,1,0
Alcaldía del Ayuntamiento de Yeste,Other,1,0
Alcaldía del Ayuntamiento de Zarza Capilla,Other,1,0
Alcaldía del Ayuntamiento de Zarzosa,Other,1,0
Alcaldía del Ayuntamiento de Zarzuela,Other,1,0
Alcaldía del Ayuntamiento de Zas,Other,1,0
Alcaldía del Ayuntamiento de Zorita,Other,1,0
Alcaldía del Ayuntamiento de la Línea de la Concepción,Infrastructure & Hardware,1,1
Alcaldía del Ayuntamiento de la Puerta de Segura,Infrastructure & Hardware,1,1
Alcaldía del Ayuntamiento de la Villa de Firgas,Software & Development,1,0
Alcaldía del Ayuntamiento de los Santos de Maimona,Software & Development,1,1
Alcaldía del Ayuntamiento de Águilas,Infrastructure & Hardware,1,1
Alcaldía del Ayuntamiento del Poble Nou de Benitatxell,Software & Development,1,1
Alcaldía del Ayuntamiento del Real Sitio de San Ildefonso,Infrastructure & Hardware,1,0
Alcaldía del Concello da Estrada,Other,1,0
Alcaldía del Concello de Pontecesures,Other,1,0
Alcaldía del Concello de Rairiz de Veiga,Other,1,0
Alcaldía del Concello de San Amaro,Infrastructure & Hardware,1,1
Alcaldía del Concello de San Xoán de Río,Other,1,0
Alcaldía del Concello de Viana do Bolo,Other,1,0
Alcaldía del Concello de Vilardevós,Other,1,0
Alcaldía del ayuntamiento de Benifaió,Cloud,1,3
Alcaldía del ayuntamiento de Benifaió,Infrastructure & Hardware,1,1
"Alcaldía, Política Estratégica, Régimen Interior y Seguridad Ciudadana del Ayuntamiento de Puerto de la Cruz",Software & Development,1,1
Alcaldía-Presidencia de la ELA Estación Linares-Baeza,Other,1,0
Alcaldía-Presidencia del Ayuntamiento de Los Fayos,Other,1,0
Alcaldía-Presidencia del Ayuntamiento de Árchez,Other,1,0
"Apoderado Mancomunado de Aigües de Sagunt, S.A.",Software & Development,1,1
Asamblea General de la Junta de Compensación del Sector U-B del suelo urbanizable de Tramacastilla de Tena (Huesca),Other,1,0
Asamblea General de la Junta de Compensación del Área F-56-10 PGOU Zaragoza,Other,1,0
Asamblea General de la Mancomunidad Campiña-Andévalo,Infrastructure & Hardware,1,1
Asamblea General de la Mancomunidad Integral Sierra Suroeste,Other,1,0
Asamblea General de la Mancomunidad de Islantilla,Other,1,0
Asamblea General de la Mancomunidad de Municipios del Noroeste,Other,1,0
Asamblea General de la Mancomunidad del Sur,Other,1,0
Asamblea General del Consorcio de Entes Locales Valle del Tiétar,Software & Development,1,0
Asamblea Vecinal de Agüera,Other,1,0
Asamblea Vecinal del Ayuntamiento de Bagüés,Other,1,0
Asamblea Vecinal del Ayuntamiento de Bárcena de Campos,Infrastructure & Hardware,1,1
Asamblea Vecinal del Ayuntamiento de Bárcena de Campos,Other,1,0
Asamblea Vecinal del Ayuntamiento de Madarcos,Other,1,0
Asamblea de Concejales de la Mancomunidad Campos Zona Norte Canal de Castilla,Other,1,0
Asamblea de Concejales de la Mancomunidad Municipal Pantano de Santa Teresa,Other,1,0
Asamblea de Concejales de la Mancomunidad Rutas de Alba,Other,1,0
Asamblea de Concejales de la Mancomunidad Tierras del Cid,Other,1,0
Asamblea de Concejales de la Mancomunidad de Municipios Bajo Duero,Other,1,0
Asamblea de Concejales de la Mancomunidad de Municipios Margañán,Other,1,0
Asamblea de Concejales de la Mancomunidad de Municipios de la Sierra,Other,1,0
Asamblea de Representantes de la Mancomunidad Campo de Peñafiel,Other,1,0
Asamblea de Representantes de la Mancomunidad Norte Duero,Other,1,0
Asamblea de la Comunidad de Usuarios de Vertidos de la Edar Alacantí Norte,Other,1,0
Asamblea del Consorcio para el Desarrollo de la Vega Sierra Elvira,Software & Development,1,1
Asociación Cederna Garalur,Other,1,0
"Asociación Navarra de Informática Municipal, S.A. (ANIMSA)",Software & Development,1,2
Asociación Nuclear Ascó-Vandellós II A.I.E.,Infrastructure & Hardware,1,0
Asociación Nuclear Ascó-Vandellós II A.I.E.,Other,1,0
Asociación Nuclear Ascó-Vandellós II A.I.E.,Software & Development,1,1
Audiencia de Cuentas de Canarias,Software & Development,1,1
Augas de Galicia,Infrastructure & Hardware,1,1
"Autobuses Urbanos de Valladolid, S.A. (AUVASA)",Software & Development,1,1
Autoridad Portuaria de Alicante,Cloud,1,1
Autoridad Portuaria de Alicante,Software & Development,1,0
Autoridad Portuaria de Avilés,Cloud,1,1
Autoridad Portuaria de Avilés,Infrastructure & Hardware,1,1
Autoridad Portuaria de Marín y Ría de Pontevedra,Cloud,1,2
Autoridad Portuaria de Málaga,Software & Development,1,0
Autoridad Portuaria de Tarragona,Other,1,0
Autoridad Portuaria de Vigo,Cloud,1,1
Autoridad Portuaria de Vigo,Infrastructure & Hardware,1,1
"Autoritat del Transport Metropolità, Consorci per a la coordinació del sistema metropolità del transport públic de l'àrea de Barcelona",Cloud,1,2
"Autoritat del Transport Metropolità, Consorci per a la coordinació del sistema metropolità del transport públic de l'àrea de Barcelona",Cybersecurity,1,2
Ayuntamiento Premia de Mar,Software & Development,1,2
Ayuntamiento de Aranguren,Other,1,0
Ayuntamiento de Arenys de Munt,Other,1,0
Ayuntamiento de Azpeitia - Ayuntamiento de Azpeitia,Other,1,0
Ayuntamiento de Barakaldo - Ayuntamiento de Barakaldo,Infrastructure & Hardware,1,2
Ayuntamiento de Barcelona,Data & Analytics,1,0
Ayuntamiento de Basauri - Ayuntamiento de Basauri,Other,1,0
Ayuntamiento de Bilbao - Área de Cultura y Gobernanza,Other,1,0
Ayuntamiento de Bilbao - Área de Educación,Other,1,0
Ayuntamiento de Bilbao - Área de Movilidad y Sostenibilidad,Software & Development,1,1
Ayuntamiento de Eibar - Ayuntamiento de Eibar,Other,1,0
Ayuntamiento de Errenteria - Ayuntamiento de Errenteria,Infrastructure & Hardware,1,0
Ayuntamiento de Galdakao - Ayuntamiento de Galdakao,Software & Development,1,2
Ayuntamiento de Getxo - Ayuntamiento de Getxo,Software & Development,1,2
Ayuntamiento de Hondarribia - Ayuntamiento de Hondarribia,Software & Development,1,1
Ayuntamiento de Irun - Ayuntamiento de Irun,Other,1,0
Ayuntamiento de La Unión,Other,1,0
Ayuntamiento de Leioa - Ayuntamiento de Leioa,Other,1,0
Ayuntamiento de Leioa - Ayuntamiento de Leioa,Software & Development,1,1
Ayuntamiento de Loriguilla,Infrastructure & Hardware,1,1
Ayuntamiento de Loriguilla,Software & Development,1,1
Ayuntamiento de Ortuella - Ayuntamiento de Ortuella,Other,1,0
Ayuntamiento de Pamplona,Other,1,0
Ayuntamiento de Reus,Data & Analytics,1,0
Ayuntamiento de Reus,Software & Development,1,1
Ayuntamiento de Salou,Data & Analytics,1,2
Ayuntamiento de Santa Perpetua de Mogoda,Other,1,0
Ayuntamiento de Sitges,Software & Development,1,2
Ayuntamiento de Sopela - Ayuntamiento de Sopela,Other,1,0
Ayuntamiento de Tarragona,Other,1,0
Ayuntamiento de Terrassa,Other,1,0
BARCELONA ACTIVA SAU SPM,Data & Analytics,1,3
"BARCELONA DE SERVEIS MUNICIPALS, S.A.",Cloud,1,3
"Badalona Serveis Assistencials, SA.",Other,1,0
"Badalona Serveis Assistencials, SA.",Software & Development,1,1
Banc de Sang i Teixits,Software & Development,1,1
Banco de España,AI & Machine Learning,1,3
Banco de España,Cloud,1,4
Barakaldo Kirolak - Instituto Municipal del Deporte de Barakaldo,Other,1,0
"Barcelona Cicle de l'Aigua, S.A",Other,1,0
Barcelona d'Infraestructures Municipals SA,Other,1,0
Barcelona de Serveis Municipals SA,Other,1,0
Barcelona de Serveis Municipals SA,Software & Development,1,1
"Barcelona d’Infraestructures Municipals, SA",Software & Development,1,1
Barmar SAS,Other,1,0
"CAMARA OFICIAL DE COMERCIO, INDUSTRA, SERVICIOS Y NAVEGACIÓN DE BARCELONA",Other,1,0
CANAL DE ISABEL II S.A. M.P.,Cybersecurity,1,3
"CANAL DE ISABEL II SOCIEDAD ANÓNIMA, M.P.",Infrastructure & Hardware,1,1
"CANAL DE ISABEL II, S.A.",Other,1,0
"CANAL DE ISABEL II, S.A., M.P.",Cybersecurity,1,3
"CEMENTIRIS DE BARCELONA, S.A",Software & Development,1,1
CENTRE D'INICIATIVES PER A LA REINSERCIÓ,Other,1,0
CENTRO DE ALTO RENDIMIENTO DEPORTIVO (CAR),Infrastructure & Hardware,1,1
"CETAQUA CENTRO TECNOLÓGICO DEL AGUA, FUNDACIÓN PRIVADA",Other,1,0
CIS Joaquín Ruiz-Giménez,Other,1,0
COFIVACASA SAU. Sociedad participada por SEPI,Software & Development,1,1
CONFEDERACION DE EMPRESAS PROVINCIA DE CADIZ,Other,1,0
"CONSEJERIA HACIENDA, JUSTICIA Y ASUNTOS EUROPEOS",Software & Development,1,1
"CONSEJERÍA DE INCLUSIÓN SOCIAL, JUVENTUD, FAMILIAS E IGUALDAD",Software & Development,1,1
CONSEJERÍA DE PRESIDENCIA,Software & Development,1,3
"CONSEJERÍA DE PRESIDENCIA, RETO DEMOGRÁFICO, IGUALDAD Y TURISMO",Infrastructure & Hardware,1,0
"CONSEJERÍA DE PRESIDENCIA, RETO DEMOGRÁFICO, IGUALDAD Y TURISMO",Software & Development,1,1
CONSEJO AUDIOVISUAL DE ANDALUCIA,Data & Analytics,1,0
CONSORCI BESOS TORDERA,Other,1,0
CONSORCI LOCALRET,Cybersecurity,1,3
CONSORCI LOCALRET,Software & Development,1,1
CONSORCIO CORPORACIÓ SANITÀRIA PARC TAULÍ DE SABADELL,Cybersecurity,1,3
CONSORCIO CORPORACIÓ SANITÀRIA PARC TAULÍ DE SABADELL,Software & Development,1,2
CONSORCIO DE TRANSPORTES BAHIA DE CADIZ,Other,1,0
"CSC VITAE, SA",Other,1,0
"Canal Isabel II, Sociedad Anónima, M.P.",Other,1,0
Cartográfica de Canarias S.A.,AI & Machine Learning,1,2
Cartográfica de Canarias S.A.,Cloud,1,2
Cartográfica de Canarias S.A.,Data & Analytics,1,0
"Cementiris de Barcelona, S.A.U.",Software & Development,1,2
"Centrals i Infraestructures per a la Mobilitat i les Activitats Logístiques, SAU (CIMALSA)",Other,1,0
Centre d'Atenció i Gestió de Trucades d'Urgència 112 Catalunya,Software & Development,1,2
Centre de Salut Pública de Benicarló,Other,1,0
Centre de Telecomunicacions i Tecnologies de la Informació de la Generalitat de Catalunya,AI & Machine Learning,1,4
Centre de Telecomunicacions i Tecnologies de la Informació de la Generalitat de Catalunya,Cloud,1,2
Centro Estatal de Referencia de Atención Sociosanitaria para Personas en Situación de Dependencia de Soria,Other,1,0
Centro Nacional de Información Geográfica,Infrastructure & Hardware,1,0
Centro Nacional de Investigaciones Cardiovasculares Carlos III (F.S.P.),AI & Machine Learning,1,1
Centro Nacional de Investigaciones Cardiovasculares Carlos III (F.S.P.),Data & Analytics,1,1
Centro Nacional de Investigaciones Cardiovasculares Carlos III (F.S.P.),Infrastructure & Hardware,1,0
Centro de Actividades Culturales Teatro Arriaga S.A. - C.A.C. Teatro Arriaga S.A.,Other,1,0
Centro de Estudios Municipales y de Cooperación Internacional (CEMCI),Other,1,0
Centro de Estudios Municipales y de Cooperación Internacional (CEMCI),Software & Development,1,0
Centro de Estudios de Opinión,Other,1,0
Centro de Estudios y Experimentación de Obras Públicas (CEDEX),Data & Analytics,1,0
Centro de Inserción Social Carmela Arias y Díaz de Rábago La Coruña,Other,1,0
Centro de Investigación Cooperativa en Nanociencias CIC nanoGUNE - CIC nanoGUNE,Infrastructure & Hardware,1,0
Centro de Investigación Cooperativa en Nanociencias CIC nanoGUNE - CIC nanoGUNE,Other,1,0
Centro de Investigación del Medio Ambiente,Infrastructure & Hardware,1,1
Centro de Promoción de la Autonomía Personal del IMSERSO,AI & Machine Learning,1,1
Centro de Salud Pública de Castellón,Other,1,0
Centro de Salud Pública de Elche,Other,1,0
Centro de Salud Pública de Orihuela,Other,1,0
Ciudad del Motor de Aragón S.A.,Software & Development,1,1
"Club de Campo Villa de Madrid, S.A.",Data & Analytics,1,0
"Club de Campo Villa de Madrid, S.A.",Infrastructure & Hardware,1,0
"Club de Campo Villa de Madrid, S.A.",Software & Development,1,1
Comandancia Guardia Civil de A Coruña,Other,1,0
Comandancia Guardia Civil de Almería,Infrastructure & Hardware,1,1
Comandancia Guardia Civil de Badajoz,Other,1,0
Comandancia Guardia Civil de Bizkaia,Other,1,0
Comandancia Guardia Civil de Ceuta,Other,1,0
Comandancia Guardia Civil de Cuenca,Other,1,0
Comandancia Guardia Civil de Girona,Other,1,0
Comandancia Guardia Civil de Illes Balears,Other,1,0
Comandancia Guardia Civil de Lugo,Other,1,0
Comandancia Guardia Civil de Sevilla,Infrastructure & Hardware,1,1
Comandancia Guardia Civil de Soria,Other,1,0
Comandancia Guardia Civil de Teruel,Other,1,0
Comandancia Guardia Civil de Tres Cantos,Infrastructure & Hardware,1,1
Comisionado para el Mercado de Tabacos,Cloud,1,0
Comisión Delegada Consorcio para la Gestión de Residuos Sólidos en Asturias,Cloud,1,2
Comisión Delegada Consorcio para la Gestión de Residuos Sólidos en Asturias,Infrastructure & Hardware,1,1
Comisión Delegada de la Fundación para la Investigación Biomédica del Hospital Universitario La Paz,Other,1,0
Comisión Delegada del Patronato de la Fundación Instituto de Hidráulica Ambiental de Cantabria,Software & Development,1,1
Comisión Ejecutiva de Consejeros de Mercados Centrales de Abastecimiento de Madrid S.A. (MERCAMADRID S.A.),AI & Machine Learning,1,2
Comisión Ejecutiva de Consejeros de Mercados Centrales de Abastecimiento de Madrid S.A. (MERCAMADRID S.A.),Infrastructure & Hardware,1,1
Comisión Ejecutiva de Enclave Joven SLU,Other,1,0
Comisión Ejecutiva de Enclave Joven SLU,Software & Development,1,1
Comisión Ejecutiva de Gestión Integral del Agua de Huelva,Cybersecurity,1,1
Comisión Ejecutiva de Gestión Integral del Agua de Huelva,Data & Analytics,1,0
Comisión Ejecutiva de Mercazaragoza S.A.,Cybersecurity,1,1
Comisión Ejecutiva de la Autoridad de Transporte Metropolitano de Valencia,Other,1,0
Comisión Ejecutiva de la Fundación Helga de Alvear,Software & Development,1,1
Comisión Ejecutiva de la Fundación Parque Científico de Madrid,Cloud,1,2
Comisión Ejecutiva de la Gerencia de Urbanismo de Sevilla,Data & Analytics,1,0
Comisión Ejecutiva de la Gerencia de Urbanismo de Sevilla,Infrastructure & Hardware,1,0
Comisión Ejecutiva de la Limpieza Pública y Protección Ambiental Sociedad Anónima Municipal (LIPASAM),Cybersecurity,1,1
Comisión Ejecutiva del Centro Nacional de Experimentación de Tecnologías de Hidrógeno y Pilas de Combustible,Other,1,0
Comisión Ejecutiva del Consell Agrari Municipal de Sueca,Other,1,0
Comisión Ejecutiva del Consorcio ESS Bilbao,Other,1,0
Comisión Ejecutiva del Patronato del Real Alcázar y Casa Consistorial de Sevilla,Infrastructure & Hardware,1,1
Comisión Gestora de la Extinta Confederación Nacional de Cámaras Agrarias,Other,1,0
Comisión Gestora de la Mancomunidad Sierra Morena de Sevilla,Other,1,0
Comisión Gestora de la Mancomunidad de Municipios San Juan de la Rambla - La Guancha,Other,1,0
Comisión Gestora de la Mancomunidad de Servicios El Alberche,Other,1,0
"Comisión Gestora de la Mancomunidad de Servicios Sociales de Castañeda, Penagos, Santa María de Cayón y Saro",Other,1,0
Comisión Nacional del Mercado de Valores,Software & Development,1,1
Comisión Permanente del Consorci Sociosanitari de Menorca,Other,1,0
Comisión Permanente del Consorcio de Extinción de Incendios y Salvamento de la CARM,Cloud,1,4
Comisión Permanente del Consorcio del Castillo de San Carlos,Other,1,0
"Comisión de Contratación de la Sociedad Estatal Loterías y Apuestas del Estado, S.M.E., S.A.",AI & Machine Learning,1,1
"Comisión de Contratación de la Sociedad Estatal Loterías y Apuestas del Estado, S.M.E., S.A.",Cybersecurity,1,1
Comisión de Gobierno de la Mancomunidad Ruta de la Plata,Other,1,0
Comisión de Gobierno del Consorcio para la ejecución de las Previsiones del Plan Zonal de Residuos del Área de gestión II- C2,Other,1,0
Comisión ejecutiva de la Fundación Canaria Nanino Díaz Cutillas,Other,1,0
"Comisión ejecutiva del Consejo de Administración de la Empresa Municipal de Transportes de Fuenlabrada, S.A.",Data & Analytics,1,1
"Comisión ejecutiva del Consejo de Administración de la Empresa Municipal de Transportes de Fuenlabrada, S.A.",Infrastructure & Hardware,1,1
"Comisión ejecutiva del Consejo de Administración de la Empresa Municipal de Transportes de Fuenlabrada, S.A.",Software & Development,1,0
Comissió Central de Subministraments,Other,1,0
Comissió Executiva de la Fundación Turismo Palma de Mallorca 365,Software & Development,1,1
Comité Econòmic i Social de la Comunitat Valenciana,Infrastructure & Hardware,1,0
Comité Ejecutivo de la Fundación Ciudad de Alcobendas,Other,1,0
Comité Ejecutivo de la Mancomunidad de los Canales del Taibilla,Cloud,1,0
Comité Ejecutivo de la Mancomunidad de los Canales del Taibilla,Cybersecurity,1,2
Comité Ejecutivo del Consorcio de Tributos de Tenerife,Infrastructure & Hardware,1,1
Comité de Contratación del Instituto de Crédito Oficial (ICO),AI & Machine Learning,1,3
Comité de Contratación del Instituto de Crédito Oficial (ICO),Infrastructure & Hardware,1,1
"Comité de Dirección Corporativo de Navantia S.A., S.M.E.",AI & Machine Learning,1,1
"Comité de Dirección Corporativo de Navantia S.A., S.M.E.",Software & Development,1,1
Comité de Dirección de Equipos Nucleares S.A.,Cybersecurity,1,1
"Compañía Española de Tabaco en Rama, S.A. (CETARSA)",Infrastructure & Hardware,1,0
"Compañía Española de Tabaco en Rama, S.A. (CETARSA)",Software & Development,1,0
"Compañía del Tranvía de San Sebastián, S.A.U. - Compañía del Tranvía de San Sebastián, S.A.U.",Other,1,0
Compras de la Corporación de Radio y Televisión Española S.A.,Cloud,1,1
"Comunidad de Madrid - Consejería de Vivienda, Transportes e Infraestructura",Other,1,0
"Comunidad de Madrid-Consejería de Vivienda, Transportes e Infraestructuras",Other,1,0
"Comunidad de Madrid. Consejería de Medio Ambiente, Agricultura e Interior",Other,1,0
Comunidad de Regantes Monte Bajo,Other,1,0
Comunidad de Regantes de Gurrea de Gallego,Infrastructure & Hardware,1,1
Concejal Delegada del Área de Cultura y Patrimonio Histórico del Ayuntamiento de Málaga,Software & Development,1,1
Concejal Delegado de Contratación del Ayuntamiento de Chiclana de la Frontera,Cloud,1,2
Concejal Delegado de Turismo y Playas del Ayuntamiento de Oliva,Software & Development,1,1
Concejal Presidente del Tagoror del Distrito Salud La Salle del Ayuntamiento de Santa Cruz de Tenerife,Other,1,0
"Concejal Responsable del Área de Régimen Interior, Recursos Humanos y Modernización Digital del Ayuntamiento de Huelva",Cybersecurity,1,1
"Concejal Responsable del Área de Régimen Interior, Recursos Humanos y Modernización Digital del Ayuntamiento de Huelva",Infrastructure & Hardware,1,1
Concejal Teniente de Alcalde de Obras e Infraestructuras,Infrastructure & Hardware,1,1
Concejal de Contratación del Ayuntamiento de Oliva,Cloud,1,1
Concejal de Contratación del Ayuntamiento de Pinto,Cybersecurity,1,1
Concejal de Contratación del Ayuntamiento de Pinto,Data & Analytics,1,2
Concejal de Contratación del Ayuntamiento de Torrejón de Ardoz,Data & Analytics,1,0
"Concejal de Área Acción Social, Educación, Infancia, Juventud, Políticas Inclusivas, Mayores y Accesibilidad Universal del Ayuntamiento de Puerto de la Cruz",Software & Development,1,1
"Concejal de Área de Turismo, Promoción Cultural, Fiestas, Mercado, Desarrollo Tecnológico Y Organismo Autónomo Local del Ayuntamiento de Puerto de la Cruz",Other,1,0
"Concejal del Área de Ciudad Sostenible, Agenda Urbana, Participación Ciudadana e Igualdad del Ayuntamiento de Puerto de la Cruz",Infrastructure & Hardware,1,1
Concejala Delegada de Sostenibilidad Medioambiental del Excmo. Ayuntamiento de Málaga,Software & Development,1,1
Concejalia Delegada de Contratación del Ayuntamiento de Teror,Infrastructure & Hardware,1,1
"Concejalía Delegada General del Área de Comercio, Mercados y Consumo del Ayuntamiento de Valladolid",Software & Development,1,1
"Concejalía Delegada General del Área de Hacienda, Personal y Modernización Administrativa del Ayuntamiento de Valladolid",Cybersecurity,1,4
Concejalía Delegada de Contratación del Ajuntament de Tavernes de la Valldigna,Cybersecurity,1,2
Concejalía Delegada de Contratación del Ajuntament de Tavernes de la Valldigna,Software & Development,1,1
Concejalía Delegada de Contratación del Ayuntamiento de Alcázar de San Juan,Cloud,1,2
Concejalía Delegada de Contratación del Ayuntamiento de Alcázar de San Juan,Software & Development,1,1
Concejalía Delegada de Contratación del Ayuntamiento de Chiva,Cloud,1,1
Concejalía Delegada de Contratación del Ayuntamiento de Chiva,Infrastructure & Hardware,1,0
Concejalía Delegada de Contratación del Ayuntamiento de Chiva,Software & Development,1,1
Concejalía Delegada de Contratación del Ayuntamiento de Gandía,Cloud,1,2
Concejalía Delegada de Contratación del Ayuntamiento de Puerto del Rosario,Infrastructure & Hardware,1,0
Concejalía Delegada de Contratación del Ayuntamiento de Puerto del Rosario,Software & Development,1,0
Concejalía Delegada de Contratación del Ayuntamiento de Telde,Cloud,1,2
Concejalía Delegada de Contratación del Ayuntamiento de Telde,Data & Analytics,1,0
Concejalía Delegada de Contratación del Ayuntamiento de Telde,Software & Development,1,0
Concejalía Delegada de Deportes y Educación del Ayuntamiento de Gijón,Other,1,0
"Concejalía Delegada de Economía, Empleo, Turismo e Innovación del Ayuntamiento de Gijón",AI & Machine Learning,1,1
"Concejalía Delegada de Economía, Empleo, Turismo e Innovación del Ayuntamiento de Gijón",Infrastructure & Hardware,1,0
"Concejalía Delegada de Economía, Empleo, Turismo e Innovación del Ayuntamiento de Gijón",Software & Development,1,1
Concejalía Delegada de Hacienda del Ayuntamiento de Gijón,Cloud,1,0
Concejalía Delegada de Hacienda del Ayuntamiento de la Pobla de Vallbona,Cybersecurity,1,2
Concejalía Delegada de Infraestructuras y Ciclo Integral del Agua del Ayuntamiento de Zaragoza,Software & Development,1,0
"Concejalía Delegada de Innovación, Tecnología, Agenda Digital y Captación de Inversiones del Ayuntamiento de València",Data & Analytics,1,1
"Concejalía Delegada de Innovación, Tecnología, Agenda Digital y Captación de Inversiones del Ayuntamiento de València",Other,1,0
"Concejalía Delegada de Medio Ambiente, Sanidad y Cementerios del Ayuntamiento de Burgos",Other,1,0
Concejalía Delegada de Modernización Administrativa y Digitalización del Ayuntamiento de Burgos,Infrastructure & Hardware,1,0
Concejalía Delegada de Modernización Administrativa y Digitalización del Ayuntamiento de Burgos,Software & Development,1,1
"Concejalía Delegada de Participación Ciudadana, Mercados, Consumo y Salud Animal del Ayuntamiento de Gijón",Other,1,0
"Concejalía Delegada de Recursos Humanos, Tecnología, Transparencia, Prot. de Datos, Organización, At. Ciudadana, Estadística y Dem. Territorial, Consumo, Admin. Interna, Gab. de Prensa, Prot. y Sop. a Distritos del Ayto. de Sta. Cruz de Tenerife",Cloud,1,1
Concejalía Delegada de Seguridad Ciudadana del Ayuntamiento de Gijón,Other,1,0
Concejalía Delegada de Transformación Digital y Transparencia del Ayuntamiento de Zaragoza,Infrastructure & Hardware,1,1
Concejalía Delegada de Transformación Digital y Transparencia del Ayuntamiento de Zaragoza,Other,1,0
"Concejalía Delegada de Tráfico, Movilidad y Transporte Público del Ayuntamiento de Gijón",Other,1,0
Concejalía Delegada de Turismo del Ayuntamiento de Burgos,Other,1,0
Concejalía Delegada del Área Específica de Contratación Pública Estratégica del Ayuntamiento de Málaga,Other,1,0
Concejalía Delegada del Área Específica de Coordinación de Distritos del Ayuntamiento de Málaga,Other,1,0
"Concejalía Delegada del Área Específica de Innovación, Digitalización Urbana, Promoción de la Inversión Tecnológica y Empresarial y Captación de Inversiones del Ayuntamiento de Málaga",Cybersecurity,1,1
Concejalía Delegada del Área de Administración Pública del Ayuntamiento de Logroño,Data & Analytics,1,0
Concejalía Delegada del Área de Administración Pública del Ayuntamiento de Logroño,Software & Development,1,0
Concejalía Delegada del Área de Educación y Cultura del Ayuntamiento de Valladolid,Infrastructure & Hardware,1,1
Concejalía Delegada del Área de Hacienda del Ayuntamiento de Mieres,Software & Development,1,1
Concejalía Delegada del Área de Medio Ambiente y Sostenibilidad del Ayuntamiento de Valladolid,Infrastructure & Hardware,1,1
Concejalía Delegada del Área de Medio Ambiente y Sostenibilidad del Ayuntamiento de Valladolid,Software & Development,1,1
Concejalía Delegada en Materia de Contratación del Ayuntamiento de Torremolinos,AI & Machine Learning,1,1
Concejalía Delegada en Materia de Contratación del Ayuntamiento de Torremolinos,Cloud,1,1
Concejalía Presidencia del Tagoror del Distrito Anaga,Software & Development,1,1
"Concejalía de Bienestar Comunitario, Vivienda, Mayores, Salud y Bienestar Animal del Ayuntamiento de Granadilla de Abona",Other,1,0
"Concejalía de Cultura, Festejos y Participación Ciudadana del Ayuntamiento de Granadilla de Abona",Software & Development,1,1
"Concejalía de Deportes, Juventud y Movilidad Sostenible del Ayuntamiento de Granadilla de Abona",Other,1,0
Concejalía de Hacienda del Ayuntamiento de Benalmádena,Cloud,1,3
Concejalía de Presidencia y Planificación del Ayuntamiento de San Cristóbal de La Laguna,Infrastructure & Hardware,1,0
Concejalía de Presidencia y Planificación del Ayuntamiento de San Cristóbal de La Laguna,Other,1,0
Concejalía de Presidencia y Planificación del Ayuntamiento de San Cristóbal de La Laguna,Software & Development,1,0
Concejalía de Servicios Públicos Municipales y Transición Ecológica del Ayuntamiento de Granadilla de Abona,Other,1,0
Concejalía del Área de Salud Pública y Seguridad Ciudadana del Ayuntamiento de Valladolid,Infrastructure & Hardware,1,0
Concejalía del Área de Urbanismo y Vivienda del Ayuntamiento de Valladolid,Infrastructure & Hardware,1,1
"Confederación Hidrográfica del Duero, O.A.",Infrastructure & Hardware,1,1
"Consejera Delegada de Asistencia Integral Tributaria, S.A (Asista Canarias)",Cloud,1,1
"Consejera Delegada de la Empresa Pública de Promoción del Turismo y la Artesanía de Castilla-La Mancha (ETURIA), S.A.",Software & Development,1,1
"Consejera Insular Delegada de Accesibilidad, Informática, Nuevas Tecnologías y Planificación y Proyectos Estratégicos del Cabildo Insular de Fuerteventura",Cloud,1,0
"Consejera Insular Delegada de Accesibilidad, Informática, Nuevas Tecnologías y Planificación y Proyectos Estratégicos del Cabildo Insular de Fuerteventura",Infrastructure & Hardware,1,1
"Consejera Insular Delegada de Industria, Actividades Clasificadas, Desarrollo Económico y Seguridad del Cabildo Insular de Fuerteventura",Software & Development,1,1
"Consejera de Área Insular de Hacienda, Promoción Económica, Recursos Humanos, Deportes y Movilidad Sostenible del Cabildo Insular de Fuerteventura",Software & Development,1,1
"Consejero Delegado Empresa Pública Gestión de Servicios Públicos de Huércal-Overa, S.L.U.",Other,1,0
"Consejero Delegado Torremolinos Televisión, S.A",Other,1,0
"Consejero Delegado de Aguas y Saneamientos de la Axarquía, S.A.U.",Infrastructure & Hardware,1,0
Consejero Delegado de Aldaia Próxima S.A.U.,Other,1,0
"Consejero Delegado de Canarias Submarine Link, S.L.",Infrastructure & Hardware,1,0
"Consejero Delegado de Desarrollos Empresariales de la Zona Franca de Cádiz, S.M.E., M.P., S.A.U.",Other,1,0
"Consejero Delegado de Extremadura Avante Logística, S.A.",Software & Development,1,0
Consejero Delegado de Fuenlabrada Medios de Comunicación S.A.,Other,1,0
Consejero Delegado de Limpieza Municipal de Lorca S.A.,Infrastructure & Hardware,1,1
Consejero Delegado de Mercahierro S.A.U.,Other,1,0
"Consejero Delegado de la Empresa Municipal de Suelo y Vivienda de San Sebastián de los Reyes, S.A.U.",Software & Development,1,2
Consejero Delegado de la Institución Ferial de Tenerife S.A.,Other,1,0
Consejero Delegado de la Sociedad Anónima Municipal de Servicios de Torremolinos (S.A.M.S.E.T),Other,1,0
Consejero Delegado de la Sociedad Anónima Municipal de Servicios de Torremolinos (S.A.M.S.E.T),Software & Development,1,1
"Consejero Delegado de la Sociedad Regional de Educación, Cultura y Deporte S.L.",Other,1,0
Consejero Director de la Gerencia Municipal de Urbanismo del Ayuntamiento de Santa Cruz de Tenerife,Infrastructure & Hardware,1,0
Consejero de la Sociedad Municipal para el Desarrollo de Arucas S.A.,Software & Development,1,1
"Consejería Delegada Mancomunada de Actuacions Ambientals Integrals, S.L.",Software & Development,1,2
Consejería Delegada de Actividades de Limpieza y Gestión S.A.,Infrastructure & Hardware,1,0
Consejería Delegada de Actividades de Limpieza y Gestión S.A.,Software & Development,1,1
"Consejería Delegada de Agua y Residuos del Campo de Gibraltar, S.A. (ARCGISA)",Software & Development,1,2
Consejería Delegada de Congresos y Turismo de Sevilla S.A.,Software & Development,1,1
"Consejería Delegada de Extremadura Avante Inversiones, SGEIC, S.A.",Other,1,0
"Consejería Delegada de Extremadura Avante Servicios Avanzados a Pymes, S.L.U.",Infrastructure & Hardware,1,0
"Consejería Delegada de Extremadura Avante Servicios Avanzados a Pymes, S.L.U.",Software & Development,1,1
Consejería Delegada de Gestión Municipal de Servicios de Guijuelo S.L.U.,Other,1,0
"Consejería Delegada de Gestión de Aguas del Levante Almeriense, S.A. (GALASA)",Infrastructure & Hardware,1,1
"Consejería Delegada de Gestión y Planeamiento Territorial y Medioambiental, S.A.",Cloud,1,0
"Consejería Delegada de Gestión y Planeamiento Territorial y Medioambiental, S.A.",Cybersecurity,1,1
"Consejería Delegada de Gestión y Planeamiento Territorial y Medioambiental, S.A.",Data & Analytics,1,1
"Consejería Delegada de Getafe Iniciativas, S.A.",Cloud,1,2
"Consejería Delegada de Getafe Iniciativas, S.A.",Data & Analytics,1,0
Consejería Delegada de Grupo Energético de Puerto Real,Other,1,0
"Consejería Delegada de Hoteles Escuela de Canarias, S.A.",Infrastructure & Hardware,1,1
"Consejería Delegada de Servicios Informáticos Local de Menorca, S.A.",Cybersecurity,1,2
"Consejería Delegada de la Sociedad Gestora de la Ciudad de la Salud y la Innovación, S.A.U.",Other,1,0
"Consejería Delegada de la Sociedad para el Desarrollo Regional de Cantabria, S.A. (SODERCAN S.A.)",Cybersecurity,1,2
"Consejería Delegada de la Sociedad para el Desarrollo Regional de Cantabria, S.A. (SODERCAN S.A.)",Other,1,0
"Consejería Delegada del Consejo de Administración de Limpieza y Medio Ambiente de Getafe, Sociedad Anónima Municipal",Software & Development,1,0
Consejería Delegada del Consorcio de Abastecimiento de Aguas a Fuerteventura,Data & Analytics,1,0
Consejería Delegada del Consorcio de Abastecimiento de Aguas a Fuerteventura,Infrastructure & Hardware,1,1
"Consejería Delegada del Instituto Tecnológico y de Energías Renovables, S.A.",Software & Development,1,1
Consejería Delegada del Instituto Volcanológico de Canarias S.A.,Other,1,0
"Consejería Insular de Cultura, Museos y Deportes del Cabildo Insular de Tenerife",Other,1,0
"Consejería Insular de Cultura, Museos y Deportes del Cabildo Insular de Tenerife",Software & Development,1,1
"Consejería Insular de Empleo, Educación y Juventud del Cabildo Insular de Tenerife",Software & Development,1,1
"Consejería Insular de Área de Acción Social, Igualdad, Diversidad y Juventud del Cabildo Insular de la Palma",Other,1,0
"Consejería Insular del Área de Hacienda, Recursos Humanos, Aguas, Transporte, Industria y Energía del Cabildo Insular de la Palma",Other,1,0
"Consejería Insular del Área de Infraestructuras, Innovación, Nuevas Tecnologías y Ordenación del Territorio del Cabildo Insular de la Palma",Other,1,0
Consejería Insular del Área de Régimen Interior y Patrimonio Insular del Cabildo Insular de la Gomera,Software & Development,1,0
"Consejería Insular del Área de Servicios Sociales, Educación, Cultura y Deportes del Cabildo Insular de la Gomera",Software & Development,1,1
Consejería con delegación en Comercio y Apoyo a la Empresa del Cabildo Insular de Tenerife,Other,1,0
Consejería con delegación en Comercio y Apoyo a la Empresa del Cabildo Insular de Tenerife,Software & Development,1,1
Consejería con delegación en Formación y Juventud del Cabildo Insular de Tenerife,Software & Development,1,2
"Consejería de Administraciones Públicas, Justicia y Seguridad",Software & Development,1,1
"Consejería de Administración Autonómica, Medio Ambiente y Cambio Climático",Other,1,0
"Consejería de Agricultura, Ganadería, Medio Rural y Política Ambiental de la Junta de Castilla y León",Software & Development,1,1
"Consejería de Agricultura, Ganadería, Pesca y Desarrollo Sostenible.",Other,1,0
"Consejería de Agricultura, Pesca y Medio Natural de las Illes Balears",Infrastructure & Hardware,1,0
"Consejería de Agricultura, Pesca y Medio Natural de las Illes Balears",Software & Development,1,1
"Consejería de Agricultura, Pesca, Agua y Desarrollo Rural",Software & Development,1,2
"Consejería de Ciencia, Industria y Empleo del Principado de Asturias",Software & Development,1,1
"Consejería de Cultura, Política Llingüística y Deporte",Software & Development,1,0
"Consejería de Cultura, Turismo y Deporte de la Comunidad Autónoma de Cantabria",Software & Development,1,0
"Consejería de Cultura, Turismo y Deporte de la Junta de Castilla y León",AI & Machine Learning,1,3
"Consejería de Cultura, Turismo y Deporte de la Junta de Castilla y León",Infrastructure & Hardware,1,1
"Consejería de Cultura, Turismo y Deportes",Infrastructure & Hardware,1,1
Consejería de Derechos Sociales y Bienestar,Software & Development,1,1
"Consejería de Desarrollo Rural, Ganadería, Pesca, Alimentación y Medio Ambiente",Software & Development,1,1
"Consejería de Desregulación, Familia y Ayudas Sociales de la Junta de Castilla y León",Other,1,0
Consejería de Digitalización,Cybersecurity,1,1
Consejería de Economía y Hacienda de la Junta de Castilla y León,Infrastructure & Hardware,1,0
"Consejería de Economía, Empleo y Transformación Digital",Cybersecurity,1,1
"Consejería de Economía, Hacienda e Innovación de las Illes Balears",Cloud,1,2
"Consejería de Economía, Hacienda, Portavocía, Fondos Europeos y Transformación Digital de la Región de Murcia",Infrastructure & Hardware,1,1
Consejería de Educación de la Junta de Castilla y León,AI & Machine Learning,1,1
Consejería de Educación de la Junta de Castilla y León,Data & Analytics,1,0
Consejería de Educación y Cultura,Infrastructure & Hardware,1,1
Consejería de Educación y Formación Profesional de la Región de Murcia,Infrastructure & Hardware,1,0
"Consejería de Educación, Ciencia y Formación Profesional",Data & Analytics,1,0
"Consejería de Educación, Ciencia y Formación Profesional",Software & Development,1,1
"Consejería de Educación, Ciencia y Universidades",Other,1,0
"Consejería de Educación, Formación Profesional y Turismo del Gobierno de Cantabria",Data & Analytics,1,0
"Consejería de Educación, Formación Profesional y Turismo del Gobierno de Cantabria",Software & Development,1,0
"Consejería de Educación, Formación Profesional, Actividad Física y Deportes de Canarias",Infrastructure & Hardware,1,1
"Consejería de Empleo, Empresa y Trabajo Autónomo",Software & Development,1,2
"Consejería de Empresa, Empleo y Economía Social de la Región de Murcia",Other,1,0
"Consejería de Familia, Juventud y Asuntos Sociales",Infrastructure & Hardware,1,0
"Consejería de Familias, Bienestar Social y Atención a la Dependencia de las Illes Balears",Software & Development,1,1
Consejería de Fomento e Infraestructuras de la Región de Murcia,Infrastructure & Hardware,1,1
"Consejería de Gobierno de Desarrollo Económico, Industria, Comercio y Artesanía del Cabildo de Gran Canaria",Software & Development,1,1
Consejería de Gobierno de Hacienda y Emergencias del Cabildo de Gran Canaria,Other,1,0
Consejería de Gobierno de Presidencia y Movilidad Sostenible del Cabildo de Gran Canaria,Data & Analytics,1,0
Consejería de Hacienda de la Ciudad Autónoma de Melilla,Cybersecurity,1,1
Consejería de Hacienda y Administración Pública,Cybersecurity,1,1
"Consejería de Hacienda, Administración Pública y Diálogo Social",Software & Development,1,0
"Consejería de Hacienda, Transición Económica y Transformación Digital",Software & Development,1,2
"Consejería de Industria, Energía, Ciencia y Territorio",Infrastructure & Hardware,1,1
"Consejería de Justicia, Administración Local y Función Pública",Other,1,0
Consejería de Medio Ambiente y Movilidad del Ayuntamiento de Zaragoza,Software & Development,1,1
"Consejería de Medio Ambiente, Industria, Universidades, Investigación y Mar Menor de la Región de Murcia",Infrastructure & Hardware,1,1
"Consejería de Medio Ambiente, Industria, Universidades, Investigación y Mar Menor de la Región de Murcia",Software & Development,1,0
"Consejería de Medio Ambiente, Vivienda y Ordenación del Territorio de la Junta de Castilla y León",Data & Analytics,1,0
Consejería de Movilidad y Transformación Digital,Cloud,1,1
"Consejería de Obras Públicas, Ordenación del Territorio y Urbanismo",Other,1,0
"Consejería de Obras Públicas, Vivienda y Movilidad del Gobierno de Canarias",Infrastructure & Hardware,1,1
Consejería de Presidencia y Gobernación de la Ciudad Autónoma de Ceuta,Software & Development,1,0
"Consejería de Presidencia, Administraciones Públicas, Justicia y Seguridad de la Comunidad Autónoma de Canarias",AI & Machine Learning,1,3
"Consejería de Presidencia, Interior y Diálogo Social",Infrastructure & Hardware,1,1
"Consejería de Presidencia, Interior y Diálogo Social",Software & Development,1,2
"Consejería de Presidencia, Interior, Justicia y Acción Exterior",Software & Development,1,1
"Consejería de Presidencia, Justicia y Administración Local",Software & Development,1,1
"Consejería de Presidencia, Justicia, Seguridad y Simplificación Administrativa de la Comunidad Autónoma de Cantabria",Data & Analytics,1,0
"Consejería de Presidencia, Justicia, Seguridad y Simplificación Administrativa de la Comunidad Autónoma de Cantabria",Infrastructure & Hardware,1,1
"Consejería de Presidencia, Juventud, Acción Exterior y Emergencias de la Región de Murcia",Other,1,0
Consejería de Salud y Atención a la Dependencia,Software & Development,1,2
Consejería de Salud y Consumo,Data & Analytics,1,1
Consejería de Salud y Políticas Sociales,Software & Development,1,2
Consejería de Salud y Servicios Sociales,Infrastructure & Hardware,1,1
Consejería de Sanidad de la Comunidad de Madrid,Other,1,0
Consejería de Sanidad del Gobierno de Canarias,Cloud,1,0
Consejería de Sanidad del Gobierno de Canarias,Data & Analytics,1,2
Consejería de Sanidad del Gobierno de Canarias,Infrastructure & Hardware,1,1
"Consejería de Sanidad, Presidencia y Emergencias. Junta de Andalucía",Software & Development,1,1
"Consejería de Sanidad, Servicios Sociales, Menores e Igualdad",Infrastructure & Hardware,1,1
"Consejería de Trabajo, Función Pública y Diálogo Social de las Illes Balears",Infrastructure & Hardware,1,0
Consejería de Transición Ecológica y Energía de Canarias,Software & Development,1,1
"Consejería de Transición Energética, Sectores Productivos y Memoria Democrática",Software & Development,1,1
Consejería de Turismo y Andalucía Exterior,Other,1,0
"Consejería de Turismo, Cultura y Deportes de la Región de Murcia",Other,1,0
"Consejería de Turismo, Cultura y Deportes de las Illes Balears",Software & Development,1,1
"Consejería de Turismo, Industria y Comercio",Other,1,0
"Consejería de Vivienda, Territorio y Movilidad de las Illes Balears",Infrastructure & Hardware,1,0
"Consejería de Vivienda, Territorio y Movilidad de las Illes Balears",Software & Development,1,2
"Consejería de Vivienda, Transportes e Infraestructuras de la Comunidad de Madrid",Infrastructure & Hardware,1,1
Consejería de Área de Administración Pública y Transparencia del Cabildo de Gran Canaria,Other,1,0
"Consejería de Área de Medio Ambiente, Clima, Energía y Conocimiento del Cabildo de Gran Canaria",Infrastructure & Hardware,1,0
Consejería del Mar y del Ciclo del Agua de la Comunidad Autónoma de las Illes Balears,Software & Development,1,1
Consejería del Área de Hacienda y Contratación del Cabildo Insular de Lanzarote,Cloud,1,0
"Consejería delegada de ACOSOL, S.A.U.",Cybersecurity,1,1
"Consejería delegada de ACOSOL, S.A.U.",Data & Analytics,1,1
Consejo Comarcal de la Comarca Alto Gallego,Other,1,0
Consejo Comarcal de la Comarca de Campo de Belchite,Other,1,0
Consejo Comarcal de la Comarca de Cuencas Mineras,Other,1,0
Consejo Comarcal de la Comarca de Ribera Alta del Ebro,Other,1,0
Consejo Comarcal de la Comarca de Tarazona y el Moncayo,Other,1,0
Consejo Económico y Social de Aragón,Other,1,0
Consejo Ejecutivo de la Sociedad Valenciana de Gestión Integral de Servicios de Emergencia,Cloud,1,1
Consejo Ejecutivo de la Sociedad Valenciana de Gestión Integral de Servicios de Emergencia,Cybersecurity,1,1
Consejo Ejecutivo de la Sociedad Valenciana de Gestión Integral de Servicios de Emergencia,Infrastructure & Hardware,1,0
Consejo Ejecutivo de la Sociedad Valenciana de Gestión Integral de Servicios de Emergencia,Software & Development,1,1
Consejo Ejecutivo del Consell Insular de Menorca (CIM),Software & Development,1,2
"Consejo Rector Consorcio Red Local de Promoción Económica, el Empleo y la Formación",Infrastructure & Hardware,1,1
Consejo Rector de CASA 47 Entidad Pública Empresarial,Cybersecurity,1,1
Consejo Rector de Suma Gestión Tributaria. Diputación de Alicante,Other,1,0
Consejo Rector de Visitelche Organismo Autónomo Local de Turismo del Ayuntamiento de Elche,Infrastructure & Hardware,1,1
Consejo Rector de la Agencia Tributaria de Sevilla,Software & Development,1,1
Consejo Rector de la Fundación Municipal de Cultura de Siero,Software & Development,1,1
Consejo Rector de la Residencia Municipal de Castro-Urdiales,Other,1,0
Consejo Rector del Centro Nacional de Experimentación de Tecnologías de Hidrógeno y Pilas de Combustible,Other,1,0
Consejo Rector del Consorcio Cáceres Capital Europea de la Cultura 2031,Other,1,0
Consejo Rector del Consorcio Tdt Canal 1 Mar Menor Torre Pacheco,Other,1,0
Consejo Rector del Consorcio de la Zona Especial Canaria,Cloud,1,2
Consejo Rector del Consorcio de la Zona Especial Canaria,Software & Development,1,2
Consejo Rector del Instituto Insular de Atención Social y Sociosanitaria - IASS,Other,1,0
Consejo Rector del Instituto Leonés de Cultura,Software & Development,1,1
Consejo Rector del Instituto Municipal Coruña Espectáculos,Software & Development,1,1
Consejo Rector del Instituto Municipal de Asuntos Sociales del Ayuntamiento de Cáceres,Other,1,0
Consejo Rector del Instituto Municipal de Coruña Espactáculos,Other,1,0
Consejo Rector del Instituto Municipal de Deportes de Cádiz,Software & Development,1,1
Consejo Rector del Instituto Municipal de Empleo y Fomento Empresarial de Zaragoza,Infrastructure & Hardware,1,1
Consejo Rector del Instituto Municipal de Gestión Medioambiental Jardín Botánico de Córdoba (INGEMA),Software & Development,1,1
Consejo Rector del Instituto Municipal de Servicios Sociales de Elda,Other,1,0
Consejo Rector del Instituto Municipal del Deporte del Ayuntamiento de Palma,Software & Development,1,0
Consejo Rector del Organismo Autónomo Local para la promoción y el desarrollo de Andújar,Software & Development,1,1
Consejo Rector del Organismo Autónomo de Actividades Musicales del Ayuntamiento de San Cristóbal de la Laguna,Other,1,0
Consejo Rector del Organismo Autónomo de Cultura del Excmo. Ayuntamiento de Santa Cruz de Tenerife,Software & Development,1,1
Consejo Rector del Organismo Provincial de Asistencia Económica y Fiscal (OPAEF),Other,1,0
Consejo Rector del Patronato Deportivo Municipal de Toledo,Software & Development,1,1
Consejo Rector del Patronato Municipal Teatro de Rojas,Software & Development,1,0
Consejo Rector del Patronato Municipal de Deportes de La Rinconada,Other,1,0
Consejo Rector del Patronato Municipal de Educación y Bibliotecas de Zaragoza,Other,1,0
Consejo Rector del Patronato Municipal de Turismo del Ayuntamiento de Castellón,Other,1,0
Consejo Rector del Patronato Municipal de la Vivienda de Alhaurín el Grande,Other,1,0
Consejo Rector del Servicio Provincial de Gestión y Recaudación de la Diputación Provincial de Jaén,Other,1,0
Consejo de Administración - Sociedad Estatal de Participaciones Industriales (SEPI),Other,1,0
Consejo de Administración de Aguas Municipales de Jávea S.A.U.,Infrastructure & Hardware,1,1
Consejo de Administración de Aguas Municipales de Jávea S.A.U.,Software & Development,1,0
Consejo de Administración de Aguas Sierra de Cádiz S.A.U.,Other,1,0
"Consejo de Administración de Aguas de Alcázar, Empresa Municipal S.A.U.",Other,1,0
"Consejo de Administración de Aguas de Alcázar, Empresa Municipal S.A.U.",Software & Development,1,0
Consejo de Administración de Aguas de Dénia S.A.,Other,1,0
"Consejo de Administración de Aguas del Puerto Empresa Municipal, S.A.",Other,1,0
Consejo de Administración de Aquaoleiros S.A.,Software & Development,1,1
"Consejo de Administración de Aseo y Limpieza Municipales de Torremolinos, S.A.",Software & Development,1,0
Consejo de Administración de BUBULCA S.A,Other,1,0
Consejo de Administración de Bilbao Ría 2000 S.A.,Software & Development,1,2
Consejo de Administración de CEEVAL Servicios Integrales S.L.U,Other,1,0
"Consejo de Administración de Cementerio Jardín Cantabria, S.A.",Other,1,0
Consejo de Administración de Comercializadora Eléctrica de Cádiz S.A.,Software & Development,1,1
"Consejo de Administración de Desarrollo Urbanístico de El Ejido, S.L.",Other,1,0
Consejo de Administración de EDACAFESA,Other,1,0
"Consejo de Administración de EMAYA, Empresa Municipal d'Aigües i Clavegueram, S.A.",Cloud,1,2
"Consejo de Administración de EMAYA, Empresa Municipal d'Aigües i Clavegueram, S.A.",Cybersecurity,1,1
"Consejo de Administración de Empresa Municipal de Suelo de Leganés (EMSULE, S.A.U.)",Infrastructure & Hardware,1,1
"Consejo de Administración de Empresa Municipal de Suelo de Leganés (EMSULE, S.A.U.)",Software & Development,1,0
"Consejo de Administración de Empresa Nacional de Innovación S.M.E., S.A. (ENISA)",Cloud,1,0
"Consejo de Administración de Empresa Nacional de Innovación S.M.E., S.A. (ENISA)",Data & Analytics,1,0
Consejo de Administración de Enclave Joven SLU,Software & Development,1,1
"Consejo de Administración de Enerfrías, S.L.",Infrastructure & Hardware,1,1
"Consejo de Administración de European Bulk Handling Installation, EBHI, S.A., S.M.E.",Other,1,0
Consejo de Administración de Feria de Muestras de Armilla S.A.,Infrastructure & Hardware,1,1
"Consejo de Administración de Gestión Integral de Residuos Sólidos, S.A. (GIRSA)",Other,1,0
"Consejo de Administración de Gestión Integral de Residuos Sólidos, S.A. (GIRSA)",Software & Development,1,1
"Consejo de Administración de Gestión de Obras y Servicios Canet d'en Berenguer, S.L. (GESCANET)",Software & Development,1,1
"Consejo de Administración de HUNOSA Empresas S.A., S.M.E.",Other,1,0
"Consejo de Administración de Información y Comunicación Municipal de Cádiz, S.A.",Other,1,0
"Consejo de Administración de Iniciativa Municipal para la Vivienda, S.A.",Cloud,1,2
Consejo de Administración de Insula Sanxenxo Empresa Municipal de Vivenda e Solo S.L.,Other,1,0
"Consejo de Administración de Integración Laboral de Discapacitados Orihuela, S.L.U.",Other,1,0
"Consejo de Administración de Interalmería Televisión, S.A.U.",Software & Development,1,0
Consejo de Administración de Limpieza de Málaga Sociedad Anónima Municipal,Cloud,1,3
"Consejo de Administración de Limpieza y Mantenimiento de Carmona, S.L.U.",Software & Development,1,1
Consejo de Administración de Logroño Deporte S.A.,Cloud,1,0
Consejo de Administración de Logroño Deporte S.A.,Software & Development,1,1
"Consejo de Administración de Medio Ambiente, Agua, Residuos y Energía de Cantabria, S.A.(MARE S.A.)",Cloud,1,1
"Consejo de Administración de Medio Ambiente, Agua, Residuos y Energía de Cantabria, S.A.(MARE S.A.)",Data & Analytics,1,0
"Consejo de Administración de Mercados Centrales de Abastecimiento de Jerez, S.A. (MERCAJEREZ)",Other,1,0
"Consejo de Administración de Mercados Centrales de Abastecimiento de Las Palmas S.A. S.M.E. (MERCALASPALMAS, S.A. S.M.E.)",Infrastructure & Hardware,1,1
"Consejo de Administración de Metropolitano de Tenerife, S.A.",Infrastructure & Hardware,1,1
"Consejo de Administración de Obras, Infraestructuras y Medio Ambiente de Ceuta S.A.U. (OBIMASA)",Other,1,0
Consejo de Administración de PROINVITOSA,Other,1,0
"Consejo de Administración de Personas y Ciudad, S.A Unipersonal",Software & Development,1,1
"Consejo de Administración de Promoción y Gestión de Viviendas de Cádiz, S.A",Software & Development,1,1
"Consejo de Administración de Reciplasa, Reciclados de Residuos La Plana, S.A.",Infrastructure & Hardware,1,1
Consejo de Administración de Rehabilitaciones Urbanas Avilés S.A.U.,Software & Development,1,1
Consejo de Administración de Rivas-Vaciamadrid Empresa Municipal de Servicios S.A. (Rivamadrid),Data & Analytics,1,0
Consejo de Administración de Rivas-Vaciamadrid Empresa Municipal de Servicios S.A. (Rivamadrid),Infrastructure & Hardware,1,0
"Consejo de Administración de Sadevi, S.A.U.",Other,1,0
"Consejo de Administración de Santa Eularia des Riu XXI, S.A.U.",Other,1,0
Consejo de Administración de Santiago del Teide Gestión S.L.,Other,1,0
"Consejo de Administración de Seromal, S.A. Municipal de Construcciones y Conservación de Alcobendas",Infrastructure & Hardware,1,1
Consejo de Administración de Servicios Comunitarios de Molina S.A. (SERCOMOSA),Cybersecurity,1,1
Consejo de Administración de Servicios y Estudios para la Navegación Aérea y la Seguridad Aeronáutica S.M.E. M.P. S.A.,Infrastructure & Hardware,1,1
Consejo de Administración de Servicios y Suministros Municipales Aras S.L.U,Other,1,0
Consejo de Administración de Suministradora Eléctrica de Cádiz S.A.,Infrastructure & Hardware,1,1
Consejo de Administración de Televisión Digital Terrestre Local de Motril S.L.,Other,1,0
Consejo de Administración de Transportes Interurbanos de Tenerife S.A.U.,Cloud,1,0
"Consejo de Administración de Turismo, Comercio y Promoción Económica de Salamanca, S.A.U.",Infrastructure & Hardware,1,0
"Consejo de Administración de Turismo, Comercio y Promoción Económica de Salamanca, S.A.U.",Software & Development,1,1
Consejo de Administración de Valencia Parque Central Alta Velocidad 2003,Other,1,0
"Consejo de Administración de Zaragoza Alta Velocidad 2002, S.A.",Infrastructure & Hardware,1,1
Consejo de Administración de la Agencia de Régimen Especial Ciclo Integral Aguas del Retortillo,Software & Development,1,0
"Consejo de Administración de la Agència Balear de Digitalització, Ciberseguretat i Telecomunicacions (IB Digital)",Infrastructure & Hardware,1,1
Consejo de Administración de la Autoridad Portuaria de Las Palmas,Data & Analytics,1,1
Consejo de Administración de la Autoridad Portuaria de Santa Cruz de Tenerife,Cybersecurity,1,2
Consejo de Administración de la Autoridad Portuaria de Santa Cruz de Tenerife,Data & Analytics,1,1
Consejo de Administración de la Autoridad Portuaria de Santa Cruz de Tenerife,Infrastructure & Hardware,1,1
Consejo de Administración de la Compañía para la Gestión de Residuos Sólidos en Asturias S.A.,Cybersecurity,1,2
"Consejo de Administración de la Empresa Municipal Almería XXI, S.A.",Software & Development,1,1
"Consejo de Administración de la Empresa Municipal de Aguas de Córdoba, S.A.",AI & Machine Learning,1,2
"Consejo de Administración de la Empresa Municipal de Aguas de Córdoba, S.A.",Data & Analytics,1,1
"Consejo de Administración de la Empresa Municipal de Aguas de Córdoba, S.A. (EMACSA)",Cloud,1,1
"Consejo de Administración de la Empresa Municipal de Gestión de Servicios de Arroyomolinos, S.A.",Software & Development,1,1
Consejo de Administración de la Empresa Municipal de Gestión de Suelo y Vivienda de Moguer S.L.,Other,1,0
Consejo de Administración de la Empresa Municipal de Innovación y Desarrollo S.L.,Software & Development,1,1
Consejo de Administración de la Empresa Municipal de Serveis d'Alcudia SAU,Infrastructure & Hardware,1,1
"Consejo de Administración de la Empresa Municipal de Servicios de Adeje, S.A.",Infrastructure & Hardware,1,1
"Consejo de Administración de la Empresa Municipal de Servicios de Adeje, S.A.",Software & Development,1,1
Consejo de Administración de la Empresa Municipal de Servicios de Medio Ambiente Urbano de Gijón (EMULSA),Cloud,1,3
Consejo de Administración de la Empresa Municipal de Servicios de Medio Ambiente Urbano de Gijón (EMULSA),Software & Development,1,2
"Consejo de Administración de la Empresa Municipal de Servicios, Viviendas, Infraestructura y Promoción de Vélez-Málaga, S.A.",Other,1,0
"Consejo de Administración de la Empresa Municipal de Suelo de Pulpí, S.L.",Other,1,0
"Consejo de Administración de la Empresa Municipal de Transportes Urbanos, S.A.",Other,1,0
"Consejo de Administración de la Empresa Municipal de Transportes de Valencia, S.A.U.",Cloud,1,2
"Consejo de Administración de la Empresa Municipal de Transportes de Valencia, S.A.U.",Cybersecurity,1,1
Consejo de Administración de la Empresa Municipal de la Vivienda de Alcobendas. M.P.- Ayuntamiento de Alcobendas,Other,1,0
"Consejo de Administración de la Empresa Pública de Promoción del Turismo y la Artesanía de Castilla-La Mancha (ETURIA), S.A.",Other,1,0
"Consejo de Administración de la Empresa de Servicios Municipales de Arganda, S.A.",Other,1,0
Consejo de Administración de la Entidad Pública Empresarial de Gestión de Empresas y Servicios Públicos del Ayuntamiento de Candelaria,Other,1,0
Consejo de Administración de la Residencia Municipal de Almassora Vicente Vilar Morella,Other,1,0
Consejo de Administración de la Residencia de Mayores Rafelbunyol SAMP,Other,1,0
"Consejo de Administración de la Sociedad Estatal Loterías y Apuestas del ESTADO, S.M.E., S.A.",Cloud,1,1
"Consejo de Administración de la Sociedad Mercantil Estatal para la Gestión de la Innovación y las Tecnologías Turísticas, S.A.M.P. (SEGITTUR)",Cloud,1,3
"Consejo de Administración de la Sociedad Mercantil Estatal para la Gestión de la Innovación y las Tecnologías Turísticas, S.A.M.P. (SEGITTUR)",Infrastructure & Hardware,1,1
Consejo de Administración de la Sociedad Mixta Aguas de Langreo,Infrastructure & Hardware,1,1
Consejo de Administración de la Sociedad Mixta Aguas de Puertollano S.L.,Infrastructure & Hardware,1,1
"Consejo de Administración de la Sociedad Municipal Aguas de Burgos, S.A.",Infrastructure & Hardware,1,1
"Consejo de Administración de la Sociedad Municipal Aguas de Burgos, S.A.",Software & Development,1,1
"Consejo de Administración de la Sociedad Municipal Mijas Servicios Complementarios, S.L.U",Other,1,0
"Consejo de Administración de la Sociedad Pública para la Promoción Económica de Melilla, Proyecto Melilla, S.A.U.",Cloud,1,0
"Consejo de Administración de la Sociedad Regional de Educación, Cultura y Deporte S.L.",Software & Development,1,0
"Consejo de Administración de la Sociedad de Gestión de Activos procedentes de la Reestructuración Bancaria, S.A",Data & Analytics,1,0
"Consejo de Administración de la Sociedad de Gestión de Activos procedentes de la Reestructuración Bancaria, S.A",Infrastructure & Hardware,1,1
"Consejo de Administración de la Sociedad de Gestión del Patrimonio Inmobiliario Municipal de Alcobendas, S.A",Other,1,0
"Consejo de Administración de la Sociedad para el Desarrollo Económico de Bollullos de la Mitación S.L. (SODEMI, S.L.)",Software & Development,1,1
"Consejo de Administración de la Sociedad para el Desarrollo Regional de Cantabria, S.A. (SODERCAN S.A.)",Software & Development,1,1
Consejo de Administración de la Sociedad para el Desarrollo de Carmona S.A.,Software & Development,1,1
"Consejo de Administración de la Sociedad para el Desarrollo de Puente Genil, S.L. (SODEPO)",Software & Development,1,1
Consejo de Administración de la Sociedad para el Desarrollo de las Telecomunicaciones en Gran Canaria SAU,Software & Development,1,2
Consejo de Administración de la Societat Municipal d'Aparcaments i Projectes S.A.,Data & Analytics,1,0
Consejo de Administración de la Societat Municipal d'Aparcaments i Projectes S.A.,Infrastructure & Hardware,1,0
Consejo de Administración del Casino Santa Cruz SA,Infrastructure & Hardware,1,1
Consejo de Administración del Casino Santa Cruz SA,Other,1,0
Consejo de Administración del Casino Santa Cruz SA,Software & Development,1,1
Consejo de Administración del Casino Taoro SA,Infrastructure & Hardware,1,1
"Consejo de Administración del Centro Intermodal de Logística S.A., S.M.E.",Software & Development,1,1
Consejo de Administración del Consorcio Ruta del Vino Ribera del Duero,Software & Development,1,1
Consejo de Administración del Consorcio de Servicios de la Palma,Other,1,0
"Consejo de Administración del Instituto Leonés de Desarrollo Económico, Formación y Empleo (ILDEFE)",Software & Development,1,1
Consejo de Administración del Organismo Autónomo Ciudad Deportiva Municipal de Alcalá de Henares,Other,1,0
Consejo de Administración del Organismo Autónomo de Recaudación y Gestión Tributaria,Other,1,0
Consejo de Administración del Parque Científico y Tecnológico de Tenerife S.A.,Software & Development,1,1
"Consejo de Administración del Patrimonio Municipal de Majadahonda, S.A.",Other,1,0
Consejo de Administración del Servicio Municipalizado de Deportes del Ayuntamiento de Burgos,Other,1,0
Consejo de Administración-Comité de Inversiones de la Sociedad Estatal Correos y Telégrafos S.A,Cybersecurity,1,1
Consejo de Administración-Comité de Inversiones de la Sociedad Estatal Correos y Telégrafos S.A,Data & Analytics,1,0
Consejo de Administrción de Fuengirola Televisión S.A.M.,Infrastructure & Hardware,1,1
Consejo de Gerencia del Patronato Municipal de Personas con Discapacidad del Ayuntamiento de Ciudad Real,Other,1,0
Consejo de Gobierno Insular del Cabildo de Gran Canaria,Other,1,0
Consejo de Gobierno del Instituto Municipal Empleo y Promoción Económica de Alcorcón (IMEPE),Other,1,0
Consejo de Seguridad Nuclear,Data & Analytics,1,0
Consejo de la Juventud del Principado de Asturias,Other,1,0
Consejo de la Mancomunidad Odra Pisuerga,Other,1,0
Consejo de la Mancomunidad de Servicios Sociales Valle de Ocón,Other,1,0
Consejo de la Mancomunidad del Alhama-Linares,Other,1,0
Consejo de la Mancomunidad del Valle de Iguña,Other,1,0
Consell Comarcal de la Garrotxa,Other,1,0
Consell Comarcal de la Noguera,Other,1,0
Consell Comarcal del Baix Empordà,Cloud,1,2
Consell Comarcal del Maresme,Other,1,0
Consell Comarcal del Pla de l'Estany,Other,1,0
Consell Consultiu de les Illes Balears,Other,1,0
Consell Executiu del Consell Insular d'Eivissa,Cybersecurity,1,1
Consell Rector de l'Institut Menorquí d'Estudis,Other,1,0
Consell Rector del Institut Mallorquí d'Afers Socials,Software & Development,1,1
Consell d'Administració de l'Empresa Funerària Municipal S.A.,Infrastructure & Hardware,1,1
"Conselleria de Educación, Cultura y Universidades",Software & Development,1,1
Conselleria de Emergencias e Interior,Other,1,0
"Conselleria de Justicia, Interior y Administración Pública",Software & Development,1,1
"Conselleria de Vivienda, Obras Públicas y Vertebración del Territorio",Other,1,0
"Consellería de Educación, Ciencia, Universidades e Formación Profesional",Other,1,0
"Consellería de Empleo, Comercio y Emigración",Other,1,0
"Consellería de Emprego, Comercio e Emigración",Other,1,0
Consellería de Política Social e Igualdade,Software & Development,1,1
Consellería de Vivienda y Planificación de Infraestruturas,Other,1,0
Consellería del Medio Rural,Other,1,0
Consello de Xerencia Municipal de Urbanismo del Ayuntamiento de Vigo,Infrastructure & Hardware,1,0
Consorci Administració Oberta de Catalunya,Software & Development,1,2
Consorci Català pel Desenvolupament Local (CCDL),Infrastructure & Hardware,1,0
Consorci Català pel Desenvolupament Local (CCDL),Other,1,0
Consorci Corporació Sanitària Parc Taulí,Software & Development,1,1
Consorci Corporació Sanitària Parc Taulí de Sabadell,Software & Development,1,1
Consorci Hospital Clínic de Barcelona (HCB),Other,1,0
Consorci Hospital Clínic de Barcelona (HCB),Software & Development,1,1
Consorci Mar Parc de Salut de Barcelona,Software & Development,1,1
Consorci Parc de Recerca Biomèdica de Barcelona,Other,1,0
Consorci Parc de Recerca Biomèdica de Barcelona (PRBB),Other,1,0
Consorci Porta Diagonal - Campus Clínic,Other,1,0
Consorci Sanitari Alt Penedès i Garraf,Other,1,0
Consorci Sanitari Integral,Cybersecurity,1,3
Consorci Sanitari Integral,Other,1,0
Consorci Sanitari de Terrassa,Infrastructure & Hardware,1,2
Consorci Sanitari de l'Alt Penedès i Garraf,Software & Development,1,0
Consorci d'Aigües de Tarragona,Software & Development,1,1
Consorci d'Educació de Barcelona,Data & Analytics,1,0
Consorci de Serveis Universitaris de Catalunya (CSUC),Cybersecurity,1,1
"Consorci del Laboratori Intercomarcal de l'Alt Penedès, l'Anoia i Garraf.",Other,1,0
Consorcio Agencia Extremeña de la Energía (AGENEX),Software & Development,1,1
Consorcio Corporació Sanitària Parc Taulí,Software & Development,1,1
Consorcio Gestor del Pacto Territorial por el Empleo La Plana Baixa,Other,1,0
Consorcio Localret,Infrastructure & Hardware,1,0
"Consorcio Madroño, Consorcio de Universidades de la Comunidad de Madrid y de la UNED para la Cooperación Bibliotecaria",Software & Development,1,0
Consorcio Parque de las Ciencias,Other,1,0
Consorcio Provincial de Prevención y Extinción de Incendios de Badajoz,Software & Development,1,1
Consorcio Rector del Centro Asociado de la UNED en Ceuta,Infrastructure & Hardware,1,0
Consorcio Regional de Transportes de Madrid,Cloud,1,0
Consorcio Regional de Transportes de Madrid,Data & Analytics,1,1
Consorcio Universitario del Centro Asociado a la UNED en A Coruña,Other,1,0
Consorcio Universitario del Centro Asociado a la UNED en Guadalajara,Infrastructure & Hardware,1,0
Consorcio Universitario del Centro Asociado a la UNED en Ponferrada,Other,1,0
Consorcio de Aguas Bilbao Bizkaia - Consorcio de Aguas Bilbao Bizkaia,Cybersecurity,1,1
Consorcio de Aguas Bilbao Bizkaia - Consorcio de Aguas Bilbao Bizkaia,Infrastructure & Hardware,1,1
Consorcio de Aguas Bilbao Bizkaia - Consorcio de Aguas Bilbao Bizkaia,Software & Development,1,2
Consorcio de Compensación de Seguros,Cybersecurity,1,2
Consorcio de Compensación de Seguros,Data & Analytics,1,0
Consorcio de Transportes de Mallorca,AI & Machine Learning,1,4
Consorcio de Transportes de Mallorca,Cybersecurity,1,2
Consorcio de Transportes de Mallorca,Data & Analytics,1,0
Consorcio de Transportes del Área de Zaragoza,Infrastructure & Hardware,1,1
Consorcio de Turismo sostenible de la Costa Occidental de Huelva,Software & Development,1,2
Consorcio de la Zona Franca de Barcelona,Cybersecurity,1,1
Consorcio de la Zona Franca de Santander,Other,1,0
Consorcio de la Zona Franca de Vigo,Cloud,1,2
Consorcio de la Zona Franca de Vigo,Cybersecurity,1,1
Consorcio para el Abastecimiento de Agua y Saneamiento en el Principado de Asturias,Cybersecurity,1,1
Consorcio para el Abastecimiento de Agua y Saneamiento en el Principado de Asturias,Infrastructure & Hardware,1,1
Consorcio para el Abastecimiento de Agua y Saneamiento en el Principado de Asturias,Software & Development,1,0
"Consorcio para el Diseño, Construcción, Equipamiento y Explotación del Sistema de Observación Costero de las Illes Balears",Infrastructure & Hardware,1,0
Construcciones e Infraestructuras Educativas de la Generalitat Valenciana S.A.,Software & Development,1,1
"Coordinador General de Economía, Hacienda, Patrimonio y Contratación del Ayuntamiento de las Las Palmas de Gran Canaria",Infrastructure & Hardware,1,0
"Corporació Catalana de Mitjans Audiovisuals, SA (CCMA, SA)",Cybersecurity,1,1
"Corporació d'Empreses i Serveis de Sant Boi, SA (CORESSA)",Other,1,0
Corporación Aragonesa de Radio y Televisión,Other,1,0
Corporación Empresarial Pública de Aragón,Other,1,0
"Corporación Pública Empresarial de Navarra, S.L.U.",Software & Development,1,1
"Corporación Pública Empresarial de Navarra, S.L.U. (CPEN)",Other,1,0
"Corporación de Servizos Audiovisuais de Galicia, S.A",Data & Analytics,1,0
"Corporación de Servizos Audiovisuais de Galicia, S.A",Infrastructure & Hardware,1,0
"Corporación de Servizos Audiovisuais de Galicia, S.A",Software & Development,1,1
"Corporación de Servizos Audiovisuais de Galicia, S.A.",Cloud,1,1
"Corporación de Servizos Audiovisuais de Galicia, S.A.",Infrastructure & Hardware,1,0
Cuevadenerja,Infrastructure & Hardware,1,0
"Cámara Oficial de Comercio, Industria y Servicios de Badajoz",Other,1,0
"Cámara Oficial de Comercio, Industria y Servicios de Badajoz",Software & Development,1,1
"Cámara Oficial de Comercio, Industria, Servicios y Navegación de Alicante",Other,1,0
"Cámara Oficial de Comercio, Industria, Servicios y Navegación de Barcelona",Other,1,0
"Cámara Oficial de Comercio, Industria, Servicios y Navegación de Ceuta",AI & Machine Learning,1,5
"Cámara Oficial de Comercio, Industria, Servicios y Navegación de Gran Canaria",Other,1,0
"Cámara Oficial de Comercio, Industria, Servicios y Navegación de Huelva",Other,1,0
Cámara de Cuentas de Andalucía,AI & Machine Learning,1,2
Cámara de Cuentas de Andalucía,Cloud,1,0
Cámara de Cuentas de Andalucía,Infrastructure & Hardware,1,1
"DELEGACIÓN TERRITORIAL DE AGRICULTURA, PESCA, AGUA Y DESARROLLO RURAL EN ALMERIA. JUNTA DE ANDALUCIA",Other,1,0
"DEPARTAMENTO DE AGRICULTURA, GANADERÍA, PESCA Y ALIMENTACIÓN DE LA GENERALIDAD DE CATALUÑA",Other,1,0
DEPARTAMENTO DE DESARROLLO RURAL Y MEDIO AMBIENTE DEL GOBIERNO DE NAVARRA,Other,1,0
DGPE - Subdirección General de Coordinación de la Contratación Electrónica,Software & Development,1,0
DIPUTACIO DE TARRAGONA,Data & Analytics,1,0
DIPUTACION DE TARRAGONA,Infrastructure & Hardware,1,1
DIPUTACIÓ DE GIRONA,Software & Development,1,2
DIPUTACIÓ DE LLEIDA,Infrastructure & Hardware,1,1
DIPUTACIÓ DE TARRAGONA,Cloud,1,1
DIPUTACIÓN DE BARCELONA - Red Audiovisual Local,Cloud,1,3
DIPUTACIÓN PROVINCIAL DE VALLADOLID,Other,1,0
Defensor del Pueblo Andaluz,Cloud,1,2
Defensor del Pueblo Andaluz,Cybersecurity,1,1
Defensor del Pueblo Andaluz,Infrastructure & Hardware,1,1
Delegación Especial de Economía y Hacienda en Illes Balears,Other,1,0
Delegación Especial de la Agencia Estatal de Administración Tributaria en Cataluña,Infrastructure & Hardware,1,1
Delegación Especial de la Agencia Estatal de Administración Tributaria en Murcia,Infrastructure & Hardware,1,1
"Delegación Especial de la Agencia Tributaria en Andalucía, Ceuta y Melilla",Infrastructure & Hardware,1,1
Delegación Especial de la Agencia Tributaria en Galicia,Software & Development,1,1
Delegación Especial de la Agencia Tributaria en Illes Balears,Infrastructure & Hardware,1,1
Delegación Especial de la Agencia Tributaria en La Rioja,Other,1,0
Delegación Especial de la Agencia Tributaria en Navarra,Other,1,0
Delegación Especial del Estado en el Consorcio de la Zona Franca de Cádiz,Cloud,1,4
Delegación Especial del Ministerio de Hacienda en el Consorcio de la Zona Franca de Gran Canaria,Cloud,1,2
"Delegación Provincial de la Consejería de Agricultura, Ganadería y Desarrollo Rural en Albacete",Software & Development,1,1
Delegación Provincial de la Consejería de Bienestar Social en Albacete,Infrastructure & Hardware,1,0
Delegación Provincial de la Consejería de Bienestar Social en Toledo,Infrastructure & Hardware,1,0
"Delegación Provincial de la Consejería de Economía, Empresas y Empleo en Albacete",Other,1,0
Delegación Provincial de la Consejería de Sanidad en Ciudad Real,Other,1,0
Delegación Provincial de la Consejería de Sanidad en Cuenca,Other,1,0
Delegación Provincial de la Consejería de Sanidad en Toledo,Infrastructure & Hardware,1,0
"Delegación Territorial de Empleo, Empresa y Trabajo Autónomo en Málaga",Other,1,0
Delegación de Economía y Hacienda en Almería,Other,1,0
Delegación de Economía y Hacienda en Andalucía-Sevilla,Other,1,0
Delegación de Economía y Hacienda en Girona,Other,1,0
Delegación de Economía y Hacienda en Madrid,Other,1,0
Delegación de Economía y Hacienda en Murcia,Other,1,0
Delegación de Economía y Hacienda en Málaga,Other,1,0
Delegación de Economía y Hacienda en Palencia,Other,1,0
Delegación de Economía y Hacienda en Segovia,Other,1,0
Delegación de Economía y Hacienda en Teruel,Other,1,0
Delegación de Economía y Hacienda en Toledo,Other,1,0
"Delegación de Economía, Hacienda y Urbanismo de Sanlúcar de Barrameda",Software & Development,1,1
Delegación del Gobierno en Aragón,Other,1,0
Delegación del Gobierno en Cantabria,Other,1,0
Delegación del Gobierno para el Plan Nacional sobre Drogas,Other,1,0
Delegación del Área de Fomento del Empleo,Infrastructure & Hardware,1,0
Delegada de la Empresa Provincial de Informática de Cádiz S.A. - EPICSA,Cloud,1,1
Departament d'Interior i Seguretat Pública,Other,1,0
"Departamento de Agricultura, Ganadería y Alimentación del Gobierno de Aragón",Infrastructure & Hardware,1,0
"Departamento de Agricultura, Ganadería y Medio Ambiente",Other,1,0
Departamento de Bienestar Social y Familia del Gobierno de Aragón,Other,1,0
Departamento de Desarrollo Rural y Medio Ambiente,Software & Development,1,1
"Departamento de Desarrollo Rural y Medio Ambiente, Gobierno de Navarra",Software & Development,1,2
Departamento de Drets Socials i Inclusió,Other,1,0
Departamento de Educación del Gobierno de Navarra,Infrastructure & Hardware,1,0
Departamento de Educación del Gobierno de Navarra,Software & Development,1,1
"Departamento de Educación, Ciencia y Universidades del Gobierno de Aragón",Other,1,0
"Departamento de Fomento, Vivienda, Logística y Cohesión Territorial del Gobierno de Aragón",Infrastructure & Hardware,1,1
"Departamento de Fomento, Vivienda, Logística y Cohesión Territorial del Gobierno de Aragón",Software & Development,1,1
Departamento de Hacienda y Administración Pública,Infrastructure & Hardware,1,0
"Departamento de Hacienda, Interior y Administración Pública del Gobierno de Aragón",Software & Development,1,2
"Departamento de Industria, Competitividad y Desarrollo Empresarial",Software & Development,1,1
Departamento de Medio Ambiente y Turismo del Gobierno de Aragón,Software & Development,1,0
"Departamento de Presidencia, Economía y Justicia del Gobierno de Aragón",Cloud,1,0
"Departamento de Presidencia, Economía y Justicia del Gobierno de Aragón",Infrastructure & Hardware,1,0
Departamento de Salud Alcoy. Dirección Económica-Gerencia,Software & Development,1,1
Departamento de Salud Alicante. Dirección Económica-Gerencia,AI & Machine Learning,1,1
Departamento de Salud La Fe. Dirección Económica-Gerencia,Cloud,1,2
Departamento de Salud Valencia - Arnau de Vilanova - Llíria. Dirección Económica-Gerencia,Infrastructure & Hardware,1,0
Departamento de Salud Valencia Dr. Peset. Dirección Económica-Gerencia,Infrastructure & Hardware,1,0
Departamento de Salud de Elda. Dirección Económica-Gerencia,Infrastructure & Hardware,1,0
Departamento de Salud de Orihuela. Dirección Económica-Gerencia,Software & Development,1,1
Departamento de Salud de San Juan Alicante. Dirección Económica-Gerencia,Infrastructure & Hardware,1,0
Departamento de Salud de San Juan Alicante. Dirección Económica-Gerencia,Software & Development,1,2
Departamento de Salud de Torrevieja. Dirección Económica-Gerencia,Software & Development,1,1
Departamento de Salud de Valencia Clínico. Dirección Económica-Gerencia,Software & Development,1,2
Departamento de Salud de Xàtiva-Ontinyent. Dirección Económica-Gerencia,Infrastructure & Hardware,1,1
Departamento de Salud de la Marina Baixa. Dirección Económica-Gerencia,Software & Development,1,0
Departamentos del Consell Insular de Mallorca,Cloud,1,3
"Desaladora de Escombreras, S.A.U.",Other,1,0
"Desarrollo de Iniciativas del Matarraña, S.L.U.",Software & Development,1,1
Diputació de Girona,Cloud,1,2
Diputació de Girona,Other,1,0
Diputació de Lleida,Other,1,0
Diputació de Tarragona,Other,1,0
Diputación Delegada de Hacienda y Gobierno Interior de la Diputación Provincial de Córdoba,Other,1,0
Diputación Delegada de Recursos Humanos de la Diputación Provincial de Córdoba,Other,1,0
Diputación Foral de Bizkaia - Departamento de Acción Social,Other,1,0
Diputación Foral de Bizkaia - Departamento de Administración Pública y Relaciones Institucionales,AI & Machine Learning,1,1
Diputación Foral de Bizkaia - Departamento de Administración Pública y Relaciones Institucionales,Software & Development,1,1
Diputación Foral de Bizkaia - Departamento de Promoción Económica,Other,1,0
Diputación Foral de Gipuzkoa - Departamento de Gobernanza,Infrastructure & Hardware,1,0
"Diputación Foral de Álava - Departamento de Hacienda, Finanzas y Presupuestos",Other,1,0
"Diputación Foral de Álava - Departamento de Hacienda, Finanzas y Presupuestos",Software & Development,1,1
Diputación Foral de Álava - Departamento de Movilidad Sostenible e Infraestructuras Viarias,Infrastructure & Hardware,1,1
Diputación Foral de Álava - Departamento de Políticas Sociales,Software & Development,1,1
Diputación Provincial de Teruel,Cybersecurity,1,1
Diputación de Barcelona,Infrastructure & Hardware,1,1
"Diputada delegada de Presidencia, Gobierno Interior y Vivienda",Infrastructure & Hardware,1,0
Diputado Delegado del Organismo Autónomo de Recaudación y Gestión Tributaria (O.A.R.),AI & Machine Learning,1,2
Diputado Delegado del Organismo Autónomo de Recaudación y Gestión Tributaria (O.A.R.),Software & Development,1,1
"Diputado delegado de Infraestructuras, Sostenibilidad y Agricultura",Software & Development,1,1
Dirección Adjunta de Medios Personales y Materiales de la Abogacía General del Estado,Data & Analytics,1,0
Dirección Económica del Consorcio Hospitalario Provincial de Castellón,Software & Development,1,1
Dirección General Económico-Financiera de la Entidad Pública Empresarial RENFE-Operadora,Data & Analytics,1,0
Dirección General LogiRail S.A.,Infrastructure & Hardware,1,0
"Dirección General de Aguas de la Consejería de Política Territorial, Cohesión Territorial y Aguas del Gobierno de Canarias",Other,1,0
Dirección General de Alcaldía del Ayuntamiento de Málaga,Other,1,0
Dirección General de Alta Velocidad Alicante Nodo de Transporte S.A.,Other,1,0
Dirección General de Aviación Civil,Other,1,0
Dirección General de Calidad Ambiental de Canarias,Other,1,0
Dirección General de Calidad Ambiental de Canarias,Software & Development,1,1
Dirección General de Calidad Ambiental de la Junta de Comunidades de Castilla-La Mancha,Infrastructure & Hardware,1,1
Dirección General de Comunicación,Other,1,0
Dirección General de Correos Telecom,Software & Development,1,1
Dirección General de Cultura de la Generalitat Valenciana,Other,1,0
Dirección General de Dependencia,Infrastructure & Hardware,1,0
Dirección General de Economía Circular y Agenda 2030 de la Junta de Comunidades de Castilla-La Mancha,Other,1,0
Dirección General de Economía Circular y Agenda 2030 de la Junta de Comunidades de Castilla-La Mancha,Software & Development,1,1
Dirección General de Evaluación y Cooperación Territorial,AI & Machine Learning,1,2
Dirección General de Evaluación y Cooperación Territorial,Cloud,1,0
Dirección General de Evaluación y Cooperación Territorial,Infrastructure & Hardware,1,0
Dirección General de Evaluación y Cooperación Territorial,Software & Development,1,0
Dirección General de Extremadura Avante S.L.U.,Cloud,1,1
Dirección General de Formación Profesional y Enseñanzas de Régimen Especial de la Comunidad Autónoma de Canarias,Software & Development,1,0
Dirección General de Ganadería,Other,1,0
"Dirección General de Infraestructura, Sostenibilidad y Calidad Turística de la Comunidad Autónoma de Canarias",Other,1,0
Dirección General de Infraestructuras y Equipamientos del Gobierno de Canarias,Software & Development,1,1
Dirección General de Inteligencia Económica y Comercial,Other,1,0
Dirección General de Labora Servicio Valenciano de Empleo y Formación,Infrastructure & Hardware,1,1
Dirección General de Labora Servicio Valenciano de Empleo y Formación,Software & Development,1,1
Dirección General de Mayores y Participación Activa,Software & Development,1,1
Dirección General de Medio Natural y Biodiversidad de la Junta de Comunidades de Castilla-La Mancha,Software & Development,1,0
Dirección General de Mercados Centrales de Abastecimiento de Madrid S.A. (MERCAMADRID S.A.),Cloud,1,1
Dirección General de Mercados Centrales de Abastecimiento de Sevilla S.A. (MERCASEVILLA S.A.),Cloud,1,2
Dirección General de Ordenación Agropecuaria de la Junta de Comunidades de Castilla-La Mancha,Data & Analytics,1,1
Dirección General de Ordenación Profesional,Other,1,0
Dirección General de Patrimonio Cultural del Gobierno de Canarias,Other,1,0
Dirección General de Pesca Sostenible,Other,1,0
Dirección General de Planificación Económica,Cloud,1,0
Dirección General de Planificación Económica,Data & Analytics,1,2
Dirección General de Planificación y Gestión Educativa,Software & Development,1,0
Dirección General de Política Interior,Other,1,0
Dirección General de Políticas contra la Despoblación,Software & Development,1,1
Dirección General de Presupuestos y Patrimonio,Other,1,0
Dirección General de Programación Económica y Presupuestos,Data & Analytics,1,0
Dirección General de Racionalización y Centralización de la Contratación,Other,1,0
"Dirección General de Radiotelevisión del Principado de Asturias, S.A. Unipersonal",AI & Machine Learning,1,1
"Dirección General de Radiotelevisión del Principado de Asturias, S.A. Unipersonal",Cloud,1,2
"Dirección General de Radiotelevisión del Principado de Asturias, S.A. Unipersonal",Infrastructure & Hardware,1,0
"Dirección General de Redalsa, S.A., S.M.E.",Cloud,1,1
"Dirección General de Redalsa, S.A., S.M.E.",Infrastructure & Hardware,1,1
Dirección General de Relaciones con África del Gobierno de Canarias,Other,1,0
"Dirección General de Renfe Alquiler de Material Ferroviario Sociedad Mercantil Estatal, S.A.",Other,1,0
"Dirección General de Renfe Mercancías Sociedad Mercantil Estatal, S.A.",Infrastructure & Hardware,1,1
Dirección General de Renfe Proyectos Internacionales Sociedad Mercantil Estatal S.A.,Software & Development,1,0
"Dirección General de Renfe Viajeros Sociedad Mercantil Estatal, S.A.",Data & Analytics,1,1
Dirección General de SOLIMAT,Data & Analytics,1,2
Dirección General de Salud Digital y Sistemas de Información del Sistema Nacional de Salud,Cloud,1,1
Dirección General de Salud Digital y Sistemas de Información del Sistema Nacional de Salud,Infrastructure & Hardware,1,0
Dirección General de Seguridad Jurídica y Fe Pública,Other,1,0
Dirección General de Seguros y Fondos de Pensiones,Software & Development,1,0
Dirección General de Servicios,Cloud,1,1
Dirección General de Sostenibilidad Ambiental y Economía Circular de la Consejería de Sosteniblidad y Medio Ambiente de la Junta de Andalucía,Software & Development,1,2
Dirección General de Telecomunicaciones y Digitalización,Other,1,0
Dirección General de Transición Ecológica y Lucha Contra el Cambio Climático del Gobierno de Canarias,Other,1,0
Dirección General de Transporte por Carretera y Ferrocarril,Software & Development,1,2
Dirección General de Tráfico,Cloud,1,2
Dirección General de Tráfico,Data & Analytics,1,1
"Dirección General de la Agencia Balear de Digitalización, Ciberseguridad y Telecomunicaciones",Infrastructure & Hardware,1,0
"Dirección General de la Agencia Balear de Digitalización, Ciberseguridad y Telecomunicaciones",Other,1,0
Dirección General de la Agencia Estatal de Administración Tributaria,Software & Development,1,2
Dirección General de la Biblioteca Nacional,Software & Development,1,1
Dirección General de la Casa Árabe,Cybersecurity,1,1
Dirección General de la Ciudad de las Artes y de las Ciencias S.A.,AI & Machine Learning,1,1
"Dirección General de la Corporación Audiovisual de la Comunitat Valenciana, S.A.",AI & Machine Learning,1,1
"Dirección General de la Corporación Audiovisual de la Comunitat Valenciana, S.A.",Data & Analytics,1,0
Dirección General de la Corporación Extremeña de Medios Audiovisuales,Other,1,0
Dirección General de la Corporación Extremeña de Medios Audiovisuales,Software & Development,1,0
Dirección General de la Costa y el Mar,Software & Development,1,1
Dirección General de la Entidad Pública Empresarial RED.ES,Cybersecurity,1,2
Dirección General de la Entidad Valenciana de Vivienda y Suelo (EVHA),Cloud,1,1
Dirección General de la Entidad Valenciana de Vivienda y Suelo (EVHA),Infrastructure & Hardware,1,0
Dirección General de la Fundació Lluís Alcanyís de la Universitat de València de la Comunitat Valenciana,Software & Development,1,1
Dirección General de la Fundación Ciudad de la Energía,Infrastructure & Hardware,1,1
Dirección General de la Fundación Computación y Tecnologías Avanzadas de Extremadura,Software & Development,1,1
Dirección General de la Fundación EOI,Data & Analytics,1,0
Dirección General de la Fundación EOI,Infrastructure & Hardware,1,1
"Dirección General de la Fundación General de la Universidad Complutense de Madrid, M.P.",Cloud,1,2
Dirección General de la Fundación General de la Universidad Politécnica de Madrid,Other,1,0
Dirección General de la Fundación Palau de Les Arts Reina Sofía,Cloud,1,1
Dirección General de la Fundación Palau de Les Arts Reina Sofía,Data & Analytics,1,1
Dirección General de la Fundación SEPI,Software & Development,1,0
Dirección General de la Fundación del Teatro Real,AI & Machine Learning,1,2
Dirección General de la Fundación para la Investigación del Hospital Universitario de la Fe,Cloud,1,1
Dirección General de la Fundación para la Investigación del Hospital Universitario de la Fe,Data & Analytics,1,1
Dirección General de la Sociedad Anónima de Electrónica Submarina (SAES),Infrastructure & Hardware,1,0
Dirección General de la Sociedad Pública de Radiodifusión y Televisión Extremeña S.A.U.,Cloud,1,0
Dirección General de la Sociedad Pública de Radiodifusión y Televisión Extremeña S.A.U.,Infrastructure & Hardware,1,1
"Dirección General de la Sociedad de Gestión Pública de Extremadura, S.A.U.",Infrastructure & Hardware,1,2
"Dirección General de la Sociedad de Proyectos para la Transformación Digital, SAU",Software & Development,1,1
"Dirección General de la Societat Valenciana FIRA Alacant, S.A.",Cloud,1,2
Dirección General de la Societat Valenciana FIRA València S.A.,Infrastructure & Hardware,1,0
Dirección General del Agua,Cloud,1,0
Dirección General del Catastro,Other,1,0
"Dirección General del Centro para el Desarrollo Tecnológico y la Innovación, E.P.E",Other,1,0
Dirección General del Consorcio Centro Sefarad-Israel,Other,1,0
Dirección General del Consorcio de Transportes de Asturias,Infrastructure & Hardware,1,0
Dirección General del Ente Público Radiotelevisión de Castilla-La Mancha,Infrastructure & Hardware,1,0
"Dirección General del Gran Telescopio de Canarias, S.A.",Cybersecurity,1,1
"Dirección General del Gran Telescopio de Canarias, S.A.",Software & Development,1,1
"Dirección General del Institut Valencià de Finances, IVF",Software & Development,1,1
Dirección General del Instituto Geográfico Nacional,Infrastructure & Hardware,1,1
Dirección General del Instituto Nacional de las Artes Escénicas y de la Música,Cloud,1,5
Dirección General del Instituto Nacional de las Artes Escénicas y de la Música,Infrastructure & Hardware,1,1
Dirección General del Instituto Valenciano de Servicios Sociales (IVASS),Cloud,1,2
Dirección General del Instituto Valenciano de Servicios Sociales (IVASS),Cybersecurity,1,1
Dirección General del Instituto de Cinematografía y de las Artes Audiovisuales,Software & Development,1,2
Dirección General del Instituto de Mayores y Servicios Sociales,Cloud,1,0
Dirección General del Instituto para la Diversificación y Ahorro de la Energía (IDAE),Infrastructure & Hardware,1,1
Dirección General del Patrimonio del Estado,Other,1,0
Dirección General del Sector Ferroviario,Software & Development,1,1
"Dirección General del Área de Comercio, Gestión de la Vía Pública y Fomento de la Actividad Empresarial del Ayuntamiento de Málaga",Other,1,0
Dirección General para la Sociedad Digital,Software & Development,1,0
Dirección General — Osakidetza,Software & Development,1,1
"Dirección General, Osakidetza",Software & Development,1,2
Dirección Gerencia de Formación y Gestión de Granada S.L.,Other,1,0
Dirección Gerencia de Gestión Ambiental de Castilla-La Mancha S.A.,Cloud,1,2
Dirección Gerencia de Limpieza de Málaga Sociedad Anónima Municipal,Data & Analytics,1,0
"Dirección Gerencia de Mercados Centrales de Abastecimiento de Santiago, Mercagalicia S.A.",Other,1,0
"Dirección Gerencia de Mutua Balear, Mutua de Accidentes de Trabajo y Enfermedades Profesionales de la Seguridad Social Nº 183",AI & Machine Learning,1,1
"Dirección Gerencia de Mutua Balear, Mutua de Accidentes de Trabajo y Enfermedades Profesionales de la Seguridad Social Nº 183",Cybersecurity,1,1
"Dirección Gerencia de Mutua Balear, Mutua de Accidentes de Trabajo y Enfermedades Profesionales de la Seguridad Social Nº 183",Infrastructure & Hardware,1,0
"Dirección Gerencia de Mutualia, Mutua Colaboradora con la Seguridad Social nº 02",Infrastructure & Hardware,1,1
"Dirección Gerencia de Unión de Mutuas, Mutua Colaboradora con la Seguridad Social Nº 267",AI & Machine Learning,1,1
"Dirección Gerencia de Unión de Mutuas, Mutua Colaboradora con la Seguridad Social Nº 267",Cloud,1,1
"Dirección Gerencia de Unión de Mutuas, Mutua Colaboradora con la Seguridad Social Nº 267",Cybersecurity,1,1
"Dirección Gerencia de Unión de Mutuas, Mutua Colaboradora con la Seguridad Social Nº 267",Data & Analytics,1,0
"Dirección Gerencia de la Empresa Mixta de Aguas de Ferrol, S.A. (EMAFESA)",Other,1,0
"Dirección Gerencia de la Empresa Pública de Promoción del Turismo y la Artesanía de Castilla-La Mancha (ETURIA), S.A.",Other,1,0
Dirección Gerencia de la Fundació Teatre Principal de Palma,Other,1,0
Dirección Gerencia de la Fundación Andaluza Beturia para la Investigación en Salud (F.A.B.I.S.),Software & Development,1,1
Dirección Gerencia de la Fundación Campus de Excelencia Internacional del Mar (CEIMAR),Software & Development,1,1
Dirección Gerencia de la Fundación Cultural Festival de Cine Iberoamericano de Huelva,Software & Development,1,1
Dirección Gerencia de la Fundación contra el Terrorismo y la Violencia Alberto Jiménez Becerril,Software & Development,1,1
Dirección Gerencia de la Fundación de los Ferrocarriles Españoles (FFE),Infrastructure & Hardware,1,1
Dirección Gerencia de la Fundación de los Ferrocarriles Españoles (FFE),Software & Development,1,0
Dirección Gerencia de la Mutua de Accidentes de Canarias,Software & Development,1,0
Dirección Gerencia de la Mutua de Andalucía y Ceuta,Infrastructure & Hardware,1,0
Dirección Gerencia del Complejo Hospitalario Universitario Insular Materno Infantil,Infrastructure & Hardware,1,1
Dirección Gerencia del Complejo Hospitalario Universitario de Canarias,Infrastructure & Hardware,1,0
Dirección Gerencia del Complejo Hospitalario Universitario de Toledo,Infrastructure & Hardware,1,0
Dirección Gerencia del Departamento de Salud de la Ribera de la Conselleria de Sanidad de la Generalitat Valenciana,Infrastructure & Hardware,1,0
"Dirección Gerencia y Presidencia mancomunados de Promoción Empresarial y Turística de Gijón, S.A.",Software & Development,1,1
Dirección Gerente del Centro de Atención a Personas con Discapacidad Física de Leganés (IMSERSO-CAMF),Other,1,0
Dirección Gerente del Centro de Recuperación de Personas con Discapacidad Física (IMSERSO) Cádiz,Data & Analytics,1,0
Dirección Gerente del Centro de Recuperación de Personas con Discapacidad Física (IMSERSO) Cádiz,Infrastructure & Hardware,1,0
Dirección Insular de Carreteras y Paisaje,Other,1,0
Dirección Insular de Igualdad y Diversidad del Cabildo Insular de Tenerife,Software & Development,1,1
Dirección Insular de Medio Natural del Cabildo Insular de Tenerife,Software & Development,1,1
Dirección Insular de Movilidad y Fomento del Cabildo Insular de Tenerife,Other,1,0
"Dirección Insular de Planificación Territorial, Paisaje y Patrimonio Histórico del Cabildo Insular de Tenerife",Software & Development,1,1
Dirección Insular de la Administración General del Estado en Fuerteventura,Other,1,0
Dirección Insular de la Administración General del Estado en La Gomera,Other,1,0
Dirección Insular de la Administración General del Estado en La Palma,Other,1,0
Dirección Insular de la Administración General del Estado en Menorca,Other,1,0
Dirección Provincial de Educación en Segovia,Infrastructure & Hardware,1,0
Dirección Provincial de Educación en Soria,Software & Development,1,1
Dirección Provincial de Educación en Ávila,Infrastructure & Hardware,1,1
Dirección Provincial de Álava del Servicio Público de Empleo Estatal,Other,1,0
Dirección Provincial del Ministerio de Educación y Formación Profesional en Ceuta,Software & Development,1,1
Dirección Provincial del Servicio Público de Empleo Estatal en Alicante,Other,1,0
Dirección Provincial del Servicio Público de Empleo Estatal en Asturias,Other,1,0
Dirección Provincial del Servicio Público de Empleo Estatal en Barcelona,Other,1,0
Dirección Provincial del Servicio Público de Empleo Estatal en Bizkaia,Other,1,0
Dirección Provincial del Servicio Público de Empleo Estatal en Burgos,Other,1,0
Dirección Provincial del Servicio Público de Empleo Estatal en Guadalajara,Other,1,0
Dirección Provincial del Servicio Público de Empleo Estatal en Guipuzkoa,Other,1,0
Dirección Provincial del Servicio Público de Empleo Estatal en Huelva,Other,1,0
Dirección Provincial del Servicio Público de Empleo Estatal en Lugo,Other,1,0
Dirección Provincial del Servicio Público de Empleo Estatal en Madrid,Other,1,0
Dirección Provincial del Servicio Público de Empleo Estatal en Melilla,Software & Development,1,1
Dirección Provincial del Servicio Público de Empleo Estatal en Murcia,Other,1,0
Dirección Provincial del Servicio Público de Empleo Estatal en Segovia,Other,1,0
Dirección Provincial del Servicio Público de Empleo Estatal en Sevilla,Other,1,0
Dirección Provincial del Servicio Público de Empleo Estatal en Zaragoza,Other,1,0
"Dirección Territorial de Educación, Universidades y Empleo de Alicante",Infrastructure & Hardware,1,1
Dirección Territorial del Instituto Nacional de Gestión Sanitaria en Melilla,Other,1,0
Dirección Terrritorial de Alicante,Other,1,0
Dirección de Asuntos Económicos del Ejército,Data & Analytics,1,1
Dirección de Asuntos Económicos del Ejército,Infrastructure & Hardware,1,1
Dirección de Chiclana Natural S.A.,Cybersecurity,1,1
Dirección de Chiclana Natural S.A.,Software & Development,1,0
Dirección de Compras de la Corporación de Radio y Televisión Española S.A.,Cloud,1,1
"Dirección de ETSA Global Logistics, S.A.U, S.M.E.",Infrastructure & Hardware,1,1
"Dirección de ETSA Global Logistics, S.A.U, S.M.E.",Software & Development,1,0
Dirección de Gestión Económica de la Jefatura de Apoyo Logístico de la Armada,Data & Analytics,1,0
Dirección de Gestión de la Fundación Instituto de Investigación Marqués de Valdecilla,Cloud,1,1
"Dirección de Sociedad de Activos Inmobiliarios Campus Comillas, S.L.U.",Other,1,0
Dirección de Suma Gestión Tributaria. Diputación de Alicante,AI & Machine Learning,1,2
Dirección de la Agencia Canaria de Calidad Universitaria y Evaluación Educativa (ACCUEE),Software & Development,1,1
Dirección de la Agencia Espacial Española,Infrastructure & Hardware,1,0
Dirección de la Agencia Espacial Española,Software & Development,1,1
Dirección de la Agencia Española de Cooperación Internacional para el Desarrollo (AECID),Cybersecurity,1,2
Dirección de la Agencia Española de Medicamentos y Productos Sanitarios,Infrastructure & Hardware,1,0
Dirección de la Agencia Estatal Boletín Oficial del Estado,Cloud,1,1
Dirección de la Agencia Estatal de Administración Digital,Cloud,1,0
Dirección de la Agencia Estatal de Administración Digital,Infrastructure & Hardware,1,0
Dirección de la Agencia Estatal de Seguridad Aérea,Data & Analytics,1,0
Dirección de la Agencia Extremeña de Cooperación Internacional para el Desarrollo (AEXCID),Software & Development,1,1
Dirección de la Agencia Nacional de Evaluación de la Calidad y Acreditación (ANECA),Software & Development,1,1
Dirección de la Agencia de Estrategia Turística de las Islas Baleares (AETIB),Cloud,1,1
Dirección de la Agencia de Estrategia Turística de las Islas Baleares (AETIB),Data & Analytics,1,0
Dirección de la Agencia de Régimen Especial Ciclo Integral Aguas del Retortillo,Infrastructure & Hardware,1,1
Dirección de la Agencia para la Calidad del Sistema Universitario de Castilla y León,Other,1,0
Dirección de la Asociación Centro Europeo de Empresas e innovación del Principado de Asturias,Other,1,0
Dirección de la Empresa Municipal de Cementerios y Servicios Funerarios de Granada SA (EMUCESA),Cloud,1,1
Dirección de la Entidad Estatal de Seguros Agrarios O.A.,Software & Development,1,1
Dirección de la Fundació Universitat-Empresa de les Illes Balears M.P.,Software & Development,1,0
Dirección de la Fundación Biodiversidad,Cloud,1,1
Dirección de la Fundación Biodiversidad,Infrastructure & Hardware,1,1
Dirección de la Fundación CTL Cantabria,Other,1,0
Dirección de la Fundación CTL Cantabria,Software & Development,1,3
Dirección de la Fundación Canaria General Universidad de la Laguna,Software & Development,1,1
Dirección de la Fundación Canaria para el Avance de la Biomedicina y Biotecnología,Other,1,0
Dirección de la Fundación Centro de Cirugía de Mínima Invasión Jesús Usón,Software & Development,1,0
Dirección de la Fundación Democracia y Gobierno Local,Other,1,0
"Dirección de la Fundación Finca Experimental, Universidad de Almería - ANECOOP",Infrastructure & Hardware,1,1
Dirección de la Fundación Pluralismo y Convivencia,Other,1,0
Dirección de la Fundación de la Universidad Autónoma de Madrid,Cloud,1,1
Dirección de la Fundación para el Fomento en Asturias de la Investigación Científica Aplicada y la Tecnología,Data & Analytics,1,0
Dirección de la Fundación para la Internacionalización de las Administraciones Públicas,Data & Analytics,1,0
Dirección de la Fundación para la Prevención de Riesgos Laborales,Other,1,0
Dirección de la Fundación para la Prevención de Riesgos Laborales,Software & Development,1,1
Dirección de la Universidad Popular de Mazarrón,Other,1,0
Dirección del Auditorio de Galicia,Other,1,0
Dirección del Centro Asociado a la UNED Campo de Gibraltar-Algeciras,Other,1,0
Dirección del Centro Asociado a la UNED en Mérida,Other,1,0
Dirección del Centro Asociado a la UNED en Sevilla,Other,1,0
Dirección del Centro Asociado de la UNED en Motril,Other,1,0
Dirección del Centro Asociado de la UNED en Málaga,Software & Development,1,1
Dirección del Centro Asociado de la UNED en Pontevedra - C,Infrastructure & Hardware,1,0
Dirección del Centro Nacional de Experimentación de Tecnologías de Hidrógeno y Pilas de Combustible,Cloud,1,1
Dirección del Centro Penitenciario Madrid IV,Other,1,0
Dirección del Centro Penitenciario Puerto I,Other,1,0
"Dirección del Centro Penitenciario de Asturias, VIllabona",Other,1,0
Dirección del Centro Penitenciario de Bonxe-Lugo,Other,1,0
Dirección del Centro Penitenciario de Burgos,Other,1,0
Dirección del Centro Penitenciario de Córdoba,Infrastructure & Hardware,1,1
Dirección del Centro Penitenciario de Herrera de la Mancha,Other,1,0
Dirección del Centro Penitenciario de La Moraleja - Dueñas,Other,1,0
Dirección del Centro Penitenciario de Las Palmas de Gran Canaria,Other,1,0
"Dirección del Centro Penitenciario de León, Mansilla de las Mulas",Other,1,0
Dirección del Centro Penitenciario de Logroño,Other,1,0
Dirección del Centro Penitenciario de Melilla,Other,1,0
Dirección del Centro Penitenciario de Menorca,Other,1,0
Dirección del Centro Penitenciario de Pamplona,Other,1,0
Dirección del Centro Penitenciario de Puerto 2,Other,1,0
Dirección del Centro Penitenciario de Segovia,Other,1,0
Dirección del Centro Penitenciario de Sevilla,Other,1,0
Dirección del Centro Penitenciario de Soria,Other,1,0
Dirección del Centro Penitenciario de Teruel,Other,1,0
Dirección del Centro Penitenciario de Topas (Salamanca),Other,1,0
Dirección del Centro Universitario de la Defensa en Zaragoza,Other,1,0
Dirección del Centro Universitario de la Guardia Civil,Other,1,0
Dirección del Centro de Estudios Políticos y Constitucionales,Other,1,0
"Dirección del Centro de Inserción Social Evaristo Martín Nieto, Málaga",Other,1,0
Dirección del Centro de Inserción Social Manuel Montesinos,Other,1,0
Dirección del Centro de Inserción Social de Huelva David Beltrán Catalá,Other,1,0
Dirección del Centro de Investigaciones Científicas y Tecnológicas de Extremadura (CICYTEX),Software & Development,1,1
Dirección del Consorcio CENIEH,Other,1,0
Dirección del Consorcio Ciudad Monumental de Mérida,Infrastructure & Hardware,1,0
Dirección del Consorcio Universitario del Centro Asociado a la UNED Lorenzo Luzuriaga en Ciudad Real,Other,1,0
Dirección del Consorcio Universitario del Centro Asociado a la UNED en Calatayud,Infrastructure & Hardware,1,0
Dirección del Consorcio Universitario del Centro Asociado a la UNED en Calatayud,Other,1,0
Dirección del Consorcio Universitario del Centro Asociado a la UNED en Cantabria,Other,1,0
Dirección del Consorcio Universitario del Centro Asociado a la UNED en Palencia,Other,1,0
Dirección del Consorcio Universitario del Centro Asociado de la UNED de Teruel,Other,1,0
Dirección del Consorcio Universitario del Centro Asociado de la UNED en Girona,Other,1,0
Dirección del Consorcio Universitario del Centro Asociado de la UNED en Jaén,Infrastructure & Hardware,1,0
Dirección del Consorcio Universitario del Centro Asociado de la UNED en Madrid-Sur,Other,1,0
Dirección del Consorcio de Tributos de Tenerife,Cloud,1,2
Dirección del Consorcio de Tributos de Tenerife,Software & Development,1,0
"Dirección del Consorcio para el Diseño, la Construcción, el Equipamiento y la Explotación de la Plataforma Oceánica de Canarias",Infrastructure & Hardware,1,1
"Dirección del Consorcio para el Diseño, la Construcción, el Equipamiento y la Explotación de la Plataforma Oceánica de Canarias",Software & Development,1,0
Dirección del Consorcio para el Equipamiento y Explotación del Laboratorio Subterráneo de Canfranc,Infrastructure & Hardware,1,1
Dirección del Departamento de Salud Pública de Alicante,Other,1,0
Dirección del Hospital Psiquiátrico Penitenciario de Sevilla,Other,1,0
Dirección del Instituto Cervantes,Cybersecurity,1,1
Dirección del Instituto Cántabro de Servicios Sociales,Infrastructure & Hardware,1,0
"Dirección del Instituto Español de Oceanografía, O.A., M.P.",Infrastructure & Hardware,1,1
Dirección del Instituto Nacional de Gestión Sanitaria (INGESA),Cloud,1,0
Dirección del Instituto Nacional de Gestión Sanitaria (INGESA),Data & Analytics,1,0
Dirección del Instituto de Astrofísica de Canarias,Infrastructure & Hardware,1,1
Dirección del Instituto de Estudios Fiscales,Cloud,1,0
Dirección del Instituto de la Mujer de Castilla-La Mancha,Infrastructure & Hardware,1,1
Dirección del Organismo Autónomo Insular de Gestión Tributaria del Cabildo de Lanzarote,Infrastructure & Hardware,1,1
Dirección del Organismo Autónomo Insular de Gestión Tributaria del Cabildo de Lanzarote,Software & Development,1,1
Dirección del Organismo Estatal Inspección de Trabajo y Seguridad Social,Software & Development,1,1
Dirección del Patronato de la Fundación Canaria Reserva Mundial de la Biosfera La Palma,Infrastructure & Hardware,1,1
Dirección del Patronato de la Fundación Canaria Reserva Mundial de la Biosfera La Palma,Other,1,0
Dirección del Servicio Canario de Salud,Infrastructure & Hardware,1,0
Dirección general de Planificación Económica,Other,1,0
Dirección y Gerencia de la Fundación IMDEA Alimentación,Infrastructure & Hardware,1,0
"Dirección Área Jurídica y Prestación de MAZ, Mutua Colaboradora con la Seguridad Social, Nº 11",Cloud,1,1
"Dirección Área Jurídica y Prestación de MAZ, Mutua Colaboradora con la Seguridad Social, Nº 11",Infrastructure & Hardware,1,0
Director Gerente de FISEVI,Cloud,1,2
Director Gerente de FISEVI,Data & Analytics,1,0
Director Gerente de Mutua Intercomarcal MATEPSS Nº 39,AI & Machine Learning,1,2
Director Gerente de Mutua Intercomarcal MATEPSS Nº 39,Cloud,1,2
Director Gerente de Mutua Intercomarcal MATEPSS Nº 39,Cybersecurity,1,1
Director Gerente de Mutua Intercomarcal MATEPSS Nº 39,Data & Analytics,1,1
Director Gerente de Mutua Intercomarcal MATEPSS Nº 39,Infrastructure & Hardware,1,0
"Director Gerente de la Empresa Municipal de Transports Urbans de Palma, S. A.",Software & Development,1,2
Director Gerente de la Fundación Canaria Museo de la Ciencia y la Tecnología de las Palmas de Gran Canaria,Other,1,0
Director de la Agencia de Prevención y Lucha contra el Fraude y la corrupción de la Comunidad Valenciana,Infrastructure & Hardware,1,1
"Director del Centro Astronómico Hispano en Andalucía, A.I.E.",Other,1,0
Director del Instituto Canario de Estadística (ISTAC),Data & Analytics,1,0
"Directora General de la Sociedad Regional de Educación, Cultura y Deporte S.L.",Infrastructure & Hardware,1,2
Distrito Nou Barris Ayuntamiento de Barcelona,Other,1,0
Distrito de Arganzuela,Software & Development,1,1
Distrito de Barajas,Software & Development,1,1
Distrito de Carabanchel,Software & Development,1,1
Distrito de Puente de Vallecas,Software & Development,1,1
Distrito de Salamanca,Infrastructure & Hardware,1,1
Distrito de San Blas-Canillejas,Infrastructure & Hardware,1,1
Distrito de Usera,Infrastructure & Hardware,1,1
Distrito de Villa de Vallecas,Infrastructure & Hardware,1,0
Distrito de Villaverde,Infrastructure & Hardware,1,1
División Económica y Técnica (Cuerpo Nacional de Policía),Data & Analytics,1,1
"EJIE, S.A. - Sociedad Informática del Gobierno Vasco - EJIE-Sociedad Informática del Gobierno Vasco",Data & Analytics,1,0
"EMPRESA MUNICIPAL DE TRANSPORTES DE MADRID, S. A.",Software & Development,1,2
"EMPRESA MUNICIPAL DE TRANSPORTES DE MADRID, S.A.",Other,1,0
ENAGAS INFRAESTRUCTURAS DE HIDRÓGENO S.L.U.,Infrastructure & Hardware,1,1
ENAGAS S.A.,Other,1,0
ENAGAS TRANSPORTE S.A.U.,Data & Analytics,1,3
ENAGAS TRANSPORTE S.A.U.,Software & Development,1,2
ENAIRE - Dirección Regional DRNA Región Canaria,Infrastructure & Hardware,1,1
ENAIRE. Dirección Regional NA. Región Centro Norte,Software & Development,1,1
ENAIRE. Dirección Región Balear,Infrastructure & Hardware,1,0
"ENDESA , S.A.",Other,1,0
"ENDESA, S.A.",Other,1,0
"ENDESA, S.A. y todas las sociedades y establecimientos permanentes del Grupo ENEL radicados en España y Portugal.",Infrastructure & Hardware,1,1
ENTE PÚBLICO HOSPITAL UNIVERSITARIO DE FUENLABRADA,Other,1,0
ENTE PÚBLICO HOSPITAL UNIVERSITARIO DE FUENLABRADA,Software & Development,1,0
"ENUSA Industrias Avanzadas S.A., S.M.E.",Cybersecurity,1,1
"ESCUELA ANDALUZA DE SALUD PUBLICA, S.A.",Other,1,0
El Justicia de Aragón,Data & Analytics,1,0
El Justicia de Aragón,Other,1,0
El Puerto de Santa María Global S.L.U.,Cloud,1,1
El Puerto de Santa María Global S.L.U.,Other,1,0
Empresa Estatal Mercados Centrales de Abastecimiento SA (MERCASA),Cloud,1,3
"Empresa Municipal De Transportes De Madrid, S.A.",Cybersecurity,1,4
"Empresa Municipal d'Aigües de Vilafranca, SA",Software & Development,1,2
"Empresa Municipal de Serveis Públics, SL",Other,1,0
"Empresa Municipal de Servicios, Viviendas, Infraestructura y Promoción de Vélez Málaga S.A.",Other,1,0
"Empresa Municipal de Transportes de Madrid, S.A.",AI & Machine Learning,1,1
"Empresa Municipal de Transportes de Madrid, S.A.",Data & Analytics,1,0
Empresa Municipal de Vivienda y Suelo de la Ciudad de Telde S.L.U. (FOMENTAS),Other,1,0
"Empresa Municipal de la Vivienda y Suelo de Madrid, S.A.",AI & Machine Learning,1,1
"Empresa Nacional de Residuos Radiactivos, S.A., S.M.E. (ENRESA)",Cloud,1,0
"Empresa Nacional de Residuos Radiactivos, S.A., S.M.E. (ENRESA)",Data & Analytics,1,0
"Empresa de Transformación Agraria S.A.,S.M.E., M.P., (TRAGSA)",Cybersecurity,1,1
"Endesa, S. A. y todas las sociedades y establecimientos permanentes del Grupo ENEL radicados en España y Portugal",Other,1,0
"Energies Renovables Públiques de Catalunya, SA",Other,1,0
Ens d'Abastament d'Aigua Ter Llobregat (ATL),Other,1,0
Ens d'Abastament d'Aigua Ter-Llobregat (ATL),Cloud,1,2
Ens d'Abastament d'Aigua Ter-Llobregat (ATL),Data & Analytics,1,0
Ente Público de Radiotelevisión de las Illes Balears,Cloud,1,1
Ente Público de Radiotelevisión de las Illes Balears,Cybersecurity,1,1
Ente Público de Radiotelevisión de las Illes Balears,Data & Analytics,1,0
Ente Público de Servicios Tributarios del Principado de Asturias,Infrastructure & Hardware,1,1
Ente Regional de la Energía de Castilla y León,Software & Development,1,2
Entidad Pública Aragonesa de Servicios Telemáticos,Cloud,1,1
"Entidad Pública Empresarial Local Centros de Arte, Cultura y Turismo de Lanzarote",Cloud,1,4
"Entidad Pública Empresarial Local Centros de Arte, Cultura y Turismo de Lanzarote",Data & Analytics,1,0
"Entidad Pública Empresarial Local Centros de Arte, Cultura y Turismo de Lanzarote",Infrastructure & Hardware,1,1
Entidad Regional de Saneamiento y Depuración de Aguas Residuales (ESAMUR),Cloud,1,1
Escuela Balear de Administración Pública (EBAP),Infrastructure & Hardware,1,0
European Agency for Safety and Health at Work (EU-OSHA),Software & Development,1,2
"European Commission, DG BUDG - Budget",Other,1,0
"European Commission, DG BUDG - Budget",Software & Development,1,2
"European Commission, DG DIGIT - Digital Services",Software & Development,1,2
"European Commission, DG SCIC - Interpretation",Other,1,0
"European Commission, EPSO - European Personnel Selection Office",Other,1,0
"European Commission, OIB - Office for Infrastructure and Logistics in Brussels",Other,1,0
"European Commission, Publications Office",Other,1,0
European Food Safety Authority,Other,1,0
Euskal Trenbide Sarea - ETS - Euskal Trenbide Sarea,Cloud,1,2
"FGC MOBILITAT, S.A",Cloud,1,1
"FGC MOBILITAT, SA",Cloud,1,1
FUNDACIÓ HOSPITAL UNIVERSITARI VALL D’HEBRON - INSTITUT DE RECERCA (VHIR),Other,1,0
FUNDACIÓ INSTITUT RECERCA CONTRA LA LEUCÈMIA JOSEP CARRERAS,Other,1,0
FUNDACIÓ UNIVERSITAT OBERTA DE CATALUNYA,Software & Development,1,2
FUNDACIÓN CENTRO DE REGULACIÓN GENÓMICA,Infrastructure & Hardware,1,1
FUNDACIÓN DE LA ENERGÍA DE LA COMUNIDAD DE MADRID,Software & Development,1,2
FUNDACIÓN PÚBLICA MIGUEL SERVET,Software & Development,1,1
"Ferrocarril Metropolità de Barcelona, SA",Software & Development,1,2
Fira de Teatre al Carrer de Tàrrega,Other,1,0
Fundació Banc de Sang i Teixits de les Illes Balears,Infrastructure & Hardware,1,0
Fundació Barcelona Mobile World Capital Foundation,Other,1,0
Fundació Barcelona Mobile World Capital Foundation,Software & Development,1,2
Fundació Institut d'Investigació Biomèdica de Girona Dr. Josep Trueta,Other,1,0
Fundació Institut de Bioenginyeria de Catalunya,Other,1,0
Fundació Parc Científic de Barcelona,Other,1,0
Fundació Privada Hospital de la Santa Creu i Sant Pau,Other,1,0
Fundació Privada Hospital de la Santa Creu i Sant Pau,Software & Development,1,1
"Fundació Privada I2CAT, Internet i Innovació Digital a Catalunya",Infrastructure & Hardware,1,0
"Fundació Privada I2CAT, Internet i Innovació Digital a Catalunya",Other,1,0
Fundació Privada Institut de Recerca de l'Hospital de la Santa Creu i Sant Pau,Infrastructure & Hardware,1,2
Fundació Privada Institut de Recerca de l'Hospital de la Santa Creu i Sant Pau,Software & Development,1,2
Fundació Tecnocampus Mataró-Maresme,Software & Development,1,1
Fundació TicSalut i Social,Software & Development,1,1
Fundació de Recerca Clínic Barcelona – Institut d’Investigacions Biomèdiques August Pi i Sunyer (FRCB-IDIBAPS),Other,1,0
Fundació de Recerca Clínic Barcelona – Institut d’Investigacions Biomèdiques August Pi i Sunyer (FRCB-IDIBAPS),Software & Development,1,1
Fundación AIC Automotive Intelligence Center - Fundación AIC,Other,1,0
Fundación AIC Automotive Intelligence Center - Fundación AIC,Software & Development,1,2
Fundación Banda Municipal de Música de Soria,Other,1,0
Fundación Canaria Instituto de Investigación Sanitaria de Canarias (FIISC),Software & Development,1,1
Fundación Centro de Estudios de Física del Cosmos de Aragón,Software & Development,1,1
Fundación Centro de Estudios de Física del Cosmos de Aragón (CEFCA),Other,1,0
Fundación Centro de Investigación Enfermedades Neurológicas (CIEN),Infrastructure & Hardware,1,1
Fundación Colección Thyssen Bornemisza,Data & Analytics,1,2
Fundación Colección Thyssen Bornemisza,Infrastructure & Hardware,1,0
Fundación Donostia International Physics Center - Fundación Donostia International Physics Center,Infrastructure & Hardware,1,0
Fundación Donostia International Physics Center - Fundación Donostia International Physics Center,Software & Development,1,1
"Fundación Estatal para la Formación en el Empleo, F.S.P.",Infrastructure & Hardware,1,1
Fundación Festival Internacional de Santander,Other,1,0
Fundación Festival Internacional de Santander,Software & Development,1,0
Fundación Investigación Hospital General Universitario de Valencia,Software & Development,1,0
Fundación Laciana Reserva de la Biosfera,Other,1,0
Fundación Miguel Servet (FMS),Software & Development,1,1
Fundación Municipal de la Mujer del Ayuntamiento de Cádiz,Infrastructure & Hardware,1,1
Fundación Municipal de la Mujer del Ayuntamiento de Cádiz,Software & Development,1,1
Fundación Pública Galega de Medicina Xenómica,Other,1,0
Fundación Siglo para el Turismo y las Artes de Castilla y León,Infrastructure & Hardware,1,1
Fundación Siglo para el Turismo y las Artes de Castilla y León,Software & Development,1,2
Fundación Universidades y Enseñanzas Superiores de Castilla y León,Software & Development,1,2
Fundación Zaragoza Logistics Center,Other,1,0
Fundación de Hemoterapia y Hemodonación de Castilla y León,Infrastructure & Hardware,1,0
Fundación de Innovación y Transferencia Agroalimentaria de Aragón (FITA),Other,1,0
Fundación de la Comunitat Valenciana para la Gestión de (ISABIAL),Software & Development,1,1
Fundación del Sector Público Estatal Centro Nacional de Investigaciones Oncológicas Carlos III,Data & Analytics,1,1
Fundación para el Anclaje Empresarial y la Formación para el Empleo en Castilla y León,Other,1,0
Fundación para el Apoyo a la Autonomía y Capacidades de las Personas de Aragón,Infrastructure & Hardware,1,0
Fundación para la Investigación Biomédica del Hospital Clínico San Carlos,Software & Development,1,1
Fundación para la Investigación Biomédica del Hospital Universitario Puerta de Hierro Majadahonda,Other,1,0
Fundación para la Investigación Biosanitaria de Andalucía Oriental - Alejandro Otero (FIBAO),Software & Development,1,1
"Fundación para la Investigación del Hospital Clínico de la Comunidad Valenciana, Fundación Incliva",Software & Development,1,1
Fundación para la Transformación de La Rioja,AI & Machine Learning,1,1
Fundación para la Transformación de La Rioja,Other,1,0
"GESTIÓN DE CENTRALES DEL AÑARBE, S.A.",Other,1,0
"GRUPO CR TECNO, SL",Other,1,0
Gabinete de la Secretaría de Estado de Cooperación Internacional (SECI),Other,1,0
"Generalidad de Cataluña, Departamento de Territorio",Other,1,0
"Generalidad de Cataluña, Departamento de Territorio, Vivienda y Transición Ecológica",Data & Analytics,1,0
Generalitat de Catalunya,Infrastructure & Hardware,1,1
"Generalitat de Catalunya, Agencia Catalana del Agua del Departamento de Territorio, Vivienda y Transición Ecológica",Software & Development,1,1
Gerencia Atención Primaria de Valladolid Este,Other,1,0
Gerencia Fundación para la Investigación de Málaga en Biomedicina y Salud (FIMABIS),Cybersecurity,1,1
Gerencia Fundación para la Investigación de Málaga en Biomedicina y Salud (FIMABIS),Infrastructure & Hardware,1,1
"Gerencia Municipal de Cultura y Deportes de Santa Lucía, S.A.",Infrastructure & Hardware,1,0
Gerencia Municipal de Urbanismos del Ayuntamiento de Móstoles,Infrastructure & Hardware,1,0
Gerencia Municipal de Urbanismos del Ayuntamiento de Móstoles,Other,1,0
Gerencia Regional de Salud de Castilla y León,AI & Machine Learning,1,1
Gerencia Sector Sanitario de Calatayud,Infrastructure & Hardware,1,0
Gerencia Sector Sanitario de Huesca,Software & Development,1,1
Gerencia Sector Sanitario de Zaragoza 2,Infrastructure & Hardware,1,1
Gerencia Sector Sanitario de Zaragoza 3,Software & Development,1,1
Gerencia Territorial de Servicios Sociales de Salamanca,Other,1,0
"Gerencia de Agrícola Municipal, S.A.",Other,1,0
Gerencia de Aguas de Huesna SL.,Software & Development,1,0
Gerencia de Aguas de Montilla S.A.,Other,1,0
"Gerencia de Aguas del Puerto Empresa Municipal, S.A. (APEMSA)",Infrastructure & Hardware,1,1
Gerencia de Aigües de Cullera S.A.,Infrastructure & Hardware,1,1
"Gerencia de Aigües de Sagunt, S.A.",Other,1,0
Gerencia de Asistencia Sanitaria de Zamora,Software & Development,1,1
Gerencia de Asistencia Sanitaria del Bierzo,Infrastructure & Hardware,1,1
Gerencia de Atención Especializada de León,Software & Development,1,0
Gerencia de Atención Integrada de Ciudad Real,Software & Development,1,1
Gerencia de Atención Integrada de Talavera de la Reina,Software & Development,1,0
Gerencia de Atención Integrada de Tomelloso,Software & Development,1,1
Gerencia de Atención Primaria del Área de Salud de Gran Canaria,Infrastructure & Hardware,1,1
Gerencia de Benissa Impuls S.A.,Software & Development,1,1
Gerencia de Congresos y Turismo de Sevilla S.A.,Software & Development,1,1
Gerencia de EGARSAT,Cloud,1,0
Gerencia de EGARSAT,Data & Analytics,1,0
Gerencia de EGARSAT,Infrastructure & Hardware,1,0
Gerencia de Ecociudad Zaragoza S.A.U. (Medio Propio),Infrastructure & Hardware,1,1
Gerencia de Ecociudad Zaragoza S.A.U. (Medio Propio),Software & Development,1,1
"Gerencia de Geonet Territorial, S.A.U.",Software & Development,1,0
Gerencia de Infraestructures i Serveis de Telecom. I Certificació S.A.U.,Cybersecurity,1,2
Gerencia de Inspección Técnica de Vehículos de Asturias S.A. (ITVASA),Infrastructure & Hardware,1,1
"Gerencia de LORCATUR, Lorca Taller del Tiempo, S.A.U.",Other,1,0
Gerencia de MAZ Mútua de Accidentes de Trabajo y Enfermedades Profesionales de la Seguridad Social nº 11,Cybersecurity,1,1
Gerencia de Mercados Centrales de Abastecimiento de Salamanca S.A. (MERCASALAMANCA S.A.),Other,1,0
"Gerencia de Moncada Servicios Urbanos, S.A.U.",Infrastructure & Hardware,1,0
Gerencia de PRODETUR S.A.U.,Data & Analytics,1,0
Gerencia de PRODETUR S.A.U.,Infrastructure & Hardware,1,1
Gerencia de RIC ULPGC S.A.U.,Cloud,1,2
"Gerencia de Sermubeniel, S.A.",Infrastructure & Hardware,1,1
"Gerencia de Sermubeniel, S.A.",Software & Development,1,2
Gerencia de Servicio Sanitarios de Fuerteventura,Infrastructure & Hardware,1,0
Gerencia de Servicio Sanitarios de Fuerteventura,Software & Development,1,1
Gerencia de Servicios Comunitarios de Molina S.A. (SERCOMOSA),Cloud,1,1
Gerencia de Servicios Sanitarios del Área de Salud de Lanzarote,Software & Development,1,0
Gerencia de Servicios Sociales de la Junta de Castilla y León,Software & Development,1,1
Gerencia de TEA Tenerife Espacio de las Artes,Software & Development,1,1
Gerencia de Transportes Interurbanos de Tenerife S.A.U.,AI & Machine Learning,1,3
Gerencia de Transportes Interurbanos de Tenerife S.A.U.,Cloud,1,1
"Gerencia de Transportes Urbanos de Sevilla, SAM",Software & Development,1,0
"Gerencia de Urgencias, Emergencias y Transporte Sanitario",Infrastructure & Hardware,1,1
Gerencia de Urvial Sociedad de Gestión Urbanística S.L.U.,Software & Development,1,1
"Gerencia de VIVE Empresa Pública de la Vivienda de Alcalá de Guadaíra, S.L.",Software & Development,1,1
"Gerencia de la Agència Balear de Digitalització, Ciberseguretat i Telecomunicacions (IB Digital)",Other,1,0
Gerencia de la Empresa Malagueña de Transportes S.A.M.,Data & Analytics,1,0
"Gerencia de la Empresa Municipal de Gestión de Medios de Comunicación de Málaga, S.A.",Cloud,1,1
"Gerencia de la Empresa Municipal de Gestión de Medios de Comunicación de Málaga, S.A.",Infrastructure & Hardware,1,0
"Gerencia de la Empresa Municipal de Limpieza de Sanlúcar (EMULISAN), S.A.",Other,1,0
"Gerencia de la Empresa Municipal de la Vivienda y Suelo de Melilla, S.A. (EMVISMESA)",Software & Development,1,0
"Gerencia de la Empresa Municipal de la Vivienda, Suelo y Equipamiento de Sevilla S.A. (EMVISESA)",Cloud,1,0
"Gerencia de la Empresa Provincial de Aguas Costa Blanca, PROAGUAS COSTABLANCA S.A.",Software & Development,1,1
"Gerencia de la Empresa de Limpiezas Municipales y Parque del Oeste, S.A.M.",Data & Analytics,1,0
Gerencia de la Empresa de Servicios Municipales de Arganda S.A.,Software & Development,1,1
Gerencia de la Entidad Municipal de Servicios de La Vall d'Uixó S.L.U.,Infrastructure & Hardware,1,0
Gerencia de la Entidad Pública de Saneamiento de Aguas Residuales de la Comunidad Valenciana,Software & Development,1,1
Gerencia de la Fundació Visit València de la Comunitat Valenciana,Cybersecurity,1,3
Gerencia de la Fundació Visit València de la Comunitat Valenciana,Infrastructure & Hardware,1,0
"Gerencia de la Fundación Cántabra para la Salud y Bienestar Social, F.S.P.- Medio Propio",Cloud,1,3
"Gerencia de la Fundación Cántabra para la Salud y Bienestar Social, F.S.P.- Medio Propio",Software & Development,1,1
Gerencia de la Fundación Formación e Investigación de los Profesionales de la Salud de Extremadura,Cloud,1,0
Gerencia de la Fundación Tres Culturas del Mediterráneo,Other,1,0
Gerencia de la Fundación Tribunal de Arbitraje Laboral de la Comunitat Valenciana,Other,1,0
Gerencia de la Fundación Universidad Oviedo,Cloud,1,2
Gerencia de la Fundación Universidad Oviedo,Data & Analytics,1,2
"Gerencia de la Fundación de Investigación de Excelencia, VaIER",Infrastructure & Hardware,1,0
"Gerencia de la Fundación de Investigación de Excelencia, VaIER",Other,1,0
"Gerencia de la Fundación de Investigación de Excelencia, VaIER",Software & Development,1,0
Gerencia de la Fundación para la Gestión de la Investigación Biomédica de Cádiz,Software & Development,1,1
Gerencia de la S.A.M. Actuaciones Urbanas de Valencia,Data & Analytics,1,0
Gerencia de la S.A.M. Actuaciones Urbanas de Valencia,Infrastructure & Hardware,1,1
Gerencia de la S.A.M. Actuaciones Urbanas de Valencia,Software & Development,1,1
"Gerencia de la Sociedad Municipal de Aparcamientos y Servicios, S.A.",Software & Development,1,1
Gerencia de la Sociedad Provincial de Informática de Sevilla S.A.U.,Cloud,1,1
Gerencia de la Sociedad Provincial de Informática de Sevilla S.A.U.,Cybersecurity,1,2
Gerencia de la Sociedad Provincial de Informática de Sevilla S.A.U.,Infrastructure & Hardware,1,1
Gerencia de la Societat Municipal d'Aparcaments i Projectes S.A.,Infrastructure & Hardware,1,1
Gerencia de la Universidad de Alcalá,AI & Machine Learning,1,2
Gerencia de los servicios Sanitarios del Area de Salud de La Palma,Infrastructure & Hardware,1,2
Gerencia del Area de Atención Integrada de Hellín,Data & Analytics,1,0
Gerencia del Auditorio de Tenerife SAU,Software & Development,1,0
Gerencia del Centro Nacional de Dosimetría del Instituto Nacional de Gestión Sanitaria,Infrastructure & Hardware,1,1
Gerencia del Centro de Investigación Biomédica en Red (CIBER),AI & Machine Learning,1,3
Gerencia del Consejo Insular de Aguas de Tenerife,Infrastructure & Hardware,1,0
Gerencia del Consejo Insular de Aguas de Tenerife,Software & Development,1,1
Gerencia del Consejo de Administración de la Empresa Municipal de Aguas de Cádiz S.A.,Cybersecurity,1,2
Gerencia del Consejo de Administración de la Empresa Municipal de Aguas de Cádiz S.A.,Software & Development,1,2
Gerencia del Consorcio Maspalomas Gran Canaria,Software & Development,1,0
Gerencia del Consorcio Universitario del Centro Asociado a la UNED de la Provincia de Barcelona,Infrastructure & Hardware,1,0
Gerencia del Consorcio Universitario del Centro Asociado a la UNED de la Provincia de Barcelona,Other,1,0
Gerencia del Consorcio Universitario del Centro Asociado a la UNED de la Provincia de Barcelona,Software & Development,1,1
Gerencia del Consorcio de Extinción de Incendios y Salvamento de la CARM,Other,1,0
Gerencia del Consorcio de Gestión del Centro de Artesanía de la Comunitat Valenciana,Infrastructure & Hardware,1,1
"Gerencia del Consorcio de Prevención, Extinción de Incendios y Salvamento Provincia de Sevilla",Software & Development,1,0
"Gerencia del Consorcio de Prevención, Extinción de Incendios y Salvamento de la Isla de Tenerife",Other,1,0
Gerencia del Consorcio de la Ciudad de Santiago,Cloud,1,0
Gerencia del Consorcio de la Ciudad de Toledo,Infrastructure & Hardware,1,0
Gerencia del Consorcio del Recinto de Ferias y Exposiciones de Asturias,Other,1,0
Gerencia del Institut Valencià d'Art Modern (IVAM),Data & Analytics,1,0
Gerencia del Instituto Insular de Atención Social y Sociosanitaria - IASS,Infrastructure & Hardware,1,1
Gerencia del Instituto Tecnológico y de Energías Renovables S.A.,Software & Development,1,1
Gerencia del O.A. Consejo Insular de Aguas de El Hierro,Other,1,0
Gerencia del Organismo Autónomo de Museos y Centros Cabildo Insular de Tenerife (OAMC),Software & Development,1,0
Gerencia del Organismo Provincial de Asistencia Económica y Fiscal (OPAEF),Other,1,0
Gerencia del Palacio de Congresos de Valencia,Infrastructure & Hardware,1,0
"Gerencia del Parque Cementerio de Málaga, S.A.",Cybersecurity,1,1
Gerencia del Parque Marítimo Santa Cruz S.A.,Software & Development,1,1
"Gerencia del Parque Tecnológico de Fuerteventura S.A., M.P.",Infrastructure & Hardware,1,0
"Gerencia del Parque Tecnológico de Fuerteventura S.A., M.P.",Software & Development,1,1
Gerencia del Patronato de la Fundación Centro de Excelencia en Investigación de Medicamentos Innovadores en Andalucía Medina,Other,1,0
Gerencia del Patronato del Instituto Ferial de Vigo IFEVI,Other,1,0
"Gerencia del Servicio de Aguas y Saneamientos de Teruel, S.A.",Infrastructure & Hardware,1,1
Gerencia del Área Sanitaria III - Avilés del Servicio de Salud del Principado de Asturias (SESPA),Infrastructure & Hardware,1,1
Gerencia del Área de Salud de Coria,Infrastructure & Hardware,1,1
Gerencia del Área de Salud de Cáceres,Infrastructure & Hardware,1,1
Gerencia del Área de Salud de Don Benito,Software & Development,1,1
Gerencia del Área de Salud de Navalmoral de la Mata,Infrastructure & Hardware,1,1
"Gerencia umivale Activa, Mutua Colaboradora con la Seguridad Social número 3",AI & Machine Learning,1,1
Gerencias de los Institutos de la Agencia Estatal Consejo Superior de Investigaciones Científicas,Infrastructure & Hardware,1,0
Gerente de Industrialhama S.A.,Other,1,0
Gerente de SAPRES - Sociedad Anónima de Promoción y Equipamiento de Suelo Almansa,Other,1,0
Gerente del Consorcio Orquesta Ciudad de Málaga,Other,1,0
Gerente del Instituo Municipal de Vivienda de Fuenlabrada S.A.,Software & Development,1,1
Gerència de la Fundació Institut Socioeducatiu s'Estel,Infrastructure & Hardware,1,0
Gerència de la Fundació Institut Socioeducatiu s'Estel,Software & Development,1,0
Geréncia de Agència de Desenvolupament Local de l'Ajuntament de Palma - PalmaActiva,Other,1,0
Gestió de Serveis Sanitaris,Software & Development,1,1
"Gestión Insular para el Deporte, la Cultura y el Ocio, SA (IDECO S.A.)",Software & Development,1,1
Gestión de Medio Rural de Canarias S.A.U. (GMR Canarias),Cloud,1,3
Gestión de Proyectos y Estudios Turísticos en Canarias S.A.U. MP,Software & Development,1,1
Gestión y Servicios de Paterna S.L.U.,Infrastructure & Hardware,1,0
Getxo Kirolak - Getxo Kirolak,Other,1,0
Gobierno Vasco - Agencia Vasca del Agua,Other,1,0
Gobierno Vasco - Agencia Vasca del Agua,Software & Development,1,1
"Gobierno Vasco - Bienestar, Juventud y Reto Demográfico",Other,1,0
"Gobierno Vasco - Economía, Trabajo y Empleo",Other,1,0
Gobierno Vasco - Educación,Other,1,0
Gobierno Vasco - Educación,Software & Development,1,1
"Gobierno Vasco - Gobernanza, Administración Digital y Autogobierno",Other,1,0
"Gobierno Vasco - Gobernanza, Administración Digital y Autogobierno",Software & Development,1,1
"Gobierno Vasco - Industria, Transición Energética y Sostenibilidad",Infrastructure & Hardware,1,1
"Gobierno Vasco - Industria, Transición Energética y Sostenibilidad",Software & Development,1,1
Gobierno Vasco - Movilidad Sostenible,Infrastructure & Hardware,1,1
Gobierno Vasco - Seguridad,Infrastructure & Hardware,1,1
Gobierno Vasco - Vivienda y Agenda Urbana,Other,1,0
Gobierno de Navarra,Other,1,0
"Gobierno de Navarra, Dirección GENERAL DE TRANSICIÓN ENERGÉTICA Y DIGITAL, I+D+I EMPRESARIAL Y EMPRENDIMIENTO",Data & Analytics,1,0
Gobierno de Zaragoza,Cloud,1,2
Grupo Euskal Irrati Telebista - Departamento de Ingeniería y Explotación de ETB,Cloud,1,1
Grupo Euskal Irrati Telebista - Departamento de Ingeniería y Explotación de ETB,Other,1,0
Grupo Euskal Irrati Telebista - Departamento de Investigación y audiencias de EITB,Cloud,1,3
Grupo Euskal Irrati Telebista - Departamento de Investigación y audiencias de EITB,Software & Development,1,1
Grupo Euskal Irrati Telebista - Departamento de Producción de ETB,Other,1,0
Grupo Euskal Irrati Telebista - Departamento de Sistemas de EITB,Infrastructure & Hardware,1,2
Grupo Euskal Irrati Telebista - Dirección de ETB,Other,1,0
H.U. de Jaén. Central Provincial de Compras de Jaén,Other,1,0
HAZI Desarrollo Rural Litoral y Alimentario - HAZI,Software & Development,1,2
HOSPITAL CLINICO SAN CARLOS DE MADRID,Other,1,0
HOSPITAL UNIVERSITARIO PRINCIPE DE ASTURIAS,Software & Development,1,1
Hacienda Foral de Navarra,Other,1,0
Het Waterschapshuis (hWh),Software & Development,1,1
Hospital Dr. Moliner. Dirección Económica-Gerencia,Infrastructure & Hardware,1,1
"Hospital Intermutual de Euskadi, Centro Mancomunado de Mutuas de Accidentes de Trabajo y Enfermadades Profesionales de la Seguridad Social",Software & Development,1,1
Hospital Pedrera. Dirección Económica-Gerencia,Other,1,0
Hospital San Vicente Raspeig. Dirección Económica-Gerencia,Other,1,0
Hospital San Vicente Raspeig. Dirección Económica-Gerencia,Software & Development,1,2
Hospital Universitario Fundación Alcorcón,Other,1,0
Hospital de Viladecans,Other,1,0
ICS - Gerència de compres,Other,1,0
IMAS - Gerència,Infrastructure & Hardware,1,0
INSS-Dirección Provincial de A Coruña,Other,1,0
INSS-Dirección Provincial de Badajoz,Other,1,0
INSS-Dirección Provincial de Valladolid,Other,1,0
INSS-Dirección provincial de Barcelona,Infrastructure & Hardware,1,0
INSS-Dirección provincial de Barcelona,Software & Development,1,1
INSS-Dirección provincial de Ceuta,Other,1,0
INSS-Dirección provincial de Navarra,Infrastructure & Hardware,1,1
INSS-Dirección provincial de Ourense,Software & Development,1,1
INSS-Dirección provincial de Palencia,Other,1,0
INSS-Dirección provincial de Segovia,Other,1,0
INSS-Dirección provincial de Tarragona,Other,1,0
INSS-Dirección provincial de Zamora,Other,1,0
INSS-Dirección provincial en Illes Balears,Other,1,0
INSTITUT CATALÀ D'ONCOLOGIA,Software & Development,1,1
INSTITUT CATALÀ DE FINANCES,AI & Machine Learning,1,3
INSTITUT CATALÀ DE FINANCES,Software & Development,1,2
INSTITUTO CERVANTES,Software & Development,1,1
INSTITUTO DE ESTADÍSTICA Y CARTOGRAFÍA DE ANDALUCÍA - IECA,Data & Analytics,1,0
INSTITUTO DE ESTADÍSTICA Y CARTOGRAFÍA DE ANDALUCÍA - IECA,Other,1,0
"ITELAZPI, S.A. - ITELAZPI, S.A.",Other,1,0
IV Zona de la Guardia Civil de Andalucía,Other,1,0
IZFE - Sociedad Foral de Servicios Informáticos - IZFE - Sociedad Foral de Servicios Informáticos,Other,1,0
"Imprenta de Billetes, S.A., Medio Propio del Banco de España (IMBISA)",Infrastructure & Hardware,1,1
Ineco-Comité de Dirección,AI & Machine Learning,1,2
Ineco-Comité de Dirección,Cybersecurity,1,1
Ineco-Comité de Dirección,Data & Analytics,1,0
Ineco-Consejo de Administración,Software & Development,1,0
"Infraestructures de la Generalitat de Catalunya, SAU",Cybersecurity,1,1
"Innovación Probenalmádena, S.A.",Other,1,0
Institut Barcelona Esports,Software & Development,1,1
Institut Català d'Energia,Other,1,0
Institut Català d'Oncologia,Software & Development,1,2
Institut Català de la Salut,Cloud,1,1
Institut Català de la Salut,Infrastructure & Hardware,1,0
Institut Català de la Salut - Hospital Universitari Vall d'Hebron,Software & Development,1,1
Institut Català de les Empreses Culturals,Other,1,0
Institut Municipal Parcs i Jardins de Barcelona,Other,1,0
Institut Tecnològic Barcelona,Infrastructure & Hardware,1,1
Institut d'Estudis Baleàrics,Software & Development,1,1
Institut de Ciències Fotòniques,Other,1,0
Institut de Cultura de Barcelona,Infrastructure & Hardware,1,1
Institut de Diagnòstic per la Imatge (IDI),Cloud,1,1
Instituto Aragonés de Ciencias de la Salud,Infrastructure & Hardware,1,0
Instituto Aragonés de Ciencias de la Salud,Software & Development,1,1
Instituto Aragonés de Servicios Sociales (IASS),Software & Development,1,1
Instituto Aragonés del Agua,Infrastructure & Hardware,1,1
Instituto Balear de Infraestructuras y Servicios Educativos (IBISEC),Data & Analytics,1,0
Instituto Balear de Infraestructuras y Servicios Educativos (IBISEC),Software & Development,1,0
Instituto Balear de la Mujer,Infrastructure & Hardware,1,0
Instituto Balear de la Mujer,Software & Development,1,1
Instituto Canario de Calidad Agroalimentaria - ICCA,Cloud,1,1
Instituto Canario de Hemodonación y Hemoterapia (ICHH),Other,1,0
Instituto Canario de la Vivienda,Software & Development,1,1
Instituto Cartográfico Valenciano,Other,1,0
Instituto Catalan de la Salud,Software & Development,1,2
Instituto Cántabro de Estadística,Other,1,0
Instituto Enerxético de Galicia,Other,1,0
Instituto Foral de Asistencia Social de Bizkaia - Instituto Foral de Asistencia Social de Bizkaia,Other,1,0
Instituto Gallego de Promoción Económica (IGAPE),Software & Development,1,1
Instituto Municipal Barcelona Innovación y Tecnología,Other,1,0
Instituto Municipal de Deportes de Córdoba,Software & Development,1,1
Instituto Municipal de Educación y Bibliotecas (IMEB),Software & Development,1,1
Instituto Municipal de Informática de Barcelona,Other,1,0
Instituto Municipal de Parques y Jardines de Barcelona,Other,1,0
Instituto Municipal de la Vivienda de Málaga,Software & Development,1,1
Instituto Murciano de Acción Social (IMAS) - Dirección Gerencial,Infrastructure & Hardware,1,0
Instituto Nacional de Administración Pública (INAP),Software & Development,1,0
Instituto Nacional de Estadística INE,Infrastructure & Hardware,1,1
Instituto Nacional de Seguridad y Salud en el Trabajo O.A. M.P. (INSST),Infrastructure & Hardware,1,1
Instituto Social de la Marina -Dirección Provincial de Guipúzcoa,Other,1,0
Instituto Social de la Marina -Dirección Provincial de Tarragona,Other,1,0
Instituto Social de la Marina -División de Administración y Análisis Presupuestario,Software & Development,1,1
Instituto Tecnológico de Aragón (ITA),AI & Machine Learning,1,1
Instituto de Estadística de las Illes Balears,Data & Analytics,1,0
Instituto de Estadística de las Illes Balears,Infrastructure & Hardware,1,1
Instituto de Estadística de las Illes Balears,Other,1,0
Instituto de Estudios Gienenses,Infrastructure & Hardware,1,0
Instituto de Fomento de la Región de Murcia (INFO),Cloud,1,2
Instituto de Turismo de la Región de Murcia (ITREM),Data & Analytics,1,0
Instituto de Turismo de la Región de Murcia (ITREM),Infrastructure & Hardware,1,0
"Instituto de Vivienda, Infraestructura y Equipamiento de la Defensa",Software & Development,1,1
Instituto de la Mujer de Extremadura,Other,1,0
Instituto de la Mujer de Extremadura,Software & Development,1,1
Instituto de las Mujeres,Software & Development,1,1
Instituto para la Competitividad Empresarial de la Junta de Castilla y León,AI & Machine Learning,1,1
Instituto para la Competitividad Empresarial de la Junta de Castilla y León,Infrastructure & Hardware,1,1
Instituto para la Competitividad Empresarial de la Junta de Castilla y León,Software & Development,1,0
Intervención General de la Administración del Estado,Software & Development,1,0
Izenpe - Empresa de Certificación y Servicios - Izenpe S.A.,Infrastructure & Hardware,1,1
Izenpe - Empresa de Certificación y Servicios - Izenpe S.A.,Software & Development,1,2
"JUNTA DE ANDALUCÍA D.T. JUSTICIA, ADMINISTRACIÓN LOCAL Y FUNCIÓN PÚBLICA DE MÁLAGA",Other,1,0
"JUNTA DE ANDALUCÍA. Consejería de Fomento, Articulación del Territorio y Vivienda. Secretaría General Técnica.",Other,1,0
JUNTA DE ANDALUCÍA­ - CONSEJERÍA DE DESARROLLO EDUCATIVO Y FORMACIÓN PROFESIONAL,Software & Development,1,2
JUNTA DE GOBIERNO DEL AYUNTAMIENTO DE SANTANYÍ,Infrastructure & Hardware,1,1
Jefatura Superior de Policía de Canarias,Infrastructure & Hardware,1,0
Jefatura Superior de Policía de Madrid,Other,1,0
Jefatura Superior de Policía de la Región de Murcia,Other,1,0
Jefatura de Administración Económica del Cuarto Militar de S.M. el Rey y Guardia Real,Infrastructure & Hardware,1,0
Jefatura de Asuntos Económicos de la Guardia Civil,Cybersecurity,1,1
Jefatura de Asuntos Económicos del Cuartel General Terrestre Alta Disponibilidad,Software & Development,1,0
Jefatura de Asuntos Económicos del Estado Mayor del Ejército,Software & Development,1,0
Jefatura de Asuntos Económicos del Mando de Canarias,Infrastructure & Hardware,1,1
Jefatura de Asuntos Económicos del Mando de Personal,Infrastructure & Hardware,1,1
Jefatura de Intendencia de Asuntos Económicos de Operaciones,Infrastructure & Hardware,1,1
"Jefatura de Unidad de Medios Internos -Área de Compras de la Compañía Española de Seguros de Crédito a la Exportación S.A., S.M.E. (CESCE)",AI & Machine Learning,1,1
"Jefatura de Unidad de Medios Internos -Área de Compras de la Compañía Española de Seguros de Crédito a la Exportación S.A., S.M.E. (CESCE)",Infrastructure & Hardware,1,0
Jefatura de la Sección Económico Administrativa 15 Agrupación del Cuartel General del Ejército del Aire,Software & Development,1,1
Jefatura de la Sección Económico-Administrativa 27 - Base Aérea de Getafe,Software & Development,1,0
Jefatura de la Sección Económico-Administrativa 41 - Base Aérea de San Javier,Infrastructure & Hardware,1,1
Jefatura de la Sección Económico-Administrativa 45 - Aeródromo Militar de León,Infrastructure & Hardware,1,1
Jefatura de la Sección Económico-Administrativa 46 - Base Aérea de Matacán,Infrastructure & Hardware,1,1
Jefatura de la Sección de Asuntos Económicos de la Unidad Militar de Emergencias,Infrastructure & Hardware,1,1
Junta Directiva de la Asociación Grupo de Acción Local de la Sierra del Segura,Other,1,0
Junta Directiva de la Asociación Nacional de Emprersas Públicas de Medio Ambiente (ANEPMA),Other,1,0
Junta Directiva de la Asociación de Municipios Turísticos de Canarias,Software & Development,1,2
Junta Directiva de la Asociación de Municipios Turísticos de Sol y Playa,Other,1,0
Junta Directiva de la Asociación para el Desarrollo de La Campiña y Los Alcores de Sevilla,Software & Development,1,1
Junta Directiva de la Asociación para el Desarrollo de Monfragüe y su Entorno,Software & Development,1,1
Junta Directiva del Grupo de Acción Local Liébana,Other,1,0
Junta Directiva del Grupo de Desarrollo Rural Bajo Nalón,Software & Development,1,1
Junta General de Institución Ferial de Cádiz IFECA,Other,1,0
Junta General de la Comunidad de Villa y Tierra de Pedraza,Other,1,0
Junta General de la Mancomunidad del Nordeste de Tenerife,Other,1,0
Junta General del Consejo Insular de Aguas de Lanzarote,Infrastructure & Hardware,1,1
Junta General del Consorcio para la Ejecución de las Previsiones del Plan Zonal de Residuos 7. Área de Gestión A2,Infrastructure & Hardware,1,1
Junta General del Consorcio para la Ejecución de las Previsiones del Plan Zonal de Residuos 8. Área de Gestión A3,Other,1,0
Junta Permanente del Real Instituto de Estudios Asturianos,Other,1,0
Junta Rectora de Patronato Municipal de Cultura de Palma del Río,Other,1,0
"Junta Rectora de la Fundación Municipal de Cultura, Educación y Universidad Popular del Ayuntamiento de Gijón",Infrastructure & Hardware,1,1
Junta Rectora de la Fundación Municipal de Servicios Sociales del Ayuntamiento de Gijón,Software & Development,1,1
Junta Rectora del Instituto Municipal de Deportes de Segovia,Software & Development,1,1
Junta Rectora del Organismo Autónomo Local Santa Sara y San Fructuoso,Other,1,0
"Junta Rectora del Organismo Autónomo Local del Servicio de Atención a la Tercera Edad, Residencia Zallako Eguzki",Data & Analytics,1,0
Junta Rectora del Organismo Autónomo de Bienestar Social del Ayuntamiento de Arona,Software & Development,1,1
Junta Rectora del Organismo Autónomo de Museos y Centros del Cabildo Insular de Tenerife (OAMC),Other,1,0
Junta Rectora del Patronato Municipal de Deportes de Mieres,Other,1,0
Junta Rectora del Patronato Municipal de Deportes del Ayuntamiento de Almería,Other,1,0
Junta Vecinal de Acisa de las Arrimadas,Other,1,0
Junta Vecinal de Anzo de Mena,Other,1,0
Junta Vecinal de Benamariel,Other,1,0
Junta Vecinal de Berán,Other,1,0
Junta Vecinal de Brizuela,Other,1,0
Junta Vecinal de Cabañas de la Dornilla,Other,1,0
Junta Vecinal de Carrizal de Almanza,Other,1,0
Junta Vecinal de Citores del Páramo,Other,1,0
Junta Vecinal de Jiménez de Jamuz,Other,1,0
Junta Vecinal de Meroy,Other,1,0
Junta Vecinal de Olmillos de Sasamón,Other,1,0
Junta Vecinal de Roiz,Other,1,0
Junta Vecinal de Ruyales del Páramo,Other,1,0
Junta Vecinal de Sabero,Other,1,0
Junta Vecinal de Salazar,Other,1,0
Junta Vecinal de San Pantaleón del Páramo,Other,1,0
Junta Vecinal de San Román de los Caballeros,Other,1,0
Junta Vecinal de Socil,Other,1,0
Junta Vecinal de Villameca,Other,1,0
Junta Vecinal de Villanueva de las Manzanas,Other,1,0
Junta Vecinal de la EATIM La Rinconada,Other,1,0
Junta Vecinal de la EATIM de Cinco Casas,Other,1,0
Junta Vecinal de la EATIM de Tobillos,Other,1,0
Junta Vecinal de la Entidad Local Autónoma de Bobadilla Estación,Infrastructure & Hardware,1,1
Junta Vecinal de la Entidad Local Autónoma de Bobadilla Estación,Other,1,0
Junta Vecinal de la Entidad Local Autónoma de Picena,Infrastructure & Hardware,1,1
Junta Vecinal de la Entidad Local Autónoma de Picena,Other,1,0
Junta Vecinal de la Entidad Local Menor El Perelló,Other,1,0
Junta Vecinal de la Entidad Local Menor de Ballestar,Other,1,0
Junta Vecinal de la Entidad Local Menor de Escarrilla,Other,1,0
Junta Vecinal de la Entidad Local Menor de La Moheda de Gata,Other,1,0
Junta Vecinal de la Entidad Local Menor de Lodoso,Other,1,0
Junta Vecinal de la Entidad Local Menor de Navagallega,Other,1,0
Junta Vecinal de la Entidad Local Menor de San Pedro Samuel,Other,1,0
Junta Vecinal de la Entidad Local Menor de la Bobadilla,Other,1,0
Junta Vecinal del EATIM Jesús Pobre,Other,1,0
Junta de Administradores de ENUSA-ENSA AIE,Other,1,0
Junta de Apoderados de la Comunidad del Real Señorío de Molina y su Tierra,Other,1,0
Junta de Compensación de la UE-2 de la Actuación de Ordenación AO-36 Viviendas Autovía del PGOU de Dos Hermanas,Other,1,0
Junta de Contratación de la Secretaría de Estado de Justicia,Cybersecurity,1,3
Junta de Contratación de los Servicios Centrales del Ministerio de Política Territorial y Memoria Democrática,Infrastructure & Hardware,1,0
Junta de Contratación del Fondo Español de Garantía Agraria,Infrastructure & Hardware,1,1
Junta de Contratación del Ministerio de Asuntos Económicos y Transformación Digital,Other,1,0
"Junta de Contratación del Ministerio de Asuntos Exteriores, Unión Europea y Cooperación",Cybersecurity,1,1
"Junta de Contratación del Ministerio de Asuntos Exteriores, Unión Europea y Cooperación",Software & Development,1,1
Junta de Contratación del Ministerio de Cultura,Cybersecurity,1,1
Junta de Contratación del Ministerio de Cultura y Deporte,Infrastructure & Hardware,1,1
"Junta de Contratación del Ministerio de Economía, Comercio y Empresa",Software & Development,1,2
"Junta de Contratación del Ministerio de Inclusión, Seguridad Social y Migraciones",Cybersecurity,1,3
Junta de Contratación del Ministerio de Industria y Turismo,Infrastructure & Hardware,1,0
Junta de Contratación del Ministerio de Sanidad,AI & Machine Learning,1,3
Junta de Contratación del Ministerio de Trabajo y Economía Social,Infrastructure & Hardware,1,1
"Junta de Contratación del Ministerio de la Presidencia, Justicia y Relaciones con las Cortes",Cybersecurity,1,1
"Junta de Contratación del Ministerio de la Presidencia, Justicia y Relaciones con las Cortes",Software & Development,1,1
Junta de Contratación del Ministerio para la Transformación Digital y de la Función Pública,Data & Analytics,1,0
Junta de Contratación del Ministerio para la Transición Ecológica y el Reto Demográfico,Infrastructure & Hardware,1,0
Junta de Gobierno Ayuntamiento de Benicàssim,Infrastructure & Hardware,1,1
Junta de Gobierno Ayuntamiento de Benicàssim,Software & Development,1,1
Junta de Gobierno Local de Ayuntamiento de Puente Genil,Infrastructure & Hardware,1,2
Junta de Gobierno Local de l'Ajuntament d'Artà,Cloud,1,1
Junta de Gobierno Local de l'Ajuntament d'Artà,Software & Development,1,1
Junta de Gobierno Local de l'Ajuntament de Sóller,Software & Development,1,0
"Junta de Gobierno Local de la Mancomunidade Turística dos Concellos do Carballiño, Ribadavia, Boborás e Leiro",Infrastructure & Hardware,1,1
Junta de Gobierno Local del Ajuntament El Palomar,Other,1,0
Junta de Gobierno Local del Ajuntament de Caldes de Malavella,Other,1,0
Junta de Gobierno Local del Ayto. de Málaga - Instituto Municipal de la Vivienda,Other,1,0
Junta de Gobierno Local del Ayuntamiento de A Laracha,Infrastructure & Hardware,1,1
Junta de Gobierno Local del Ayuntamiento de A Laracha,Software & Development,1,0
Junta de Gobierno Local del Ayuntamiento de Adra,Software & Development,1,1
Junta de Gobierno Local del Ayuntamiento de Agaete,Other,1,0
Junta de Gobierno Local del Ayuntamiento de Alaró,Infrastructure & Hardware,1,1
Junta de Gobierno Local del Ayuntamiento de Alcalà de Xivert,Cloud,1,2
Junta de Gobierno Local del Ayuntamiento de Alcalà de Xivert,Infrastructure & Hardware,1,1
Junta de Gobierno Local del Ayuntamiento de Alcolea de Calatrava,Other,1,0
Junta de Gobierno Local del Ayuntamiento de Almanza,Other,1,0
Junta de Gobierno Local del Ayuntamiento de Arcos de la Frontera,Infrastructure & Hardware,1,0
Junta de Gobierno Local del Ayuntamiento de Ayora,Software & Development,1,1
Junta de Gobierno Local del Ayuntamiento de Azuébar,Other,1,0
Junta de Gobierno Local del Ayuntamiento de Ballesteros de Calatrava,Other,1,0
Junta de Gobierno Local del Ayuntamiento de Benahavís,Infrastructure & Hardware,1,1
Junta de Gobierno Local del Ayuntamiento de Brazatortas,Infrastructure & Hardware,1,1
Junta de Gobierno Local del Ayuntamiento de Calahorra,AI & Machine Learning,1,2
Junta de Gobierno Local del Ayuntamiento de Callosa d'en Sarrià,Infrastructure & Hardware,1,0
Junta de Gobierno Local del Ayuntamiento de Calzada de Calatrava,Software & Development,1,1
Junta de Gobierno Local del Ayuntamiento de Canet lo Roig,Other,1,0
Junta de Gobierno Local del Ayuntamiento de Caniles,Infrastructure & Hardware,1,1
Junta de Gobierno Local del Ayuntamiento de Carballedo,Other,1,0
Junta de Gobierno Local del Ayuntamiento de Cariño,Other,1,0
Junta de Gobierno Local del Ayuntamiento de Carrizo de la Ribera,Other,1,0
Junta de Gobierno Local del Ayuntamiento de Cartagena,Cloud,1,1
Junta de Gobierno Local del Ayuntamiento de Casas de Don Pedro,Other,1,0
Junta de Gobierno Local del Ayuntamiento de Casinos,Other,1,0
Junta de Gobierno Local del Ayuntamiento de Caspe,Infrastructure & Hardware,1,0
Junta de Gobierno Local del Ayuntamiento de Castellar de Santiago,Other,1,0
Junta de Gobierno Local del Ayuntamiento de Catral,Infrastructure & Hardware,1,1
Junta de Gobierno Local del Ayuntamiento de Cofrentes,Infrastructure & Hardware,1,1
Junta de Gobierno Local del Ayuntamiento de Cuevas del Almanzora,Software & Development,1,1
Junta de Gobierno Local del Ayuntamiento de Cúllar,Other,1,0
Junta de Gobierno Local del Ayuntamiento de Don Benito,Other,1,0
Junta de Gobierno Local del Ayuntamiento de El Molar,Infrastructure & Hardware,1,1
Junta de Gobierno Local del Ayuntamiento de Espinosa de los Monteros,Other,1,0
Junta de Gobierno Local del Ayuntamiento de Fuenlabrada,Cloud,1,2
Junta de Gobierno Local del Ayuntamiento de Fuenlabrada,Infrastructure & Hardware,1,1
Junta de Gobierno Local del Ayuntamiento de Fuente del Maestre,Software & Development,1,1
Junta de Gobierno Local del Ayuntamiento de Fuente el Saz de Jarama,Software & Development,1,1
Junta de Gobierno Local del Ayuntamiento de Granadilla de Abona,Cybersecurity,1,2
Junta de Gobierno Local del Ayuntamiento de Granadilla de Abona,Software & Development,1,1
Junta de Gobierno Local del Ayuntamiento de Grijota,Other,1,0
Junta de Gobierno Local del Ayuntamiento de Griñón,Software & Development,1,0
Junta de Gobierno Local del Ayuntamiento de Guadix,Infrastructure & Hardware,1,1
Junta de Gobierno Local del Ayuntamiento de Gójar,Infrastructure & Hardware,1,1
Junta de Gobierno Local del Ayuntamiento de Horche,Other,1,0
Junta de Gobierno Local del Ayuntamiento de Huércal de Almería,Infrastructure & Hardware,1,0
Junta de Gobierno Local del Ayuntamiento de Irixoa,Other,1,0
Junta de Gobierno Local del Ayuntamiento de Jerez,Cloud,1,2
Junta de Gobierno Local del Ayuntamiento de Jerez,Cybersecurity,1,1
Junta de Gobierno Local del Ayuntamiento de Jávea,Cloud,1,2
Junta de Gobierno Local del Ayuntamiento de La Guancha,Other,1,0
Junta de Gobierno Local del Ayuntamiento de La Matanza de Acentejo,Infrastructure & Hardware,1,1
Junta de Gobierno Local del Ayuntamiento de La Vilavella,Data & Analytics,1,1
Junta de Gobierno Local del Ayuntamiento de La Villa de Don Fadrique,Other,1,0
Junta de Gobierno Local del Ayuntamiento de Lanjarón,Other,1,0
Junta de Gobierno Local del Ayuntamiento de Las Regueras,Infrastructure & Hardware,1,1
Junta de Gobierno Local del Ayuntamiento de Las Torres de Cotillas,Software & Development,1,1
Junta de Gobierno Local del Ayuntamiento de Leiro,Other,1,0
Junta de Gobierno Local del Ayuntamiento de Lorca,Infrastructure & Hardware,1,1
Junta de Gobierno Local del Ayuntamiento de Los Molinos,Other,1,0
Junta de Gobierno Local del Ayuntamiento de Maqueda,Other,1,0
Junta de Gobierno Local del Ayuntamiento de Maracena,Infrastructure & Hardware,1,1
Junta de Gobierno Local del Ayuntamiento de Marina de Cudeyo,Infrastructure & Hardware,1,1
Junta de Gobierno Local del Ayuntamiento de Melide,Infrastructure & Hardware,1,1
Junta de Gobierno Local del Ayuntamiento de Merindad de Río Ubierna,Other,1,0
Junta de Gobierno Local del Ayuntamiento de Mislata,Software & Development,1,0
Junta de Gobierno Local del Ayuntamiento de Mojácar,Infrastructure & Hardware,1,1
Junta de Gobierno Local del Ayuntamiento de Mollina,Other,1,0
Junta de Gobierno Local del Ayuntamiento de Montefrío,Software & Development,1,1
Junta de Gobierno Local del Ayuntamiento de Navalafuente,Software & Development,1,1
Junta de Gobierno Local del Ayuntamiento de O Incio,Other,1,0
Junta de Gobierno Local del Ayuntamiento de O Pino,Infrastructure & Hardware,1,0
Junta de Gobierno Local del Ayuntamiento de Ojós,Software & Development,1,1
Junta de Gobierno Local del Ayuntamiento de Osuna,Infrastructure & Hardware,1,1
Junta de Gobierno Local del Ayuntamiento de Oza-Cesuras,Infrastructure & Hardware,1,1
Junta de Gobierno Local del Ayuntamiento de Paderne,Infrastructure & Hardware,1,1
Junta de Gobierno Local del Ayuntamiento de Paredes de Nava,Other,1,0
Junta de Gobierno Local del Ayuntamiento de Pontevedra,Cloud,1,1
Junta de Gobierno Local del Ayuntamiento de Porto do Son,Infrastructure & Hardware,1,1
Junta de Gobierno Local del Ayuntamiento de Puntallana,Other,1,0
Junta de Gobierno Local del Ayuntamiento de Quer,Software & Development,1,0
Junta de Gobierno Local del Ayuntamiento de Quintana del Castillo,Other,1,0
Junta de Gobierno Local del Ayuntamiento de Requena,Software & Development,1,0
Junta de Gobierno Local del Ayuntamiento de Salas,Other,1,0
Junta de Gobierno Local del Ayuntamiento de San Clemente,Infrastructure & Hardware,1,1
Junta de Gobierno Local del Ayuntamiento de San Clemente,Software & Development,1,1
Junta de Gobierno Local del Ayuntamiento de San Juan del Puerto,Other,1,0
Junta de Gobierno Local del Ayuntamiento de San Martín de Valdeiglesias,Software & Development,1,1
Junta de Gobierno Local del Ayuntamiento de Sant Antoni de Portmany,Infrastructure & Hardware,1,0
Junta de Gobierno Local del Ayuntamiento de Santas Martas,Other,1,0
Junta de Gobierno Local del Ayuntamiento de Sasamón,Other,1,0
Junta de Gobierno Local del Ayuntamiento de Sayalonga,Infrastructure & Hardware,1,1
Junta de Gobierno Local del Ayuntamiento de Seseña,Cloud,1,1
Junta de Gobierno Local del Ayuntamiento de Seseña,Software & Development,1,0
Junta de Gobierno Local del Ayuntamiento de Sigüenza,Software & Development,1,1
Junta de Gobierno Local del Ayuntamiento de Sobrado,Infrastructure & Hardware,1,1
Junta de Gobierno Local del Ayuntamiento de Teruel,Cybersecurity,1,2
Junta de Gobierno Local del Ayuntamiento de Torre de Juan Abad,Other,1,0
Junta de Gobierno Local del Ayuntamiento de Tres Cantos,Infrastructure & Hardware,1,1
Junta de Gobierno Local del Ayuntamiento de Tres Cantos,Software & Development,1,1
Junta de Gobierno Local del Ayuntamiento de Valleseco,Infrastructure & Hardware,1,1
Junta de Gobierno Local del Ayuntamiento de Vega de Infanzones,Other,1,0
Junta de Gobierno Local del Ayuntamiento de Villa del Prado,Software & Development,1,0
Junta de Gobierno Local del Ayuntamiento de Villafranca de los Caballeros,Other,1,0
Junta de Gobierno Local del Ayuntamiento de Villalpando,Other,1,0
Junta de Gobierno Local del Ayuntamiento de Villalpando,Software & Development,1,1
Junta de Gobierno Local del Ayuntamiento de Villamanrique,Other,1,0
Junta de Gobierno Local del Ayuntamiento de Villanueva de Alcardete,Other,1,0
Junta de Gobierno Local del Ayuntamiento de Villanueva de Alcardete,Software & Development,1,1
Junta de Gobierno Local del Ayuntamiento de Villanueva de la Concepción,Other,1,0
Junta de Gobierno Local del Ayuntamiento de Villanueva del Río Segura,Infrastructure & Hardware,1,1
Junta de Gobierno Local del Ayuntamiento de Villarcayo de Merindad de Castilla la Vieja,Software & Development,1,1
Junta de Gobierno Local del Ayuntamiento de Villaturiel,Infrastructure & Hardware,1,1
Junta de Gobierno Local del Ayuntamiento de Villaturiel,Other,1,0
Junta de Gobierno Local del Ayuntamiento de Yuncler,Other,1,0
Junta de Gobierno Local del Ayuntamiento de Zafra,Infrastructure & Hardware,1,1
Junta de Gobierno Local del Ayuntamiento de Zarzalejo,Software & Development,1,1
Junta de Gobierno Local del Ayuntamiento de la Villa de Ingenio,Other,1,0
Junta de Gobierno Local del Ayuntamiento de la Villa de Otura,Software & Development,1,1
Junta de Gobierno Local del Ayuntamiento de Árchez,Other,1,0
Junta de Gobierno Local del Concello de Pontecesures,Cybersecurity,1,1
Junta de Gobierno Local del Concello do Rosal,Other,1,0
Junta de Gobierno Lucena,Other,1,0
Junta de Gobierno de Redován,Infrastructure & Hardware,1,1
Junta de Gobierno de Val de San Vicente,Infrastructure & Hardware,1,0
Junta de Gobierno de la Comunidad General de Regantes del Canal del Páramo,Other,1,0
Junta de Gobierno de la Diputación Provincial de Almería,Cloud,1,4
Junta de Gobierno de la Diputación Provincial de Almería,Cybersecurity,1,1
Junta de Gobierno de la Diputación Provincial de Burgos,Data & Analytics,1,0
Junta de Gobierno de la Diputación Provincial de Burgos,Software & Development,1,0
Junta de Gobierno de la Diputación Provincial de Córdoba,Infrastructure & Hardware,1,0
Junta de Gobierno de la Diputación Provincial de Córdoba,Software & Development,1,1
Junta de Gobierno de la Diputación Provincial de Jaén,Infrastructure & Hardware,1,1
Junta de Gobierno de la Diputación Provincial de Segovia,Cloud,1,2
Junta de Gobierno de la Mancomunidad 2016,Other,1,0
Junta de Gobierno de la Mancomunidad Comarca de la Sidra,Other,1,0
Junta de Gobierno de la Mancomunidad Intermunicipal de Servicios Públicos Insulares,Other,1,0
Junta de Gobierno de la Mancomunidad de Municipios de la Bahía de Cádiz,Other,1,0
Junta de Gobierno de la Mancomunidad de Municipios del Marquesado del Zenete,Other,1,0
Junta de Gobierno del Ayuntamiento Dénia,Cybersecurity,1,1
Junta de Gobierno del Ayuntamiento San Juan de Aznalfarache,Infrastructure & Hardware,1,0
Junta de Gobierno del Ayuntamiento Sant Joan D Alacant,AI & Machine Learning,1,2
Junta de Gobierno del Ayuntamiento Sant Joan D Alacant,Infrastructure & Hardware,1,1
Junta de Gobierno del Ayuntamiento de A Cañiza,Infrastructure & Hardware,1,1
Junta de Gobierno del Ayuntamiento de A Coruña,Cloud,1,2
Junta de Gobierno del Ayuntamiento de Albacete,Cybersecurity,1,1
Junta de Gobierno del Ayuntamiento de Albaida,Other,1,0
Junta de Gobierno del Ayuntamiento de Albal,Cloud,1,1
Junta de Gobierno del Ayuntamiento de Albal,Infrastructure & Hardware,1,1
Junta de Gobierno del Ayuntamiento de Albal,Software & Development,1,3
Junta de Gobierno del Ayuntamiento de Albatera,Infrastructure & Hardware,1,1
Junta de Gobierno del Ayuntamiento de Alboraya,Cloud,1,1
Junta de Gobierno del Ayuntamiento de Alboraya,Infrastructure & Hardware,1,1
Junta de Gobierno del Ayuntamiento de Alcalá de Henares,Infrastructure & Hardware,1,0
Junta de Gobierno del Ayuntamiento de Alcobendas,Data & Analytics,1,0
Junta de Gobierno del Ayuntamiento de Alcorcón,Cloud,1,1
Junta de Gobierno del Ayuntamiento de Alcoy,AI & Machine Learning,1,2
Junta de Gobierno del Ayuntamiento de Alcoy,Cybersecurity,1,2
Junta de Gobierno del Ayuntamiento de Alcázar de San Juan,Other,1,0
Junta de Gobierno del Ayuntamiento de Alfoz de Lloredo,Other,1,0
Junta de Gobierno del Ayuntamiento de Algemesí,Infrastructure & Hardware,1,0
Junta de Gobierno del Ayuntamiento de Alguazas,Software & Development,1,1
Junta de Gobierno del Ayuntamiento de Alhaurín El Grande,Other,1,0
Junta de Gobierno del Ayuntamiento de Almenara,Infrastructure & Hardware,1,1
Junta de Gobierno del Ayuntamiento de Almería,Cybersecurity,1,1
Junta de Gobierno del Ayuntamiento de Almería,Data & Analytics,1,1
Junta de Gobierno del Ayuntamiento de Almonte,Cloud,1,1
Junta de Gobierno del Ayuntamiento de Almonte,Data & Analytics,1,0
Junta de Gobierno del Ayuntamiento de Almoradí,Software & Development,1,0
Junta de Gobierno del Ayuntamiento de Aranjuez,Infrastructure & Hardware,1,0
Junta de Gobierno del Ayuntamiento de Aranjuez,Software & Development,1,1
Junta de Gobierno del Ayuntamiento de Armilla,Software & Development,1,0
Junta de Gobierno del Ayuntamiento de Arnuero,Infrastructure & Hardware,1,1
Junta de Gobierno del Ayuntamiento de Arroyomolinos,Cloud,1,0
Junta de Gobierno del Ayuntamiento de Arroyomolinos,Infrastructure & Hardware,1,1
Junta de Gobierno del Ayuntamiento de Arroyomolinos,Software & Development,1,1
Junta de Gobierno del Ayuntamiento de Aspe,Software & Development,1,0
Junta de Gobierno del Ayuntamiento de Añover de Tajo,Other,1,0
Junta de Gobierno del Ayuntamiento de Baltanás,Other,1,0
Junta de Gobierno del Ayuntamiento de Belmonte de Miranda,Infrastructure & Hardware,1,0
Junta de Gobierno del Ayuntamiento de Benicarló,Other,1,0
Junta de Gobierno del Ayuntamiento de Beniel,Infrastructure & Hardware,1,1
Junta de Gobierno del Ayuntamiento de Benigànim,Software & Development,1,1
Junta de Gobierno del Ayuntamiento de Borrenes,Other,1,0
Junta de Gobierno del Ayuntamiento de Borriana,Cloud,1,1
Junta de Gobierno del Ayuntamiento de Borriana,Infrastructure & Hardware,1,1
Junta de Gobierno del Ayuntamiento de Brunete,Software & Development,1,1
Junta de Gobierno del Ayuntamiento de Burgos,Cybersecurity,1,1
Junta de Gobierno del Ayuntamiento de Busot,Other,1,0
Junta de Gobierno del Ayuntamiento de Bárcena de Cicero,Software & Development,1,1
Junta de Gobierno del Ayuntamiento de Bétera,Infrastructure & Hardware,1,0
Junta de Gobierno del Ayuntamiento de Bétera,Software & Development,1,1
Junta de Gobierno del Ayuntamiento de Cadrete,Infrastructure & Hardware,1,1
Junta de Gobierno del Ayuntamiento de Cadrete,Software & Development,1,1
Junta de Gobierno del Ayuntamiento de Callosa de Segura,Cloud,1,2
Junta de Gobierno del Ayuntamiento de Calviá,Cloud,1,3
Junta de Gobierno del Ayuntamiento de Camas,Software & Development,1,0
Junta de Gobierno del Ayuntamiento de Cangas,Software & Development,1,0
Junta de Gobierno del Ayuntamiento de Caravaca de la Cruz,Infrastructure & Hardware,1,1
Junta de Gobierno del Ayuntamiento de Carballiño,Other,1,0
Junta de Gobierno del Ayuntamiento de Carbonero el Mayor,Infrastructure & Hardware,1,1
Junta de Gobierno del Ayuntamiento de Carlet,Cloud,1,2
Junta de Gobierno del Ayuntamiento de Carlet,Software & Development,1,0
Junta de Gobierno del Ayuntamiento de Casares,AI & Machine Learning,1,2
Junta de Gobierno del Ayuntamiento de Casares,Infrastructure & Hardware,1,0
Junta de Gobierno del Ayuntamiento de Casares,Software & Development,1,0
Junta de Gobierno del Ayuntamiento de Castellón de la Plana,Infrastructure & Hardware,1,0
Junta de Gobierno del Ayuntamiento de Cebreros,Other,1,0
Junta de Gobierno del Ayuntamiento de Cebreros,Software & Development,1,1
Junta de Gobierno del Ayuntamiento de Chozas de Abajo,Infrastructure & Hardware,1,1
Junta de Gobierno del Ayuntamiento de Chozas de Canales,Infrastructure & Hardware,1,1
Junta de Gobierno del Ayuntamiento de Chozas de Canales,Other,1,0
Junta de Gobierno del Ayuntamiento de Ciutadella de Menorca,Infrastructure & Hardware,1,1
Junta de Gobierno del Ayuntamiento de Cobeña,Infrastructure & Hardware,1,0
Junta de Gobierno del Ayuntamiento de Cobeña,Software & Development,1,1
Junta de Gobierno del Ayuntamiento de Cocentaina,Other,1,0
Junta de Gobierno del Ayuntamiento de Colindres,Infrastructure & Hardware,1,1
Junta de Gobierno del Ayuntamiento de Colmenar de Oreja,Software & Development,1,1
Junta de Gobierno del Ayuntamiento de Comillas,Infrastructure & Hardware,1,0
Junta de Gobierno del Ayuntamiento de Corvera de Asturias,Software & Development,1,1
Junta de Gobierno del Ayuntamiento de Cox,Infrastructure & Hardware,1,1
Junta de Gobierno del Ayuntamiento de Cuarte de Huerva,Software & Development,1,1
Junta de Gobierno del Ayuntamiento de Cubas de la Sagra,Infrastructure & Hardware,1,0
Junta de Gobierno del Ayuntamiento de Cuenca,Cloud,1,1
Junta de Gobierno del Ayuntamiento de Cuenca,Infrastructure & Hardware,1,1
Junta de Gobierno del Ayuntamiento de Cullera,Other,1,0
Junta de Gobierno del Ayuntamiento de Cuntis,Other,1,0
Junta de Gobierno del Ayuntamiento de Córdoba,Cloud,1,1
Junta de Gobierno del Ayuntamiento de Daganzo de Arriba,Software & Development,1,1
Junta de Gobierno del Ayuntamiento de Dos Hermanas,Data & Analytics,1,0
Junta de Gobierno del Ayuntamiento de Dos Hermanas,Software & Development,1,1
Junta de Gobierno del Ayuntamiento de Eivissa,Other,1,0
Junta de Gobierno del Ayuntamiento de El Campello,Software & Development,1,0
Junta de Gobierno del Ayuntamiento de El Puig de Santa María,Cybersecurity,1,2
Junta de Gobierno del Ayuntamiento de Elche,Cybersecurity,1,1
Junta de Gobierno del Ayuntamiento de Els Poblets,Software & Development,1,1
Junta de Gobierno del Ayuntamiento de Espera,Software & Development,1,0
Junta de Gobierno del Ayuntamiento de Folgoso de la Ribera,Other,1,0
Junta de Gobierno del Ayuntamiento de Fuengirola,Cloud,1,2
Junta de Gobierno del Ayuntamiento de Fuente Obejuna,Other,1,0
Junta de Gobierno del Ayuntamiento de Fuente Álamo de Murcia,Infrastructure & Hardware,1,1
Junta de Gobierno del Ayuntamiento de Fuente Álamo de Murcia,Software & Development,1,1
Junta de Gobierno del Ayuntamiento de Galapagar,Software & Development,1,1
Junta de Gobierno del Ayuntamiento de Genovés,Other,1,0
Junta de Gobierno del Ayuntamiento de Gijón,Data & Analytics,1,0
Junta de Gobierno del Ayuntamiento de Grado,Software & Development,1,1
Junta de Gobierno del Ayuntamiento de Granada,AI & Machine Learning,1,1
Junta de Gobierno del Ayuntamiento de Granada,Cloud,1,2
Junta de Gobierno del Ayuntamiento de Granátula de Calatrava,Other,1,0
Junta de Gobierno del Ayuntamiento de Guadarrama,Software & Development,1,1
Junta de Gobierno del Ayuntamiento de Guardamar de la Safor,Other,1,0
Junta de Gobierno del Ayuntamiento de Guillena,Software & Development,1,1
Junta de Gobierno del Ayuntamiento de Huelva,Cybersecurity,1,1
Junta de Gobierno del Ayuntamiento de Huelva,Infrastructure & Hardware,1,0
Junta de Gobierno del Ayuntamiento de Huesca,Infrastructure & Hardware,1,1
Junta de Gobierno del Ayuntamiento de Inca,Cloud,1,3
Junta de Gobierno del Ayuntamiento de Inca,Infrastructure & Hardware,1,0
Junta de Gobierno del Ayuntamiento de Istán,Software & Development,1,1
Junta de Gobierno del Ayuntamiento de Jerez de los Caballeros,Infrastructure & Hardware,1,1
Junta de Gobierno del Ayuntamiento de L'Alfàs del Pi,Data & Analytics,1,1
Junta de Gobierno del Ayuntamiento de La Nucía,Infrastructure & Hardware,1,1
Junta de Gobierno del Ayuntamiento de La Nucía,Software & Development,1,0
Junta de Gobierno del Ayuntamiento de La Oliva,Data & Analytics,1,0
Junta de Gobierno del Ayuntamiento de La Rinconada,Cloud,1,2
Junta de Gobierno del Ayuntamiento de La Unión,Cloud,1,1
Junta de Gobierno del Ayuntamiento de La Vall d'Uixó,Cloud,1,2
Junta de Gobierno del Ayuntamiento de La Vall d'Uixó,Infrastructure & Hardware,1,0
Junta de Gobierno del Ayuntamiento de Lepe,Cloud,1,3
Junta de Gobierno del Ayuntamiento de León,Infrastructure & Hardware,1,1
Junta de Gobierno del Ayuntamiento de Llanes,Other,1,0
Junta de Gobierno del Ayuntamiento de Lloret de Vistalegre,Infrastructure & Hardware,1,1
Junta de Gobierno del Ayuntamiento de Llosa de Ranes,Infrastructure & Hardware,1,1
Junta de Gobierno del Ayuntamiento de Lorqui,Software & Development,1,2
Junta de Gobierno del Ayuntamiento de Los Navalmorales,Other,1,0
Junta de Gobierno del Ayuntamiento de Los Navalucillos,Other,1,0
Junta de Gobierno del Ayuntamiento de Majadahonda,Infrastructure & Hardware,1,1
Junta de Gobierno del Ayuntamiento de Manzanares,Data & Analytics,1,0
Junta de Gobierno del Ayuntamiento de Manzanares,Software & Development,1,1
Junta de Gobierno del Ayuntamiento de Marbella,Cloud,1,1
Junta de Gobierno del Ayuntamiento de Mazarrón,Infrastructure & Hardware,1,0
Junta de Gobierno del Ayuntamiento de Medina de Rioseco,Infrastructure & Hardware,1,1
Junta de Gobierno del Ayuntamiento de Medina del Campo,Other,1,0
Junta de Gobierno del Ayuntamiento de Mejorada del Campo,Infrastructure & Hardware,1,0
Junta de Gobierno del Ayuntamiento de Mieres,Cloud,1,2
Junta de Gobierno del Ayuntamiento de Miranda de Ebro,Cloud,1,0
Junta de Gobierno del Ayuntamiento de Miranda de Ebro,Infrastructure & Hardware,1,1
Junta de Gobierno del Ayuntamiento de Molina de Segura,Cloud,1,1
Junta de Gobierno del Ayuntamiento de Molina de Segura,Cybersecurity,1,1
Junta de Gobierno del Ayuntamiento de Molina de Segura,Data & Analytics,1,0
Junta de Gobierno del Ayuntamiento de Molledo,Infrastructure & Hardware,1,1
Junta de Gobierno del Ayuntamiento de Mombeltrán,Infrastructure & Hardware,1,1
Junta de Gobierno del Ayuntamiento de Mombeltrán,Other,1,0
Junta de Gobierno del Ayuntamiento de Monachil,Infrastructure & Hardware,1,1
Junta de Gobierno del Ayuntamiento de Monforte de Lemos,Software & Development,1,1
Junta de Gobierno del Ayuntamiento de Montuïri,Other,1,0
Junta de Gobierno del Ayuntamiento de Mula,Cloud,1,3
Junta de Gobierno del Ayuntamiento de Mula,Software & Development,1,0
Junta de Gobierno del Ayuntamiento de Murla,Infrastructure & Hardware,1,1
Junta de Gobierno del Ayuntamiento de Móstoles,Infrastructure & Hardware,1,1
Junta de Gobierno del Ayuntamiento de Navalcarnero,Infrastructure & Hardware,1,1
Junta de Gobierno del Ayuntamiento de Navalcarnero,Software & Development,1,1
Junta de Gobierno del Ayuntamiento de Navarrete,AI & Machine Learning,1,1
Junta de Gobierno del Ayuntamiento de Neda,Infrastructure & Hardware,1,1
Junta de Gobierno del Ayuntamiento de Nerja,Data & Analytics,1,1
Junta de Gobierno del Ayuntamiento de Nerja,Infrastructure & Hardware,1,1
Junta de Gobierno del Ayuntamiento de Nerja,Software & Development,1,1
Junta de Gobierno del Ayuntamiento de O Vicedo,Other,1,0
Junta de Gobierno del Ayuntamiento de Oencia,Other,1,0
Junta de Gobierno del Ayuntamiento de Onda,Cloud,1,0
Junta de Gobierno del Ayuntamiento de Onda,Infrastructure & Hardware,1,0
Junta de Gobierno del Ayuntamiento de Ourense,Infrastructure & Hardware,1,0
Junta de Gobierno del Ayuntamiento de Paiporta,Cloud,1,4
Junta de Gobierno del Ayuntamiento de Palma de Mallorca,Data & Analytics,1,0
Junta de Gobierno del Ayuntamiento de Palomares del Río,Other,1,0
Junta de Gobierno del Ayuntamiento de Parres,Infrastructure & Hardware,1,1
Junta de Gobierno del Ayuntamiento de Paterna,Software & Development,1,0
Junta de Gobierno del Ayuntamiento de Petrer,Infrastructure & Hardware,1,1
Junta de Gobierno del Ayuntamiento de Picanya,Cloud,1,1
Junta de Gobierno del Ayuntamiento de Pilar de la Horadada,Infrastructure & Hardware,1,1
Junta de Gobierno del Ayuntamiento de Portomarín,Software & Development,1,1
Junta de Gobierno del Ayuntamiento de Porzuna,Cybersecurity,1,1
Junta de Gobierno del Ayuntamiento de Pozuelo de Alarcón,Cloud,1,2
Junta de Gobierno del Ayuntamiento de Priaranza del Bierzo,Other,1,0
Junta de Gobierno del Ayuntamiento de Quintanar de la Orden,Infrastructure & Hardware,1,0
Junta de Gobierno del Ayuntamiento de Reinosa,Other,1,0
Junta de Gobierno del Ayuntamiento de Riosa,Other,1,0
Junta de Gobierno del Ayuntamiento de Rivas Vaciamadrid,Data & Analytics,1,0
Junta de Gobierno del Ayuntamiento de Roquetas de Mar,Cloud,1,1
Junta de Gobierno del Ayuntamiento de Roquetas de Mar,Cybersecurity,1,1
Junta de Gobierno del Ayuntamiento de San Agustín del Guadalix,Data & Analytics,1,0
Junta de Gobierno del Ayuntamiento de San Agustín del Guadalix,Infrastructure & Hardware,1,1
Junta de Gobierno del Ayuntamiento de San Agustín del Guadalix,Software & Development,1,1
Junta de Gobierno del Ayuntamiento de San Andrés del Rabanedo,Infrastructure & Hardware,1,1
Junta de Gobierno del Ayuntamiento de San Esteban de Gormaz,Infrastructure & Hardware,1,0
Junta de Gobierno del Ayuntamiento de San Lorenzo de El Escorial,Infrastructure & Hardware,1,1
Junta de Gobierno del Ayuntamiento de San Vicente Raspeig,Infrastructure & Hardware,1,1
Junta de Gobierno del Ayuntamiento de Sandiás,Other,1,0
Junta de Gobierno del Ayuntamiento de Sant Lluís,Infrastructure & Hardware,1,1
Junta de Gobierno del Ayuntamiento de Santa Cruz de Tenerife,Cybersecurity,1,2
Junta de Gobierno del Ayuntamiento de Santa Eulária des Riu,Infrastructure & Hardware,1,1
Junta de Gobierno del Ayuntamiento de Santa Pola,Software & Development,1,0
Junta de Gobierno del Ayuntamiento de Santomera,Software & Development,1,1
Junta de Gobierno del Ayuntamiento de Sariego,Infrastructure & Hardware,1,1
Junta de Gobierno del Ayuntamiento de Segovia,Infrastructure & Hardware,1,1
Junta de Gobierno del Ayuntamiento de Serón,Infrastructure & Hardware,1,1
Junta de Gobierno del Ayuntamiento de Sevilla,Cloud,1,0
Junta de Gobierno del Ayuntamiento de Sevilla,Data & Analytics,1,0
Junta de Gobierno del Ayuntamiento de Siero,Infrastructure & Hardware,1,1
Junta de Gobierno del Ayuntamiento de Silla,Infrastructure & Hardware,1,1
Junta de Gobierno del Ayuntamiento de Socuéllamos,Infrastructure & Hardware,1,1
Junta de Gobierno del Ayuntamiento de Soria,Cloud,1,1
Junta de Gobierno del Ayuntamiento de Soria,Software & Development,1,1
Junta de Gobierno del Ayuntamiento de Soto y Amío,Software & Development,1,1
Junta de Gobierno del Ayuntamiento de Talavera de la Reina,AI & Machine Learning,1,1
Junta de Gobierno del Ayuntamiento de Talavera de la Reina,Infrastructure & Hardware,1,1
Junta de Gobierno del Ayuntamiento de Tejeda,Infrastructure & Hardware,1,1
Junta de Gobierno del Ayuntamiento de Tejeda,Software & Development,1,1
Junta de Gobierno del Ayuntamiento de Tomelloso,Software & Development,1,1
Junta de Gobierno del Ayuntamiento de Torreblanca,Cloud,1,1
Junta de Gobierno del Ayuntamiento de Torreblanca,Software & Development,1,1
Junta de Gobierno del Ayuntamiento de Torredonjimeno,Infrastructure & Hardware,1,1
Junta de Gobierno del Ayuntamiento de Torredonjimeno,Software & Development,1,1
Junta de Gobierno del Ayuntamiento de Torrejón de Ardoz,Cloud,1,3
Junta de Gobierno del Ayuntamiento de Torres,Other,1,0
Junta de Gobierno del Ayuntamiento de Torrevieja,Cybersecurity,1,2
Junta de Gobierno del Ayuntamiento de Tudela de Duero,Infrastructure & Hardware,1,1
Junta de Gobierno del Ayuntamiento de Tudela de Duero,Software & Development,1,1
Junta de Gobierno del Ayuntamiento de Turre,Other,1,0
Junta de Gobierno del Ayuntamiento de Valdemoro,Infrastructure & Hardware,1,0
Junta de Gobierno del Ayuntamiento de Valderredible,Infrastructure & Hardware,1,0
Junta de Gobierno del Ayuntamiento de Valdés,Data & Analytics,1,0
Junta de Gobierno del Ayuntamiento de Valenzuela de Calatrava,Other,1,0
Junta de Gobierno del Ayuntamiento de Valladolid,Other,1,0
Junta de Gobierno del Ayuntamiento de Valverde del Camino,Other,1,0
Junta de Gobierno del Ayuntamiento de Vilagarcía de Arousa,Cloud,1,2
Junta de Gobierno del Ayuntamiento de Vilagarcía de Arousa,Software & Development,1,1
Junta de Gobierno del Ayuntamiento de Villacarrillo,Software & Development,1,1
Junta de Gobierno del Ayuntamiento de Villanueva de la Serena,Software & Development,1,0
Junta de Gobierno del Ayuntamiento de Villaquilambre,Software & Development,1,1
Junta de Gobierno del Ayuntamiento de Villaviciosa,Infrastructure & Hardware,1,1
Junta de Gobierno del Ayuntamiento de Vinarós,Infrastructure & Hardware,1,1
Junta de Gobierno del Ayuntamiento de Xert,Other,1,0
Junta de Gobierno del Ayuntamiento de Xixona,Cloud,1,1
Junta de Gobierno del Ayuntamiento de Xixona,Infrastructure & Hardware,1,1
Junta de Gobierno del Ayuntamiento de Zamora,Software & Development,1,1
Junta de Gobierno del Ayuntamiento de la Iruela,Other,1,0
Junta de Gobierno del Ayuntamiento de la Leal Villa de El Escorial,Data & Analytics,1,0
Junta de Gobierno del Ayuntamiento de la Leal Villa de El Escorial,Software & Development,1,0
Junta de Gobierno del Ayuntamiento de la Villa de Firgas,Infrastructure & Hardware,1,1
Junta de Gobierno del Ayuntamiento de Águilas,Other,1,0
Junta de Gobierno del Consejo Insular de Aguas de La Palma,Infrastructure & Hardware,1,1
Junta de Gobierno del Consorcio GIRSA,Other,1,0
Junta de Gobierno del Consorcio de Residuos Urbanos y Energía de Menorca,Infrastructure & Hardware,1,1
"Junta de Gobierno del Consorcio para la Ejecución de las Previsiones del Plan Zonal de Residuos 5, Área de Gestión V4",Software & Development,1,1
Junta de Gobierno local del Ayuntamiento de la Villa y Puerto de Garachico,Infrastructure & Hardware,1,1
Junta de Gobierno y Administración del Consorcio Provincial Zona Norte de Ávila,Software & Development,1,0
"Junta de Patronos de la Fundación Medio Ambiente, Energía y Sostenibilidad Provincia de Cádiz (Agencia Provincial de la Energía de Cádiz)",Software & Development,1,1
Junta de la Mancomunidad Agua de Monegros,Other,1,0
Junta de la Mancomunidad Embalse del Atazar,Other,1,0
Junta de la Mancomunidad Intermunicipal de Servicios Sociales Las Cañadas,Other,1,0
Junta de la Mancomunidad THAM de Servicios Sociales,Other,1,0
Junta de la Mancomunidad de Municipios Altamira-Los Valles,Other,1,0
Junta de la Mancomunidad de Municipios de la Comarca del Campo de Gibraltar,Other,1,0
Junta o Concejo Vecinal de Islares - Castro Urdiales,Other,1,0
Junta o Concejo Vecinal de Otañes - Castro Urdiales,Other,1,0
Junta o Concejo Vecinal de Santullán - Castro Urdiales,Other,1,0
Junta vecinal Las Rebolledas,Other,1,0
Juntas Generales de Bizkaia - Juntas Generales de Bizkaia,Other,1,0
LANTIK - LANTIK,Cybersecurity,1,3
La Rioja 360 Grados Avanza Sociedad de Promoción de La Rioja S.A.U.,Other,1,0
"Laboratori de Referència de Catalunya, SA",Software & Development,1,1
"Laboratori de Referència de Catalunya,SA",Infrastructure & Hardware,1,1
MANCOMUNITAT PENEDÈS GARRAF,Cloud,1,2
MANCOMUNITAT PENEDÈS GARRAF,Software & Development,1,2
MUY ILUSTRE AYUNTAMIENTO DE TUDELA (NAVARRA),Other,1,0
Mancomunidad de Urola Erdia - Mancomunidad Urola Erdia,Other,1,0
Mancomunidade Intermunicipal do Baixo Miño,Other,1,0
Mancomunitat Penedès - Garraf,Software & Development,1,2
"Mandato 2019: Concejalía Delegada de Hacienda, Contratación, Digitalización Administrativa y Transparencia del Ayuntamiento de Burgos",Other,1,0
"Medio Ambiente, Agua, Residuos y Energía de Cantabria, S.A., M.P.",Other,1,0
"Megaturbinas Arinaga, S.A.",Other,1,0
"Mercados de Abastecimientos de Barcelona, S.A",Other,1,0
"Mercados de Abastecimientos de Barcelona, S.A",Software & Development,1,1
Mesa de la Asamblea de Extremadura,Infrastructure & Hardware,1,0
Mesa de la Asamblea de Extremadura,Software & Development,1,1
Mesa de la Asamblea de Madrid,Data & Analytics,1,0
Mesa de la Cámara de la Junta General del Principado de Asturias,Infrastructure & Hardware,1,0
Mesa de la Cámara de la Junta General del Principado de Asturias,Software & Development,1,0
Mesa de las Cortes de Aragón,AI & Machine Learning,1,3
Mesa de las Cortes de Aragón,Data & Analytics,1,0
Mesa de las Cortes de Aragón,Infrastructure & Hardware,1,0
Mesa de las Cortes de Castilla y León,Infrastructure & Hardware,1,0
Mesa del Congreso de los Diputados,AI & Machine Learning,1,4
Metro Bilbao S.A.,Other,1,0
"Metro Bilbao, S.A. - Metro Bilbao, S.A.",Other,1,0
Ministerio de Cultura,Other,1,0
Ministerio para la Transición Ecológica y el Reto Demográfico. Dirección General del Agua. Subdirección General de Programación y Gestión Económica y Presupuestaria,Software & Development,1,1
"Mutua de Accidentes de Canarias, Mutua Colaboradora con la Seguridad Social nº 272",Other,1,0
NATURGY ENERGY GROUP,Other,1,0
"Navarra de Servicios y tecnologías, S.A. (NASERTIC)",Infrastructure & Hardware,1,1
OAL Viviendas Municipales de Bilbao - OAL Viviendas Municipales de Bilbao,Other,1,0
OC – DXC – De proves,Other,1,0
ORG-0001,Software & Development,1,2
ORGANISME AUTÒNOM MUNICIPAL D'ASSISTÈNCIA INTEGRAL SOCIAL I SANITÀRIA,Other,1,0
OSAKIDETZA - Servicio Vasco de Salud - Centro Vasco de Transfusión y Tejidos Humanos,Other,1,0
OSAKIDETZA - Servicio Vasco de Salud - Hospital Universitario Araba,Other,1,0
OSAKIDETZA - Servicio Vasco de Salud - Hospital Universitario Cruces (Impulsora),Infrastructure & Hardware,1,1
OSAKIDETZA - Servicio Vasco de Salud - Hospital Universitario Donostia,Data & Analytics,1,0
OSAKIDETZA - Servicio Vasco de Salud - OSI Barakaldo-Sestao (Impulsora),Other,1,0
OSAKIDETZA - Servicio Vasco de Salud - OSI Bilbao-Basurto,Infrastructure & Hardware,1,1
OSAKIDETZA - Servicio Vasco de Salud - Organización Central,Cybersecurity,1,3
Oficialía Mayor del Ministerio de Hacienda,Software & Development,1,1
Oficina de Informática Presupuestaria,Infrastructure & Hardware,1,1
Oficina de Informática Presupuestaria,Other,1,0
"Organisme Municipal d'Assistència Integral, Social I Sanitària (AISSA - MITJÀ PROPI)",Other,1,0
Organismo Autónomo Agencia Tributaria Madrid,Software & Development,1,1
Organismo Autónomo Agencia para el Empleo de Madrid,Infrastructure & Hardware,1,0
Organismo Autónomo Establecimientos Residenciales para Ancianos de Asturias,Infrastructure & Hardware,1,1
Organismo Autónomo Instituto de la Juventud,Software & Development,1,1
Organismo Autónomo Madrid Salud,Data & Analytics,1,0
Organismo Autónomo Madrid Salud,Software & Development,1,1
Organismo Autónomo Parques Nacionales,Software & Development,1,1
Organismo Autónomo Protección de la Legalidad Urbanística RESTAURA,Infrastructure & Hardware,1,0
Organismo Autónomo Protección de la Legalidad Urbanística RESTAURA,Software & Development,1,0
Organismo Autónomo Residencia Comarcal de la 3ª edad de Sobrarbe,Other,1,0
Organización Nacional de Trasplantes,Other,1,0
Osakidetza - Servicio Vasco de Salud - Dirección General,Software & Development,1,1
PATRONATO DE LA ALHAMBRA Y GENERALIFE,Software & Development,1,2
PLENO AYUNTAMIENTO DE VÉLEZ-RUBIO,Other,1,0
PLENO DE LA MANCOMUNITAT PLA DE MALLORCA,Other,1,0
PLENO DEL AYUNTAMIENTO DE A PASTORIZA,Other,1,0
PLENO DEL AYUNTAMIENTO DE LA GARROVILLA,Other,1,0
PLENO DEL AYUNTAMIENTO DE LOARRE,Software & Development,1,1
PLENO MUNCIPAL DEL AYUNTAMIENTO DE SANCTI-SPIRITUS,Other,1,0
"PRESIDENCIA CONSORCIO DE PREVENCION, EXTINCION DE INCENDIOS Y SALVAMENTO DEL PONIENTE ALMERIENSE",Software & Development,1,1
Parc Sanitari Pere Virgili (Dep. Contractació),Infrastructure & Hardware,1,0
Parc Sanitari Pere Virgili (Dep. Contractació),Other,1,0
Parlament de Catalunya,Other,1,0
Parlamento de Andalucía,Data & Analytics,1,0
Parlamento de Andalucía,Infrastructure & Hardware,1,0
Parlamento de Andalucía,Software & Development,1,0
Parlamento de Galicia,Software & Development,1,2
Parque Móvil del Estado,Infrastructure & Hardware,1,0
"Parque Tecnológico del Motor de Aragón, S.A.",Software & Development,1,2
Patronat Municipal de Serveis d'Atenció a les Persones de Martorell,Other,1,0
Patronat de la Fundació Castell d'Alaró,Other,1,0
Patronato Municipal de Turismo de Almuñécar,Other,1,0
Patronato Provincial Turismo de Castellón,Software & Development,1,1
Patronato de Turismo de Melilla,Cloud,1,1
Patronato de Turismo de Melilla,Infrastructure & Hardware,1,1
Patronato de la Fundación Canaria Candelaria Solidaria,Other,1,0
Patronato de la Fundación Ciudades Medias del Centro de Andalucía,Software & Development,1,0
Patronato de la Fundación Emalcsa,Software & Development,1,1
Patronato de la Fundación Museo de las Ferias,Other,1,0
Patronato de la Fundación Parque Científico de Alicante de la Comunitat Valenciana,Other,1,0
Patronato de la Fundación Rafael Pérez Estrada,Software & Development,1,1
Patronato de la Fundación Teatro Principal de Inca,Software & Development,1,1
Patronato de la Fundación para la Investigación e Innovación Biosanitaria de Atención Primaria (FIIBAP),Other,1,0
Patronato de la Residencia Geriátrica de Los Silos,Other,1,0
Patronato del Misteri d'Elx,Other,1,0
Persona Titular de la Delegación Especial de Economía  y Hacienda en Castilla y León-Valladolid,Other,1,0
Persona Titular de la Delegación Especial de Economía y Hacienda en Andalucía - Sevilla,Other,1,0
Persona Titular de la Delegación Especial de Economía y Hacienda en Extremadura - Badajoz,Other,1,0
Persona Titular de la Delegación Especial de Economía y Hacienda en Galicia - A Coruña,Other,1,0
Persona Titular de la Delegación Especial de Economía y Hacienda en Navarra,Other,1,0
Persona Titular de la Delegación de Economía y Hacienda de Almería,Other,1,0
Persona Titular de la Delegación de Economía y Hacienda en Granada,Other,1,0
Persona Titular de la Delegación de Economía y Hacienda en Málaga,Other,1,0
Persona Titular de la Delegación de Economía y Hacienda en Palencia,Other,1,0
Persona titular de la Delegación Especial de Economía y Hacienda en Cataluña-Barcelona,Other,1,0
Persona titular de la Delegación Especial de Economía y Hacienda en Murcia - Murcia,Other,1,0
Persona titular de la Delegación de Economía y Hacienda en Córdoba,Other,1,0
Persona titular de la Delegación de Economía y Hacienda en Guadalajara,Other,1,0
Persona titular de la Delegación de Economía y Hacienda en Ourense,Other,1,0
Persona titular de la Delegación de Economía y Hacienda en Santa Cruz de Tenerife,Other,1,0
"Planifica Madrid. Proyectos y Obras, M.P., S.A.",Other,1,0
Pleno Ayuntamiento de Atzeneta del Maestrat,Other,1,0
Pleno Consejo Rector Organismo Autónomo Comisión Administradora de Bienes de Almanza,Other,1,0
Pleno de Ayuntamiento de Adamuz,Other,1,0
Pleno de Ayuntamiento de Doña Mencía,Other,1,0
Pleno de Ayuntamiento de Dueñas,Other,1,0
Pleno de Ayuntamiento de Fuente Tójar,Other,1,0
Pleno de Ayuntamiento de Hornachuelos,Other,1,0
Pleno de Ayuntamiento de Lucillo,Other,1,0
Pleno de Ayuntamiento de la Carlota,Other,1,0
Pleno de l'Ajuntament de Sagra,Other,1,0
Pleno de l'Ajuntament de Sant Joan,Other,1,0
Pleno de la Asamblea Vecinal del Ayuntamiento de El Vallecillo,Other,1,0
Pleno de la Comunidad de Villa y Tierra de Comunero de Nuestra Señora de Revenga,Other,1,0
Pleno de la Diputació de Tarragona,Other,1,0
Pleno de la Diputación Provincial de Ciudad Real,Other,1,0
Pleno de la Diputación Provincial de Cuenca,Other,1,0
Pleno de la Diputación Provincial de Zaragoza,Other,1,0
Pleno de la Diputación Provincial de Ávila,Other,1,0
Pleno de la Entidad Local Menor de Agés,Other,1,0
Pleno de la Entidad Local Menor de El Torviscal,Other,1,0
Pleno de la Entidad Local Menor de Lermilla,Other,1,0
Pleno de la Entidad Local Menor de Modúbar de San Cibrián,Other,1,0
Pleno de la Entidad Local Menor de Morgadáns,Other,1,0
Pleno de la Entidad Local Menor de Quintanilla Sobresierra,Other,1,0
Pleno de la Entidad Local Menor de Salinillas de Bureba,Other,1,0
Pleno de la Entidad Local Menor de Sandinies,Other,1,0
Pleno de la Excomunidad de Yanguas y su Tierra,Other,1,0
Pleno de la Junta Vecinal de Barrios de la Vega,Other,1,0
Pleno de la Junta Vecinal de Miñón de Santibáñez,Other,1,0
Pleno de la Junta Vecinal de Pobladura de la Sierra,Other,1,0
Pleno de la Junta Vecinal de la Cueta de Babia,Other,1,0
Pleno de la Mancomunidad Alberche,Other,1,0
Pleno de la Mancomunidad Campiña Alta,Other,1,0
Pleno de la Mancomunidad Campo de Montiel,Other,1,0
Pleno de la Mancomunidad Llanos del Monasterio,Other,1,0
Pleno de la Mancomunidad Los Valles,Infrastructure & Hardware,1,1
Pleno de la Mancomunidad Mancha del Júcar,Other,1,0
Pleno de la Mancomunidad Mancha del Júcar,Software & Development,1,1
Pleno de la Mancomunidad Sagra Alta,Other,1,0
Pleno de la Mancomunidad Turística de Sierra Espuña,Software & Development,1,0
Pleno de la Mancomunidad Vega del Henares,Other,1,0
Pleno de la Mancomunidad de Aguas Potables del Temple,Other,1,0
Pleno de la Mancomunidad de El Zancara,Other,1,0
Pleno de la Mancomunidad de La Baronía,Other,1,0
Pleno de la Mancomunidad de Liebana y Peña Rubia,Other,1,0
Pleno de la Mancomunidad de Liebana y Peña Rubia,Software & Development,1,1
Pleno de la Mancomunidad de Municipios Alto Tajo,Other,1,0
Pleno de la Mancomunidad de Municipios Bajo Segura,Other,1,0
Pleno de la Mancomunidad de Municipios La Alcarria,Other,1,0
Pleno de la Mancomunidad de Municipios Tajo-Dulce,Other,1,0
Pleno de la Mancomunidad de Municipios de la Sierra de Cádiz,Other,1,0
Pleno de la Mancomunidad de Ordes,Other,1,0
Pleno de la Mancomunidad de Penyagolosa-Pobles del Nord,Software & Development,1,1
Pleno de la Mancomunidad de Recogida de Residuos Sólidos de Brihuega y Alaminos,Other,1,0
Pleno de la Mancomunidad de Servicios COMSERMANCHA,Infrastructure & Hardware,1,1
Pleno de la Mancomunidad de Servicios Siete Villas,Other,1,0
Pleno de la Mancomunidad de Servicios Sociales La Comuna,Other,1,0
Pleno de la Mancomunidad de Servicios Sociales Pantueña,Other,1,0
Pleno de la Mancomunidad de la Plana de L'Arc,Other,1,0
Pleno de la Mancomunidad de las Dos Campiñas,Other,1,0
Pleno de la Mancomunidad de los Pueblos del Moncalvillo,Software & Development,1,1
Pleno de la Mancomunidad de los Valles del Saja y Corona,Other,1,0
Pleno de la Mancomunitat Circuit Cultural Comarcal de la Marina Alta,Software & Development,1,1
Pleno de la Mancomunitat Des Raiguer,Other,1,0
Pleno de la Mancomunitat Intermunicipal Albalat de la Ribera-Polinyà de Xúquer,Other,1,0
Pleno de la Mancomunitat L' Horta Nord,Other,1,0
Pleno de la Mancomunitat de Municipis de la Safor,Other,1,0
"Pleno de la Mancomunitat de Serveis Socials i Turisme de Pego, l'Atzúbia i les Valls",Other,1,0
Pleno de la Mancomunitat de l'Alacantí,Other,1,0
Pleno de la Mancomunitat de la Valldigna,Other,1,0
Pleno del Ajuntament d'Esporles,Other,1,0
Pleno del Ajuntament de Calp,Other,1,0
Pleno del Ajuntament de Massamagrell,Other,1,0
Pleno del Ajuntament de Massanassa,Other,1,0
Pleno del Ajuntament de Rocafort,Other,1,0
Pleno del Auntamiento de Galilea,Other,1,0
Pleno del Ayuntamiento D'Alfafara,Other,1,0
Pleno del Ayuntamiento De Adahuesca,Other,1,0
Pleno del Ayuntamiento De Ainsa Sobrarbe,Other,1,0
Pleno del Ayuntamiento De Maluenda,Other,1,0
Pleno del Ayuntamiento De Tobed,Other,1,0
Pleno del Ayuntamiento El Real de Gandia,Other,1,0
Pleno del Ayuntamiento Moyuela,Other,1,0
Pleno del Ayuntamiento Rincón de Soto,Other,1,0
Pleno del Ayuntamiento de A Rúa,Other,1,0
Pleno del Ayuntamiento de Abengibre,Other,1,0
Pleno del Ayuntamiento de Acebo,Other,1,0
Pleno del Ayuntamiento de Adalia,Other,1,0
Pleno del Ayuntamiento de Adeje,Other,1,0
Pleno del Ayuntamiento de Agres,Other,1,0
Pleno del Ayuntamiento de Ahigal,Other,1,0
Pleno del Ayuntamiento de Ahillones,Other,1,0
Pleno del Ayuntamiento de Alameda del Valle,Infrastructure & Hardware,1,1
Pleno del Ayuntamiento de Alarba,Other,1,0
Pleno del Ayuntamiento de Alba de Tormes,Other,1,0
Pleno del Ayuntamiento de Albalat de la Ribera,Other,1,0
Pleno del Ayuntamiento de Albalat dels Sorells,Other,1,0
Pleno del Ayuntamiento de Albalate de Cinca,Other,1,0
Pleno del Ayuntamiento de Albatera,Other,1,0
Pleno del Ayuntamiento de Alberite,Other,1,0
Pleno del Ayuntamiento de Alboloduy,Other,1,0
Pleno del Ayuntamiento de Albolote,Other,1,0
Pleno del Ayuntamiento de Alborache,Other,1,0
Pleno del Ayuntamiento de Alboraya,Other,1,0
Pleno del Ayuntamiento de Albudeite,Other,1,0
Pleno del Ayuntamiento de Alcala de Gurrea,Other,1,0
Pleno del Ayuntamiento de Alcalà de Xivert,Other,1,0
Pleno del Ayuntamiento de Alcalá de Guadaíra,Other,1,0
Pleno del Ayuntamiento de Alcalá de la Selva,Other,1,0
Pleno del Ayuntamiento de Alcalá la Real,Other,1,0
Pleno del Ayuntamiento de Alcantud,Other,1,0
Pleno del Ayuntamiento de Alcañiz,Other,1,0
Pleno del Ayuntamiento de Alconchel de Ariza,Other,1,0
Pleno del Ayuntamiento de Alcorisa,Other,1,0
Pleno del Ayuntamiento de Alcoroches,Other,1,0
Pleno del Ayuntamiento de Alcubierre,Other,1,0
Pleno del Ayuntamiento de Alcubilla de las Peñas,Other,1,0
Pleno del Ayuntamiento de Alcázar de San Juan,Other,1,0
Pleno del Ayuntamiento de Aldealices,Other,1,0
Pleno del Ayuntamiento de Aldehuela del Jerte,Infrastructure & Hardware,1,1
Pleno del Ayuntamiento de Alesanco,Other,1,0
Pleno del Ayuntamiento de Alfacar,Other,1,0
Pleno del Ayuntamiento de Alfafar,Other,1,0
Pleno del Ayuntamiento de Alfamén,Other,1,0
Pleno del Ayuntamiento de Alfara de la Baronia,Other,1,0
Pleno del Ayuntamiento de Alfara del Patriarca,Other,1,0
Pleno del Ayuntamiento de Algadefe,Other,1,0
Pleno del Ayuntamiento de Algar de Mesa,Other,1,0
Pleno del Ayuntamiento de Algete,Infrastructure & Hardware,1,1
Pleno del Ayuntamiento de Algete,Other,1,0
Pleno del Ayuntamiento de Alginet,Infrastructure & Hardware,1,1
Pleno del Ayuntamiento de Algueña,Other,1,0
Pleno del Ayuntamiento de Alhama de Almería,Other,1,0
Pleno del Ayuntamiento de Alhama de Granada,Other,1,0
Pleno del Ayuntamiento de Alhendín,Other,1,0
Pleno del Ayuntamiento de Aljaraque,Other,1,0
Pleno del Ayuntamiento de Aljucén,Other,1,0
Pleno del Ayuntamiento de Alloza,Other,1,0
Pleno del Ayuntamiento de Almadenejos,Other,1,0
Pleno del Ayuntamiento de Almansa,Other,1,0
Pleno del Ayuntamiento de Almaraz de Duero,Other,1,0
Pleno del Ayuntamiento de Almazán,Other,1,0
Pleno del Ayuntamiento de Almochuel,Other,1,0
Pleno del Ayuntamiento de Almudévar,Other,1,0
Pleno del Ayuntamiento de Almussafes,Other,1,0
Pleno del Ayuntamiento de Almuñécar,Other,1,0
Pleno del Ayuntamiento de Almócita,Other,1,0
Pleno del Ayuntamiento de Alozaina,Other,1,0
Pleno del Ayuntamiento de Alpuente,Infrastructure & Hardware,1,1
Pleno del Ayuntamiento de Alpuente,Other,1,0
Pleno del Ayuntamiento de Alsodux,Other,1,0
Pleno del Ayuntamiento de Altea,Other,1,0
Pleno del Ayuntamiento de Alía,Other,1,0
Pleno del Ayuntamiento de Ameyugo,Other,1,0
Pleno del Ayuntamiento de Amieva,Other,1,0
Pleno del Ayuntamiento de Andratx,Other,1,0
Pleno del Ayuntamiento de Anguiano,Other,1,0
Pleno del Ayuntamiento de Antella,Other,1,0
Pleno del Ayuntamiento de Aracena,Other,1,0
Pleno del Ayuntamiento de Aranda de Duero,Other,1,0
Pleno del Ayuntamiento de Aras de los Olmos,Infrastructure & Hardware,1,1
Pleno del Ayuntamiento de Arbeteta,Other,1,0
Pleno del Ayuntamiento de Archidona,Other,1,0
Pleno del Ayuntamiento de Arcos de la Frontera,Other,1,0
Pleno del Ayuntamiento de Arcos de las Salinas,Other,1,0
Pleno del Ayuntamiento de Ardisa,Other,1,0
Pleno del Ayuntamiento de Ares,Other,1,0
Pleno del Ayuntamiento de Argente,Other,1,0
Pleno del Ayuntamiento de Ariza,Other,1,0
Pleno del Ayuntamiento de Armallones,Other,1,0
Pleno del Ayuntamiento de Arredondo,Other,1,0
Pleno del Ayuntamiento de Arroyo de la Encomienda,Other,1,0
Pleno del Ayuntamiento de Artieda,Other,1,0
Pleno del Ayuntamiento de Astorga,Other,1,0
Pleno del Ayuntamiento de Atarfe,Other,1,0
Pleno del Ayuntamiento de Ateca,Infrastructure & Hardware,1,1
Pleno del Ayuntamiento de Ayódar,Other,1,0
Pleno del Ayuntamiento de Azuara,Other,1,0
Pleno del Ayuntamiento de Baiona,Other,1,0
Pleno del Ayuntamiento de Baiona,Software & Development,1,1
Pleno del Ayuntamiento de Balanegra,Other,1,0
Pleno del Ayuntamiento de Ballobar,Other,1,0
Pleno del Ayuntamiento de Banyalbufar,Other,1,0
Pleno del Ayuntamiento de Barbadillo de Herreros,Other,1,0
Pleno del Ayuntamiento de Barbolla,Other,1,0
Pleno del Ayuntamiento de Bardallur,Other,1,0
Pleno del Ayuntamiento de Barrado,Other,1,0
Pleno del Ayuntamiento de Barro,Other,1,0
Pleno del Ayuntamiento de Bayubas de Abajo,Other,1,0
Pleno del Ayuntamiento de Bayárcal,Other,1,0
Pleno del Ayuntamiento de Bañares,Other,1,0
Pleno del Ayuntamiento de Baños de Río Tobía,Other,1,0
Pleno del Ayuntamiento de Baños de Valdearados,Other,1,0
Pleno del Ayuntamiento de Beceite,Other,1,0
Pleno del Ayuntamiento de Belchite,Other,1,0
Pleno del Ayuntamiento de Belinchón,Other,1,0
Pleno del Ayuntamiento de Belmonte,Other,1,0
Pleno del Ayuntamiento de Belmontejo,Other,1,0
Pleno del Ayuntamiento de Belvís de la Jara,Other,1,0
Pleno del Ayuntamiento de Benageber,Infrastructure & Hardware,1,1
Pleno del Ayuntamiento de Benamargosa,Other,1,0
Pleno del Ayuntamiento de Benaocaz,Other,1,0
Pleno del Ayuntamiento de Benavides,Other,1,0
Pleno del Ayuntamiento de Benetússer,Other,1,0
Pleno del Ayuntamiento de Beniarrés,Other,1,0
Pleno del Ayuntamiento de Benicull de Xúquer,Other,1,0
Pleno del Ayuntamiento de Benicàssim,Infrastructure & Hardware,1,1
Pleno del Ayuntamiento de Benifairó de la Valldigna,Other,1,0
Pleno del Ayuntamiento de Benifairó de les Valls,Other,1,0
Pleno del Ayuntamiento de Benimarfull,Other,1,0
Pleno del Ayuntamiento de Benissanó,Other,1,0
Pleno del Ayuntamiento de Benquerencia de la Serena,Other,1,0
Pleno del Ayuntamiento de Beratón,Other,1,0
Pleno del Ayuntamiento de Berdejo,Other,1,0
Pleno del Ayuntamiento de Berge,Other,1,0
Pleno del Ayuntamiento de Bernardos,Other,1,0
Pleno del Ayuntamiento de Bernuy de Porreros,Other,1,0
Pleno del Ayuntamiento de Berrocalejo,Other,1,0
Pleno del Ayuntamiento de Betancuria,Other,1,0
Pleno del Ayuntamiento de Bigastro,Other,1,0
Pleno del Ayuntamiento de Bisimbre,Other,1,0
Pleno del Ayuntamiento de Boadilla del Monte,Other,1,0
Pleno del Ayuntamiento de Bobadilla,Other,1,0
Pleno del Ayuntamiento de Boca de Huérgano,Other,1,0
Pleno del Ayuntamiento de Bodonal de la Sierra,Other,1,0
Pleno del Ayuntamiento de Boecillo,Other,1,0
Pleno del Ayuntamiento de Bohonal de Ibor,Other,1,0
Pleno del Ayuntamiento de Boiro,Other,1,0
Pleno del Ayuntamiento de Bonares,Other,1,0
Pleno del Ayuntamiento de Boquiñeni,Infrastructure & Hardware,1,1
Pleno del Ayuntamiento de Bordón,Other,1,0
Pleno del Ayuntamiento de Bornos,Other,1,0
Pleno del Ayuntamiento de Brazatortas,Other,1,0
Pleno del Ayuntamiento de Bronchales,Other,1,0
Pleno del Ayuntamiento de Buenache de la Sierra,Other,1,0
Pleno del Ayuntamiento de Bunyola,Other,1,0
Pleno del Ayuntamiento de Busot,Other,1,0
Pleno del Ayuntamiento de Bustillo del Páramo,Infrastructure & Hardware,1,1
Pleno del Ayuntamiento de Bélgida,Other,1,0
Pleno del Ayuntamiento de Bétera,Other,1,0
Pleno del Ayuntamiento de Cabanillas de la Sierra,Other,1,0
Pleno del Ayuntamiento de Cabañas de Ebro,Other,1,0
Pleno del Ayuntamiento de Cabezón de Cameros,Other,1,0
Pleno del Ayuntamiento de Cabezón de Liébana,Other,1,0
Pleno del Ayuntamiento de Cabra,Other,1,0
Pleno del Ayuntamiento de Cabra de Mora,Other,1,0
Pleno del Ayuntamiento de Cabrerizos,Other,1,0
Pleno del Ayuntamiento de Cabrero,Other,1,0
Pleno del Ayuntamiento de Cachorrilla,Infrastructure & Hardware,1,1
Pleno del Ayuntamiento de Cala,Other,1,0
Pleno del Ayuntamiento de Calamonte,Other,1,0
Pleno del Ayuntamiento de Calanda,Other,1,0
Pleno del Ayuntamiento de Calañas,Other,1,0
Pleno del Ayuntamiento de Camaleño,Other,1,0
Pleno del Ayuntamiento de Camargo,Software & Development,1,0
Pleno del Ayuntamiento de Camañas,Other,1,0
Pleno del Ayuntamiento de Cambre,Other,1,0
Pleno del Ayuntamiento de Campo Real,Other,1,0
Pleno del Ayuntamiento de Campo de Criptana,Other,1,0
Pleno del Ayuntamiento de Campoo de Yuso,Other,1,0
Pleno del Ayuntamiento de Campos del Río,Other,1,0
Pleno del Ayuntamiento de Cangas,Other,1,0
Pleno del Ayuntamiento de Cantalapiedra,Other,1,0
Pleno del Ayuntamiento de Cantalojas,Other,1,0
Pleno del Ayuntamiento de Cantillana,Other,1,0
Pleno del Ayuntamiento de Cantoria,Other,1,0
Pleno del Ayuntamiento de Capdesaso,Infrastructure & Hardware,1,1
Pleno del Ayuntamiento de Cardeñadijo,Other,1,0
Pleno del Ayuntamiento de Carenas,Other,1,0
Pleno del Ayuntamiento de Carrascosa de la Sierra,Other,1,0
Pleno del Ayuntamiento de Carrión de los Condes,Other,1,0
Pleno del Ayuntamiento de Cartaya,Other,1,0
Pleno del Ayuntamiento de Cartes,Other,1,0
Pleno del Ayuntamiento de Casar de Cáceres,Other,1,0
Pleno del Ayuntamiento de Casares de las Hurdes,Other,1,0
Pleno del Ayuntamiento de Cascante del Río,Other,1,0
Pleno del Ayuntamiento de Caso,Other,1,0
Pleno del Ayuntamiento de Castalla,Other,1,0
Pleno del Ayuntamiento de Castañeda,Other,1,0
Pleno del Ayuntamiento de Castejón de Alarba,Other,1,0
Pleno del Ayuntamiento de Castejón de Valdejasa,Other,1,0
Pleno del Ayuntamiento de Castellanos de Moriscos,Other,1,0
Pleno del Ayuntamiento de Castellnovo,Other,1,0
Pleno del Ayuntamiento de Castellote,Other,1,0
Pleno del Ayuntamiento de Castilblanco,Other,1,0
Pleno del Ayuntamiento de Castiliscar,Other,1,0
Pleno del Ayuntamiento de Castillazuelo,Other,1,0
Pleno del Ayuntamiento de Castillo de Albaráñez,Other,1,0
Pleno del Ayuntamiento de Castilruiz,Other,1,0
Pleno del Ayuntamiento de Castrillo Mota de Judíos,Other,1,0
Pleno del Ayuntamiento de Castrillón,Other,1,0
Pleno del Ayuntamiento de Castro de Filabres,Other,1,0
Pleno del Ayuntamiento de Castro-Urdiales,Other,1,0
Pleno del Ayuntamiento de Castrodeza,Other,1,0
Pleno del Ayuntamiento de Castrogonzalo,Other,1,0
Pleno del Ayuntamiento de Cañada Rosal,Other,1,0
Pleno del Ayuntamiento de Cañada de Benatanduz,Other,1,0
Pleno del Ayuntamiento de Cañete la Real,Other,1,0
Pleno del Ayuntamiento de Cañizar del Olivar,Other,1,0
Pleno del Ayuntamiento de Cedeira,Other,1,0
Pleno del Ayuntamiento de Cedillo,Other,1,0
Pleno del Ayuntamiento de Cedrillas,Other,1,0
Pleno del Ayuntamiento de Cercedilla,Other,1,0
Pleno del Ayuntamiento de Cerratón de Juarros,Other,1,0
Pleno del Ayuntamiento de Cervera de La Cañada,Other,1,0
Pleno del Ayuntamiento de Cespedosa de Tormes,Other,1,0
Pleno del Ayuntamiento de Cetina,Other,1,0
Pleno del Ayuntamiento de Chapinería,Other,1,0
Pleno del Ayuntamiento de Chauchina,Other,1,0
Pleno del Ayuntamiento de Chillón,Other,1,0
Pleno del Ayuntamiento de Chinchilla de Montearagón,Other,1,0
Pleno del Ayuntamiento de Chóvar,Other,1,0
Pleno del Ayuntamiento de Cidones,Other,1,0
Pleno del Ayuntamiento de Cieza,Other,1,0
Pleno del Ayuntamiento de Cillaperlata,Other,1,0
Pleno del Ayuntamiento de Cillorigo de Liébana,Other,1,0
Pleno del Ayuntamiento de Cirat,Other,1,0
Pleno del Ayuntamiento de Clavijo,Infrastructure & Hardware,1,1
Pleno del Ayuntamiento de Clavijo,Other,1,0
Pleno del Ayuntamiento de Cobeta,Other,1,0
Pleno del Ayuntamiento de Cobeña,Other,1,0
Pleno del Ayuntamiento de Coirós,Other,1,0
Pleno del Ayuntamiento de Colmenarejo,Other,1,0
Pleno del Ayuntamiento de Colomera,Other,1,0
Pleno del Ayuntamiento de Conil de la Frontera,Other,1,0
Pleno del Ayuntamiento de Conquista,Other,1,0
Pleno del Ayuntamiento de Consell,Other,1,0
Pleno del Ayuntamiento de Corbera,Infrastructure & Hardware,1,1
Pleno del Ayuntamiento de Corcubíón,Other,1,0
Pleno del Ayuntamiento de Cordovín,Other,1,0
Pleno del Ayuntamiento de Coria,Other,1,0
Pleno del Ayuntamiento de Cortes de Arenoso,Other,1,0
Pleno del Ayuntamiento de Cosa,Other,1,0
Pleno del Ayuntamiento de Cosuenda,Other,1,0
Pleno del Ayuntamiento de Crivillén,Other,1,0
Pleno del Ayuntamiento de Cuacos de Yuste,Other,1,0
Pleno del Ayuntamiento de Cubel,Other,1,0
Pleno del Ayuntamiento de Cubillas de Cerrato,Other,1,0
Pleno del Ayuntamiento de Cubo de la Solana,Other,1,0
Pleno del Ayuntamiento de Cáceres,Other,1,0
Pleno del Ayuntamiento de Cárdenas,Other,1,0
Pleno del Ayuntamiento de Cártama,Other,1,0
Pleno del Ayuntamiento de Cáñar,Other,1,0
Pleno del Ayuntamiento de Cúllar,Other,1,0
Pleno del Ayuntamiento de Daimiel,Other,1,0
Pleno del Ayuntamiento de Daya Nueva,Other,1,0
Pleno del Ayuntamiento de Destriana,Other,1,0
Pleno del Ayuntamiento de Dolores,Other,1,0
Pleno del Ayuntamiento de Domeño,Infrastructure & Hardware,1,1
Pleno del Ayuntamiento de Don Álvaro,Other,1,0
Pleno del Ayuntamiento de Dílar,Other,1,0
Pleno del Ayuntamiento de Eivissa,Other,1,0
Pleno del Ayuntamiento de El Bosque,Other,1,0
Pleno del Ayuntamiento de El Burgo Ranero,Infrastructure & Hardware,1,1
Pleno del Ayuntamiento de El Burgo de Ebro,Other,1,0
Pleno del Ayuntamiento de El Carpio de Tajo,Other,1,0
Pleno del Ayuntamiento de El Coronil,Other,1,0
Pleno del Ayuntamiento de El Espinar,Infrastructure & Hardware,1,1
Pleno del Ayuntamiento de El Espinar,Other,1,0
Pleno del Ayuntamiento de El Frasno,Other,1,0
Pleno del Ayuntamiento de El Maderal,Other,1,0
Pleno del Ayuntamiento de El Olivar,Other,1,0
Pleno del Ayuntamiento de El Perdigón,Other,1,0
Pleno del Ayuntamiento de El Picazo,Other,1,0
Pleno del Ayuntamiento de El Pobo de Dueñas,Other,1,0
Pleno del Ayuntamiento de El Rasillo de Cameros,Other,1,0
Pleno del Ayuntamiento de El Recuenco,Other,1,0
Pleno del Ayuntamiento de El Redal,Other,1,0
Pleno del Ayuntamiento de El Saucejo,Cloud,1,1
Pleno del Ayuntamiento de El Álamo,Other,1,0
Pleno del Ayuntamiento de Enciso,Other,1,0
Pleno del Ayuntamiento de Escalona del Prado,Other,1,0
Pleno del Ayuntamiento de Escalonilla,Other,1,0
Pleno del Ayuntamiento de Espartinas,Other,1,0
Pleno del Ayuntamiento de Esplegares,Infrastructure & Hardware,1,1
Pleno del Ayuntamiento de Estepa,Other,1,0
Pleno del Ayuntamiento de Estivella,Infrastructure & Hardware,1,1
Pleno del Ayuntamiento de Estriégana,Other,1,0
Pleno del Ayuntamiento de Fabara,Other,1,0
Pleno del Ayuntamiento de Feria,Other,1,0
Pleno del Ayuntamiento de Ferreira,Other,1,0
Pleno del Ayuntamiento de Ferreras de Abajo,Other,1,0
Pleno del Ayuntamiento de Ferreras de Arriba,Other,1,0
Pleno del Ayuntamiento de Figueruelas,Other,1,0
Pleno del Ayuntamiento de Finestrat,Other,1,0
Pleno del Ayuntamiento de Flores de Ávila,Other,1,0
Pleno del Ayuntamiento de Foios,Other,1,0
Pleno del Ayuntamiento de Fombuena,Other,1,0
Pleno del Ayuntamiento de Forcall,Other,1,0
Pleno del Ayuntamiento de Foz-Calanda,Other,1,0
Pleno del Ayuntamiento de Fresno de Cantespino,Other,1,0
Pleno del Ayuntamiento de Fréscano,Other,1,0
Pleno del Ayuntamiento de Fuente Carreteros,Other,1,0
Pleno del Ayuntamiento de Fuente Obejuna,Other,1,0
Pleno del Ayuntamiento de Fuentecén,Other,1,0
Pleno del Ayuntamiento de Fuentelapeña,Other,1,0
Pleno del Ayuntamiento de Fuentelviejo,Other,1,0
Pleno del Ayuntamiento de Fuentes de Jiloca,Other,1,0
Pleno del Ayuntamiento de Fuentes de Oñoro,Other,1,0
Pleno del Ayuntamiento de Fuentespalda,Other,1,0
Pleno del Ayuntamiento de Fuentespina,Other,1,0
Pleno del Ayuntamiento de Fuentestrún,Other,1,0
Pleno del Ayuntamiento de Fuerte del Rey,Infrastructure & Hardware,1,1
Pleno del Ayuntamiento de Fuerte del Rey,Other,1,0
Pleno del Ayuntamiento de Gallegos de Sobrinos,Other,1,0
Pleno del Ayuntamiento de Gallocanta,Other,1,0
Pleno del Ayuntamiento de Gallur,Other,1,0
Pleno del Ayuntamiento de Garbayuela,Other,1,0
Pleno del Ayuntamiento de Garray,Other,1,0
Pleno del Ayuntamiento de Gascueña,Other,1,0
Pleno del Ayuntamiento de Gata,Other,1,0
Pleno del Ayuntamiento de Gavarda,Other,1,0
Pleno del Ayuntamiento de Gea de Albarracín,Other,1,0
Pleno del Ayuntamiento de Geldo,Other,1,0
Pleno del Ayuntamiento de Gradefes,Other,1,0
Pleno del Ayuntamiento de Graja de Iniesta,Other,1,0
Pleno del Ayuntamiento de Grajal de Campos,Other,1,0
Pleno del Ayuntamiento de Granja de Rocamora,Other,1,0
Pleno del Ayuntamiento de Griegos,Other,1,0
Pleno del Ayuntamiento de Grisel,Infrastructure & Hardware,1,1
Pleno del Ayuntamiento de Grisel,Other,1,0
Pleno del Ayuntamiento de Grávalos,Other,1,0
Pleno del Ayuntamiento de Guadalaviar,Other,1,0
Pleno del Ayuntamiento de Guadalupe,Other,1,0
Pleno del Ayuntamiento de Guareña,Other,1,0
Pleno del Ayuntamiento de Gusendos de los Oteros,Other,1,0
Pleno del Ayuntamiento de Gádor,Other,1,0
Pleno del Ayuntamiento de Hernansancho,Other,1,0
Pleno del Ayuntamiento de Herradón de Pinares,Other,1,0
Pleno del Ayuntamiento de Hondón de los Frailes,Other,1,0
Pleno del Ayuntamiento de Hontoria de Cerrato,Other,1,0
Pleno del Ayuntamiento de Horcajo de Santiago,Other,1,0
Pleno del Ayuntamiento de Hormigos,Other,1,0
Pleno del Ayuntamiento de Hornillos de Cerrato,Other,1,0
Pleno del Ayuntamiento de Hornos,Other,1,0
Pleno del Ayuntamiento de Hortigüela,Other,1,0
Pleno del Ayuntamiento de Hoyo de Manzanares,Other,1,0
Pleno del Ayuntamiento de Huecas,Other,1,0
Pleno del Ayuntamiento de Huelma,Other,1,0
Pleno del Ayuntamiento de Huelves,Infrastructure & Hardware,1,1
Pleno del Ayuntamiento de Huerta de la Obispalía,Other,1,0
Pleno del Ayuntamiento de Huesca,Other,1,0
Pleno del Ayuntamiento de Huércal de Almería,Other,1,0
Pleno del Ayuntamiento de Huérmeces,Other,1,0
Pleno del Ayuntamiento de Huétor Vega,Other,1,0
Pleno del Ayuntamiento de Ibahernando,Other,1,0
Pleno del Ayuntamiento de Ibi,Other,1,0
Pleno del Ayuntamiento de Icod de los Vinos,Other,1,0
Pleno del Ayuntamiento de Illora,Other,1,0
Pleno del Ayuntamiento de Instinción,Infrastructure & Hardware,1,1
Pleno del Ayuntamiento de Jabalquinto,Other,1,0
Pleno del Ayuntamiento de Jabugo,Other,1,0
Pleno del Ayuntamiento de Jaca,Other,1,0
Pleno del Ayuntamiento de Jaraicejo,Other,1,0
Pleno del Ayuntamiento de Jarandilla de la Vera,Other,1,0
Pleno del Ayuntamiento de Jaulín,Other,1,0
Pleno del Ayuntamiento de Jorcas,Other,1,0
Pleno del Ayuntamiento de Juzbado,Other,1,0
Pleno del Ayuntamiento de L'Alfàs del Pi,Infrastructure & Hardware,1,0
Pleno del Ayuntamiento de La Alberca,Other,1,0
Pleno del Ayuntamiento de La Aldea San Nicolás,Other,1,0
Pleno del Ayuntamiento de La Almunia de Doña Godina,Other,1,0
Pleno del Ayuntamiento de La Bañeza,Other,1,0
Pleno del Ayuntamiento de La Cuba,Other,1,0
Pleno del Ayuntamiento de La Ercina,Other,1,0
Pleno del Ayuntamiento de La Hoz de La Vieja,Other,1,0
Pleno del Ayuntamiento de La Joyosa,Other,1,0
Pleno del Ayuntamiento de La Malahá,Other,1,0
Pleno del Ayuntamiento de La Mata de Morella,Other,1,0
Pleno del Ayuntamiento de La Mata de los Olmos,Other,1,0
Pleno del Ayuntamiento de La Portellada,Other,1,0
Pleno del Ayuntamiento de La Puebla de Híjar,Other,1,0
Pleno del Ayuntamiento de La Recueja,Other,1,0
Pleno del Ayuntamiento de La Romana,Other,1,0
Pleno del Ayuntamiento de La Vall d'Uixó,Other,1,0
Pleno del Ayuntamiento de La Vall de Laguar,Other,1,0
Pleno del Ayuntamiento de La Zarza,Other,1,0
Pleno del Ayuntamiento de Labuerda,Other,1,0
Pleno del Ayuntamiento de Laguna Dalga,Other,1,0
Pleno del Ayuntamiento de Laguna de Cameros,Other,1,0
Pleno del Ayuntamiento de Laguna de Negrillos,Other,1,0
Pleno del Ayuntamiento de Lamasón,Other,1,0
Pleno del Ayuntamiento de Langreo,Other,1,0
Pleno del Ayuntamiento de Lanzahita,Other,1,0
Pleno del Ayuntamiento de Laredo,Other,1,0
Pleno del Ayuntamiento de Las Quintanillas,Other,1,0
Pleno del Ayuntamiento de Lastras de Cuéllar,Other,1,0
Pleno del Ayuntamiento de Laviana,Infrastructure & Hardware,1,1
Pleno del Ayuntamiento de Layana,Other,1,0
Pleno del Ayuntamiento de Ledrada,Other,1,0
Pleno del Ayuntamiento de Les Alqueries,Other,1,0
Pleno del Ayuntamiento de Lezuza,Other,1,0
Pleno del Ayuntamiento de Linares de Mora,Other,1,0
Pleno del Ayuntamiento de Lledó,Other,1,0
Pleno del Ayuntamiento de Llocnou de Sant Jeroni,Other,1,0
Pleno del Ayuntamiento de Lobras,Other,1,0
Pleno del Ayuntamiento de Lora del Río,Other,1,0
Pleno del Ayuntamiento de Los Alcázares,Other,1,0
Pleno del Ayuntamiento de Los Corrales,Other,1,0
Pleno del Ayuntamiento de Los Cortijos,Other,1,0
Pleno del Ayuntamiento de Los Hinojosos,Other,1,0
Pleno del Ayuntamiento de Los Palacios y Villafranca,Software & Development,1,1
Pleno del Ayuntamiento de Los Pintanos,Other,1,0
Pleno del Ayuntamiento de Los Rábanos,Other,1,0
Pleno del Ayuntamiento de Lucena del Cid,Other,1,0
Pleno del Ayuntamiento de Madrigal de las Altas Torres,Other,1,0
Pleno del Ayuntamiento de Magallón,Other,1,0
Pleno del Ayuntamiento de Malanquilla,Other,1,0
Pleno del Ayuntamiento de Malón,Other,1,0
Pleno del Ayuntamiento de Mancha Real,Other,1,0
Pleno del Ayuntamiento de Manilva,Other,1,0
Pleno del Ayuntamiento de Mantiel,Other,1,0
Pleno del Ayuntamiento de Mantinos (Palencia),Other,1,0
Pleno del Ayuntamiento de Manzanares,Other,1,0
Pleno del Ayuntamiento de Mara,Other,1,0
Pleno del Ayuntamiento de Marines,Infrastructure & Hardware,1,1
Pleno del Ayuntamiento de Martiago,Infrastructure & Hardware,1,1
Pleno del Ayuntamiento de Martiago,Other,1,0
Pleno del Ayuntamiento de Martiherrero,Other,1,0
Pleno del Ayuntamiento de Martos,Other,1,0
Pleno del Ayuntamiento de Martín de la Jara,Other,1,0
Pleno del Ayuntamiento de Mata de Alcántara,Other,1,0
Pleno del Ayuntamiento de Matadeón de los Oteros,Other,1,0
Pleno del Ayuntamiento de Matilla de los Caños del Río,Other,1,0
Pleno del Ayuntamiento de Mazarambroz,Other,1,0
Pleno del Ayuntamiento de Mazcuerras,Other,1,0
Pleno del Ayuntamiento de Medina de Pomar,Other,1,0
Pleno del Ayuntamiento de Medio Cudeyo,Other,1,0
Pleno del Ayuntamiento de Megeces,Other,1,0
Pleno del Ayuntamiento de Mejorada,Other,1,0
Pleno del Ayuntamiento de Melgar de Abajo,Other,1,0
Pleno del Ayuntamiento de Merindad de Cuesta Urria,Other,1,0
Pleno del Ayuntamiento de Meruelo,Other,1,0
Pleno del Ayuntamiento de Mesones de Isuela,Other,1,0
Pleno del Ayuntamiento de Mezquita de Jarque,Other,1,0
Pleno del Ayuntamiento de Millanes,Other,1,0
Pleno del Ayuntamiento de Millares,Other,1,0
Pleno del Ayuntamiento de Mirabueno,Other,1,0
Pleno del Ayuntamiento de Miraflores de la Sierra,Software & Development,1,1
Pleno del Ayuntamiento de Miranda de Ebro,Other,1,0
Pleno del Ayuntamiento de Mirueña de los Infanzones,Other,1,0
Pleno del Ayuntamiento de Moaña,Other,1,0
Pleno del Ayuntamiento de Modúbar de la Emparedada,Other,1,0
Pleno del Ayuntamiento de Moeche,Other,1,0
Pleno del Ayuntamiento de Molina de Aragón,Other,1,0
Pleno del Ayuntamiento de Monegrillo,Infrastructure & Hardware,1,1
Pleno del Ayuntamiento de Monfero,Other,1,0
Pleno del Ayuntamiento de Montearagón,Other,1,0
Pleno del Ayuntamiento de Montehermoso,Other,1,0
Pleno del Ayuntamiento de Montejo,Other,1,0
Pleno del Ayuntamiento de Montesa,Other,1,0
Pleno del Ayuntamiento de Montitxelvo,Other,1,0
Pleno del Ayuntamiento de Montorio,Other,1,0
Pleno del Ayuntamiento de Montroy,Other,1,0
Pleno del Ayuntamiento de Montserrat,Other,1,0
Pleno del Ayuntamiento de Monzón de Campos,Other,1,0
Pleno del Ayuntamiento de Morcillo,Infrastructure & Hardware,1,1
Pleno del Ayuntamiento de Moros,Other,1,0
Pleno del Ayuntamiento de Morón de la Frontera,Other,1,0
Pleno del Ayuntamiento de Motril,Cloud,1,3
Pleno del Ayuntamiento de Motril,Infrastructure & Hardware,1,1
Pleno del Ayuntamiento de Mozota,Other,1,0
Pleno del Ayuntamiento de Murias de Paredes,Infrastructure & Hardware,1,1
Pleno del Ayuntamiento de Murillo de Gállego,Other,1,0
Pleno del Ayuntamiento de Mutxamel,Other,1,0
Pleno del Ayuntamiento de Muñogalindo,Other,1,0
Pleno del Ayuntamiento de Nava de la Asunción,Other,1,0
Pleno del Ayuntamiento de Navacarros,Other,1,0
Pleno del Ayuntamiento de Navacerrada,Other,1,0
Pleno del Ayuntamiento de Navalafuente,Other,1,0
Pleno del Ayuntamiento de Navalmoral de la Mata,Other,1,0
Pleno del Ayuntamiento de Navarrevisca,Other,1,0
Pleno del Ayuntamiento de Navas de San Antonio,Other,1,0
Pleno del Ayuntamiento de Navasfrías,Other,1,0
Pleno del Ayuntamiento de Neila,Other,1,0
Pleno del Ayuntamiento de Nieva de Cameros,Other,1,0
Pleno del Ayuntamiento de Nigüella,Other,1,0
Pleno del Ayuntamiento de Noalejo,Other,1,0
Pleno del Ayuntamiento de Nogales,Other,1,0
Pleno del Ayuntamiento de Noja,Other,1,0
Pleno del Ayuntamiento de Novelda,Other,1,0
Pleno del Ayuntamiento de Novillas,Other,1,0
Pleno del Ayuntamiento de Nuez de Ebro,Other,1,0
Pleno del Ayuntamiento de Níjar,Other,1,0
Pleno del Ayuntamiento de Nívar,Other,1,0
Pleno del Ayuntamiento de O Carballiño,Other,1,0
Pleno del Ayuntamiento de O Corgo,Other,1,0
Pleno del Ayuntamiento de O Irixo,Other,1,0
Pleno del Ayuntamiento de Ochánduri,Other,1,0
Pleno del Ayuntamiento de Ojacastro,Other,1,0
Pleno del Ayuntamiento de Ojos Negros,Other,1,0
Pleno del Ayuntamiento de Ojén,Other,1,0
Pleno del Ayuntamiento de Olivenza,Other,1,0
Pleno del Ayuntamiento de Olocau del Rey,Other,1,0
Pleno del Ayuntamiento de Ontinyent,Other,1,0
Pleno del Ayuntamiento de Orellana de la Sierra,Other,1,0
Pleno del Ayuntamiento de Ortigosa de Cameros,Other,1,0
Pleno del Ayuntamiento de Ortigueira,Other,1,0
Pleno del Ayuntamiento de Orusco de Tajuña,Other,1,0
Pleno del Ayuntamiento de Osuna,Other,1,0
Pleno del Ayuntamiento de Otos,Other,1,0
Pleno del Ayuntamiento de Outes,Other,1,0
Pleno del Ayuntamiento de Padules,Other,1,0
Pleno del Ayuntamiento de Paiporta,Other,1,0
Pleno del Ayuntamiento de Palacios de Sanabria,Other,1,0
Pleno del Ayuntamiento de Palacios de la Sierra,Other,1,0
Pleno del Ayuntamiento de Palazuelos de Muño,Other,1,0
Pleno del Ayuntamiento de Palomares del Río,Other,1,0
Pleno del Ayuntamiento de Paracuellos de Jiloca,Infrastructure & Hardware,1,1
Pleno del Ayuntamiento de Parada de Rubiales,Infrastructure & Hardware,1,1
Pleno del Ayuntamiento de Pardilla,Other,1,0
Pleno del Ayuntamiento de Partaloa,Infrastructure & Hardware,1,1
Pleno del Ayuntamiento de Pastrana,Other,1,0
Pleno del Ayuntamiento de Pazos de Borbén,Other,1,0
Pleno del Ayuntamiento de Pedralba de la Pradería,Other,1,0
Pleno del Ayuntamiento de Pedro Muñoz,Other,1,0
Pleno del Ayuntamiento de Pepino,Other,1,0
Pleno del Ayuntamiento de Peracense,Other,1,0
Pleno del Ayuntamiento de Peral de Arlanza,Other,1,0
Pleno del Ayuntamiento de Perales del Puerto,Other,1,0
Pleno del Ayuntamiento de Peromingo,Other,1,0
Pleno del Ayuntamiento de Pesoz,Other,1,0
Pleno del Ayuntamiento de Pesquera,Other,1,0
Pleno del Ayuntamiento de Petra,Infrastructure & Hardware,1,1
Pleno del Ayuntamiento de Petra,Other,1,0
Pleno del Ayuntamiento de Petrés,Other,1,0
Pleno del Ayuntamiento de Peñalén,Other,1,0
Pleno del Ayuntamiento de Peñamellera Alta,Other,1,0
Pleno del Ayuntamiento de Peñamellera Baja,Other,1,0
Pleno del Ayuntamiento de Peñas de San Pedro,Other,1,0
Pleno del Ayuntamiento de Peñíscola,Other,1,0
Pleno del Ayuntamiento de Picassent,Other,1,0
Pleno del Ayuntamiento de Piedrahita de Castro,Other,1,0
Pleno del Ayuntamiento de Pina de Montalgrao,Other,1,0
Pleno del Ayuntamiento de Pinarejo,Other,1,0
Pleno del Ayuntamiento de Pinarnegrillo,Other,1,0
Pleno del Ayuntamiento de Pinilla Trasmonte,Other,1,0
Pleno del Ayuntamiento de Pinilla de los Barruecos,Other,1,0
Pleno del Ayuntamiento de Pinto,Other,1,0
Pleno del Ayuntamiento de Pizarra,Other,1,0
Pleno del Ayuntamiento de Población de Cerrato,Other,1,0
Pleno del Ayuntamiento de Polaciones,Other,1,0
Pleno del Ayuntamiento de Polanco,Other,1,0
Pleno del Ayuntamiento de Polinyà de Xúquer,Other,1,0
Pleno del Ayuntamiento de Pollença,Other,1,0
Pleno del Ayuntamiento de Polop,Other,1,0
Pleno del Ayuntamiento de Ponga,Other,1,0
Pleno del Ayuntamiento de Portaje,Other,1,0
Pleno del Ayuntamiento de Portillo,Other,1,0
Pleno del Ayuntamiento de Portugós,Other,1,0
Pleno del Ayuntamiento de Posadas,Other,1,0
Pleno del Ayuntamiento de Potes,Other,1,0
Pleno del Ayuntamiento de Poza de la Sal,Other,1,0
Pleno del Ayuntamiento de Pozo Cañada,Other,1,0
Pleno del Ayuntamiento de Pozo Lorente,Other,1,0
Pleno del Ayuntamiento de Pozuelo del Páramo,Other,1,0
Pleno del Ayuntamiento de Priaranza del Bierzo,Software & Development,1,1
Pleno del Ayuntamiento de Puebla del Prior,Other,1,0
Pleno del Ayuntamiento de Puentes Viejas,Other,1,0
Pleno del Ayuntamiento de Puerto Lumbreras,Other,1,0
Pleno del Ayuntamiento de Puerto de Santa Cruz,Other,1,0
Pleno del Ayuntamiento de Puerto de la Cruz,Other,1,0
Pleno del Ayuntamiento de Pujerra,Other,1,0
Pleno del Ayuntamiento de Punta umbría,Other,1,0
Pleno del Ayuntamiento de Páramo del Sil,Other,1,0
Pleno del Ayuntamiento de Quart de les Valls,Other,1,0
Pleno del Ayuntamiento de Quesa,Other,1,0
Pleno del Ayuntamiento de Quintanilla San García,Other,1,0
Pleno del Ayuntamiento de Quismondo,Other,1,0
Pleno del Ayuntamiento de Rafelbunyol,Other,1,0
Pleno del Ayuntamiento de Rafelguaraf,Other,1,0
Pleno del Ayuntamiento de Rasines,Other,1,0
Pleno del Ayuntamiento de Regueras de Arriba,Other,1,0
Pleno del Ayuntamiento de Regumiel de la Sierra,Other,1,0
Pleno del Ayuntamiento de Rena,Other,1,0
Pleno del Ayuntamiento de Revenga de Campos,Other,1,0
Pleno del Ayuntamiento de Reyero,Other,1,0
Pleno del Ayuntamiento de Reyero,Software & Development,1,1
Pleno del Ayuntamiento de Riaza,Other,1,0
Pleno del Ayuntamiento de Ribadeo,Other,1,0
Pleno del Ayuntamiento de Ricla,Other,1,0
Pleno del Ayuntamiento de Rincón de la Victoria,Other,1,0
Pleno del Ayuntamiento de Rionansa,Other,1,0
Pleno del Ayuntamiento de Rivilla de Barajas,Other,1,0
Pleno del Ayuntamiento de Robledo del Mazo,Other,1,0
Pleno del Ayuntamiento de Robledollano,Other,1,0
Pleno del Ayuntamiento de Romanos,Other,1,0
Pleno del Ayuntamiento de Rosal de la Frontera,Other,1,0
Pleno del Ayuntamiento de Rozalén del Monte,Other,1,0
Pleno del Ayuntamiento de Rueda,Other,1,0
Pleno del Ayuntamiento de Rueda de Jalon,Other,1,0
Pleno del Ayuntamiento de Rugat,Other,1,0
Pleno del Ayuntamiento de Ràfol de Salem,Other,1,0
Pleno del Ayuntamiento de Rábano,Other,1,0
Pleno del Ayuntamiento de Rágol,Other,1,0
Pleno del Ayuntamiento de Sa Pobla,Other,1,0
Pleno del Ayuntamiento de Sabiñán,Other,1,0
Pleno del Ayuntamiento de Sacañet,Other,1,0
Pleno del Ayuntamiento de Sacecorbo,Other,1,0
Pleno del Ayuntamiento de Saceruela,Other,1,0
Pleno del Ayuntamiento de Sada,Other,1,0
Pleno del Ayuntamiento de Saelices,Other,1,0
Pleno del Ayuntamiento de Sagunto,Other,1,0
Pleno del Ayuntamiento de Sahagún,Other,1,0
Pleno del Ayuntamiento de Salmerón,Other,1,0
Pleno del Ayuntamiento de Salobreña,Other,1,0
Pleno del Ayuntamiento de Salvatierra de Esca,Other,1,0
Pleno del Ayuntamiento de Samper de Calanda,Other,1,0
Pleno del Ayuntamiento de Samper del Salz,Other,1,0
Pleno del Ayuntamiento de San Adrián del Valle,Other,1,0
Pleno del Ayuntamiento de San Agustín,Other,1,0
Pleno del Ayuntamiento de San Cristóbal de Entreviñas,Other,1,0
Pleno del Ayuntamiento de San Felices,Other,1,0
Pleno del Ayuntamiento de San Fernando de Henares,Software & Development,1,1
Pleno del Ayuntamiento de San Juan de Gredos,Other,1,0
Pleno del Ayuntamiento de San Juan de Plan,Other,1,0
Pleno del Ayuntamiento de San Juan de la Nava,Other,1,0
Pleno del Ayuntamiento de San Lorenzo de la Parrilla,Other,1,0
Pleno del Ayuntamiento de San Martín de Oscos,Other,1,0
Pleno del Ayuntamiento de San Martín de Pusa,Other,1,0
Pleno del Ayuntamiento de San Martín de Rubiales,Other,1,0
Pleno del Ayuntamiento de San Miguel de Aguayo,Other,1,0
Pleno del Ayuntamiento de San Miguel de Bernuy,Other,1,0
Pleno del Ayuntamiento de San Miguel de la Ribera,Software & Development,1,1
Pleno del Ayuntamiento de San Miguel del Arroyo,Other,1,0
Pleno del Ayuntamiento de San Pedro Manrique,Other,1,0
Pleno del Ayuntamiento de San Pedro del Romeral,Other,1,0
Pleno del Ayuntamiento de San Rafael del Río,Other,1,0
Pleno del Ayuntamiento de San Román de los Montes,Other,1,0
Pleno del Ayuntamiento de San Roque,Other,1,0
Pleno del Ayuntamiento de San Vicente Raspeig,Other,1,0
Pleno del Ayuntamiento de San Vicente de la Barquera,Other,1,0
Pleno del Ayuntamiento de Sanchotello,Other,1,0
Pleno del Ayuntamiento de Sangarren,Other,1,0
Pleno del Ayuntamiento de Sanlúcar de Barrameda,Other,1,0
Pleno del Ayuntamiento de Sant Joan de Labritja,Other,1,0
Pleno del Ayuntamiento de Sant Joan de Moró,Other,1,0
Pleno del Ayuntamiento de Sant Joanet,Other,1,0
Pleno del Ayuntamiento de Sant Mateu,Other,1,0
Pleno del Ayuntamiento de Santa Colomba de Curueño,Other,1,0
Pleno del Ayuntamiento de Santa Cristina de Valmadrigal,Other,1,0
Pleno del Ayuntamiento de Santa Cruz de Bezana,Other,1,0
Pleno del Ayuntamiento de Santa Cruz de Grío,Other,1,0
Pleno del Ayuntamiento de Santa Cruz de la Sierra,Other,1,0
Pleno del Ayuntamiento de Santa Engracia del Jubera,Software & Development,1,0
Pleno del Ayuntamiento de Santa Eulária des Riu,Other,1,0
Pleno del Ayuntamiento de Santa Inés,Other,1,0
Pleno del Ayuntamiento de Santa Magdalena de Pulpis,Other,1,0
Pleno del Ayuntamiento de Santa María de la Isla,Other,1,0
Pleno del Ayuntamiento de Santa María del Páramo,Other,1,0
Pleno del Ayuntamiento de Santa Olalla,Other,1,0
Pleno del Ayuntamiento de Santa Pola,Other,1,0
Pleno del Ayuntamiento de Santed,Other,1,0
Pleno del Ayuntamiento de Santervas de la Vega,Other,1,0
Pleno del Ayuntamiento de Santiago de la Puebla,Other,1,0
Pleno del Ayuntamiento de Santibáñez El Alto,Other,1,0
Pleno del Ayuntamiento de Santibáñez de la Peña,Other,1,0
Pleno del Ayuntamiento de Santiurde de Reinosa,Other,1,0
Pleno del Ayuntamiento de Santo Adriano,Other,1,0
Pleno del Ayuntamiento de Santo Domingo de Silos,Other,1,0
Pleno del Ayuntamiento de Santo Tomé,Other,1,0
Pleno del Ayuntamiento de Santurde de Rioja,Other,1,0
Pleno del Ayuntamiento de Sariegos,Other,1,0
Pleno del Ayuntamiento de Sasamón,Other,1,0
Pleno del Ayuntamiento de Saucelle,Other,1,0
Pleno del Ayuntamiento de Secastilla,Other,1,0
Pleno del Ayuntamiento de Selaya,Other,1,0
Pleno del Ayuntamiento de Sella,Other,1,0
Pleno del Ayuntamiento de Senyera,Other,1,0
Pleno del Ayuntamiento de Sepúlveda,Other,1,0
Pleno del Ayuntamiento de Sequeros,Other,1,0
Pleno del Ayuntamiento de Serra,Other,1,0
Pleno del Ayuntamiento de Serradilla,Other,1,0
Pleno del Ayuntamiento de Serranillos del Valle,Other,1,0
Pleno del Ayuntamiento de Setenil de las Bodegas,Other,1,0
Pleno del Ayuntamiento de Siero,Other,1,0
Pleno del Ayuntamiento de Sierro,Other,1,0
Pleno del Ayuntamiento de Simancas,Other,1,0
Pleno del Ayuntamiento de Sinarcas,Infrastructure & Hardware,1,1
Pleno del Ayuntamiento de Sinarcas,Other,1,0
Pleno del Ayuntamiento de Sorbas,Other,1,0
Pleno del Ayuntamiento de Soria,Other,1,0
Pleno del Ayuntamiento de Sorzano,Other,1,0
Pleno del Ayuntamiento de Sot de Chera,Other,1,0
Pleno del Ayuntamiento de Sotobañado y Priorato,Infrastructure & Hardware,1,1
Pleno del Ayuntamiento de Sotés,Other,1,0
Pleno del Ayuntamiento de Suances,Other,1,0
Pleno del Ayuntamiento de Sueca,Other,1,0
Pleno del Ayuntamiento de Suellacabras,Other,1,0
Pleno del Ayuntamiento de Susinos del Páramo,Other,1,0
Pleno del Ayuntamiento de Tabernas,Other,1,0
Pleno del Ayuntamiento de Tahal,Other,1,0
Pleno del Ayuntamiento de Talamantes,Other,1,0
Pleno del Ayuntamiento de Talayuelas,Other,1,0
Pleno del Ayuntamiento de Tamarite de Litera,Other,1,0
Pleno del Ayuntamiento de Tarazona,Other,1,0
Pleno del Ayuntamiento de Tardelcuende,Other,1,0
Pleno del Ayuntamiento de Tavernes Blanques,Other,1,0
Pleno del Ayuntamiento de Tembleque,Other,1,0
Pleno del Ayuntamiento de Tendilla,Other,1,0
Pleno del Ayuntamiento de Tenebrón,Other,1,0
Pleno del Ayuntamiento de Terrer,Other,1,0
Pleno del Ayuntamiento de Terriente,Other,1,0
Pleno del Ayuntamiento de Tielmes,Other,1,0
Pleno del Ayuntamiento de Tirgo,Other,1,0
Pleno del Ayuntamiento de Tocina,Other,1,0
Pleno del Ayuntamiento de Tomelloso,Software & Development,1,1
Pleno del Ayuntamiento de Toral de los Guzmanes,Other,1,0
Pleno del Ayuntamiento de Toreno,Other,1,0
Pleno del Ayuntamiento de Tormantos,Other,1,0
Pleno del Ayuntamiento de Torralba de Ribota,Other,1,0
Pleno del Ayuntamiento de Torre de Santa María,Other,1,0
Pleno del Ayuntamiento de Torre en Cameros,Other,1,0
Pleno del Ayuntamiento de Torrebaja,Other,1,0
Pleno del Ayuntamiento de Torrecilla en Cameros,Other,1,0
Pleno del Ayuntamiento de Torrecillas de la Tiesa,Other,1,0
Pleno del Ayuntamiento de Torredelcampo,Other,1,0
Pleno del Ayuntamiento de Torregamones,Other,1,0
Pleno del Ayuntamiento de Torrejoncillo del Rey,Other,1,0
Pleno del Ayuntamiento de Torrelacárcel,Other,1,0
Pleno del Ayuntamiento de Torrelaguna,Other,1,0
Pleno del Ayuntamiento de Torremocha del Pinar,Other,1,0
Pleno del Ayuntamiento de Torrenueva,Other,1,0
Pleno del Ayuntamiento de Torreorgaz,Other,1,0
Pleno del Ayuntamiento de Torreperogil,Other,1,0
Pleno del Ayuntamiento de Torres Torres,Other,1,0
Pleno del Ayuntamiento de Torres de la Alameda,Other,1,0
Pleno del Ayuntamiento de Torrevelilla,Other,1,0
Pleno del Ayuntamiento de Tortuera,Other,1,0
Pleno del Ayuntamiento de Tous,Other,1,0
Pleno del Ayuntamiento de Trabazos,Other,1,0
Pleno del Ayuntamiento de Tramacastilla,Other,1,0
Pleno del Ayuntamiento de Trasierra,Other,1,0
Pleno del Ayuntamiento de Trasmoz,Other,1,0
Pleno del Ayuntamiento de Tresjuncos,Infrastructure & Hardware,1,1
Pleno del Ayuntamiento de Tresviso,Other,1,0
Pleno del Ayuntamiento de Treviana,Other,1,0
Pleno del Ayuntamiento de Tricio,Other,1,0
Pleno del Ayuntamiento de Truchas,Other,1,0
Pleno del Ayuntamiento de Tuéjar,Other,1,0
Pleno del Ayuntamiento de Tàrbena,Other,1,0
Pleno del Ayuntamiento de Tías,Other,1,0
Pleno del Ayuntamiento de Undués de Lerda,Other,1,0
Pleno del Ayuntamiento de Urbel del Castillo,Other,1,0
Pleno del Ayuntamiento de Urones de Castroponce,Other,1,0
Pleno del Ayuntamiento de Urries,Other,1,0
Pleno del Ayuntamiento de Used,Other,1,0
Pleno del Ayuntamiento de Uña,Other,1,0
Pleno del Ayuntamiento de Valacloche,Other,1,0
Pleno del Ayuntamiento de Valdeconcha,Other,1,0
Pleno del Ayuntamiento de Valdefuentes,Other,1,0
Pleno del Ayuntamiento de Valdefuentes del Páramo,Infrastructure & Hardware,1,1
Pleno del Ayuntamiento de Valdefuentes del Páramo,Other,1,0
Pleno del Ayuntamiento de Valdelaguna,Other,1,0
Pleno del Ayuntamiento de Valdelarco,Other,1,0
Pleno del Ayuntamiento de Valdelcubo,Other,1,0
Pleno del Ayuntamiento de Valdemoro,Other,1,0
Pleno del Ayuntamiento de Valdeolea,Other,1,0
Pleno del Ayuntamiento de Valdeolivas,Other,1,0
Pleno del Ayuntamiento de Valdepiélagos,Other,1,0
Pleno del Ayuntamiento de Valdepiélagos,Software & Development,1,1
Pleno del Ayuntamiento de Valdeprado del Río,Other,1,0
Pleno del Ayuntamiento de Valderrubio,Other,1,0
Pleno del Ayuntamiento de Valdescorriel,Other,1,0
Pleno del Ayuntamiento de Valdestillas,Other,1,0
Pleno del Ayuntamiento de Valdetórtola,Other,1,0
Pleno del Ayuntamiento de Valdevimbre,Other,1,0
Pleno del Ayuntamiento de Valdilecha,Other,1,0
Pleno del Ayuntamiento de Valdorros,Other,1,0
Pleno del Ayuntamiento de Valdoviño,Other,1,0
Pleno del Ayuntamiento de Valdés,Other,1,0
Pleno del Ayuntamiento de Valencia de Alcántara,Other,1,0
Pleno del Ayuntamiento de Vall de Almonacid,Other,1,0
Pleno del Ayuntamiento de Valle de Lierp,Other,1,0
Pleno del Ayuntamiento de Valle de Villaverde,Infrastructure & Hardware,1,1
Pleno del Ayuntamiento de Valle del Zalabí,Other,1,0
Pleno del Ayuntamiento de Valpalmas,Other,1,0
Pleno del Ayuntamiento de Valseca,Other,1,0
Pleno del Ayuntamiento de Valverde de mérida,Other,1,0
Pleno del Ayuntamiento de Vara de Rey,Other,1,0
Pleno del Ayuntamiento de Vedra,Other,1,0
Pleno del Ayuntamiento de Vega de Pas,Other,1,0
Pleno del Ayuntamiento de Velilla de Ebro,Other,1,0
Pleno del Ayuntamiento de Velilla de San Antonio,Other,1,0
Pleno del Ayuntamiento de Vertavillo,Infrastructure & Hardware,1,1
Pleno del Ayuntamiento de Viator,Other,1,0
Pleno del Ayuntamiento de Viguera,Other,1,0
Pleno del Ayuntamiento de Vilafranca de Bonany,Other,1,0
Pleno del Ayuntamiento de Vilamarxant,Other,1,0
Pleno del Ayuntamiento de Vilarmaior,Other,1,0
Pleno del Ayuntamiento de Villabrázaro,Other,1,0
Pleno del Ayuntamiento de Villademor de la Vega,Other,1,0
Pleno del Ayuntamiento de Villaeles de Valdavia,Other,1,0
Pleno del Ayuntamiento de Villaferrueña,Other,1,0
Pleno del Ayuntamiento de Villafranca de Córdoba,Other,1,0
Pleno del Ayuntamiento de Villafranca del Cid,Other,1,0
Pleno del Ayuntamiento de Villagarcía del Llano,Other,1,0
Pleno del Ayuntamiento de Villagonzalo Pedernales,Other,1,0
Pleno del Ayuntamiento de Villahermosa,Other,1,0
Pleno del Ayuntamiento de Villalar de los Comuneros,Other,1,0
Pleno del Ayuntamiento de Villalba del Rey,Other,1,0
Pleno del Ayuntamiento de Villaldemiro,Other,1,0
Pleno del Ayuntamiento de Villalengua,Other,1,0
Pleno del Ayuntamiento de Villaluenga de la Sagra,Other,1,0
Pleno del Ayuntamiento de Villaluenga de la Vega,Other,1,0
Pleno del Ayuntamiento de Villamartín,Other,1,0
Pleno del Ayuntamiento de Villamena,Other,1,0
Pleno del Ayuntamiento de Villamoronta,Other,1,0
Pleno del Ayuntamiento de Villamuriel de Cerrato,Other,1,0
Pleno del Ayuntamiento de Villanubla,Other,1,0
Pleno del Ayuntamiento de Villanueva de Alcorón,Other,1,0
Pleno del Ayuntamiento de Villanueva de Cameros,Other,1,0
Pleno del Ayuntamiento de Villanueva de Viver,Other,1,0
Pleno del Ayuntamiento de Villanueva de la Reina,Other,1,0
Pleno del Ayuntamiento de Villanueva de Ávila,Other,1,0
Pleno del Ayuntamiento de Villanueva del Fresno,Other,1,0
Pleno del Ayuntamiento de Villanueva del Pardillo,Other,1,0
Pleno del Ayuntamiento de Villanueva del Rebollar de la Sierra,Other,1,0
Pleno del Ayuntamiento de Villanúa,Infrastructure & Hardware,1,1
Pleno del Ayuntamiento de Villapalacios,Other,1,0
Pleno del Ayuntamiento de Villar de Domingo García,Other,1,0
Pleno del Ayuntamiento de Villar de Rena,Other,1,0
Pleno del Ayuntamiento de Villar de la Encina,Other,1,0
Pleno del Ayuntamiento de Villar de los Navarros,Other,1,0
Pleno del Ayuntamiento de Villar del Cobo,Other,1,0
Pleno del Ayuntamiento de Villar del Humo,Other,1,0
Pleno del Ayuntamiento de Villar del Río,Other,1,0
Pleno del Ayuntamiento de Villaralbo,Other,1,0
Pleno del Ayuntamiento de Villardompardo,Other,1,0
Pleno del Ayuntamiento de Villarejo de Órbigo,Infrastructure & Hardware,1,1
Pleno del Ayuntamiento de Villargordo del Cabriel,Other,1,0
Pleno del Ayuntamiento de Villarluengo,Other,1,0
Pleno del Ayuntamiento de Villarroya,Other,1,0
Pleno del Ayuntamiento de Villasarracino,Other,1,0
Pleno del Ayuntamiento de Villasur de Herreros,Other,1,0
Pleno del Ayuntamiento de Villatobas,Other,1,0
Pleno del Ayuntamiento de Villaverde del Río,Cloud,1,1
Pleno del Ayuntamiento de Villaverde del Río,Other,1,0
Pleno del Ayuntamiento de Villaverde y Pasaconsol,Other,1,0
Pleno del Ayuntamiento de Villaviciosa de Odón,Infrastructure & Hardware,1,1
Pleno del Ayuntamiento de Villena,Other,1,0
Pleno del Ayuntamiento de Villoldo,Other,1,0
Pleno del Ayuntamiento de Villora,Other,1,0
Pleno del Ayuntamiento de Vilviestre del Pinar,Other,1,0
Pleno del Ayuntamiento de Vinaceite,Other,1,0
Pleno del Ayuntamiento de Vinarós,Software & Development,1,1
Pleno del Ayuntamiento de Visiedo,Other,1,0
Pleno del Ayuntamiento de Vistabella del Maestrat,Cloud,1,2
Pleno del Ayuntamiento de Viñas,Other,1,0
Pleno del Ayuntamiento de Vélez-Blanco,Other,1,0
Pleno del Ayuntamiento de Xeraco,Other,1,0
Pleno del Ayuntamiento de Xirivella,Infrastructure & Hardware,1,1
Pleno del Ayuntamiento de Xàtiva,Other,1,0
Pleno del Ayuntamiento de Yebra de Basa,Other,1,0
Pleno del Ayuntamiento de Zamora,Other,1,0
Pleno del Ayuntamiento de Zapardiel de la Ribera,Other,1,0
Pleno del Ayuntamiento de Zarzuela,Other,1,0
Pleno del Ayuntamiento de Zorraquín,Other,1,0
Pleno del Ayuntamiento de Zurgena,Other,1,0
Pleno del Ayuntamiento de la Frontera,Other,1,0
Pleno del Ayuntamiento de la Histórica Villa de los Realejos,Infrastructure & Hardware,1,1
Pleno del Ayuntamiento de Águilas,Other,1,0
Pleno del Ayuntamiento del Lagunilla del Jubera,Other,1,0
Pleno del Ayuntamiento del Navas de Bureba,Other,1,0
Pleno del Ayuntamiento del Partido de la Sierra en Tobalina,Other,1,0
Pleno del Ayuntamiento des Migjorn Gran,Other,1,0
Pleno del Cabildo Insular de la Gomera,Infrastructure & Hardware,1,1
Pleno del Concello de Negreira,Other,1,0
Pleno del Concello de Ponteceso,Other,1,0
Pleno del Concello de Pontecesures,Other,1,0
Pleno del Concello de Vila de Cruces,Other,1,0
Pleno del Consejo Comarcal de la Comarca de la Jacetania,Other,1,0
Pleno del Consell Insular d'Eivissa,Other,1,0
Pleno del Consorcio Provincial de Aguas de Castellón,Other,1,0
Pleno del Consorcio Provincial de Lugo para la prestación del Servicio contra Incendios y Salvamento,Other,1,0
"Pleno del Consorcio de Seguridad, Emergencia, Salvamento, Prevención y Extinción de Incendios de Lanzarote",Other,1,0
Pleno del Consorcio de Tributos de Tenerife,Other,1,0
Pleno del Consorcio de la Zona Franca de Sevilla,Other,1,0
Pleno del Consorcio del Deposito Franco de Cartagena,Other,1,0
Pleno del ayuntamiento de Cubillas de Santa Marta,Other,1,0
Pleno del del Ayuntamiento de Herencia,Other,1,0
Presidencia - Sociedad Estatal de Participaciones Industriales (SEPI),Cloud,1,2
Presidencia Delegada del O.A.M. Palau de la Música de Valencia,Software & Development,1,1
Presidencia Delegada del Patronato Municipal de la Vivienda de Alicante,Software & Development,1,0
Presidencia Entidad Autónoma de Facinas,Other,1,0
Presidencia Gerencia Municipal de Urbanismo de Jaén,Other,1,0
Presidencia Organismo Autónomo de Museos y Centros del Cabildo Insular de Tenerife (OAMC),Software & Development,1,0
"Presidencia P.D. del Organismo Autónomo Institución Ferial de Badajoz, IFEBA",Software & Development,1,1
"Presidencia de EMDECORIA, S.L.",Other,1,0
"Presidencia de Ferrocarriles de Gran Canaria, S.A.",Other,1,0
Presidencia de Fons Mallorquí de Solidaritat i Cooperació,Other,1,0
Presidencia de Gestión Tributaria Provincial de Albacete (GESTALBA),Infrastructure & Hardware,1,0
Presidencia de Gestión de Emergencias de las Illes Balears,Software & Development,1,1
Presidencia de Insula Sanxenxo Empresa Municipal de Vivenda e Solo S.L.,Other,1,0
Presidencia de Mancomunidad de Municipios de Los Pedroches,Software & Development,1,1
Presidencia de Mataderos Insulares de Gran Canaria S.L.U.,Software & Development,1,1
Presidencia de Más Cerca S.A.M.,Infrastructure & Hardware,1,1
Presidencia de Nauta Sanxenxo Sociedad Limitada Unipersonal,Other,1,0
Presidencia de Red Extremeña de Desarrollo Rural (REDEX),AI & Machine Learning,1,3
Presidencia de Suma Gestión Tributaria. Diputación de Alicante,Other,1,0
Presidencia de Suministros de Agua La Oliva S.A.,Other,1,0
"Presidencia de Tejeira, Entidad Local Menor",Other,1,0
Presidencia de Turisme Comunitat Valenciana,Infrastructure & Hardware,1,1
Presidencia de Turismo de Gran Canaria,Software & Development,1,0
Presidencia de Visitelche Organismo Autónomo Local de Turismo del Ayuntamiento de Elche,Other,1,0
Presidencia de la AECT Pirineos-Pyrénées,Infrastructure & Hardware,1,1
Presidencia de la Agencia Destino Huelva,Other,1,0
"Presidencia de la Agencia Estatal Consejo Superior de Investigaciones Científicas, M.P.",Cloud,1,0
"Presidencia de la Agencia Estatal Consejo Superior de Investigaciones Científicas, M.P.",Data & Analytics,1,0
"Presidencia de la Agencia Estatal Consejo Superior de Investigaciones Científicas, M.P.",Software & Development,1,1
Presidencia de la Agencia Estatal de Meteorología,Cloud,1,1
Presidencia de la Agencia Estatal de Meteorología,Software & Development,1,1
Presidencia de la Agencia Provincial Tributaria de Huelva,Infrastructure & Hardware,1,0
Presidencia de la Agencia Provincial de la Energía de Córdoba,Other,1,0
Presidencia de la Agencia Pública Administrativa Local de Deportes de Rincón de la Victoria,Other,1,0
Presidencia de la Asamblea de Madrid,Software & Development,1,0
Presidencia de la Asociación Centro de Desarrollo Alto Narcea Muniellos,Software & Development,1,1
Presidencia de la Asociación Centro para el Desarrollo de la Comarca Oscos-Eo (CEDER Oscos-Eo),Software & Development,1,1
Presidencia de la Asociación Grupo de Acción Local de la Sierra del Segura,Data & Analytics,1,0
Presidencia de la Asociación Grupo de Acción Local de la Sierra del Segura,Software & Development,1,1
Presidencia de la Asociación Grupo de Desarrollo Rural Andévalo Occidental,Software & Development,1,1
Presidencia de la Asociación Intermunicipal de Municipios de Penyagolosa,Other,1,0
Presidencia de la Asociación Monegros - Centro de Desarrollo,Software & Development,1,1
Presidencia de la Asociación Red de Ciudades por la Bicicleta,Infrastructure & Hardware,1,1
Presidencia de la Asociación de Centros de Empresas Públicos del Principado de Asturias,Other,1,0
Presidencia de la Asociación de Universidades Públicas Andaluzas (AUPA),Other,1,0
Presidencia de la Asociación para el Desarrollo Integral de la Sierra Oeste de Madrid,Cloud,1,2
Presidencia de la Asociación para el Desarrollo Integral de la Sierra Oeste de Madrid,Infrastructure & Hardware,1,0
Presidencia de la Asociación para el Desarrollo Rural de la Comarca de Guadix,Cloud,1,4
"Presidencia de la Asociación para la Promoción Económica del Valle de Lecrín, El Temple y La Costa APROVALLE-TEMPLE-COSTA",Cloud,1,0
Presidencia de la Autoridad Independiente de Responsabilidad Fiscal,Cybersecurity,1,1
Presidencia de la Autoridad Portuaria de Almería,Software & Development,1,1
Presidencia de la Autoridad Portuaria de Baleares,Data & Analytics,1,0
Presidencia de la Autoridad Portuaria de Castellón,Data & Analytics,1,1
Presidencia de la Autoridad Portuaria de Ceuta,Cloud,1,2
Presidencia de la Autoridad Portuaria de Ceuta,Infrastructure & Hardware,1,0
Presidencia de la Autoridad Portuaria de Ferrol San Cibrao,Cloud,1,1
Presidencia de la Autoridad Portuaria de Ferrol San Cibrao,Cybersecurity,1,2
Presidencia de la Autoridad Portuaria de Gijón,Infrastructure & Hardware,1,0
Presidencia de la Autoridad Portuaria de Las Palmas,Cloud,1,2
Presidencia de la Autoridad Portuaria de Motril,Software & Development,1,1
Presidencia de la Autoridad Portuaria de Tarragona,Software & Development,1,1
Presidencia de la Autoridad Portuaria de la Bahía de Algeciras,AI & Machine Learning,1,1
Presidencia de la Autoridad Portuaria de la Bahía de Cádiz,Cloud,1,1
Presidencia de la Autoridad Portuaria de la Bahía de Cádiz,Software & Development,1,0
Presidencia de la Comarca Campo de Daroca,Software & Development,1,1
Presidencia de la Comarca Comunidad de Teruel,Infrastructure & Hardware,1,0
Presidencia de la Comarca Hoya de Huesca - Plana de Uesca,Software & Development,1,1
Presidencia de la Comarca Ribera Baja del Ebro,Cloud,1,2
Presidencia de la Comarca Ribera Baja del Ebro,Infrastructure & Hardware,1,1
Presidencia de la Comarca de Andorra-Sierra de Arcos,Software & Development,1,1
Presidencia de la Comarca de Cuencas Mineras,Software & Development,1,1
Presidencia de la Comarca de Sierra de Albarracín,Infrastructure & Hardware,1,0
Presidencia de la Comarca de Sobrarbe,Software & Development,1,0
Presidencia de la Comarca de Somontano de Barbastro,Software & Development,1,1
Presidencia de la Comarca de Tarazona y el Moncayo,Data & Analytics,1,0
Presidencia de la Comarca de la Comunidad de Calatayud,Infrastructure & Hardware,1,1
Presidencia de la Comarca de la Comunidad de Calatayud,Software & Development,1,1
Presidencia de la Comarca del Bajo Aragón,Software & Development,1,1
Presidencia de la Comarca del Bajo Aragón-Caspe Baix Aragó-Caspe,Other,1,0
Presidencia de la Comarca del Bajo Martín,Other,1,0
Presidencia de la Comarca del Maestrazgo,Software & Development,1,1
"Presidencia de la Compañía Española de Financiación del Desarrollo. COFIDES S.A., S.M.E.",Cybersecurity,1,2
Presidencia de la Comunidad General de Regantes del Canal de las Bardenas,Other,1,0
Presidencia de la Comunidad de Villa y Tierra de Coca,Other,1,0
Presidencia de la Confederación Hidrográfica del Ebro,Infrastructure & Hardware,1,1
Presidencia de la Confederación Hidrográfica del Guadalquivir,Cloud,1,0
Presidencia de la Confederación Hidrográfica del Segura,Cybersecurity,1,1
Presidencia de la Confederación Hidrográfica del Tajo,Software & Development,1,1
"Presidencia de la Cámara Oficial de Comercio, Industria, Servicios y Navegación de Santa Cruz de Tenerife",AI & Machine Learning,1,1
"Presidencia de la Cámara Oficial de Comercio, Industria, Servicios y Navegación de Santa Cruz de Tenerife",Infrastructure & Hardware,1,0
Presidencia de la Cámara de Cuentas de Castilla-La Mancha,Infrastructure & Hardware,1,0
Presidencia de la Cámara de Cuentas de la Comunidad de Madrid,Infrastructure & Hardware,1,0
Presidencia de la Cámara de Cuentas de la Comunidad de Madrid,Other,1,0
Presidencia de la Cámara de Cuentas de la Comunidad de Madrid,Software & Development,1,0
Presidencia de la Diputación Provincial de A Coruña,Data & Analytics,1,0
Presidencia de la Diputación Provincial de Alicante,AI & Machine Learning,1,2
Presidencia de la Diputación Provincial de Burgos,Cloud,1,2
Presidencia de la Diputación Provincial de Burgos,Infrastructure & Hardware,1,0
Presidencia de la Diputación Provincial de Córdoba,Other,1,0
Presidencia de la Diputación Provincial de Guadalajara,Infrastructure & Hardware,1,0
Presidencia de la Diputación Provincial de Huelva,Cybersecurity,1,1
Presidencia de la Diputación Provincial de Huesca,AI & Machine Learning,1,2
Presidencia de la Diputación Provincial de Huesca,Cybersecurity,1,2
Presidencia de la Diputación Provincial de Jaén,Data & Analytics,1,1
Presidencia de la Diputación Provincial de Ourense,Cybersecurity,1,2
Presidencia de la Diputación Provincial de Pontevedra,AI & Machine Learning,1,2
Presidencia de la Diputación Provincial de Toledo,Data & Analytics,1,1
Presidencia de la Diputación Provincial de Valladolid,Data & Analytics,1,0
Presidencia de la Diputación Provincial de Zaragoza,Cloud,1,1
Presidencia de la Diputación Provincial de Zaragoza,Infrastructure & Hardware,1,0
Presidencia de la Diputación Provincial de Ávila,Cybersecurity,1,1
Presidencia de la Diputación Provincial de Ávila,Infrastructure & Hardware,1,1
Presidencia de la Diputación Provincial de Ávila,Software & Development,1,0
Presidencia de la Diputación de Badajoz,AI & Machine Learning,1,1
Presidencia de la Diputación de Badajoz,Data & Analytics,1,0
Presidencia de la E.A.T.I.M de La Xara,Other,1,0
Presidencia de la EPE Patronato Municipal de la Vivienda y Urbanismo del Ayuntamiento de Salamanca (EPE PMVU),Other,1,0
Presidencia de la EPE Patronato Municipal de la Vivienda y Urbanismo del Ayuntamiento de Salamanca (EPE PMVU),Software & Development,1,1
"Presidencia de la Empresa Municipal CAEPIONIS, S.L.",Other,1,0
Presidencia de la Empresa de Servicis de Paiporta (ESPAI),Cloud,1,3
Presidencia de la Entidad Local Autónoma Marismillas,Cloud,1,1
Presidencia de la Entidad Local Autónoma Marismillas,Other,1,0
Presidencia de la Entidad Local Autónoma de Bácor-Olivar,Other,1,0
Presidencia de la Entidad Local Autónoma de Ventas de Zafarraya,Other,1,0
Presidencia de la Entidad Pública Empresarial Aguas de Ames EPEL,Software & Development,1,0
Presidencia de la Entidad Pública Empresarial Gestión Sanitaria y Asistencial de las Illes Balears (GSAIB),Other,1,0
"Presidencia de la Entidad Pública Empresarial Local Balsas de Tenerife, BALTEN del Cabildo Insular de Tenerife",Software & Development,1,1
Presidencia de la Entidad Valenciana de Vivienda y Suelo,Infrastructure & Hardware,1,0
Presidencia de la Federación Gallega de Municipios y Provincias (FEGAMP),Software & Development,1,2
Presidencia de la Fundación Canaria Orquesta Filarmónica de Gran Canaria,Cybersecurity,1,2
Presidencia de la Fundación Canaria Orquesta Filarmónica de Gran Canaria,Software & Development,1,1
Presidencia de la Fundación Canaria Puertos de Las Palmas,Other,1,0
Presidencia de la Fundación Canaria de las Artes Escénicas y de la Música de Gran Canaria,Infrastructure & Hardware,1,0
Presidencia de la Fundación Canaria de las Artes Escénicas y de la Música de Gran Canaria,Software & Development,1,0
Presidencia de la Fundación Cultural Universitaria de las Artes de Jerez. Fundación Pública Local (FUNDARTE),Cloud,1,0
Presidencia de la Fundación Deportiva Municipal de València,Software & Development,1,2
"Presidencia de la Fundación Insular para la Formación, el Empleo y el Desarrollo Empresarial (FIFEDE)",AI & Machine Learning,1,2
Presidencia de la Fundación Jaén Agritech Ventures,Software & Development,1,1
Presidencia de la Fundación Municipal de Cultura,Infrastructure & Hardware,1,0
Presidencia de la Fundación Pública de Estudios Universitarios Fco. Maldonado,Other,1,0
Presidencia de la Fundación de Desarrollo de la Comunidad de Albarracín,Software & Development,1,1
Presidencia de la Fundación de la Comunidad Valenciana del Patrimonio Industrial de Sagunto,Other,1,0
"Presidencia de la Gerencia Municipal de Urbanismo, Infraestructuras y Vivienda del Ayuntamiento de Burgos",Other,1,0
Presidencia de la Gerencia de Servicios Sociales del Ayuntamiento de Burgos,Other,1,0
Presidencia de la Hermandad de las Trece Villas de la Venta de Piqueras,Other,1,0
Presidencia de la Junta Central Fallera,Software & Development,1,1
Presidencia de la Mancomunidad Desarrollo de la Cuenca Alta del Najerilla,Software & Development,1,1
Presidencia de la Mancomunidad El Brusco,Other,1,0
Presidencia de la Mancomunidad Espadán Mijares,Data & Analytics,1,0
Presidencia de la Mancomunidad Forestal Aragüés del Puerto-Jasa,Other,1,0
Presidencia de la Mancomunidad Guadalquivir,Other,1,0
Presidencia de la Mancomunidad Integral de Municipios Centro,Other,1,0
Presidencia de la Mancomunidad Intermunicipal La Encina,Infrastructure & Hardware,1,0
Presidencia de la Mancomunidad Intermunicipal de Servicios Sociales Las Cañadas,Other,1,0
Presidencia de la Mancomunidad Intermunicipal del Sureste de Gran Canaria,Software & Development,1,1
Presidencia de la Mancomunidad La Vega,Other,1,0
Presidencia de la Mancomunidad Municipal para el Tratamiento de las Aguas Residuales del Bajo Bierzo,Other,1,0
Presidencia de la Mancomunidad Plana Alta,Other,1,0
Presidencia de la Mancomunidad Plana Baixa,Other,1,0
Presidencia de la Mancomunidad Ribera Izquierda del Ebro,Software & Development,1,0
Presidencia de la Mancomunidad Riberos del Tajo,Infrastructure & Hardware,1,0
Presidencia de la Mancomunidad Riberos del Tajo,Software & Development,1,1
Presidencia de la Mancomunidad Ruta de la Plata,Software & Development,1,1
Presidencia de la Mancomunidad Sanabria-Carballeda,Other,1,0
Presidencia de la Mancomunidad Sayagua,Other,1,0
Presidencia de la Mancomunidad Tierras de Medina,Other,1,0
Presidencia de la Mancomunidad Turística de Sierra Espuña,Other,1,0
Presidencia de la Mancomunidad de Ayuntamientos del Norte de Gran Canaria,Software & Development,1,1
"Presidencia de la Mancomunidad de Calpe, Murla y Vall de Laguar-Pozo Lucifer",Software & Development,1,0
Presidencia de la Mancomunidad de Montearagón,Other,1,0
Presidencia de la Mancomunidad de Municipios Alto Ebro,Other,1,0
Presidencia de la Mancomunidad de Municipios Beturia,Other,1,0
Presidencia de la Mancomunidad de Municipios DELA Mariña Luguesa,Other,1,0
Presidencia de la Mancomunidad de Municipios La Alcarria,Other,1,0
Presidencia de la Mancomunidad de Municipios Rincón de Ademuz,Other,1,0
Presidencia de la Mancomunidad de Municipios Sierra de las Nieves,Infrastructure & Hardware,1,1
Presidencia de la Mancomunidad de Municipios Valle de Esgueva,Other,1,0
Presidencia de la Mancomunidad de Municipios Valle del Burbia,Other,1,0
Presidencia de la Mancomunidad de Municipios Valle del Guadiato,Software & Development,1,1
Presidencia de la Mancomunidad de Municipios de la Bahía de Cádiz,Other,1,0
Presidencia de la Mancomunidad de Municipios de la Bahía de Cádiz,Software & Development,1,1
Presidencia de la Mancomunidad de Municipios de la Comarca de Écija,Infrastructure & Hardware,1,0
Presidencia de la Mancomunidad de Municipios de la Comarca del Campo de Gibraltar,Infrastructure & Hardware,1,1
Presidencia de la Mancomunidad de Municipios de la Costa del Sol Occidental,Cloud,1,0
Presidencia de la Mancomunidad de Municipios de la Costa del Sol-Axarquía,Software & Development,1,0
Presidencia de la Mancomunidad de Municipios de la Zona Centro del Valle de Los Pedroches,Other,1,0
Presidencia de la Mancomunidad de Municipios de las Medianías de Gran Canaria,Infrastructure & Hardware,1,1
Presidencia de la Mancomunidad de Municipios del Alto Asón,Infrastructure & Hardware,1,1
Presidencia de la Mancomunidad de Municipios del Alto Asón,Other,1,0
Presidencia de la Mancomunidad de Municipios del Alto Henares,Other,1,0
Presidencia de la Mancomunidad de Servicios El Alberche,Other,1,0
Presidencia de la Mancomunidad de Servicios Gasset,Other,1,0
Presidencia de la Mancomunidad de Servicios Sociales La Comuna,Other,1,0
Presidencia de la Mancomunidad de Servicios Sociales Mejorada Velilla,Infrastructure & Hardware,1,1
Presidencia de la Mancomunidad de Servicios Sociales Sierra Oeste,Other,1,0
Presidencia de la Mancomunidad de Servicios Sociales del Río Mula,Infrastructure & Hardware,1,0
Presidencia de la Mancomunidad de Servicios Sociales del Río Mula,Other,1,0
Presidencia de la Mancomunidad de Servicios de la Comarca del Noroeste,Infrastructure & Hardware,1,0
Presidencia de la Mancomunidad de Servicios de la Comarca del Noroeste,Other,1,0
Presidencia de la Mancomunidad de Servicios del Alto Tiétar,Other,1,0
Presidencia de la Mancomunidad de Servicios del Suroeste de Madrid,Other,1,0
Presidencia de la Mancomunidad de Servicios del Valle Norte del Lozoya,Infrastructure & Hardware,1,1
Presidencia de la Mancomunidad de la Subbética,Infrastructure & Hardware,1,1
Presidencia de la Mancomunidad de la Subbética,Other,1,0
Presidencia de la Mancomunidad de la Subbética,Software & Development,1,1
Presidencia de la Mancomunidad de los Alcores para la gestión de los RSU,Other,1,0
Presidencia de la Mancomunidad de los Valles del Saja y Corona,Other,1,0
Presidencia de la Mancomunidad del Alto Vinalopó,Other,1,0
Presidencia de la Mancomunidad del Este,Infrastructure & Hardware,1,0
Presidencia de la Mancomunidad del Sur,Cloud,1,2
Presidencia de la Mancomunidad del Sur,Infrastructure & Hardware,1,1
Presidencia de la Mancomunidad del Sur,Software & Development,1,1
Presidencia de la Mancomunidad des Raiguer,Infrastructure & Hardware,1,1
Presidencia de la Mancomunidade de Concellos do Morrazo,Other,1,0
Presidencia de la Mancomunidade do Salnés,Data & Analytics,1,2
Presidencia de la Mancomunidade do Salnés,Infrastructure & Hardware,1,0
Presidencia de la Mancomunitat Alt Maestrat,Infrastructure & Hardware,1,1
Presidencia de la Mancomunitat Intermunicipal Albalat de la Ribera-Polinyà de Xúquer,Other,1,0
Presidencia de la Mancomunitat Intermunicipal Vall del Pop,Software & Development,1,1
"Presidencia de la Mancomunitat Intermunicipal d'Alcàntera de Xúquer, Càrcer, Cotes i Sellent, per a l'abastiment d'aigües potables i altres serveis",Cybersecurity,1,1
"Presidencia de la Mancomunitat Intermunicipal d'Alcàntera de Xúquer, Càrcer, Cotes i Sellent, per a l'abastiment d'aigües potables i altres serveis",Software & Development,1,1
Presidencia de la Mancomunitat de Municipis de la Safor,Infrastructure & Hardware,1,0
Presidencia de la Mancomunitat de Tramuntana,Other,1,0
Presidencia de la Mancomunitat de la Valldigna,Software & Development,1,1
Presidencia de la Oficina Municipal de Tributos de Calviá,Other,1,0
Presidencia de la Oficina Tributaria del Ayuntamiento de Fuenlabrada,Other,1,0
"Presidencia de la Sociedad Mercantil Estatal para la Gestión de la Innovación y las Tecnologías Turísticas, S.A.M.P. (SEGITTUR)",Cloud,1,1
"Presidencia de la Sociedad Mercantil Estatal para la Gestión de la Innovación y las Tecnologías Turísticas, S.A.M.P. (SEGITTUR)",Cybersecurity,1,1
Presidencia de la Sociedad Urbanística de Albudeite S.L.,Other,1,0
"Presidencia de la Sociedad de Infraestructuras y Equipamientos Penitenciarios y de la Seguridad del Estado, S.M.E., S.A",Data & Analytics,1,0
"Presidencia de la Sociedad de Infraestructuras y Equipamientos Penitenciarios y de la Seguridad del Estado, S.M.E., S.A",Software & Development,1,1
Presidencia de la Universidad Popular del Ayuntamiento de Valencia,Software & Development,1,1
Presidencia de laFundación Canaria para la Promoción de la Cultura y las Artes en el Norte de Tenerife,Other,1,0
"Presidencia de los Servizos Urbanos Municipais de Arteixo, S.A",Software & Development,1,1
Presidencia del Auditorio de Galicia,Other,1,0
Presidencia del Cabildo Insular de El Hierro,Cloud,1,3
Presidencia del Cabildo Insular de Fuerteventura,Infrastructure & Hardware,1,1
Presidencia del Cabildo Insular de Lanzarote,Cloud,1,3
Presidencia del Cabildo Insular de la Palma,Software & Development,1,1
"Presidencia del Centre Integrat de Serveis Económics, Societat de Promoció Económica, S.A.",Other,1,0
Presidencia del Centre Municipal de Les Arts Rafel Martí de Viciana,Other,1,0
Presidencia del Centro Iniciativas para la Formación y el Empleo,Infrastructure & Hardware,1,0
"Presidencia del Centro de Investigaciones Energéticas, Medioambientales y Tecnológicas (CIEMAT)",Other,1,0
"Presidencia del Circuito de Jerez, S.A.",Infrastructure & Hardware,1,1
Presidencia del Consejo Económico y Social,Infrastructure & Hardware,1,1
Presidencia del Consejo Económico y Social de les Illes Balears,Other,1,0
Presidencia del Consejo Insular de Aguas de La Palma,Other,1,0
Presidencia del Consejo Insular de Aguas de Tenerife,Software & Development,1,0
"Presidencia del Consejo de Administración de Aparcamientos Municipales y Gestíon Vial de Ceuta, S.A. (AMGEVICESA)",Infrastructure & Hardware,1,0
Presidencia del Consejo de Administración de Guaguas Municipales S.A.,Software & Development,1,2
"Presidencia del Consejo de Administración de Nueva Agricultura Villanovense, S.A. (NAVISA)",Infrastructure & Hardware,1,1
Presidencia del Consejo de Administración de Suelo Industrial de Cantabria S.L.,Other,1,0
Presidencia del Consejo de Administración de la Empresa Malagueña de Transportes S.A.M.,Other,1,0
"Presidencia del Consejo de Administración de la Empresa Provincial de Residuos y Medio Ambiente, S.A.",Infrastructure & Hardware,1,1
"Presidencia del Consejo de Administración de la Empresa Pública Sociedad de Servicios del Principado de Asturias, S.A., M.P.",Other,1,0
"Presidencia del Consejo de Administración de la Empresa de Limpiezas Municipales y Parque del Oeste, S.A.M.",Software & Development,1,1
"Presidencia del Consejo de Administración de la Sociedad Estatal de Infraestructuras del Transporte Terrestre, S.M.E., S.A.",Cybersecurity,1,1
Presidencia del Consejo de Administración de la Sociedad Gestora del PCTCAN S.L.,Other,1,0
"Presidencia del Consejo de Administración del Hipódromo de la Zarzuela, S.A., S.M.E.",Cloud,1,1
"Presidencia del Consejo de Administración del Hipódromo de la Zarzuela, S.A., S.M.E.",Infrastructure & Hardware,1,0
"Presidencia del Consejo de Administración del Hipódromo de la Zarzuela, S.A., S.M.E.",Software & Development,1,0
Presidencia del Consejo de Estado,Cybersecurity,1,1
"Presidencia del Consejo de Gobierno del Consorcio para el Desarrollo de Aplicaciones de Gestión Universitaria, Cixug",Cybersecurity,1,2
Presidencia del Consejo de Transparencia y Buen Gobierno,Cloud,1,2
Presidencia del Consejo de Transparencia y Buen Gobierno,Other,1,0
Presidencia del Consell Agrari de Valencia,Other,1,0
Presidencia del Consell Insular d'Eivissa,Infrastructure & Hardware,1,0
Presidencia del Consell Jurídic Consultiu de la Comunitat Valenciana,Cybersecurity,1,2
Presidencia del Consell de l'Audiovisual de la Comunitat Valenciana,Software & Development,1,0
Presidencia del Consorci Museu Marítim de Mallorca,Other,1,0
Presidencia del Consorcio Agrupación Nº7 - Alcañiz,Other,1,0
Presidencia del Consorcio Almanzora Levante Vélez Para La Recogida de Rsu,Other,1,0
Presidencia del Consorcio Almanzora Levante Vélez Para La Recogida de Rsu,Software & Development,1,0
Presidencia del Consorcio Asturiano de Servicios Tecnológicos,Infrastructure & Hardware,1,1
Presidencia del Consorcio Comarcal de Servicios Sociales de L'Horta Nord,Other,1,0
Presidencia del Consorcio Cáceres Capital Europea de la Cultura 2031,Software & Development,1,1
Presidencia del Consorcio Gestión de Residuos Sólidos Urbanos Agrupación 5 de Calatayud,Other,1,0
Presidencia del Consorcio Gestor del Pacto Territorial para el Empleo de los Municipios Cerámicos y su Área de Influencia en la Provincia de Castellón,Other,1,0
Presidencia del Consorcio Provincial de Medio Ambiente de Albacete,Software & Development,1,2
Presidencia del Consorcio Provincial de Ourense para a Prestación do Servizo contra Incendios e de Salvamento,Other,1,0
Presidencia del Consorcio Provincial de Pontevedra para a Prestación do Servizo contra Incendios e Salvamento,Software & Development,1,1
Presidencia del Consorcio Provincial del Agua de Málaga,Infrastructure & Hardware,1,1
"Presidencia del Consorcio Provincial para la Prestación del Servicio de Prevención, Extinción de Incendios y Salvamentos de la Provincia de Granada",Infrastructure & Hardware,1,1
"Presidencia del Consorcio Provincial para la Prestación del Servicio de Prevención, Extinción de Incendios y Salvamentos de la Provincia de Granada",Software & Development,1,0
Presidencia del Consorcio Universitario del Centro Asociado a la UNED en Baza,Software & Development,1,1
Presidencia del Consorcio Valencia Interior,Other,1,0
Presidencia del Consorcio de Emergencias de Gran Canaria,Software & Development,1,1
Presidencia del Consorcio del Agua de Lanzarote,Data & Analytics,1,0
Presidencia del Consorcio para el Servicio de Prevención y Extinción de Incendios y de Salvamento de la Provincia de Valencia,Software & Development,1,0
"Presidencia del Consorcio para el Servicio de Prevención, Extinción de Incendios, Protección Civil y Salvamento de la Provincia de Guadalajara",Software & Development,1,1
"Presidencia del Consorcio para la Ejecución de las Previsiones del Plan Zonal de Residuos 5, Área de Gestión V4",Other,1,0
Presidencia del Consorcio para la Gestión Turística del Canal de Castilla,Software & Development,1,1
"Presidencia del Consorcio para la Gestión de Residuos, Aguas y Servicios de la Provincia de Ciudad Real",Infrastructure & Hardware,1,1
Presidencia del Consorcio para la Recuperación Económica y de la Actividad de la Marina Alta (CREAMA),Software & Development,1,1
Presidencia del Fondo de Reestructuración Ordenada Bancaria,Software & Development,1,0
Presidencia del Institut Mallorquí d' Afers Socials,Software & Development,1,0
Presidencia del Instituto Insular de Deportes de Gran Canaria,Cybersecurity,1,1
Presidencia del Instituto Insular de Deportes de Gran Canaria,Software & Development,1,0
Presidencia del Instituto Municipal de Asuntos Sociales del Ayuntamiento de Cáceres,Software & Development,1,1
Presidencia del Instituto Municipal de Deportes de Alcázar de San Juan,Other,1,0
Presidencia del Instituto Municipal de Deportes de Segovia,Other,1,0
Presidencia del Instituto Municipal de Dinamización Ciudadana del Ayuntamiento de Mairena del Aljarafe,Software & Development,1,1
Presidencia del Instituto Municipal de Empleo y Formación Empresarial (IMEFE),Infrastructure & Hardware,1,0
Presidencia del Instituto Municipal de Empleo y Formación Empresarial (IMEFE),Software & Development,1,1
Presidencia del Instituto Municipal de Limpiezas y Servicios de Fuenlabrada,Other,1,0
Presidencia del Instituto Municipal de Toxicomanías e Intervención en Áreas Sociales del Excmo. Ayto. de Gáldar,Other,1,0
Presidencia del Instituto canario de Investigaciones Agrarias,Infrastructure & Hardware,1,1
Presidencia del Instituto canario de Investigaciones Agrarias,Other,1,0
Presidencia del Instituto de Atención Social y Sociosanitaria del Cabildo Insular de gran Canaria,Software & Development,1,0
Presidencia del OAM València Sostenible,Software & Development,1,1
Presidencia del Organismo Autónomo Instituto de Estudios Albacetenses,Other,1,0
Presidencia del Organismo Autónomo Local FAHALA del Ayuntamiento de Alhaurín el Grande,Software & Development,1,1
"Presidencia del Organismo Autónomo Local del Servicio de Atención a la Tercera Edad, Residencia Zallako Eguzki",Other,1,0
"Presidencia del Organismo Autónomo Local, Iniciativa para la Promoción Económica de Talavera",Infrastructure & Hardware,1,0
"Presidencia del Organismo Autónomo Local, Iniciativa para la Promoción Económica de Talavera",Other,1,0
Presidencia del Organismo Autónomo Servicios Tributarios de Ceuta,Data & Analytics,1,0
Presidencia del Organismo Autónomo Servicios Tributarios de Ceuta,Software & Development,1,1
Presidencia del Organismo Autónomo Zaragoza Turismo,AI & Machine Learning,1,1
Presidencia del Organismo Autónomo Zaragoza Turismo,Software & Development,1,1
Presidencia del Organismo Autónomo de Deportes del Ayuntamiento de Arona,Infrastructure & Hardware,1,0
Presidencia del Organismo Autónomo de Deportes del Ayuntamiento de Arona,Other,1,0
Presidencia del Organismo Autónomo de Escuelas Infantiles de Pájara,Other,1,0
Presidencia del Organismo Autónomo de Fiestas y Actividades Recreativas del Excmo. Ayuntamiento de Santa Cruz de Tenerife,Other,1,0
Presidencia del Organismo Autónomo de Gestión Económica y Recaudación del Excmo. Ayuntamiento de Salamanca (O.A.G.E.R.),Cybersecurity,1,2
Presidencia del Organismo Autónomo de Gestión Económica y Recaudación del Excmo. Ayuntamiento de Salamanca (O.A.G.E.R.),Data & Analytics,1,0
Presidencia del Organismo Autónomo de Recaudación y Gestión (REVAL),Other,1,0
Presidencia del Organismo Autónomo de Recaudación y Gestión (REVAL),Software & Development,1,1
Presidencia del Organismo Autónomo de Recaudación y Gestión Tributaria de la Diputación de Cáceres,Software & Development,1,0
Presidencia del Organismo Provincial de Asistencia Económica y Fiscal (OPAEF),Infrastructure & Hardware,1,0
Presidencia del Patronato Fundación General de la Universidad de Salamanca,Other,1,0
Presidencia del Patronato Insular de Música del Cabildo Insular de Tenerife,Software & Development,1,1
Presidencia del Patronato Municipal de Actividades Culturales - PMAC,Software & Development,1,0
Presidencia del Patronato Municipal de Medios de Comunicación,Infrastructure & Hardware,1,0
Presidencia del Patronato Provincial de Turismo de Salamanca,Other,1,0
Presidencia del Patronato Provincial de Turismo de la Diputación de Cádiz,Other,1,0
Presidencia del Patronato Residencia de Mayores de Coria,Other,1,0
"Presidencia del Patronato de Cultura, Turismo y Fiestas del Excmo. Ayuntamiento de Jaén",Software & Development,1,0
Presidencia del Patronato de Recaudación Provincial,Infrastructure & Hardware,1,0
Presidencia del Patronato de la Fundación Clínica Universitaria de la Universidad Rey Juan Carlos,Infrastructure & Hardware,1,1
Presidencia del Patronato de la Fundación Puerto y Ría de Bilbao,Other,1,0
Presidencia del Patronato de la Fundación San Roque,Other,1,0
Presidencia del Patronato del Museo Ramón Gaya,Other,1,0
"Presidencia del Sociedad Municipal de Aparcamientos y Servicios, S.A.",Software & Development,1,0
Presidencia del Tribunal de Cuentas,Infrastructure & Hardware,1,0
Presidencia del extinto Centro Municipal de Informática de Málaga,Other,1,0
Presidencia del extinto Centro Municipal de Informática de Málaga,Software & Development,1,1
"Presidencia y Dirección de Administración y Finanzas de la de la Sociedad Mercantil Estatal para la Gestión de la Innovación y las Tecnologías Turísticas, S.A.M.P. (SEGITTUR)",Data & Analytics,1,1
"Presidencia y Vicepresidencia Mancomunada de Gestión de Infraestructuras Públicas de Telecomunicaciones del Principado de Asturias, S.A.",Infrastructure & Hardware,1,1
"Presidencia y Vicepresidencia Mancomunada de Gestión de Infraestructuras Públicas de Telecomunicaciones del Principado de Asturias, S.A.",Other,1,0
Presidenta de Mancomunidad de Municipios Campiña Sur Cordobesa,Software & Development,1,1
Presidente Delegado del Patronato de la Fundación Gómez Planche,Other,1,0
Presidente de Instituto Municipal de Bienestar Social de Palma del Río (Córdoba),Other,1,0
Presidente de Patronato Deportivo Municipal de Palma del Río (Córdoba),Other,1,0
Presidente de la Autoridad Independiente de Protección del Informante,Other,1,0
Presidente de la Comarca Alto Gallego,Software & Development,1,1
Presidente de la Comarca de la Litera,Software & Development,1,1
Presidente de la Comarca del Cinca Medio,Other,1,0
Presidente de la Entidad Local Autónoma de Tharsis,Other,1,0
Presidente de la Junta Vecinal de Praves,Other,1,0
Presidente de la Mancomunidad de Municipios de la Costa Tropìcal de Granada,Software & Development,1,1
Presidente de la Mancomunitat Migjorn de Mallorca,Infrastructure & Hardware,1,1
Presidente del Consejo de Administración de Jardines y Medio Ambiente Empresa Municipal S.A.,Other,1,0
Presidente del Instituto Alicantino de la Familia Dr. Pedro Herrero,Other,1,0
Presidente del Instituto Municipal Empleo y Promoción Económica de Alcorcón (IMEPE),Infrastructure & Hardware,1,1
"Primera Teniente delegada del área de régimen interno, personal, contratación, servicios sociales, seguridad ciudadana, medio ambiente y juventud del Ayuntamiento de Castalla",Other,1,0
RED LOGÍSTICA DE ANDALUCÍA S.A.,Other,1,0
RENFE VIAJEROS SOCIEDAD MERCANTIL ESTATAL S.A.,Other,1,0
REUS SERVEIS MUNICIPALS SA,Other,1,0
"RUMASA S.A., S.M.E. En Liquidación",Other,1,0
"Radio Pública de Canarias, S.A.",Other,1,0
Rector de la Universidad Carlos III de Madrid,Cloud,1,2
Rector de la Universidad Carlos III de Madrid,Data & Analytics,1,0
Rectorado de la Universidad Complutense de Madrid,Data & Analytics,1,0
Rectorado de la Universidad Internacional de Andalucía,Data & Analytics,1,1
Rectorado de la Universidad Miguel Hernández de Elche,Data & Analytics,1,1
Rectorado de la Universidad Pablo de Olavide,Cloud,1,1
Rectorado de la Universidad Politécnica de Cartagena,Data & Analytics,1,1
Rectorado de la Universidad de Almería,Cloud,1,2
Rectorado de la Universidad de Córdoba,Data & Analytics,1,0
Rectorado de la Universidad de Extremadura,Cloud,1,1
Rectorado de la Universidad de Granada,AI & Machine Learning,1,1
Rectorado de la Universidad de Huelva,Cloud,1,1
Rectorado de la Universidad de La Laguna,Cloud,1,2
Rectorado de la Universidad de La Laguna,Cybersecurity,1,1
Rectorado de la Universidad de La Laguna,Infrastructure & Hardware,1,1
Rectorado de la Universidad de Las Palmas de Gran Canaria,Cloud,1,1
Rectorado de la Universidad de Murcia,Cybersecurity,1,1
Rectorado de la Universidad de Málaga,Cybersecurity,1,1
Rectorado de la Universidad de Oviedo,Cybersecurity,1,1
Rectorado de la Universidad de Salamanca,Data & Analytics,1,1
Rectorado de la Universidad de Sevilla,Cloud,1,1
Rectorado de la Universidad de Vigo,AI & Machine Learning,1,1
Rectorado de la Universidad de Vigo,Cloud,1,2
Rectorado de la Universidad de Zaragoza,AI & Machine Learning,1,1
Rectorado de la Universidad de les Illes Balears,AI & Machine Learning,1,2
"Red Eléctrica de España, S.A.U. (REE) y Red Eléctrica infraestructuras en Canarias, S.A.U. (REINCAN)",Other,1,0
"Red Eléctrica de España, S.A.U. (Red Eléctrica)",Other,1,0
"Redes de Telecomunicación Galegas Retegal, S.A.",Infrastructure & Hardware,1,1
"Regidoria Delegada d'Hisenda, Contractació i Promoció Econòmica de l'Ajuntament d'Alcúdia",Software & Development,1,2
"Renfe Viajeros S.M.E., S.A. - Dirección de Compras",Software & Development,1,2
Residuos de Melilla S.A. (REMESA),Infrastructure & Hardware,1,1
Reus Serveis Municipals SA,Software & Development,1,1
"Reus Serveis Municipals, S.A.",Other,1,0
SALUT SANT JOAN DE REUS - BAIX CAMP,Other,1,0
SERGAS. Servicio Gallego de Salud. Dirección General de Recursos Económicos. Subdirección General de Inversiones,Infrastructure & Hardware,1,1
SERGAS. Servizo Galego de Saúde,Other,1,0
"SERVEIS AMBIENTALS DEL VALLES ORIENTAL,S.A",Other,1,0
SERVICIO ANDALUZ DE SALUD. COMPLEJO HOSPITALARIO TORRECÁRDENAS,Other,1,0
SERVICIO ANDALUZ DE SALUD. HOSPITAL UNIVERSITARIO JUAN RAMON JIMENEZ,Other,1,0
SERVICIO ANDALUZ DE SALUD. HOSPITAL UNIVERSITARIO PUERTA DEL MAR,Other,1,0
SERVICIO ANDALUZ DE SALUD. HOSPITAL UNIVERSITARIO REGIONAL DE MÁLAGA,Infrastructure & Hardware,1,1
SERVICIO ANDALUZ DE SALUD. SERVICIOS CENTRALES,Other,1,0
SERVICIO ANDALUZ DE SALUD. ÁREA HOSPITALARIA VIRGEN DEL ROCÍO,Other,1,0
SERVICIO DE SALUD DEL PRINCIPADO DE ASTURIAS,Infrastructure & Hardware,1,0
SERVICIO DE SALUD DEL PRINCIPADO DE ASTURIAS,Software & Development,1,1
SERVICIO NAVARRO DE SALUD - OSASUNBIDEA,Other,1,0
SERVICIO NAVARRO DE SALUD-OSASUNBIDEA,Other,1,0
"SERVICIOS DE MONTEJURRA, S.A.",Other,1,0
SOCIEDAD MERCANTIL ESTATAL AGUAS DE LAS CUENCAS DE ESPAÑA S.A.,Other,1,0
"SOCIEDAD MERCANTIL ESTATAL AGUAS DE LAS CUENCAS DE ESPAÑA, S.A.",Other,1,0
Salut Sant Joan de Reus - Baix Camp,Data & Analytics,1,2
Salut Sant Joan de Reus - Baix Camp,Other,1,0
Sección de Asuntos Económicos de la Dirección de Infraestructura,Software & Development,1,1
"Sección de Asuntos Económicos de la Jefatura Sistemas de Información, Telecomunicaciones y Asistencia Técnica",Cloud,1,1
"Sección de Asuntos Económicos de la Jefatura Sistemas de Información, Telecomunicaciones y Asistencia Técnica",Infrastructure & Hardware,1,0
Sección de Asuntos Económicos del Parque y Centro de Abastecimiento de Material de Intendencia,Data & Analytics,1,0
Sección de Asuntos Económicos del Parque y Centro de Abastecimiento de Material de Intendencia,Infrastructure & Hardware,1,0
Sección de Asuntos Económicos del Parque y Centro de Mantenimiento de Helicópteros,Software & Development,1,1
"Secretaría General Técnica de la Consejería de Bienestar Social, Igualdad, Juventud, Infancia y Familias",Other,1,0
"Secretaría General Técnica de la Consejería de Economía, Industria, Comercio y Autónomos",Infrastructure & Hardware,1,0
"Secretaría General Técnica de la Consejería de Economía, Industria, Comercio y Autónomos",Other,1,0
"Secretaría General Técnica de la Consejería de Educación, Formación Profesional, Actividad Física y Deportes del Gobierno de Canarias",Infrastructure & Hardware,1,0
"Secretaría General Técnica de la Consejería de Educación, Formación Profesional, Actividad Física y Deportes del Gobierno de Canarias",Software & Development,1,0
"Secretaría General Técnica de la Consejería de Obras Públicas, Vivienda y  Movilidad del Gobierno de Canarias",Other,1,0
"Secretaría General Técnica de la Consejería de Política Territorial, Cohesión Territorial y Aguas de Canarias",Infrastructure & Hardware,1,1
"Secretaría General Técnica de la Consejería de Presidencia, Administraciones Públicas, Justicia y Seguridad del Gobierno de Canarias",Other,1,0
Secretaría General Técnica de la Consejería de Transición Ecológica y Energía de Canarias,Other,1,0
"Secretaría General Técnica de la Consejería de Universidades, Ciencia e Innovación y Cultura del Gobierno de Canarias",Other,1,0
Secretaría General Técnica del Ministerio de Hacienda,Cloud,1,1
Secretaría General Técnica del Ministerio de Hacienda,Other,1,0
"Secretaría General de Agenda Urbana, Vivienda y Arquitectura",Software & Development,1,1
Secretaría General de Financiación Autonómica y Local,Software & Development,1,1
Secretaría General de Formación Profesional,Other,1,0
Secretaría General de Innovación,Other,1,0
"Secretaría General de Salud Digital, Información e Innovacion del Sistema Nacional de Salud",AI & Machine Learning,1,2
Secretaría General de Universidades,Other,1,0
Secretaría General de la Agencia Española de Medicamentos y Productos Sanitarios,Data & Analytics,1,0
Secretaría General de la Agencia Española de Medicamentos y Productos Sanitarios,Infrastructure & Hardware,1,1
Secretaría General de la Consejería de Desarrollo Sostenible de la Junta de Comunidades de Castilla-La Mancha,Infrastructure & Hardware,1,1
"Secretaría General de la Consejería de Economía, Empresas y Empleo de la Junta de Comunidades de Castilla-La Mancha",Software & Development,1,1
"Secretaría General de la Consejería de Educación, Cultura y Deportes de la Junta de Comunidades de Castilla-La Mancha",AI & Machine Learning,1,3
"Secretaría General de la Consejería de Educación, Cultura y Deportes de la Junta de Comunidades de Castilla-La Mancha",Cloud,1,4
"Secretaría General de la Consejería de Hacienda, Administraciones Públicas y Transformación Digital de la Junta de Comunidades de Castilla-La Mancha",Data & Analytics,1,2
Secretaría General de la Dirección General del Patrimonio del Estado,Infrastructure & Hardware,1,0
Secretaría General de la Federación Andaluza de Municipios y Provincias,Other,1,0
Secretaría General de la Federación Andaluza de Municipios y Provincias,Software & Development,1,1
Secretaría General de la Federación de Municipios de Madrid,Other,1,0
Secretaría General de la Federación de Municipios y Provincias de Castilla-La Mancha,Software & Development,1,1
Secretaría General de la Federación de Municipios y Provincias de Extremadura,Other,1,0
Secretaría General de la Fundación Internacional y para Iberoamérica de Administración Políticas Públicas,Data & Analytics,1,0
Secretaría General de la Fundación Internacional y para Iberoamérica de Administración Políticas Públicas,Software & Development,1,1
Secretaría General de la Mutualidad de Funcionarios Civiles del Estado (MUFACE),Cloud,1,2
Secretaría General de las Cortes de Castilla-La Mancha,Infrastructure & Hardware,1,1
Secretaría General del Tesoro y Financiación Internacional,Data & Analytics,1,0
Secretaría General del Tesoro y Financiación Internacional,Software & Development,1,1
Secretaría de Estado de Energía,Other,1,0
Secretaría de Estado de Función Pública,Other,1,0
Secretaría de Estado de Igualdad,Other,1,0
Secretaría de Estado de Infraestructuras Transportes y Vivienda- Demarcación de Carreteras del Estado en Asturias,Infrastructure & Hardware,1,1
"Secretaría de Estado de Infraestructuras, Transporte y Vivienda - Demarcación de Carreteras del Estado en Castilla-La Mancha",Infrastructure & Hardware,1,1
Secretaría de Estado de Planificación e Infraestructuras - Demarcación de Carreteras del Estado en Cataluña,Infrastructure & Hardware,1,1
Secretaría de la Fundación Calvià 365,Infrastructure & Hardware,1,1
"Servei d'Incineració de Residus Urbans, SA",Software & Development,1,1
Serveis Ferroviaris de Mallorca (SFM),Cloud,1,1
"Serveis Mediambientals de la Selva, NORA S.A.",Other,1,0
"Serveis Municipals de Santanyi, S.L.U.",Infrastructure & Hardware,1,1
Serveis de Millora Agrària i Pesquera,Infrastructure & Hardware,1,0
"Servicio Andaluz de Salud, Complejo Hospitalario Torrecárdenas",Other,1,0
Servicio Andaluz de Salud. Hospital Universitario Juan Ramón Jiménez,Infrastructure & Hardware,1,0
Servicio Andaluz de Salud. Hospital Universitario Regional de Málaga,Other,1,0
Servicio Andaluz de Salud. Hospital Universitario Regional de Málaga.,Other,1,0
Servicio Andaluz de Salud. Hospital Universitario Reina Sofía,Other,1,0
Servicio Andaluz de Salud. Hospital Universitario Virgen del Rocío,Software & Development,1,1
Servicio Andaluz de Salud. Hospital Universitario Virgen del Rocío.,Other,1,0
Servicio Andaluz de Salud. Hospital Universitario de Jaén.,Infrastructure & Hardware,1,0
Servicio Andaluz de Salud. Hospital Universitario de Jaén.,Software & Development,1,2
Servicio Andaluz de Salud. Hospital Universitario de Málaga,Infrastructure & Hardware,1,1
Servicio Andaluz de Salud. Hospital Universitario de Málaga,Software & Development,1,2
Servicio Andaluz de Salud. Hospital Universitario de Torrecárdenas.,Data & Analytics,1,0
Servicio Andaluz de Salud. Hospital Universitario de Torrecárdenas.,Other,1,0
Servicio Andaluz de Salud. Servicios Centrales.,Other,1,0
Servicio Andaluz de Salud. Área Hospitalaria Virgen del Rocío.,Software & Development,1,2
Servicio Canario de Empleo,Infrastructure & Hardware,1,0
Servicio Cántabro de Salud,Data & Analytics,1,2
Servicio Extremeño Público de Empleo (SEXPE),Infrastructure & Hardware,1,1
Servicio Gallego de Salud,Cloud,1,2
Servicio Gallego de Salud,Cybersecurity,1,2
"Servicio Gallego de Salud - Área Sanitaria de Lugo, A Mariña y Monforte de Lemos",Infrastructure & Hardware,1,1
"Servicio Gallego de Salud - Área Sanitaria de Lugo, A Mariña y Monforte de Lemos",Other,1,0
Servicio Gallego de Salud. Área Sanitaria de Santiago de Compostela y Barbanza,Infrastructure & Hardware,1,1
"Servicio Madrileno de Salud, Hospital Universitario La Paz",Software & Development,1,1
Servicio Madrileño de Salud - Hospital Universitario La Paz,Software & Development,1,1
Servicio Madrileño de Salud — Hospital Universitario 12 de Octubre,Other,1,0
"Servicio Madrileño de Salud, Hospital Universitario 12 de Octubre",Other,1,0
Servicio Meteorológico de Catalunya,Infrastructure & Hardware,1,1
Servicio Murciano de Salud - Gerencia,Data & Analytics,1,1
Servicio Público de Empleo de Castilla y León,Cloud,1,2
Servicio Público de Empleo de Castilla y León,Infrastructure & Hardware,1,0
Servicio Público de Empleo de Castilla y León,Software & Development,1,2
Servicio Riojano de Salud,Infrastructure & Hardware,1,0
Servicio Territorial de Cultura y Turismo de Soria,Other,1,0
Servicio Territorial de Movilidad y Transformación Digital de León,Other,1,0
Servicio Territorial de Movilidad y Transformación Digital de Palencia,Other,1,0
Servicio Territorial de Movilidad y Transformación Digital de Segovia,Other,1,0
Servicio Territorial de Movilidad y Transformación Digital de Soria,Other,1,0
Servicio Territorial de Movilidad y Transformación Digital de Ávila,Infrastructure & Hardware,1,1
Servicio de Contratación,Other,1,0
Servicio de Contratación y Compras del Ayuntamiento de San Bartolomé de Tirajana,Cloud,1,2
Servicio de Contratación y Compras del Ayuntamiento de San Bartolomé de Tirajana,Cybersecurity,1,1
Servicio de Contratación y Convenios,Other,1,0
Servicio de Empleo de las Illes Balears,Infrastructure & Hardware,1,0
Servicio de Salud - Servicios Centrales,Data & Analytics,1,0
"Servicios de la Comarca de Pamplona , S.A.",Software & Development,1,1
Servizo Galego de Saúde,Data & Analytics,1,3
Servizo Galego de Saúde. Área Sanitaria de Ferrol,Other,1,0
Servizo Galego de Saúde. Área Sanitaria de Ferrol,Software & Development,1,1
"Servizo Galego de Saúde. Área Sanitaria de Lugo, A Mariña y Monforte de Lemos",Other,1,0
Servizo Galego de Saúde.Área Sanitaria de Vigo,Software & Development,1,1
Sindicatura de Cuentas de las Illes Balears,Cloud,1,2
Sindicatura de Cuentas de las Illes Balears,Cybersecurity,1,1
Sindicatura de Cuentas de las Illes Balears,Other,1,0
Sindicatura de Cuentas del Principado de Asturias,Cloud,1,2
Sindicatura de Cuentas del Principado de Asturias,Infrastructure & Hardware,1,1
Sistema d'Emergències Mèdiques,Infrastructure & Hardware,1,1
Sistema d'Emergències Mèdiques,Other,1,0
Sistema d'Emergències Mèdiques,Software & Development,1,1
Sociedad Estatal de Promoción Industrial y Desarrollo Empresarial Entidad Pública Empresarial,Other,1,0
Sociedad Mercantil Estatal de Acción Cultural S.A.,Cloud,1,1
Sociedad Municipal de Viviendas y de Servicios de San Cristóbal de La Laguna,Data & Analytics,1,0
"Sociedad Pública de Gestión Ambiental, IHOBE, S.A. - IHOBE, S.A.",Other,1,0
"Sociedad encargada de la regeneración Socio urbanística de la parte baja de Sestao - SESTAO BERRI 2010, S.A.",Software & Development,1,1
"Sociedade Galega do Medio Ambiente, S.A.",Other,1,0
"Sociedade Galega do Medio Ambiente, S.A.",Software & Development,1,2
Societat Valenciana  de Inspecció Técnica de Vehicles S.A.,Cloud,1,1
Subdelegación del Gobierno en Albacete,Other,1,0
Subdelegación del Gobierno en Bizkaia,Other,1,0
Subdelegación del Gobierno en Castellón,Other,1,0
Subdelegación del Gobierno en Ciudad Real,Other,1,0
Subdelegación del Gobierno en Cádiz,Other,1,0
Subdelegación del Gobierno en Córdoba,Other,1,0
Subdelegación del Gobierno en Girona,Other,1,0
Subdelegación del Gobierno en Granada,Other,1,0
Subdelegación del Gobierno en Huesca,Other,1,0
Subdelegación del Gobierno en Jaén,Other,1,0
Subdelegación del Gobierno en León,Other,1,0
Subdelegación del Gobierno en Lleida,Other,1,0
Subdelegación del Gobierno en Lugo,Other,1,0
Subdelegación del Gobierno en Pontevedra,Other,1,0
Subdelegación del Gobierno en Salamanca,Other,1,0
Subdelegación del Gobierno en Santa Cruz de Tenerife,Infrastructure & Hardware,1,1
Subdelegación del Gobierno en Santa Cruz de Tenerife,Other,1,0
Subdelegación del Gobierno en Tarragona,Infrastructure & Hardware,1,1
Subdelegación del Gobierno en Ávila,Other,1,0
Subdirección General Económica de ASEPEYO. Mutua Colaboradora con la Seguridad Social. num. 151,Cybersecurity,1,1
Subdirección General Económica de ASEPEYO. Mutua Colaboradora con la Seguridad Social. num. 151,Infrastructure & Hardware,1,1
Subdirección General de Adquisiciones de Armamento y Material DGAM,AI & Machine Learning,1,3
Subdirección General de Adquisiciones de Armamento y Material DGAM,Cybersecurity,1,1
Subdirección General de Análisis Presupuestario y Gestión Financiera del Instituto de Mayores y Servicios Sociales,Software & Development,1,0
Subdirección General de Gestión Económica,Data & Analytics,1,1
Subdirección General de Gestión Económica de Programas de la Dirección General de Armamento y Material,Other,1,0
Subdirección General de Gestión Económica de Programas de la Dirección General de Armamento y Material,Software & Development,1,1
Subdirección General de Gestión Económica y Patrimonial,Cloud,1,0
Subdirección General de Gestión Financiera y Asuntos Generales,Cloud,1,1
Subdirección General de Oficialía Mayor,Infrastructure & Hardware,1,1
Subdirección General de Oficialía Mayor del Ministerio de Trabajo y Economía Social,Other,1,0
Subdirección General de Oficialía Mayor y Administración Financiera,Other,1,0
Subdirección General de Personal del Ministerio de Educación y Formación Profesional,Other,1,0
Subdirección General de Planificacion y Gestion de Infraestructuras y Medios para la Seguridad,Cloud,1,0
Subdirección General de Planificación Ferroviaria,Infrastructure & Hardware,1,1
Subdirección General de Planificación y Gestión Económica,Infrastructure & Hardware,1,1
Subdirección General de Recursos Humanos e Inspección de Servicios,Other,1,0
Subdirección General de Recursos Humanos y de Inspección de Servicios,Other,1,0
Subdirección General de Relaciones Internacionales y Publicaciones,Other,1,0
Subdirección General de la Oficina Presupuestaria y Gestión Económica,Cloud,1,0
Subdirección General de la Oficina Presupuestaria y Gestión Económica,Infrastructure & Hardware,1,0
Subdirección de Contratación de Mantenimiento,Other,1,0
"Subsecretaría - Conselleria de Agricultura, Desarrollo Rural, Emergencias Climáticas y Transición Ecológica",Other,1,0
"Subsecretaría - Conselleria de Agricultura, Desarrollo Rural, Emergencias Climáticas y Transición Ecológica",Software & Development,1,1
Subsecretaría - Conselleria de Hacienda y Economía de la Generalitat Valenciana,Other,1,0
"Subsecretaría - Conselleria de Innovación, Universidades, Ciencia y Sociedad Digital",Other,1,0
Subsecretaría - Conselleria de Justicia e Interior de la Generalitat Valenciana,Software & Development,1,2
Subsecretaría de Cultura,Software & Development,1,2
Subsecretaría de Sanidad,Other,1,0
"Subsecretaría de la Conselleria de Agricultura, Agua, Ganadería y Pesca",Software & Development,1,2
"Subsecretaría del Ministerio de Agricultura, Pesca y Alimentación",Other,1,0
"Subsecretaría del Ministerio de Economía, Comercio y Empresa",Cloud,1,1
Subsecretaría del Ministerio de Juventud e Infancia,Other,1,0
"Subsecretaría del Ministerio de la Presidencia, Justicia y Relaciones con las Cortes",Other,1,0
"Subsecretaría-Conselleria de Justicia, Transparencia y Participación de la Generalitat Valenciana",Infrastructure & Hardware,1,0
"Suelo y Vivienda de Aragón, S.L.U.",Software & Development,1,1
TGSS-Dirección provincial de Badajoz,Other,1,0
TGSS-Dirección provincial de Ciudad Real,Infrastructure & Hardware,1,1
TGSS-Tesorería General de la Seguridad Social,Infrastructure & Hardware,1,1
TGSS-Tesorería General de la Seguridad Social,Other,1,0
"TRACTAMENT I SELECCIO DE RESIDUS, S.A.",Other,1,0
"TXINZER - Servicio de Txingudi-Txingudiko Zerbitzuak, S.A.",Other,1,0
Teatro Cervantes de Málaga,Software & Development,1,1
"Televisión Autonómica de Aragón, S.A.U.",Data & Analytics,1,1
"Tenencia de Alcaldía de Cohesión Social, Comunicación y Policía Local del Ajuntament de Calvià",Other,1,0
"Tenencia de Alcaldía de Hacienda, Contratación, Seguridad y Fiestas del Ayuntamiento de Arona",Infrastructure & Hardware,1,1
"Tenencia de Alcaldía de Hacienda, Contratación, Seguridad y Fiestas del Ayuntamiento de Arona",Software & Development,1,0
"Teniente Alcalde, Delegado de Contratación del Ayuntamiento de Lebrija",Cloud,1,1
Teniente de Alcalde de Contratación Pública del Ayuntamiento de Elche,Infrastructure & Hardware,1,1
Teniente de Alcalde de Contratación Pública del Ayuntamiento de Elche,Software & Development,1,1
Teniente de Alcalde de Contratación del Ayuntamiento de Antequera,Software & Development,1,1
"Teniente de Alcalde delegada de Policía Local, Protección Civil, Juventud, Participación Ciudadana, Eventos y Ciudadanos extranjeros del Ayuntamiento de Calviá",Software & Development,1,1
"Teniente de Alcalde delegada de Servicios Generales, Informática, Comunicación y Coordinación Municipal del Ayuntamiento de Calviá",Cloud,1,2
"Teniente de Alcalde delegado de Economía, Contratación y Deportes del Ayuntamiento de Calviá",Software & Development,1,1
"Teniente de Alcalde delegado de Movilidad y Transportes, Igualdad, Món Rural, Bienestar Animal, Mantenimiento y Cultura del Ayuntamiento de Calviá",Cloud,1,0
Tesorería General de la Seguridad Social,Other,1,0
The European Joint Undertaking for ITER and the Development of Fusion Energy ('Fusion for Energy'),Data & Analytics,1,3
"ThinkUPC, SLU",Software & Development,1,1
"Tracasa Instrumental, S.L.",Software & Development,1,2
"Transportes Urbanos de Sevilla, SAM",Infrastructure & Hardware,1,0
"Transports de Barcelona, SA",Cybersecurity,1,1
"Transports de Barcelona, SA",Data & Analytics,1,0
Tribunal Administrativo de Recursos Contractuales de la Junta de Andalucía,Other,1,0
Tribunal Catalán de Contratos del Sector Público,Infrastructure & Hardware,1,1
UNIVERSIDAD COMPLUTENSE DE MADRID,Software & Development,1,2
UPV/EHU - Universidad del País Vasco - Vicegerencia de las Tecnologías de la Información y de las Comunicaciones de la UPV/EHU,Infrastructure & Hardware,1,0
UPV/EHU - Universidad del País Vasco - Vicegerencia de las Tecnologías de la Información y de las Comunicaciones de la UPV/EHU,Other,1,0
UPV/EHU - Universidad del País Vasco - Vicerrectorado del Campus de Gipuzkoa de la UPV/EHU,Other,1,0
"UTE ELECTRIFICACIÓN JÁTIVA – NUDO DE LA ENCINA (CONSTITUIDA POR COBRA INSTALACIONES Y SERVICIOS, S.A - ISPALVIA S.L.U. – SOCIEDAD ESPAÑOLA DE MONTAJES INDUSTRIALES S.A.)",Other,1,0
Unidad de Acción Educativa Exterior,Software & Development,1,0
"Unidad de Medios Internos - Área de Compras del Consorcio Internacional de Aseguradores de Crédito S.A., S.M.E. (CIAC)",Other,1,0
Universidad Rey Juan Carlos,Other,1,0
Universidad de La Rioja,Infrastructure & Hardware,1,0
Universidad de La Rioja,Other,1,0
Universidade da Coruña,Other,1,0
Universidade de Santiago de Compostela,Infrastructure & Hardware,1,1
Universitat Autònoma de Barcelona,Data & Analytics,1,0
Universitat Autònoma de Barcelona,Other,1,0
Universitat Jaume I,Other,1,0
Universitat Rovira i Virgili,Cloud,1,3
Universitat de Barcelona,Data & Analytics,1,0
Universitat de Barcelona,Infrastructure & Hardware,1,2
Universitat de Barcelona,Other,1,0
Universitat de Barcelona - Oficina de Contratación Administrativa,Infrastructure & Hardware,1,0
Universitat de Girona,Software & Development,1,1
"VERIFICACIONES INDUSTRIALES DE ANDALUCÍA, S.A.",Cybersecurity,1,1
"VISESA - Vivienda y Suelo de Euskadi, S.A. - Departamento de Procesos y Sistemas",Software & Development,1,1
"Vallter, SA",Other,1,0
"Verificaciones Industriales de Andalucía, S.A.",Software & Development,1,2
Viceconsejería de Administraciones y Transparencia de la Comunidad Autónoma de Canarias,Other,1,0
Viceconsejería de Comunicación y Relaciones con los Medios del Gobierno de Canarias,Other,1,0
Viceconsejería de Cultura y Patrimonio Cultural del Gobierno de Canarias,Cloud,1,2
Viceconsejería de Cultura y Patrimonio Cultural del Gobierno de Canarias,Software & Development,1,1
Viceconsejería de Derechos Sociales,Infrastructure & Hardware,1,1
Viceconsejería de Igualdad y Diversidad,Other,1,0
Viceconsejería de Justicia,Other,1,0
"Viceconsejería de Transición Ecológica, Lucha Contra el Cambio Climático y Energía del Gobierno de Canarias",Software & Development,1,2
Viceconsejería del Gabinete del Presidente del Gobierno de Canarias,Other,1,0
Vicepresidencia Ejecutiva de la Fundació General de la Universitat de València,Infrastructure & Hardware,1,0
Vicepresidencia Ejecutiva de la Fundació General de la Universitat de València,Software & Development,1,1
Vicepresidencia Primera y Conselleria de Cultura y Deporte de la Generalitat Valenciana,Other,1,0
Vicepresidencia Segunda y Conselleria de Presidencia,Data & Analytics,1,0
Vicepresidencia de Institución Ferial de Cádiz IFECA,Other,1,0
Vicepresidencia de la Agencia Valenciana de la Innovació,Infrastructure & Hardware,1,1
Vicepresidencia de la Fundación General de la Universidad de Alicante,Other,1,0
Vicepresidencia de la Fundación Municipal de Cultura de Siero,Other,1,0
Vicepresidencia de la Mancomunidad de Islantilla,Software & Development,1,0
Vicepresidencia de la Sociedad Municipal Puerto Deportivo de Marbella S.A.,Data & Analytics,1,0
Vicepresidencia del Consejo Insular de Aguas de Gran Canaria,Infrastructure & Hardware,1,0
Vicepresidencia del Consejo de Administración de la Sociedad Insular para la Promoción de las Personas con Discapacidad S.L.,Cloud,1,3
Vicepresidencia del Consorci Serra de Tramuntana Patrimonio Mundial,Software & Development,1,1
Vicepresidencia del Instituto Municipal de Deportes del Ayuntamiento de Sevilla,Infrastructure & Hardware,1,1
Vicepresidencia del Instituto Municipal de Promoción y Fomento del Ayuntamiento de Puerto Real,Cloud,1,3
Vicepresidencia del Organismo Autónomo Municipal Parques y Jardines Singulares y Escuela Municipal de Jardineria y Paisaje,Infrastructure & Hardware,1,1
"Vicepresidencia y Consejería de Coordinación de la Acción de Gobierno, Interior y Emergencias",Infrastructure & Hardware,1,1
"Vicepresidencia y Consejería de Desregulación, Servicios Sociales y Familia",Software & Development,1,1
Vicepresidenta Primera de la Fundación Municipal de Cultura de las Rozas de Madrid,Cloud,1,1
Vicepresidente de la Fundació Turisme Responsable de Mallorca,AI & Machine Learning,1,1
Vicepresidente de la Fundació Turisme Responsable de Mallorca,Cloud,1,1
Vicepresidente de la Fundació Turisme Responsable de Mallorca,Software & Development,1,1
Vicepresidente del Consejo Rector de la Gerencia Municipal de Urbanismo del Ayuntamiento de Málaga,Software & Development,1,1
"Vicepresidente tercero y Conseller de Medio Ambiente, Infraestructuras, Territorio y de la Recuperación",Other,1,0
XARXA LOCAL DE MUNICIPIS DE LA DIPUTACIÓ DE GIRONA - XALOC,Other,1,0
XESTION DO SOLO DE GALICIA-XESTUR S.A,Other,1,0
XESTION DO SOLO DE GALICIA-XESTUR S.A,Software & Development,1,1
Xestión do Solo de Galicia - Xestur S.A.,Other,1,0
Xestión do Solo de Galicia - Xestur S.A.,Software & Development,1,1
"Xunta de Galicia - Consellería de Educación, Ciencia, Universidades e Formación Profesional",Software & Development,1,1
Xunta de Goberno Local del Ayuntamiento de Boiro,Cybersecurity,1,2
Xunta de Goberno Local del Concello de Beariz,Other,1,0
"ajuntament de castell d'Aro, Platja d'aro i s'Agaró",Other,1,0
junta Vecinal de Saravillo,Other,1,0
Àrea Metropolitana de Barcelona,AI & Machine Learning,1,5
Área Metropolitana de Barcelona,Cloud,1,2
Área Metropolitana de Barcelona,Cybersecurity,1,2
Área Metropolitana de Barcelona,Data & Analytics,1,0
Área Sanitaria de Santiago de Compostela y Barbanza. Servicio Gallego de Salud,Other,1,0
Área Sanitaria de Vigo-Servicio Gallego de Salud,Other,1,0
Área de Fomento de la Diputación Provincial de Badajoz,Software & Development,1,1
"Área de Gobierno de Cultura, Turismo y Deporte",Software & Development,1,2
"Área de Gobierno de Economía, Innovación y Hacienda del Ayuntamiento de Madrid",Data & Analytics,1,2
Área de Gobierno de Políticas de Vivienda del Ayuntamiento de Madrid,Software & Development,1,1
ÓRGANO DE CONTRATACIÓN DE ADIF,Other,1,0
Órgano de Administración de Servicios Auxiliares de Avilés S.L.,Software & Development,1,1
Órgano de Contratación de ADIF,Other,1,0
